source_pt,target_pt,cospeciations_value
/lustre/fsn1/projects/rech/vcu/commun/Co-Phyloformer/generate_treeducken/generated_trees/preencoded_pt/0007617.pt,/lustre/fsn1/projects/rech/vcu/commun/Co-Phyloformer/generate_treeducken/generated_trees/extreme_cosp_data/cosp_0/0007617.pt,0.0
/lustre/fsn1/projects/rech/vcu/commun/Co-Phyloformer/generate_treeducken/generated_trees/preencoded_pt/0039095.pt,/lustre/fsn1/projects/rech/vcu/commun/Co-Phyloformer/generate_treeducken/generated_trees/extreme_cosp_data/cosp_0/0039095.pt,0.0
/lustre/fsn1/projects/rech/vcu/commun/Co-Phyloformer/generate_treeducken/generated_trees/preencoded_pt/0033828.pt,/lustre/fsn1/projects/rech/vcu/commun/Co-Phyloformer/generate_treeducken/generated_trees/extreme_cosp_data/cosp_0/0033828.pt,0.0
/lustre/fsn1/projects/rech/vcu/commun/Co-Phyloformer/generate_treeducken/generated_trees/preencoded_pt/0027548.pt,/lustre/fsn1/projects/rech/vcu/commun/Co-Phyloformer/generate_treeducken/generated_trees/extreme_cosp_data/cosp_0/0027548.pt,0.0
/lustre/fsn1/projects/rech/vcu/commun/Co-Phyloformer/generate_treeducken/generated_trees/preencoded_pt/0022588.pt,/lustre/fsn1/projects/rech/vcu/commun/Co-Phyloformer/generate_treeducken/generated_trees/extreme_cosp_data/cosp_0/0022588.pt,0.0
/lustre/fsn1/projects/rech/vcu/commun/Co-Phyloformer/generate_treeducken/generated_trees/preencoded_pt/0025204.pt,/lustre/fsn1/projects/rech/vcu/commun/Co-Phyloformer/generate_treeducken/generated_trees/extreme_cosp_data/cosp_0/0025204.pt,0.0
/lustre/fsn1/projects/rech/vcu/commun/Co-Phyloformer/generate_treeducken/generated_trees/preencoded_pt/0023854.pt,/lustre/fsn1/projects/rech/vcu/commun/Co-Phyloformer/generate_treeducken/generated_trees/extreme_cosp_data/cosp_0/0023854.pt,0.0
/lustre/fsn1/projects/rech/vcu/commun/Co-Phyloformer/generate_treeducken/generated_trees/preencoded_pt/0014390.pt,/lustre/fsn1/projects/rech/vcu/commun/Co-Phyloformer/generate_treeducken/generated_trees/extreme_cosp_data/cosp_0/0014390.pt,0.0
/lustre/fsn1/projects/rech/vcu/commun/Co-Phyloformer/generate_treeducken/generated_trees/preencoded_pt/0033753.pt,/lustre/fsn1/projects/rech/vcu/commun/Co-Phyloformer/generate_treeducken/generated_trees/extreme_cosp_data/cosp_0/0033753.pt,0.0
/lustre/fsn1/projects/rech/vcu/commun/Co-Phyloformer/generate_treeducken/generated_trees/preencoded_pt/0015689.pt,/lustre/fsn1/projects/rech/vcu/commun/Co-Phyloformer/generate_treeducken/generated_trees/extreme_cosp_data/cosp_0/0015689.pt,0.0
/lustre/fsn1/projects/rech/vcu/commun/Co-Phyloformer/generate_treeducken/generated_trees/preencoded_pt/0009101.pt,/lustre/fsn1/projects/rech/vcu/commun/Co-Phyloformer/generate_treeducken/generated_trees/extreme_cosp_data/cosp_0/0009101.pt,0.0
/lustre/fsn1/projects/rech/vcu/commun/Co-Phyloformer/generate_treeducken/generated_trees/preencoded_pt/0027751.pt,/lustre/fsn1/projects/rech/vcu/commun/Co-Phyloformer/generate_treeducken/generated_trees/extreme_cosp_data/cosp_0/0027751.pt,0.0
/lustre/fsn1/projects/rech/vcu/commun/Co-Phyloformer/generate_treeducken/generated_trees/preencoded_pt/0010714.pt,/lustre/fsn1/projects/rech/vcu/commun/Co-Phyloformer/generate_treeducken/generated_trees/extreme_cosp_data/cosp_0/0010714.pt,0.0
/lustre/fsn1/projects/rech/vcu/commun/Co-Phyloformer/generate_treeducken/generated_trees/preencoded_pt/0022687.pt,/lustre/fsn1/projects/rech/vcu/commun/Co-Phyloformer/generate_treeducken/generated_trees/extreme_cosp_data/cosp_0/0022687.pt,0.0
/lustre/fsn1/projects/rech/vcu/commun/Co-Phyloformer/generate_treeducken/generated_trees/preencoded_pt/0039137.pt,/lustre/fsn1/projects/rech/vcu/commun/Co-Phyloformer/generate_treeducken/generated_trees/extreme_cosp_data/cosp_0/0039137.pt,0.0
/lustre/fsn1/projects/rech/vcu/commun/Co-Phyloformer/generate_treeducken/generated_trees/preencoded_pt/0018432.pt,/lustre/fsn1/projects/rech/vcu/commun/Co-Phyloformer/generate_treeducken/generated_trees/extreme_cosp_data/cosp_0/0018432.pt,0.0
/lustre/fsn1/projects/rech/vcu/commun/Co-Phyloformer/generate_treeducken/generated_trees/preencoded_pt/0031235.pt,/lustre/fsn1/projects/rech/vcu/commun/Co-Phyloformer/generate_treeducken/generated_trees/extreme_cosp_data/cosp_0/0031235.pt,0.0
/lustre/fsn1/projects/rech/vcu/commun/Co-Phyloformer/generate_treeducken/generated_trees/preencoded_pt/0013309.pt,/lustre/fsn1/projects/rech/vcu/commun/Co-Phyloformer/generate_treeducken/generated_trees/extreme_cosp_data/cosp_0/0013309.pt,0.0
/lustre/fsn1/projects/rech/vcu/commun/Co-Phyloformer/generate_treeducken/generated_trees/preencoded_pt/0025599.pt,/lustre/fsn1/projects/rech/vcu/commun/Co-Phyloformer/generate_treeducken/generated_trees/extreme_cosp_data/cosp_0/0025599.pt,0.0
/lustre/fsn1/projects/rech/vcu/commun/Co-Phyloformer/generate_treeducken/generated_trees/preencoded_pt/0008235.pt,/lustre/fsn1/projects/rech/vcu/commun/Co-Phyloformer/generate_treeducken/generated_trees/extreme_cosp_data/cosp_0/0008235.pt,0.0
/lustre/fsn1/projects/rech/vcu/commun/Co-Phyloformer/generate_treeducken/generated_trees/preencoded_pt/0010896.pt,/lustre/fsn1/projects/rech/vcu/commun/Co-Phyloformer/generate_treeducken/generated_trees/extreme_cosp_data/cosp_0/0010896.pt,0.0
/lustre/fsn1/projects/rech/vcu/commun/Co-Phyloformer/generate_treeducken/generated_trees/preencoded_pt/0035421.pt,/lustre/fsn1/projects/rech/vcu/commun/Co-Phyloformer/generate_treeducken/generated_trees/extreme_cosp_data/cosp_0/0035421.pt,0.0
/lustre/fsn1/projects/rech/vcu/commun/Co-Phyloformer/generate_treeducken/generated_trees/preencoded_pt/0039336.pt,/lustre/fsn1/projects/rech/vcu/commun/Co-Phyloformer/generate_treeducken/generated_trees/extreme_cosp_data/cosp_0/0039336.pt,0.0
/lustre/fsn1/projects/rech/vcu/commun/Co-Phyloformer/generate_treeducken/generated_trees/preencoded_pt/0038005.pt,/lustre/fsn1/projects/rech/vcu/commun/Co-Phyloformer/generate_treeducken/generated_trees/extreme_cosp_data/cosp_0/0038005.pt,0.0
/lustre/fsn1/projects/rech/vcu/commun/Co-Phyloformer/generate_treeducken/generated_trees/preencoded_pt/0036747.pt,/lustre/fsn1/projects/rech/vcu/commun/Co-Phyloformer/generate_treeducken/generated_trees/extreme_cosp_data/cosp_0/0036747.pt,0.0
/lustre/fsn1/projects/rech/vcu/commun/Co-Phyloformer/generate_treeducken/generated_trees/preencoded_pt/0018988.pt,/lustre/fsn1/projects/rech/vcu/commun/Co-Phyloformer/generate_treeducken/generated_trees/extreme_cosp_data/cosp_0/0018988.pt,0.0
/lustre/fsn1/projects/rech/vcu/commun/Co-Phyloformer/generate_treeducken/generated_trees/preencoded_pt/0009489.pt,/lustre/fsn1/projects/rech/vcu/commun/Co-Phyloformer/generate_treeducken/generated_trees/extreme_cosp_data/cosp_0/0009489.pt,0.0
/lustre/fsn1/projects/rech/vcu/commun/Co-Phyloformer/generate_treeducken/generated_trees/preencoded_pt/0025780.pt,/lustre/fsn1/projects/rech/vcu/commun/Co-Phyloformer/generate_treeducken/generated_trees/extreme_cosp_data/cosp_0/0025780.pt,0.0
/lustre/fsn1/projects/rech/vcu/commun/Co-Phyloformer/generate_treeducken/generated_trees/preencoded_pt/0038213.pt,/lustre/fsn1/projects/rech/vcu/commun/Co-Phyloformer/generate_treeducken/generated_trees/extreme_cosp_data/cosp_0/0038213.pt,0.0
/lustre/fsn1/projects/rech/vcu/commun/Co-Phyloformer/generate_treeducken/generated_trees/preencoded_pt/0000737.pt,/lustre/fsn1/projects/rech/vcu/commun/Co-Phyloformer/generate_treeducken/generated_trees/extreme_cosp_data/cosp_0/0000737.pt,0.0
/lustre/fsn1/projects/rech/vcu/commun/Co-Phyloformer/generate_treeducken/generated_trees/preencoded_pt/0020019.pt,/lustre/fsn1/projects/rech/vcu/commun/Co-Phyloformer/generate_treeducken/generated_trees/extreme_cosp_data/cosp_0/0020019.pt,0.0
/lustre/fsn1/projects/rech/vcu/commun/Co-Phyloformer/generate_treeducken/generated_trees/preencoded_pt/0008273.pt,/lustre/fsn1/projects/rech/vcu/commun/Co-Phyloformer/generate_treeducken/generated_trees/extreme_cosp_data/cosp_0/0008273.pt,0.0
/lustre/fsn1/projects/rech/vcu/commun/Co-Phyloformer/generate_treeducken/generated_trees/preencoded_pt/0029467.pt,/lustre/fsn1/projects/rech/vcu/commun/Co-Phyloformer/generate_treeducken/generated_trees/extreme_cosp_data/cosp_0/0029467.pt,0.0
/lustre/fsn1/projects/rech/vcu/commun/Co-Phyloformer/generate_treeducken/generated_trees/preencoded_pt/0036948.pt,/lustre/fsn1/projects/rech/vcu/commun/Co-Phyloformer/generate_treeducken/generated_trees/extreme_cosp_data/cosp_0/0036948.pt,0.0
/lustre/fsn1/projects/rech/vcu/commun/Co-Phyloformer/generate_treeducken/generated_trees/preencoded_pt/0028130.pt,/lustre/fsn1/projects/rech/vcu/commun/Co-Phyloformer/generate_treeducken/generated_trees/extreme_cosp_data/cosp_0/0028130.pt,0.0
/lustre/fsn1/projects/rech/vcu/commun/Co-Phyloformer/generate_treeducken/generated_trees/preencoded_pt/0024440.pt,/lustre/fsn1/projects/rech/vcu/commun/Co-Phyloformer/generate_treeducken/generated_trees/extreme_cosp_data/cosp_0/0024440.pt,0.0
/lustre/fsn1/projects/rech/vcu/commun/Co-Phyloformer/generate_treeducken/generated_trees/preencoded_pt/0028398.pt,/lustre/fsn1/projects/rech/vcu/commun/Co-Phyloformer/generate_treeducken/generated_trees/extreme_cosp_data/cosp_0/0028398.pt,0.0
/lustre/fsn1/projects/rech/vcu/commun/Co-Phyloformer/generate_treeducken/generated_trees/preencoded_pt/0023362.pt,/lustre/fsn1/projects/rech/vcu/commun/Co-Phyloformer/generate_treeducken/generated_trees/extreme_cosp_data/cosp_0/0023362.pt,0.0
/lustre/fsn1/projects/rech/vcu/commun/Co-Phyloformer/generate_treeducken/generated_trees/preencoded_pt/0004861.pt,/lustre/fsn1/projects/rech/vcu/commun/Co-Phyloformer/generate_treeducken/generated_trees/extreme_cosp_data/cosp_0/0004861.pt,0.0
/lustre/fsn1/projects/rech/vcu/commun/Co-Phyloformer/generate_treeducken/generated_trees/preencoded_pt/0041148.pt,/lustre/fsn1/projects/rech/vcu/commun/Co-Phyloformer/generate_treeducken/generated_trees/extreme_cosp_data/cosp_0/0041148.pt,0.0
/lustre/fsn1/projects/rech/vcu/commun/Co-Phyloformer/generate_treeducken/generated_trees/preencoded_pt/0015248.pt,/lustre/fsn1/projects/rech/vcu/commun/Co-Phyloformer/generate_treeducken/generated_trees/extreme_cosp_data/cosp_0/0015248.pt,0.0
/lustre/fsn1/projects/rech/vcu/commun/Co-Phyloformer/generate_treeducken/generated_trees/preencoded_pt/0002161.pt,/lustre/fsn1/projects/rech/vcu/commun/Co-Phyloformer/generate_treeducken/generated_trees/extreme_cosp_data/cosp_0/0002161.pt,0.0
/lustre/fsn1/projects/rech/vcu/commun/Co-Phyloformer/generate_treeducken/generated_trees/preencoded_pt/0024595.pt,/lustre/fsn1/projects/rech/vcu/commun/Co-Phyloformer/generate_treeducken/generated_trees/extreme_cosp_data/cosp_0/0024595.pt,0.0
/lustre/fsn1/projects/rech/vcu/commun/Co-Phyloformer/generate_treeducken/generated_trees/preencoded_pt/0038468.pt,/lustre/fsn1/projects/rech/vcu/commun/Co-Phyloformer/generate_treeducken/generated_trees/extreme_cosp_data/cosp_0/0038468.pt,0.0
/lustre/fsn1/projects/rech/vcu/commun/Co-Phyloformer/generate_treeducken/generated_trees/preencoded_pt/0008616.pt,/lustre/fsn1/projects/rech/vcu/commun/Co-Phyloformer/generate_treeducken/generated_trees/extreme_cosp_data/cosp_0/0008616.pt,0.0
/lustre/fsn1/projects/rech/vcu/commun/Co-Phyloformer/generate_treeducken/generated_trees/preencoded_pt/0020363.pt,/lustre/fsn1/projects/rech/vcu/commun/Co-Phyloformer/generate_treeducken/generated_trees/extreme_cosp_data/cosp_0/0020363.pt,0.0
/lustre/fsn1/projects/rech/vcu/commun/Co-Phyloformer/generate_treeducken/generated_trees/preencoded_pt/0020356.pt,/lustre/fsn1/projects/rech/vcu/commun/Co-Phyloformer/generate_treeducken/generated_trees/extreme_cosp_data/cosp_0/0020356.pt,0.0
/lustre/fsn1/projects/rech/vcu/commun/Co-Phyloformer/generate_treeducken/generated_trees/preencoded_pt/0006045.pt,/lustre/fsn1/projects/rech/vcu/commun/Co-Phyloformer/generate_treeducken/generated_trees/extreme_cosp_data/cosp_0/0006045.pt,0.0
/lustre/fsn1/projects/rech/vcu/commun/Co-Phyloformer/generate_treeducken/generated_trees/preencoded_pt/0020572.pt,/lustre/fsn1/projects/rech/vcu/commun/Co-Phyloformer/generate_treeducken/generated_trees/extreme_cosp_data/cosp_0/0020572.pt,0.0
/lustre/fsn1/projects/rech/vcu/commun/Co-Phyloformer/generate_treeducken/generated_trees/preencoded_pt/0025088.pt,/lustre/fsn1/projects/rech/vcu/commun/Co-Phyloformer/generate_treeducken/generated_trees/extreme_cosp_data/cosp_0/0025088.pt,0.0
/lustre/fsn1/projects/rech/vcu/commun/Co-Phyloformer/generate_treeducken/generated_trees/preencoded_pt/0021822.pt,/lustre/fsn1/projects/rech/vcu/commun/Co-Phyloformer/generate_treeducken/generated_trees/extreme_cosp_data/cosp_0/0021822.pt,0.0
/lustre/fsn1/projects/rech/vcu/commun/Co-Phyloformer/generate_treeducken/generated_trees/preencoded_pt/0003808.pt,/lustre/fsn1/projects/rech/vcu/commun/Co-Phyloformer/generate_treeducken/generated_trees/extreme_cosp_data/cosp_0/0003808.pt,0.0
/lustre/fsn1/projects/rech/vcu/commun/Co-Phyloformer/generate_treeducken/generated_trees/preencoded_pt/0023600.pt,/lustre/fsn1/projects/rech/vcu/commun/Co-Phyloformer/generate_treeducken/generated_trees/extreme_cosp_data/cosp_0/0023600.pt,0.0
/lustre/fsn1/projects/rech/vcu/commun/Co-Phyloformer/generate_treeducken/generated_trees/preencoded_pt/0042184.pt,/lustre/fsn1/projects/rech/vcu/commun/Co-Phyloformer/generate_treeducken/generated_trees/extreme_cosp_data/cosp_0/0042184.pt,0.0
/lustre/fsn1/projects/rech/vcu/commun/Co-Phyloformer/generate_treeducken/generated_trees/preencoded_pt/0042712.pt,/lustre/fsn1/projects/rech/vcu/commun/Co-Phyloformer/generate_treeducken/generated_trees/extreme_cosp_data/cosp_0/0042712.pt,0.0
/lustre/fsn1/projects/rech/vcu/commun/Co-Phyloformer/generate_treeducken/generated_trees/preencoded_pt/0043377.pt,/lustre/fsn1/projects/rech/vcu/commun/Co-Phyloformer/generate_treeducken/generated_trees/extreme_cosp_data/cosp_0/0043377.pt,0.0
/lustre/fsn1/projects/rech/vcu/commun/Co-Phyloformer/generate_treeducken/generated_trees/preencoded_pt/0043740.pt,/lustre/fsn1/projects/rech/vcu/commun/Co-Phyloformer/generate_treeducken/generated_trees/extreme_cosp_data/cosp_0/0043740.pt,0.0
/lustre/fsn1/projects/rech/vcu/commun/Co-Phyloformer/generate_treeducken/generated_trees/preencoded_pt/0044398.pt,/lustre/fsn1/projects/rech/vcu/commun/Co-Phyloformer/generate_treeducken/generated_trees/extreme_cosp_data/cosp_0/0044398.pt,0.0
/lustre/fsn1/projects/rech/vcu/commun/Co-Phyloformer/generate_treeducken/generated_trees/preencoded_pt/0045869.pt,/lustre/fsn1/projects/rech/vcu/commun/Co-Phyloformer/generate_treeducken/generated_trees/extreme_cosp_data/cosp_0/0045869.pt,0.0
/lustre/fsn1/projects/rech/vcu/commun/Co-Phyloformer/generate_treeducken/generated_trees/preencoded_pt/0046958.pt,/lustre/fsn1/projects/rech/vcu/commun/Co-Phyloformer/generate_treeducken/generated_trees/extreme_cosp_data/cosp_0/0046958.pt,0.0
/lustre/fsn1/projects/rech/vcu/commun/Co-Phyloformer/generate_treeducken/generated_trees/preencoded_pt/0047785.pt,/lustre/fsn1/projects/rech/vcu/commun/Co-Phyloformer/generate_treeducken/generated_trees/extreme_cosp_data/cosp_0/0047785.pt,0.0
/lustre/fsn1/projects/rech/vcu/commun/Co-Phyloformer/generate_treeducken/generated_trees/preencoded_pt/0050440.pt,/lustre/fsn1/projects/rech/vcu/commun/Co-Phyloformer/generate_treeducken/generated_trees/extreme_cosp_data/cosp_0/0050440.pt,0.0
/lustre/fsn1/projects/rech/vcu/commun/Co-Phyloformer/generate_treeducken/generated_trees/preencoded_pt/0051512.pt,/lustre/fsn1/projects/rech/vcu/commun/Co-Phyloformer/generate_treeducken/generated_trees/extreme_cosp_data/cosp_0/0051512.pt,0.0
/lustre/fsn1/projects/rech/vcu/commun/Co-Phyloformer/generate_treeducken/generated_trees/preencoded_pt/0053328.pt,/lustre/fsn1/projects/rech/vcu/commun/Co-Phyloformer/generate_treeducken/generated_trees/extreme_cosp_data/cosp_0/0053328.pt,0.0
/lustre/fsn1/projects/rech/vcu/commun/Co-Phyloformer/generate_treeducken/generated_trees/preencoded_pt/0053686.pt,/lustre/fsn1/projects/rech/vcu/commun/Co-Phyloformer/generate_treeducken/generated_trees/extreme_cosp_data/cosp_0/0053686.pt,0.0
/lustre/fsn1/projects/rech/vcu/commun/Co-Phyloformer/generate_treeducken/generated_trees/preencoded_pt/0054189.pt,/lustre/fsn1/projects/rech/vcu/commun/Co-Phyloformer/generate_treeducken/generated_trees/extreme_cosp_data/cosp_0/0054189.pt,0.0
/lustre/fsn1/projects/rech/vcu/commun/Co-Phyloformer/generate_treeducken/generated_trees/preencoded_pt/0054656.pt,/lustre/fsn1/projects/rech/vcu/commun/Co-Phyloformer/generate_treeducken/generated_trees/extreme_cosp_data/cosp_0/0054656.pt,0.0
/lustre/fsn1/projects/rech/vcu/commun/Co-Phyloformer/generate_treeducken/generated_trees/preencoded_pt/0055785.pt,/lustre/fsn1/projects/rech/vcu/commun/Co-Phyloformer/generate_treeducken/generated_trees/extreme_cosp_data/cosp_0/0055785.pt,0.0
/lustre/fsn1/projects/rech/vcu/commun/Co-Phyloformer/generate_treeducken/generated_trees/preencoded_pt/0061095.pt,/lustre/fsn1/projects/rech/vcu/commun/Co-Phyloformer/generate_treeducken/generated_trees/extreme_cosp_data/cosp_0/0061095.pt,0.0
/lustre/fsn1/projects/rech/vcu/commun/Co-Phyloformer/generate_treeducken/generated_trees/preencoded_pt/0061841.pt,/lustre/fsn1/projects/rech/vcu/commun/Co-Phyloformer/generate_treeducken/generated_trees/extreme_cosp_data/cosp_0/0061841.pt,0.0
/lustre/fsn1/projects/rech/vcu/commun/Co-Phyloformer/generate_treeducken/generated_trees/preencoded_pt/0062036.pt,/lustre/fsn1/projects/rech/vcu/commun/Co-Phyloformer/generate_treeducken/generated_trees/extreme_cosp_data/cosp_0/0062036.pt,0.0
/lustre/fsn1/projects/rech/vcu/commun/Co-Phyloformer/generate_treeducken/generated_trees/preencoded_pt/0062342.pt,/lustre/fsn1/projects/rech/vcu/commun/Co-Phyloformer/generate_treeducken/generated_trees/extreme_cosp_data/cosp_0/0062342.pt,0.0
/lustre/fsn1/projects/rech/vcu/commun/Co-Phyloformer/generate_treeducken/generated_trees/preencoded_pt/0063406.pt,/lustre/fsn1/projects/rech/vcu/commun/Co-Phyloformer/generate_treeducken/generated_trees/extreme_cosp_data/cosp_0/0063406.pt,0.0
/lustre/fsn1/projects/rech/vcu/commun/Co-Phyloformer/generate_treeducken/generated_trees/preencoded_pt/0064352.pt,/lustre/fsn1/projects/rech/vcu/commun/Co-Phyloformer/generate_treeducken/generated_trees/extreme_cosp_data/cosp_0/0064352.pt,0.0
/lustre/fsn1/projects/rech/vcu/commun/Co-Phyloformer/generate_treeducken/generated_trees/preencoded_pt/0065061.pt,/lustre/fsn1/projects/rech/vcu/commun/Co-Phyloformer/generate_treeducken/generated_trees/extreme_cosp_data/cosp_0/0065061.pt,0.0
/lustre/fsn1/projects/rech/vcu/commun/Co-Phyloformer/generate_treeducken/generated_trees/preencoded_pt/0065093.pt,/lustre/fsn1/projects/rech/vcu/commun/Co-Phyloformer/generate_treeducken/generated_trees/extreme_cosp_data/cosp_0/0065093.pt,0.0
/lustre/fsn1/projects/rech/vcu/commun/Co-Phyloformer/generate_treeducken/generated_trees/preencoded_pt/0067826.pt,/lustre/fsn1/projects/rech/vcu/commun/Co-Phyloformer/generate_treeducken/generated_trees/extreme_cosp_data/cosp_0/0067826.pt,0.0
/lustre/fsn1/projects/rech/vcu/commun/Co-Phyloformer/generate_treeducken/generated_trees/preencoded_pt/0068561.pt,/lustre/fsn1/projects/rech/vcu/commun/Co-Phyloformer/generate_treeducken/generated_trees/extreme_cosp_data/cosp_0/0068561.pt,0.0
/lustre/fsn1/projects/rech/vcu/commun/Co-Phyloformer/generate_treeducken/generated_trees/preencoded_pt/0069808.pt,/lustre/fsn1/projects/rech/vcu/commun/Co-Phyloformer/generate_treeducken/generated_trees/extreme_cosp_data/cosp_0/0069808.pt,0.0
/lustre/fsn1/projects/rech/vcu/commun/Co-Phyloformer/generate_treeducken/generated_trees/preencoded_pt/0070743.pt,/lustre/fsn1/projects/rech/vcu/commun/Co-Phyloformer/generate_treeducken/generated_trees/extreme_cosp_data/cosp_0/0070743.pt,0.0
/lustre/fsn1/projects/rech/vcu/commun/Co-Phyloformer/generate_treeducken/generated_trees/preencoded_pt/0071661.pt,/lustre/fsn1/projects/rech/vcu/commun/Co-Phyloformer/generate_treeducken/generated_trees/extreme_cosp_data/cosp_0/0071661.pt,0.0
/lustre/fsn1/projects/rech/vcu/commun/Co-Phyloformer/generate_treeducken/generated_trees/preencoded_pt/0072533.pt,/lustre/fsn1/projects/rech/vcu/commun/Co-Phyloformer/generate_treeducken/generated_trees/extreme_cosp_data/cosp_0/0072533.pt,0.0
/lustre/fsn1/projects/rech/vcu/commun/Co-Phyloformer/generate_treeducken/generated_trees/preencoded_pt/0073487.pt,/lustre/fsn1/projects/rech/vcu/commun/Co-Phyloformer/generate_treeducken/generated_trees/extreme_cosp_data/cosp_0/0073487.pt,0.0
/lustre/fsn1/projects/rech/vcu/commun/Co-Phyloformer/generate_treeducken/generated_trees/preencoded_pt/0073974.pt,/lustre/fsn1/projects/rech/vcu/commun/Co-Phyloformer/generate_treeducken/generated_trees/extreme_cosp_data/cosp_0/0073974.pt,0.0
/lustre/fsn1/projects/rech/vcu/commun/Co-Phyloformer/generate_treeducken/generated_trees/preencoded_pt/0074074.pt,/lustre/fsn1/projects/rech/vcu/commun/Co-Phyloformer/generate_treeducken/generated_trees/extreme_cosp_data/cosp_0/0074074.pt,0.0
/lustre/fsn1/projects/rech/vcu/commun/Co-Phyloformer/generate_treeducken/generated_trees/preencoded_pt/0074531.pt,/lustre/fsn1/projects/rech/vcu/commun/Co-Phyloformer/generate_treeducken/generated_trees/extreme_cosp_data/cosp_0/0074531.pt,0.0
/lustre/fsn1/projects/rech/vcu/commun/Co-Phyloformer/generate_treeducken/generated_trees/preencoded_pt/0076923.pt,/lustre/fsn1/projects/rech/vcu/commun/Co-Phyloformer/generate_treeducken/generated_trees/extreme_cosp_data/cosp_0/0076923.pt,0.0
/lustre/fsn1/projects/rech/vcu/commun/Co-Phyloformer/generate_treeducken/generated_trees/preencoded_pt/0076986.pt,/lustre/fsn1/projects/rech/vcu/commun/Co-Phyloformer/generate_treeducken/generated_trees/extreme_cosp_data/cosp_0/0076986.pt,0.0
/lustre/fsn1/projects/rech/vcu/commun/Co-Phyloformer/generate_treeducken/generated_trees/preencoded_pt/0077699.pt,/lustre/fsn1/projects/rech/vcu/commun/Co-Phyloformer/generate_treeducken/generated_trees/extreme_cosp_data/cosp_0/0077699.pt,0.0
/lustre/fsn1/projects/rech/vcu/commun/Co-Phyloformer/generate_treeducken/generated_trees/preencoded_pt/0078484.pt,/lustre/fsn1/projects/rech/vcu/commun/Co-Phyloformer/generate_treeducken/generated_trees/extreme_cosp_data/cosp_0/0078484.pt,0.0
/lustre/fsn1/projects/rech/vcu/commun/Co-Phyloformer/generate_treeducken/generated_trees/preencoded_pt/0079143.pt,/lustre/fsn1/projects/rech/vcu/commun/Co-Phyloformer/generate_treeducken/generated_trees/extreme_cosp_data/cosp_0/0079143.pt,0.0
/lustre/fsn1/projects/rech/vcu/commun/Co-Phyloformer/generate_treeducken/generated_trees/preencoded_pt/0079348.pt,/lustre/fsn1/projects/rech/vcu/commun/Co-Phyloformer/generate_treeducken/generated_trees/extreme_cosp_data/cosp_0/0079348.pt,0.0
/lustre/fsn1/projects/rech/vcu/commun/Co-Phyloformer/generate_treeducken/generated_trees/preencoded_pt/0080609.pt,/lustre/fsn1/projects/rech/vcu/commun/Co-Phyloformer/generate_treeducken/generated_trees/extreme_cosp_data/cosp_0/0080609.pt,0.0
/lustre/fsn1/projects/rech/vcu/commun/Co-Phyloformer/generate_treeducken/generated_trees/preencoded_pt/0080867.pt,/lustre/fsn1/projects/rech/vcu/commun/Co-Phyloformer/generate_treeducken/generated_trees/extreme_cosp_data/cosp_0/0080867.pt,0.0
/lustre/fsn1/projects/rech/vcu/commun/Co-Phyloformer/generate_treeducken/generated_trees/preencoded_pt/0081574.pt,/lustre/fsn1/projects/rech/vcu/commun/Co-Phyloformer/generate_treeducken/generated_trees/extreme_cosp_data/cosp_0/0081574.pt,0.0
/lustre/fsn1/projects/rech/vcu/commun/Co-Phyloformer/generate_treeducken/generated_trees/preencoded_pt/0082668.pt,/lustre/fsn1/projects/rech/vcu/commun/Co-Phyloformer/generate_treeducken/generated_trees/extreme_cosp_data/cosp_0/0082668.pt,0.0
/lustre/fsn1/projects/rech/vcu/commun/Co-Phyloformer/generate_treeducken/generated_trees/preencoded_pt/0083145.pt,/lustre/fsn1/projects/rech/vcu/commun/Co-Phyloformer/generate_treeducken/generated_trees/extreme_cosp_data/cosp_0/0083145.pt,0.0
/lustre/fsn1/projects/rech/vcu/commun/Co-Phyloformer/generate_treeducken/generated_trees/preencoded_pt/0083244.pt,/lustre/fsn1/projects/rech/vcu/commun/Co-Phyloformer/generate_treeducken/generated_trees/extreme_cosp_data/cosp_0/0083244.pt,0.0
/lustre/fsn1/projects/rech/vcu/commun/Co-Phyloformer/generate_treeducken/generated_trees/preencoded_pt/0083764.pt,/lustre/fsn1/projects/rech/vcu/commun/Co-Phyloformer/generate_treeducken/generated_trees/extreme_cosp_data/cosp_0/0083764.pt,0.0
/lustre/fsn1/projects/rech/vcu/commun/Co-Phyloformer/generate_treeducken/generated_trees/preencoded_pt/0085973.pt,/lustre/fsn1/projects/rech/vcu/commun/Co-Phyloformer/generate_treeducken/generated_trees/extreme_cosp_data/cosp_0/0085973.pt,0.0
/lustre/fsn1/projects/rech/vcu/commun/Co-Phyloformer/generate_treeducken/generated_trees/preencoded_pt/0087406.pt,/lustre/fsn1/projects/rech/vcu/commun/Co-Phyloformer/generate_treeducken/generated_trees/extreme_cosp_data/cosp_0/0087406.pt,0.0
/lustre/fsn1/projects/rech/vcu/commun/Co-Phyloformer/generate_treeducken/generated_trees/preencoded_pt/0087541.pt,/lustre/fsn1/projects/rech/vcu/commun/Co-Phyloformer/generate_treeducken/generated_trees/extreme_cosp_data/cosp_0/0087541.pt,0.0
/lustre/fsn1/projects/rech/vcu/commun/Co-Phyloformer/generate_treeducken/generated_trees/preencoded_pt/0087754.pt,/lustre/fsn1/projects/rech/vcu/commun/Co-Phyloformer/generate_treeducken/generated_trees/extreme_cosp_data/cosp_0/0087754.pt,0.0
/lustre/fsn1/projects/rech/vcu/commun/Co-Phyloformer/generate_treeducken/generated_trees/preencoded_pt/0088817.pt,/lustre/fsn1/projects/rech/vcu/commun/Co-Phyloformer/generate_treeducken/generated_trees/extreme_cosp_data/cosp_0/0088817.pt,0.0
/lustre/fsn1/projects/rech/vcu/commun/Co-Phyloformer/generate_treeducken/generated_trees/preencoded_pt/0089127.pt,/lustre/fsn1/projects/rech/vcu/commun/Co-Phyloformer/generate_treeducken/generated_trees/extreme_cosp_data/cosp_0/0089127.pt,0.0
/lustre/fsn1/projects/rech/vcu/commun/Co-Phyloformer/generate_treeducken/generated_trees/preencoded_pt/0089233.pt,/lustre/fsn1/projects/rech/vcu/commun/Co-Phyloformer/generate_treeducken/generated_trees/extreme_cosp_data/cosp_0/0089233.pt,0.0
/lustre/fsn1/projects/rech/vcu/commun/Co-Phyloformer/generate_treeducken/generated_trees/preencoded_pt/0090518.pt,/lustre/fsn1/projects/rech/vcu/commun/Co-Phyloformer/generate_treeducken/generated_trees/extreme_cosp_data/cosp_0/0090518.pt,0.0
/lustre/fsn1/projects/rech/vcu/commun/Co-Phyloformer/generate_treeducken/generated_trees/preencoded_pt/0091848.pt,/lustre/fsn1/projects/rech/vcu/commun/Co-Phyloformer/generate_treeducken/generated_trees/extreme_cosp_data/cosp_0/0091848.pt,0.0
/lustre/fsn1/projects/rech/vcu/commun/Co-Phyloformer/generate_treeducken/generated_trees/preencoded_pt/0092775.pt,/lustre/fsn1/projects/rech/vcu/commun/Co-Phyloformer/generate_treeducken/generated_trees/extreme_cosp_data/cosp_0/0092775.pt,0.0
/lustre/fsn1/projects/rech/vcu/commun/Co-Phyloformer/generate_treeducken/generated_trees/preencoded_pt/0093230.pt,/lustre/fsn1/projects/rech/vcu/commun/Co-Phyloformer/generate_treeducken/generated_trees/extreme_cosp_data/cosp_0/0093230.pt,0.0
/lustre/fsn1/projects/rech/vcu/commun/Co-Phyloformer/generate_treeducken/generated_trees/preencoded_pt/0093843.pt,/lustre/fsn1/projects/rech/vcu/commun/Co-Phyloformer/generate_treeducken/generated_trees/extreme_cosp_data/cosp_0/0093843.pt,0.0
/lustre/fsn1/projects/rech/vcu/commun/Co-Phyloformer/generate_treeducken/generated_trees/preencoded_pt/0093964.pt,/lustre/fsn1/projects/rech/vcu/commun/Co-Phyloformer/generate_treeducken/generated_trees/extreme_cosp_data/cosp_0/0093964.pt,0.0
/lustre/fsn1/projects/rech/vcu/commun/Co-Phyloformer/generate_treeducken/generated_trees/preencoded_pt/0094517.pt,/lustre/fsn1/projects/rech/vcu/commun/Co-Phyloformer/generate_treeducken/generated_trees/extreme_cosp_data/cosp_0/0094517.pt,0.0
/lustre/fsn1/projects/rech/vcu/commun/Co-Phyloformer/generate_treeducken/generated_trees/preencoded_pt/0095947.pt,/lustre/fsn1/projects/rech/vcu/commun/Co-Phyloformer/generate_treeducken/generated_trees/extreme_cosp_data/cosp_0/0095947.pt,0.0
/lustre/fsn1/projects/rech/vcu/commun/Co-Phyloformer/generate_treeducken/generated_trees/preencoded_pt/0097571.pt,/lustre/fsn1/projects/rech/vcu/commun/Co-Phyloformer/generate_treeducken/generated_trees/extreme_cosp_data/cosp_0/0097571.pt,0.0
/lustre/fsn1/projects/rech/vcu/commun/Co-Phyloformer/generate_treeducken/generated_trees/preencoded_pt/0098535.pt,/lustre/fsn1/projects/rech/vcu/commun/Co-Phyloformer/generate_treeducken/generated_trees/extreme_cosp_data/cosp_0/0098535.pt,0.0
/lustre/fsn1/projects/rech/vcu/commun/Co-Phyloformer/generate_treeducken/generated_trees/preencoded_pt/0100290.pt,/lustre/fsn1/projects/rech/vcu/commun/Co-Phyloformer/generate_treeducken/generated_trees/extreme_cosp_data/cosp_0/0100290.pt,0.0
/lustre/fsn1/projects/rech/vcu/commun/Co-Phyloformer/generate_treeducken/generated_trees/preencoded_pt/0100894.pt,/lustre/fsn1/projects/rech/vcu/commun/Co-Phyloformer/generate_treeducken/generated_trees/extreme_cosp_data/cosp_0/0100894.pt,0.0
/lustre/fsn1/projects/rech/vcu/commun/Co-Phyloformer/generate_treeducken/generated_trees/preencoded_pt/0100921.pt,/lustre/fsn1/projects/rech/vcu/commun/Co-Phyloformer/generate_treeducken/generated_trees/extreme_cosp_data/cosp_0/0100921.pt,0.0
/lustre/fsn1/projects/rech/vcu/commun/Co-Phyloformer/generate_treeducken/generated_trees/preencoded_pt/0101355.pt,/lustre/fsn1/projects/rech/vcu/commun/Co-Phyloformer/generate_treeducken/generated_trees/extreme_cosp_data/cosp_0/0101355.pt,0.0
/lustre/fsn1/projects/rech/vcu/commun/Co-Phyloformer/generate_treeducken/generated_trees/preencoded_pt/0101680.pt,/lustre/fsn1/projects/rech/vcu/commun/Co-Phyloformer/generate_treeducken/generated_trees/extreme_cosp_data/cosp_0/0101680.pt,0.0
/lustre/fsn1/projects/rech/vcu/commun/Co-Phyloformer/generate_treeducken/generated_trees/preencoded_pt/0103495.pt,/lustre/fsn1/projects/rech/vcu/commun/Co-Phyloformer/generate_treeducken/generated_trees/extreme_cosp_data/cosp_0/0103495.pt,0.0
/lustre/fsn1/projects/rech/vcu/commun/Co-Phyloformer/generate_treeducken/generated_trees/preencoded_pt/0103699.pt,/lustre/fsn1/projects/rech/vcu/commun/Co-Phyloformer/generate_treeducken/generated_trees/extreme_cosp_data/cosp_0/0103699.pt,0.0
/lustre/fsn1/projects/rech/vcu/commun/Co-Phyloformer/generate_treeducken/generated_trees/preencoded_pt/0103849.pt,/lustre/fsn1/projects/rech/vcu/commun/Co-Phyloformer/generate_treeducken/generated_trees/extreme_cosp_data/cosp_0/0103849.pt,0.0
/lustre/fsn1/projects/rech/vcu/commun/Co-Phyloformer/generate_treeducken/generated_trees/preencoded_pt/0103914.pt,/lustre/fsn1/projects/rech/vcu/commun/Co-Phyloformer/generate_treeducken/generated_trees/extreme_cosp_data/cosp_0/0103914.pt,0.0
/lustre/fsn1/projects/rech/vcu/commun/Co-Phyloformer/generate_treeducken/generated_trees/preencoded_pt/0104162.pt,/lustre/fsn1/projects/rech/vcu/commun/Co-Phyloformer/generate_treeducken/generated_trees/extreme_cosp_data/cosp_0/0104162.pt,0.0
/lustre/fsn1/projects/rech/vcu/commun/Co-Phyloformer/generate_treeducken/generated_trees/preencoded_pt/0104320.pt,/lustre/fsn1/projects/rech/vcu/commun/Co-Phyloformer/generate_treeducken/generated_trees/extreme_cosp_data/cosp_0/0104320.pt,0.0
/lustre/fsn1/projects/rech/vcu/commun/Co-Phyloformer/generate_treeducken/generated_trees/preencoded_pt/0104825.pt,/lustre/fsn1/projects/rech/vcu/commun/Co-Phyloformer/generate_treeducken/generated_trees/extreme_cosp_data/cosp_0/0104825.pt,0.0
/lustre/fsn1/projects/rech/vcu/commun/Co-Phyloformer/generate_treeducken/generated_trees/preencoded_pt/0104967.pt,/lustre/fsn1/projects/rech/vcu/commun/Co-Phyloformer/generate_treeducken/generated_trees/extreme_cosp_data/cosp_0/0104967.pt,0.0
/lustre/fsn1/projects/rech/vcu/commun/Co-Phyloformer/generate_treeducken/generated_trees/preencoded_pt/0105534.pt,/lustre/fsn1/projects/rech/vcu/commun/Co-Phyloformer/generate_treeducken/generated_trees/extreme_cosp_data/cosp_0/0105534.pt,0.0
/lustre/fsn1/projects/rech/vcu/commun/Co-Phyloformer/generate_treeducken/generated_trees/preencoded_pt/0105665.pt,/lustre/fsn1/projects/rech/vcu/commun/Co-Phyloformer/generate_treeducken/generated_trees/extreme_cosp_data/cosp_0/0105665.pt,0.0
/lustre/fsn1/projects/rech/vcu/commun/Co-Phyloformer/generate_treeducken/generated_trees/preencoded_pt/0106673.pt,/lustre/fsn1/projects/rech/vcu/commun/Co-Phyloformer/generate_treeducken/generated_trees/extreme_cosp_data/cosp_0/0106673.pt,0.0
/lustre/fsn1/projects/rech/vcu/commun/Co-Phyloformer/generate_treeducken/generated_trees/preencoded_pt/0108099.pt,/lustre/fsn1/projects/rech/vcu/commun/Co-Phyloformer/generate_treeducken/generated_trees/extreme_cosp_data/cosp_0/0108099.pt,0.0
/lustre/fsn1/projects/rech/vcu/commun/Co-Phyloformer/generate_treeducken/generated_trees/preencoded_pt/0109849.pt,/lustre/fsn1/projects/rech/vcu/commun/Co-Phyloformer/generate_treeducken/generated_trees/extreme_cosp_data/cosp_0/0109849.pt,0.0
/lustre/fsn1/projects/rech/vcu/commun/Co-Phyloformer/generate_treeducken/generated_trees/preencoded_pt/0112094.pt,/lustre/fsn1/projects/rech/vcu/commun/Co-Phyloformer/generate_treeducken/generated_trees/extreme_cosp_data/cosp_0/0112094.pt,0.0
/lustre/fsn1/projects/rech/vcu/commun/Co-Phyloformer/generate_treeducken/generated_trees/preencoded_pt/0112897.pt,/lustre/fsn1/projects/rech/vcu/commun/Co-Phyloformer/generate_treeducken/generated_trees/extreme_cosp_data/cosp_0/0112897.pt,0.0
/lustre/fsn1/projects/rech/vcu/commun/Co-Phyloformer/generate_treeducken/generated_trees/preencoded_pt/0113947.pt,/lustre/fsn1/projects/rech/vcu/commun/Co-Phyloformer/generate_treeducken/generated_trees/extreme_cosp_data/cosp_0/0113947.pt,0.0
/lustre/fsn1/projects/rech/vcu/commun/Co-Phyloformer/generate_treeducken/generated_trees/preencoded_pt/0114684.pt,/lustre/fsn1/projects/rech/vcu/commun/Co-Phyloformer/generate_treeducken/generated_trees/extreme_cosp_data/cosp_0/0114684.pt,0.0
/lustre/fsn1/projects/rech/vcu/commun/Co-Phyloformer/generate_treeducken/generated_trees/preencoded_pt/0115492.pt,/lustre/fsn1/projects/rech/vcu/commun/Co-Phyloformer/generate_treeducken/generated_trees/extreme_cosp_data/cosp_0/0115492.pt,0.0
/lustre/fsn1/projects/rech/vcu/commun/Co-Phyloformer/generate_treeducken/generated_trees/preencoded_pt/0116028.pt,/lustre/fsn1/projects/rech/vcu/commun/Co-Phyloformer/generate_treeducken/generated_trees/extreme_cosp_data/cosp_0/0116028.pt,0.0
/lustre/fsn1/projects/rech/vcu/commun/Co-Phyloformer/generate_treeducken/generated_trees/preencoded_pt/0116500.pt,/lustre/fsn1/projects/rech/vcu/commun/Co-Phyloformer/generate_treeducken/generated_trees/extreme_cosp_data/cosp_0/0116500.pt,0.0
/lustre/fsn1/projects/rech/vcu/commun/Co-Phyloformer/generate_treeducken/generated_trees/preencoded_pt/0117563.pt,/lustre/fsn1/projects/rech/vcu/commun/Co-Phyloformer/generate_treeducken/generated_trees/extreme_cosp_data/cosp_0/0117563.pt,0.0
/lustre/fsn1/projects/rech/vcu/commun/Co-Phyloformer/generate_treeducken/generated_trees/preencoded_pt/0117737.pt,/lustre/fsn1/projects/rech/vcu/commun/Co-Phyloformer/generate_treeducken/generated_trees/extreme_cosp_data/cosp_0/0117737.pt,0.0
/lustre/fsn1/projects/rech/vcu/commun/Co-Phyloformer/generate_treeducken/generated_trees/preencoded_pt/0119725.pt,/lustre/fsn1/projects/rech/vcu/commun/Co-Phyloformer/generate_treeducken/generated_trees/extreme_cosp_data/cosp_0/0119725.pt,0.0
/lustre/fsn1/projects/rech/vcu/commun/Co-Phyloformer/generate_treeducken/generated_trees/preencoded_pt/0120418.pt,/lustre/fsn1/projects/rech/vcu/commun/Co-Phyloformer/generate_treeducken/generated_trees/extreme_cosp_data/cosp_0/0120418.pt,0.0
/lustre/fsn1/projects/rech/vcu/commun/Co-Phyloformer/generate_treeducken/generated_trees/preencoded_pt/0121360.pt,/lustre/fsn1/projects/rech/vcu/commun/Co-Phyloformer/generate_treeducken/generated_trees/extreme_cosp_data/cosp_0/0121360.pt,0.0
/lustre/fsn1/projects/rech/vcu/commun/Co-Phyloformer/generate_treeducken/generated_trees/preencoded_pt/0122137.pt,/lustre/fsn1/projects/rech/vcu/commun/Co-Phyloformer/generate_treeducken/generated_trees/extreme_cosp_data/cosp_0/0122137.pt,0.0
/lustre/fsn1/projects/rech/vcu/commun/Co-Phyloformer/generate_treeducken/generated_trees/preencoded_pt/0122555.pt,/lustre/fsn1/projects/rech/vcu/commun/Co-Phyloformer/generate_treeducken/generated_trees/extreme_cosp_data/cosp_0/0122555.pt,0.0
/lustre/fsn1/projects/rech/vcu/commun/Co-Phyloformer/generate_treeducken/generated_trees/preencoded_pt/0123953.pt,/lustre/fsn1/projects/rech/vcu/commun/Co-Phyloformer/generate_treeducken/generated_trees/extreme_cosp_data/cosp_0/0123953.pt,0.0
/lustre/fsn1/projects/rech/vcu/commun/Co-Phyloformer/generate_treeducken/generated_trees/preencoded_pt/0124378.pt,/lustre/fsn1/projects/rech/vcu/commun/Co-Phyloformer/generate_treeducken/generated_trees/extreme_cosp_data/cosp_0/0124378.pt,0.0
/lustre/fsn1/projects/rech/vcu/commun/Co-Phyloformer/generate_treeducken/generated_trees/preencoded_pt/0125128.pt,/lustre/fsn1/projects/rech/vcu/commun/Co-Phyloformer/generate_treeducken/generated_trees/extreme_cosp_data/cosp_0/0125128.pt,0.0
/lustre/fsn1/projects/rech/vcu/commun/Co-Phyloformer/generate_treeducken/generated_trees/preencoded_pt/0125259.pt,/lustre/fsn1/projects/rech/vcu/commun/Co-Phyloformer/generate_treeducken/generated_trees/extreme_cosp_data/cosp_0/0125259.pt,0.0
/lustre/fsn1/projects/rech/vcu/commun/Co-Phyloformer/generate_treeducken/generated_trees/preencoded_pt/0125664.pt,/lustre/fsn1/projects/rech/vcu/commun/Co-Phyloformer/generate_treeducken/generated_trees/extreme_cosp_data/cosp_0/0125664.pt,0.0
/lustre/fsn1/projects/rech/vcu/commun/Co-Phyloformer/generate_treeducken/generated_trees/preencoded_pt/0127252.pt,/lustre/fsn1/projects/rech/vcu/commun/Co-Phyloformer/generate_treeducken/generated_trees/extreme_cosp_data/cosp_0/0127252.pt,0.0
/lustre/fsn1/projects/rech/vcu/commun/Co-Phyloformer/generate_treeducken/generated_trees/preencoded_pt/0127487.pt,/lustre/fsn1/projects/rech/vcu/commun/Co-Phyloformer/generate_treeducken/generated_trees/extreme_cosp_data/cosp_0/0127487.pt,0.0
/lustre/fsn1/projects/rech/vcu/commun/Co-Phyloformer/generate_treeducken/generated_trees/preencoded_pt/0128152.pt,/lustre/fsn1/projects/rech/vcu/commun/Co-Phyloformer/generate_treeducken/generated_trees/extreme_cosp_data/cosp_0/0128152.pt,0.0
/lustre/fsn1/projects/rech/vcu/commun/Co-Phyloformer/generate_treeducken/generated_trees/preencoded_pt/0129366.pt,/lustre/fsn1/projects/rech/vcu/commun/Co-Phyloformer/generate_treeducken/generated_trees/extreme_cosp_data/cosp_0/0129366.pt,0.0
/lustre/fsn1/projects/rech/vcu/commun/Co-Phyloformer/generate_treeducken/generated_trees/preencoded_pt/0130145.pt,/lustre/fsn1/projects/rech/vcu/commun/Co-Phyloformer/generate_treeducken/generated_trees/extreme_cosp_data/cosp_0/0130145.pt,0.0
/lustre/fsn1/projects/rech/vcu/commun/Co-Phyloformer/generate_treeducken/generated_trees/preencoded_pt/0130302.pt,/lustre/fsn1/projects/rech/vcu/commun/Co-Phyloformer/generate_treeducken/generated_trees/extreme_cosp_data/cosp_0/0130302.pt,0.0
/lustre/fsn1/projects/rech/vcu/commun/Co-Phyloformer/generate_treeducken/generated_trees/preencoded_pt/0130618.pt,/lustre/fsn1/projects/rech/vcu/commun/Co-Phyloformer/generate_treeducken/generated_trees/extreme_cosp_data/cosp_0/0130618.pt,0.0
/lustre/fsn1/projects/rech/vcu/commun/Co-Phyloformer/generate_treeducken/generated_trees/preencoded_pt/0132310.pt,/lustre/fsn1/projects/rech/vcu/commun/Co-Phyloformer/generate_treeducken/generated_trees/extreme_cosp_data/cosp_0/0132310.pt,0.0
/lustre/fsn1/projects/rech/vcu/commun/Co-Phyloformer/generate_treeducken/generated_trees/preencoded_pt/0133552.pt,/lustre/fsn1/projects/rech/vcu/commun/Co-Phyloformer/generate_treeducken/generated_trees/extreme_cosp_data/cosp_0/0133552.pt,0.0
/lustre/fsn1/projects/rech/vcu/commun/Co-Phyloformer/generate_treeducken/generated_trees/preencoded_pt/0135186.pt,/lustre/fsn1/projects/rech/vcu/commun/Co-Phyloformer/generate_treeducken/generated_trees/extreme_cosp_data/cosp_0/0135186.pt,0.0
/lustre/fsn1/projects/rech/vcu/commun/Co-Phyloformer/generate_treeducken/generated_trees/preencoded_pt/0136975.pt,/lustre/fsn1/projects/rech/vcu/commun/Co-Phyloformer/generate_treeducken/generated_trees/extreme_cosp_data/cosp_0/0136975.pt,0.0
/lustre/fsn1/projects/rech/vcu/commun/Co-Phyloformer/generate_treeducken/generated_trees/preencoded_pt/0139453.pt,/lustre/fsn1/projects/rech/vcu/commun/Co-Phyloformer/generate_treeducken/generated_trees/extreme_cosp_data/cosp_0/0139453.pt,0.0
/lustre/fsn1/projects/rech/vcu/commun/Co-Phyloformer/generate_treeducken/generated_trees/preencoded_pt/0139603.pt,/lustre/fsn1/projects/rech/vcu/commun/Co-Phyloformer/generate_treeducken/generated_trees/extreme_cosp_data/cosp_0/0139603.pt,0.0
/lustre/fsn1/projects/rech/vcu/commun/Co-Phyloformer/generate_treeducken/generated_trees/preencoded_pt/0139821.pt,/lustre/fsn1/projects/rech/vcu/commun/Co-Phyloformer/generate_treeducken/generated_trees/extreme_cosp_data/cosp_0/0139821.pt,0.0
/lustre/fsn1/projects/rech/vcu/commun/Co-Phyloformer/generate_treeducken/generated_trees/preencoded_pt/0139852.pt,/lustre/fsn1/projects/rech/vcu/commun/Co-Phyloformer/generate_treeducken/generated_trees/extreme_cosp_data/cosp_0/0139852.pt,0.0
/lustre/fsn1/projects/rech/vcu/commun/Co-Phyloformer/generate_treeducken/generated_trees/preencoded_pt/0141366.pt,/lustre/fsn1/projects/rech/vcu/commun/Co-Phyloformer/generate_treeducken/generated_trees/extreme_cosp_data/cosp_0/0141366.pt,0.0
/lustre/fsn1/projects/rech/vcu/commun/Co-Phyloformer/generate_treeducken/generated_trees/preencoded_pt/0141757.pt,/lustre/fsn1/projects/rech/vcu/commun/Co-Phyloformer/generate_treeducken/generated_trees/extreme_cosp_data/cosp_0/0141757.pt,0.0
/lustre/fsn1/projects/rech/vcu/commun/Co-Phyloformer/generate_treeducken/generated_trees/preencoded_pt/0142330.pt,/lustre/fsn1/projects/rech/vcu/commun/Co-Phyloformer/generate_treeducken/generated_trees/extreme_cosp_data/cosp_0/0142330.pt,0.0
/lustre/fsn1/projects/rech/vcu/commun/Co-Phyloformer/generate_treeducken/generated_trees/preencoded_pt/0143912.pt,/lustre/fsn1/projects/rech/vcu/commun/Co-Phyloformer/generate_treeducken/generated_trees/extreme_cosp_data/cosp_0/0143912.pt,0.0
/lustre/fsn1/projects/rech/vcu/commun/Co-Phyloformer/generate_treeducken/generated_trees/preencoded_pt/0144349.pt,/lustre/fsn1/projects/rech/vcu/commun/Co-Phyloformer/generate_treeducken/generated_trees/extreme_cosp_data/cosp_0/0144349.pt,0.0
/lustre/fsn1/projects/rech/vcu/commun/Co-Phyloformer/generate_treeducken/generated_trees/preencoded_pt/0144753.pt,/lustre/fsn1/projects/rech/vcu/commun/Co-Phyloformer/generate_treeducken/generated_trees/extreme_cosp_data/cosp_0/0144753.pt,0.0
/lustre/fsn1/projects/rech/vcu/commun/Co-Phyloformer/generate_treeducken/generated_trees/preencoded_pt/0146222.pt,/lustre/fsn1/projects/rech/vcu/commun/Co-Phyloformer/generate_treeducken/generated_trees/extreme_cosp_data/cosp_0/0146222.pt,0.0
/lustre/fsn1/projects/rech/vcu/commun/Co-Phyloformer/generate_treeducken/generated_trees/preencoded_pt/0146320.pt,/lustre/fsn1/projects/rech/vcu/commun/Co-Phyloformer/generate_treeducken/generated_trees/extreme_cosp_data/cosp_0/0146320.pt,0.0
/lustre/fsn1/projects/rech/vcu/commun/Co-Phyloformer/generate_treeducken/generated_trees/preencoded_pt/0146646.pt,/lustre/fsn1/projects/rech/vcu/commun/Co-Phyloformer/generate_treeducken/generated_trees/extreme_cosp_data/cosp_0/0146646.pt,0.0
/lustre/fsn1/projects/rech/vcu/commun/Co-Phyloformer/generate_treeducken/generated_trees/preencoded_pt/0147061.pt,/lustre/fsn1/projects/rech/vcu/commun/Co-Phyloformer/generate_treeducken/generated_trees/extreme_cosp_data/cosp_0/0147061.pt,0.0
/lustre/fsn1/projects/rech/vcu/commun/Co-Phyloformer/generate_treeducken/generated_trees/preencoded_pt/0148240.pt,/lustre/fsn1/projects/rech/vcu/commun/Co-Phyloformer/generate_treeducken/generated_trees/extreme_cosp_data/cosp_0/0148240.pt,0.0
/lustre/fsn1/projects/rech/vcu/commun/Co-Phyloformer/generate_treeducken/generated_trees/preencoded_pt/0148739.pt,/lustre/fsn1/projects/rech/vcu/commun/Co-Phyloformer/generate_treeducken/generated_trees/extreme_cosp_data/cosp_0/0148739.pt,0.0
/lustre/fsn1/projects/rech/vcu/commun/Co-Phyloformer/generate_treeducken/generated_trees/preencoded_pt/0149428.pt,/lustre/fsn1/projects/rech/vcu/commun/Co-Phyloformer/generate_treeducken/generated_trees/extreme_cosp_data/cosp_0/0149428.pt,0.0
/lustre/fsn1/projects/rech/vcu/commun/Co-Phyloformer/generate_treeducken/generated_trees/preencoded_pt/0151597.pt,/lustre/fsn1/projects/rech/vcu/commun/Co-Phyloformer/generate_treeducken/generated_trees/extreme_cosp_data/cosp_0/0151597.pt,0.0
/lustre/fsn1/projects/rech/vcu/commun/Co-Phyloformer/generate_treeducken/generated_trees/preencoded_pt/0151849.pt,/lustre/fsn1/projects/rech/vcu/commun/Co-Phyloformer/generate_treeducken/generated_trees/extreme_cosp_data/cosp_0/0151849.pt,0.0
/lustre/fsn1/projects/rech/vcu/commun/Co-Phyloformer/generate_treeducken/generated_trees/preencoded_pt/0152124.pt,/lustre/fsn1/projects/rech/vcu/commun/Co-Phyloformer/generate_treeducken/generated_trees/extreme_cosp_data/cosp_0/0152124.pt,0.0
/lustre/fsn1/projects/rech/vcu/commun/Co-Phyloformer/generate_treeducken/generated_trees/preencoded_pt/0152432.pt,/lustre/fsn1/projects/rech/vcu/commun/Co-Phyloformer/generate_treeducken/generated_trees/extreme_cosp_data/cosp_0/0152432.pt,0.0
/lustre/fsn1/projects/rech/vcu/commun/Co-Phyloformer/generate_treeducken/generated_trees/preencoded_pt/0152741.pt,/lustre/fsn1/projects/rech/vcu/commun/Co-Phyloformer/generate_treeducken/generated_trees/extreme_cosp_data/cosp_0/0152741.pt,0.0
/lustre/fsn1/projects/rech/vcu/commun/Co-Phyloformer/generate_treeducken/generated_trees/preencoded_pt/0153046.pt,/lustre/fsn1/projects/rech/vcu/commun/Co-Phyloformer/generate_treeducken/generated_trees/extreme_cosp_data/cosp_0/0153046.pt,0.0
/lustre/fsn1/projects/rech/vcu/commun/Co-Phyloformer/generate_treeducken/generated_trees/preencoded_pt/0153494.pt,/lustre/fsn1/projects/rech/vcu/commun/Co-Phyloformer/generate_treeducken/generated_trees/extreme_cosp_data/cosp_0/0153494.pt,0.0
/lustre/fsn1/projects/rech/vcu/commun/Co-Phyloformer/generate_treeducken/generated_trees/preencoded_pt/0153946.pt,/lustre/fsn1/projects/rech/vcu/commun/Co-Phyloformer/generate_treeducken/generated_trees/extreme_cosp_data/cosp_0/0153946.pt,0.0
/lustre/fsn1/projects/rech/vcu/commun/Co-Phyloformer/generate_treeducken/generated_trees/preencoded_pt/0154483.pt,/lustre/fsn1/projects/rech/vcu/commun/Co-Phyloformer/generate_treeducken/generated_trees/extreme_cosp_data/cosp_0/0154483.pt,0.0
/lustre/fsn1/projects/rech/vcu/commun/Co-Phyloformer/generate_treeducken/generated_trees/preencoded_pt/0156585.pt,/lustre/fsn1/projects/rech/vcu/commun/Co-Phyloformer/generate_treeducken/generated_trees/extreme_cosp_data/cosp_0/0156585.pt,0.0
/lustre/fsn1/projects/rech/vcu/commun/Co-Phyloformer/generate_treeducken/generated_trees/preencoded_pt/0156876.pt,/lustre/fsn1/projects/rech/vcu/commun/Co-Phyloformer/generate_treeducken/generated_trees/extreme_cosp_data/cosp_0/0156876.pt,0.0
/lustre/fsn1/projects/rech/vcu/commun/Co-Phyloformer/generate_treeducken/generated_trees/preencoded_pt/0158195.pt,/lustre/fsn1/projects/rech/vcu/commun/Co-Phyloformer/generate_treeducken/generated_trees/extreme_cosp_data/cosp_0/0158195.pt,0.0
/lustre/fsn1/projects/rech/vcu/commun/Co-Phyloformer/generate_treeducken/generated_trees/preencoded_pt/0158508.pt,/lustre/fsn1/projects/rech/vcu/commun/Co-Phyloformer/generate_treeducken/generated_trees/extreme_cosp_data/cosp_0/0158508.pt,0.0
/lustre/fsn1/projects/rech/vcu/commun/Co-Phyloformer/generate_treeducken/generated_trees/preencoded_pt/0158721.pt,/lustre/fsn1/projects/rech/vcu/commun/Co-Phyloformer/generate_treeducken/generated_trees/extreme_cosp_data/cosp_0/0158721.pt,0.0
/lustre/fsn1/projects/rech/vcu/commun/Co-Phyloformer/generate_treeducken/generated_trees/preencoded_pt/0158865.pt,/lustre/fsn1/projects/rech/vcu/commun/Co-Phyloformer/generate_treeducken/generated_trees/extreme_cosp_data/cosp_0/0158865.pt,0.0
/lustre/fsn1/projects/rech/vcu/commun/Co-Phyloformer/generate_treeducken/generated_trees/preencoded_pt/0159015.pt,/lustre/fsn1/projects/rech/vcu/commun/Co-Phyloformer/generate_treeducken/generated_trees/extreme_cosp_data/cosp_0/0159015.pt,0.0
/lustre/fsn1/projects/rech/vcu/commun/Co-Phyloformer/generate_treeducken/generated_trees/preencoded_pt/0159288.pt,/lustre/fsn1/projects/rech/vcu/commun/Co-Phyloformer/generate_treeducken/generated_trees/extreme_cosp_data/cosp_0/0159288.pt,0.0
/lustre/fsn1/projects/rech/vcu/commun/Co-Phyloformer/generate_treeducken/generated_trees/preencoded_pt/0159605.pt,/lustre/fsn1/projects/rech/vcu/commun/Co-Phyloformer/generate_treeducken/generated_trees/extreme_cosp_data/cosp_0/0159605.pt,0.0
/lustre/fsn1/projects/rech/vcu/commun/Co-Phyloformer/generate_treeducken/generated_trees/preencoded_pt/0160765.pt,/lustre/fsn1/projects/rech/vcu/commun/Co-Phyloformer/generate_treeducken/generated_trees/extreme_cosp_data/cosp_0/0160765.pt,0.0
/lustre/fsn1/projects/rech/vcu/commun/Co-Phyloformer/generate_treeducken/generated_trees/preencoded_pt/0161263.pt,/lustre/fsn1/projects/rech/vcu/commun/Co-Phyloformer/generate_treeducken/generated_trees/extreme_cosp_data/cosp_0/0161263.pt,0.0
/lustre/fsn1/projects/rech/vcu/commun/Co-Phyloformer/generate_treeducken/generated_trees/preencoded_pt/0163339.pt,/lustre/fsn1/projects/rech/vcu/commun/Co-Phyloformer/generate_treeducken/generated_trees/extreme_cosp_data/cosp_0/0163339.pt,0.0
/lustre/fsn1/projects/rech/vcu/commun/Co-Phyloformer/generate_treeducken/generated_trees/preencoded_pt/0164907.pt,/lustre/fsn1/projects/rech/vcu/commun/Co-Phyloformer/generate_treeducken/generated_trees/extreme_cosp_data/cosp_0/0164907.pt,0.0
/lustre/fsn1/projects/rech/vcu/commun/Co-Phyloformer/generate_treeducken/generated_trees/preencoded_pt/0165708.pt,/lustre/fsn1/projects/rech/vcu/commun/Co-Phyloformer/generate_treeducken/generated_trees/extreme_cosp_data/cosp_0/0165708.pt,0.0
/lustre/fsn1/projects/rech/vcu/commun/Co-Phyloformer/generate_treeducken/generated_trees/preencoded_pt/0165865.pt,/lustre/fsn1/projects/rech/vcu/commun/Co-Phyloformer/generate_treeducken/generated_trees/extreme_cosp_data/cosp_0/0165865.pt,0.0
/lustre/fsn1/projects/rech/vcu/commun/Co-Phyloformer/generate_treeducken/generated_trees/preencoded_pt/0166029.pt,/lustre/fsn1/projects/rech/vcu/commun/Co-Phyloformer/generate_treeducken/generated_trees/extreme_cosp_data/cosp_0/0166029.pt,0.0
/lustre/fsn1/projects/rech/vcu/commun/Co-Phyloformer/generate_treeducken/generated_trees/preencoded_pt/0167537.pt,/lustre/fsn1/projects/rech/vcu/commun/Co-Phyloformer/generate_treeducken/generated_trees/extreme_cosp_data/cosp_0/0167537.pt,0.0
/lustre/fsn1/projects/rech/vcu/commun/Co-Phyloformer/generate_treeducken/generated_trees/preencoded_pt/0167948.pt,/lustre/fsn1/projects/rech/vcu/commun/Co-Phyloformer/generate_treeducken/generated_trees/extreme_cosp_data/cosp_0/0167948.pt,0.0
/lustre/fsn1/projects/rech/vcu/commun/Co-Phyloformer/generate_treeducken/generated_trees/preencoded_pt/0168405.pt,/lustre/fsn1/projects/rech/vcu/commun/Co-Phyloformer/generate_treeducken/generated_trees/extreme_cosp_data/cosp_0/0168405.pt,0.0
/lustre/fsn1/projects/rech/vcu/commun/Co-Phyloformer/generate_treeducken/generated_trees/preencoded_pt/0170856.pt,/lustre/fsn1/projects/rech/vcu/commun/Co-Phyloformer/generate_treeducken/generated_trees/extreme_cosp_data/cosp_0/0170856.pt,0.0
/lustre/fsn1/projects/rech/vcu/commun/Co-Phyloformer/generate_treeducken/generated_trees/preencoded_pt/0171044.pt,/lustre/fsn1/projects/rech/vcu/commun/Co-Phyloformer/generate_treeducken/generated_trees/extreme_cosp_data/cosp_0/0171044.pt,0.0
/lustre/fsn1/projects/rech/vcu/commun/Co-Phyloformer/generate_treeducken/generated_trees/preencoded_pt/0173013.pt,/lustre/fsn1/projects/rech/vcu/commun/Co-Phyloformer/generate_treeducken/generated_trees/extreme_cosp_data/cosp_0/0173013.pt,0.0
/lustre/fsn1/projects/rech/vcu/commun/Co-Phyloformer/generate_treeducken/generated_trees/preencoded_pt/0173122.pt,/lustre/fsn1/projects/rech/vcu/commun/Co-Phyloformer/generate_treeducken/generated_trees/extreme_cosp_data/cosp_0/0173122.pt,0.0
/lustre/fsn1/projects/rech/vcu/commun/Co-Phyloformer/generate_treeducken/generated_trees/preencoded_pt/0176158.pt,/lustre/fsn1/projects/rech/vcu/commun/Co-Phyloformer/generate_treeducken/generated_trees/extreme_cosp_data/cosp_0/0176158.pt,0.0
/lustre/fsn1/projects/rech/vcu/commun/Co-Phyloformer/generate_treeducken/generated_trees/preencoded_pt/0176450.pt,/lustre/fsn1/projects/rech/vcu/commun/Co-Phyloformer/generate_treeducken/generated_trees/extreme_cosp_data/cosp_0/0176450.pt,0.0
/lustre/fsn1/projects/rech/vcu/commun/Co-Phyloformer/generate_treeducken/generated_trees/preencoded_pt/0176935.pt,/lustre/fsn1/projects/rech/vcu/commun/Co-Phyloformer/generate_treeducken/generated_trees/extreme_cosp_data/cosp_0/0176935.pt,0.0
/lustre/fsn1/projects/rech/vcu/commun/Co-Phyloformer/generate_treeducken/generated_trees/preencoded_pt/0177217.pt,/lustre/fsn1/projects/rech/vcu/commun/Co-Phyloformer/generate_treeducken/generated_trees/extreme_cosp_data/cosp_0/0177217.pt,0.0
/lustre/fsn1/projects/rech/vcu/commun/Co-Phyloformer/generate_treeducken/generated_trees/preencoded_pt/0177667.pt,/lustre/fsn1/projects/rech/vcu/commun/Co-Phyloformer/generate_treeducken/generated_trees/extreme_cosp_data/cosp_0/0177667.pt,0.0
/lustre/fsn1/projects/rech/vcu/commun/Co-Phyloformer/generate_treeducken/generated_trees/preencoded_pt/0179241.pt,/lustre/fsn1/projects/rech/vcu/commun/Co-Phyloformer/generate_treeducken/generated_trees/extreme_cosp_data/cosp_0/0179241.pt,0.0
/lustre/fsn1/projects/rech/vcu/commun/Co-Phyloformer/generate_treeducken/generated_trees/preencoded_pt/0180050.pt,/lustre/fsn1/projects/rech/vcu/commun/Co-Phyloformer/generate_treeducken/generated_trees/extreme_cosp_data/cosp_0/0180050.pt,0.0
/lustre/fsn1/projects/rech/vcu/commun/Co-Phyloformer/generate_treeducken/generated_trees/preencoded_pt/0180336.pt,/lustre/fsn1/projects/rech/vcu/commun/Co-Phyloformer/generate_treeducken/generated_trees/extreme_cosp_data/cosp_0/0180336.pt,0.0
/lustre/fsn1/projects/rech/vcu/commun/Co-Phyloformer/generate_treeducken/generated_trees/preencoded_pt/0181471.pt,/lustre/fsn1/projects/rech/vcu/commun/Co-Phyloformer/generate_treeducken/generated_trees/extreme_cosp_data/cosp_0/0181471.pt,0.0
/lustre/fsn1/projects/rech/vcu/commun/Co-Phyloformer/generate_treeducken/generated_trees/preencoded_pt/0181623.pt,/lustre/fsn1/projects/rech/vcu/commun/Co-Phyloformer/generate_treeducken/generated_trees/extreme_cosp_data/cosp_0/0181623.pt,0.0
/lustre/fsn1/projects/rech/vcu/commun/Co-Phyloformer/generate_treeducken/generated_trees/preencoded_pt/0181659.pt,/lustre/fsn1/projects/rech/vcu/commun/Co-Phyloformer/generate_treeducken/generated_trees/extreme_cosp_data/cosp_0/0181659.pt,0.0
/lustre/fsn1/projects/rech/vcu/commun/Co-Phyloformer/generate_treeducken/generated_trees/preencoded_pt/0182204.pt,/lustre/fsn1/projects/rech/vcu/commun/Co-Phyloformer/generate_treeducken/generated_trees/extreme_cosp_data/cosp_0/0182204.pt,0.0
/lustre/fsn1/projects/rech/vcu/commun/Co-Phyloformer/generate_treeducken/generated_trees/preencoded_pt/0182361.pt,/lustre/fsn1/projects/rech/vcu/commun/Co-Phyloformer/generate_treeducken/generated_trees/extreme_cosp_data/cosp_0/0182361.pt,0.0
/lustre/fsn1/projects/rech/vcu/commun/Co-Phyloformer/generate_treeducken/generated_trees/preencoded_pt/0183313.pt,/lustre/fsn1/projects/rech/vcu/commun/Co-Phyloformer/generate_treeducken/generated_trees/extreme_cosp_data/cosp_0/0183313.pt,0.0
/lustre/fsn1/projects/rech/vcu/commun/Co-Phyloformer/generate_treeducken/generated_trees/preencoded_pt/0183441.pt,/lustre/fsn1/projects/rech/vcu/commun/Co-Phyloformer/generate_treeducken/generated_trees/extreme_cosp_data/cosp_0/0183441.pt,0.0
/lustre/fsn1/projects/rech/vcu/commun/Co-Phyloformer/generate_treeducken/generated_trees/preencoded_pt/0186036.pt,/lustre/fsn1/projects/rech/vcu/commun/Co-Phyloformer/generate_treeducken/generated_trees/extreme_cosp_data/cosp_0/0186036.pt,0.0
/lustre/fsn1/projects/rech/vcu/commun/Co-Phyloformer/generate_treeducken/generated_trees/preencoded_pt/0186309.pt,/lustre/fsn1/projects/rech/vcu/commun/Co-Phyloformer/generate_treeducken/generated_trees/extreme_cosp_data/cosp_0/0186309.pt,0.0
/lustre/fsn1/projects/rech/vcu/commun/Co-Phyloformer/generate_treeducken/generated_trees/preencoded_pt/0186386.pt,/lustre/fsn1/projects/rech/vcu/commun/Co-Phyloformer/generate_treeducken/generated_trees/extreme_cosp_data/cosp_0/0186386.pt,0.0
/lustre/fsn1/projects/rech/vcu/commun/Co-Phyloformer/generate_treeducken/generated_trees/preencoded_pt/0186466.pt,/lustre/fsn1/projects/rech/vcu/commun/Co-Phyloformer/generate_treeducken/generated_trees/extreme_cosp_data/cosp_0/0186466.pt,0.0
/lustre/fsn1/projects/rech/vcu/commun/Co-Phyloformer/generate_treeducken/generated_trees/preencoded_pt/0187406.pt,/lustre/fsn1/projects/rech/vcu/commun/Co-Phyloformer/generate_treeducken/generated_trees/extreme_cosp_data/cosp_0/0187406.pt,0.0
/lustre/fsn1/projects/rech/vcu/commun/Co-Phyloformer/generate_treeducken/generated_trees/preencoded_pt/0189633.pt,/lustre/fsn1/projects/rech/vcu/commun/Co-Phyloformer/generate_treeducken/generated_trees/extreme_cosp_data/cosp_0/0189633.pt,0.0
/lustre/fsn1/projects/rech/vcu/commun/Co-Phyloformer/generate_treeducken/generated_trees/preencoded_pt/0191124.pt,/lustre/fsn1/projects/rech/vcu/commun/Co-Phyloformer/generate_treeducken/generated_trees/extreme_cosp_data/cosp_0/0191124.pt,0.0
/lustre/fsn1/projects/rech/vcu/commun/Co-Phyloformer/generate_treeducken/generated_trees/preencoded_pt/0192041.pt,/lustre/fsn1/projects/rech/vcu/commun/Co-Phyloformer/generate_treeducken/generated_trees/extreme_cosp_data/cosp_0/0192041.pt,0.0
/lustre/fsn1/projects/rech/vcu/commun/Co-Phyloformer/generate_treeducken/generated_trees/preencoded_pt/0193520.pt,/lustre/fsn1/projects/rech/vcu/commun/Co-Phyloformer/generate_treeducken/generated_trees/extreme_cosp_data/cosp_0/0193520.pt,0.0
/lustre/fsn1/projects/rech/vcu/commun/Co-Phyloformer/generate_treeducken/generated_trees/preencoded_pt/0193723.pt,/lustre/fsn1/projects/rech/vcu/commun/Co-Phyloformer/generate_treeducken/generated_trees/extreme_cosp_data/cosp_0/0193723.pt,0.0
/lustre/fsn1/projects/rech/vcu/commun/Co-Phyloformer/generate_treeducken/generated_trees/preencoded_pt/0194319.pt,/lustre/fsn1/projects/rech/vcu/commun/Co-Phyloformer/generate_treeducken/generated_trees/extreme_cosp_data/cosp_0/0194319.pt,0.0
/lustre/fsn1/projects/rech/vcu/commun/Co-Phyloformer/generate_treeducken/generated_trees/preencoded_pt/0194368.pt,/lustre/fsn1/projects/rech/vcu/commun/Co-Phyloformer/generate_treeducken/generated_trees/extreme_cosp_data/cosp_0/0194368.pt,0.0
/lustre/fsn1/projects/rech/vcu/commun/Co-Phyloformer/generate_treeducken/generated_trees/preencoded_pt/0196730.pt,/lustre/fsn1/projects/rech/vcu/commun/Co-Phyloformer/generate_treeducken/generated_trees/extreme_cosp_data/cosp_0/0196730.pt,0.0
/lustre/fsn1/projects/rech/vcu/commun/Co-Phyloformer/generate_treeducken/generated_trees/preencoded_pt/0196882.pt,/lustre/fsn1/projects/rech/vcu/commun/Co-Phyloformer/generate_treeducken/generated_trees/extreme_cosp_data/cosp_0/0196882.pt,0.0
/lustre/fsn1/projects/rech/vcu/commun/Co-Phyloformer/generate_treeducken/generated_trees/preencoded_pt/0197912.pt,/lustre/fsn1/projects/rech/vcu/commun/Co-Phyloformer/generate_treeducken/generated_trees/extreme_cosp_data/cosp_0/0197912.pt,0.0
/lustre/fsn1/projects/rech/vcu/commun/Co-Phyloformer/generate_treeducken/generated_trees/preencoded_pt/0198079.pt,/lustre/fsn1/projects/rech/vcu/commun/Co-Phyloformer/generate_treeducken/generated_trees/extreme_cosp_data/cosp_0/0198079.pt,0.0
/lustre/fsn1/projects/rech/vcu/commun/Co-Phyloformer/generate_treeducken/generated_trees/preencoded_pt/0198482.pt,/lustre/fsn1/projects/rech/vcu/commun/Co-Phyloformer/generate_treeducken/generated_trees/extreme_cosp_data/cosp_0/0198482.pt,0.0
/lustre/fsn1/projects/rech/vcu/commun/Co-Phyloformer/generate_treeducken/generated_trees/preencoded_pt/0199117.pt,/lustre/fsn1/projects/rech/vcu/commun/Co-Phyloformer/generate_treeducken/generated_trees/extreme_cosp_data/cosp_0/0199117.pt,0.0
/lustre/fsn1/projects/rech/vcu/commun/Co-Phyloformer/generate_treeducken/generated_trees/preencoded_pt/0199623.pt,/lustre/fsn1/projects/rech/vcu/commun/Co-Phyloformer/generate_treeducken/generated_trees/extreme_cosp_data/cosp_0/0199623.pt,0.0
/lustre/fsn1/projects/rech/vcu/commun/Co-Phyloformer/generate_treeducken/generated_trees/preencoded_pt/0199632.pt,/lustre/fsn1/projects/rech/vcu/commun/Co-Phyloformer/generate_treeducken/generated_trees/extreme_cosp_data/cosp_0/0199632.pt,0.0
/lustre/fsn1/projects/rech/vcu/commun/Co-Phyloformer/generate_treeducken/generated_trees/preencoded_pt/0199725.pt,/lustre/fsn1/projects/rech/vcu/commun/Co-Phyloformer/generate_treeducken/generated_trees/extreme_cosp_data/cosp_0/0199725.pt,0.0
/lustre/fsn1/projects/rech/vcu/commun/Co-Phyloformer/generate_treeducken/generated_trees/preencoded_pt/0201823.pt,/lustre/fsn1/projects/rech/vcu/commun/Co-Phyloformer/generate_treeducken/generated_trees/extreme_cosp_data/cosp_0/0201823.pt,0.0
/lustre/fsn1/projects/rech/vcu/commun/Co-Phyloformer/generate_treeducken/generated_trees/preencoded_pt/0201883.pt,/lustre/fsn1/projects/rech/vcu/commun/Co-Phyloformer/generate_treeducken/generated_trees/extreme_cosp_data/cosp_0/0201883.pt,0.0
/lustre/fsn1/projects/rech/vcu/commun/Co-Phyloformer/generate_treeducken/generated_trees/preencoded_pt/0202790.pt,/lustre/fsn1/projects/rech/vcu/commun/Co-Phyloformer/generate_treeducken/generated_trees/extreme_cosp_data/cosp_0/0202790.pt,0.0
/lustre/fsn1/projects/rech/vcu/commun/Co-Phyloformer/generate_treeducken/generated_trees/preencoded_pt/0203598.pt,/lustre/fsn1/projects/rech/vcu/commun/Co-Phyloformer/generate_treeducken/generated_trees/extreme_cosp_data/cosp_0/0203598.pt,0.0
/lustre/fsn1/projects/rech/vcu/commun/Co-Phyloformer/generate_treeducken/generated_trees/preencoded_pt/0203897.pt,/lustre/fsn1/projects/rech/vcu/commun/Co-Phyloformer/generate_treeducken/generated_trees/extreme_cosp_data/cosp_0/0203897.pt,0.0
/lustre/fsn1/projects/rech/vcu/commun/Co-Phyloformer/generate_treeducken/generated_trees/preencoded_pt/0204230.pt,/lustre/fsn1/projects/rech/vcu/commun/Co-Phyloformer/generate_treeducken/generated_trees/extreme_cosp_data/cosp_0/0204230.pt,0.0
/lustre/fsn1/projects/rech/vcu/commun/Co-Phyloformer/generate_treeducken/generated_trees/preencoded_pt/0205161.pt,/lustre/fsn1/projects/rech/vcu/commun/Co-Phyloformer/generate_treeducken/generated_trees/extreme_cosp_data/cosp_0/0205161.pt,0.0
/lustre/fsn1/projects/rech/vcu/commun/Co-Phyloformer/generate_treeducken/generated_trees/preencoded_pt/0205893.pt,/lustre/fsn1/projects/rech/vcu/commun/Co-Phyloformer/generate_treeducken/generated_trees/extreme_cosp_data/cosp_0/0205893.pt,0.0
/lustre/fsn1/projects/rech/vcu/commun/Co-Phyloformer/generate_treeducken/generated_trees/preencoded_pt/0206133.pt,/lustre/fsn1/projects/rech/vcu/commun/Co-Phyloformer/generate_treeducken/generated_trees/extreme_cosp_data/cosp_0/0206133.pt,0.0
/lustre/fsn1/projects/rech/vcu/commun/Co-Phyloformer/generate_treeducken/generated_trees/preencoded_pt/0206439.pt,/lustre/fsn1/projects/rech/vcu/commun/Co-Phyloformer/generate_treeducken/generated_trees/extreme_cosp_data/cosp_0/0206439.pt,0.0
/lustre/fsn1/projects/rech/vcu/commun/Co-Phyloformer/generate_treeducken/generated_trees/preencoded_pt/0206799.pt,/lustre/fsn1/projects/rech/vcu/commun/Co-Phyloformer/generate_treeducken/generated_trees/extreme_cosp_data/cosp_0/0206799.pt,0.0
/lustre/fsn1/projects/rech/vcu/commun/Co-Phyloformer/generate_treeducken/generated_trees/preencoded_pt/0207391.pt,/lustre/fsn1/projects/rech/vcu/commun/Co-Phyloformer/generate_treeducken/generated_trees/extreme_cosp_data/cosp_0/0207391.pt,0.0
/lustre/fsn1/projects/rech/vcu/commun/Co-Phyloformer/generate_treeducken/generated_trees/preencoded_pt/0207599.pt,/lustre/fsn1/projects/rech/vcu/commun/Co-Phyloformer/generate_treeducken/generated_trees/extreme_cosp_data/cosp_0/0207599.pt,0.0
/lustre/fsn1/projects/rech/vcu/commun/Co-Phyloformer/generate_treeducken/generated_trees/preencoded_pt/0207613.pt,/lustre/fsn1/projects/rech/vcu/commun/Co-Phyloformer/generate_treeducken/generated_trees/extreme_cosp_data/cosp_0/0207613.pt,0.0
/lustre/fsn1/projects/rech/vcu/commun/Co-Phyloformer/generate_treeducken/generated_trees/preencoded_pt/0208300.pt,/lustre/fsn1/projects/rech/vcu/commun/Co-Phyloformer/generate_treeducken/generated_trees/extreme_cosp_data/cosp_0/0208300.pt,0.0
/lustre/fsn1/projects/rech/vcu/commun/Co-Phyloformer/generate_treeducken/generated_trees/preencoded_pt/0210743.pt,/lustre/fsn1/projects/rech/vcu/commun/Co-Phyloformer/generate_treeducken/generated_trees/extreme_cosp_data/cosp_0/0210743.pt,0.0
/lustre/fsn1/projects/rech/vcu/commun/Co-Phyloformer/generate_treeducken/generated_trees/preencoded_pt/0211904.pt,/lustre/fsn1/projects/rech/vcu/commun/Co-Phyloformer/generate_treeducken/generated_trees/extreme_cosp_data/cosp_0/0211904.pt,0.0
/lustre/fsn1/projects/rech/vcu/commun/Co-Phyloformer/generate_treeducken/generated_trees/preencoded_pt/0212175.pt,/lustre/fsn1/projects/rech/vcu/commun/Co-Phyloformer/generate_treeducken/generated_trees/extreme_cosp_data/cosp_0/0212175.pt,0.0
/lustre/fsn1/projects/rech/vcu/commun/Co-Phyloformer/generate_treeducken/generated_trees/preencoded_pt/0213513.pt,/lustre/fsn1/projects/rech/vcu/commun/Co-Phyloformer/generate_treeducken/generated_trees/extreme_cosp_data/cosp_0/0213513.pt,0.0
/lustre/fsn1/projects/rech/vcu/commun/Co-Phyloformer/generate_treeducken/generated_trees/preencoded_pt/0214083.pt,/lustre/fsn1/projects/rech/vcu/commun/Co-Phyloformer/generate_treeducken/generated_trees/extreme_cosp_data/cosp_0/0214083.pt,0.0
/lustre/fsn1/projects/rech/vcu/commun/Co-Phyloformer/generate_treeducken/generated_trees/preencoded_pt/0214558.pt,/lustre/fsn1/projects/rech/vcu/commun/Co-Phyloformer/generate_treeducken/generated_trees/extreme_cosp_data/cosp_0/0214558.pt,0.0
/lustre/fsn1/projects/rech/vcu/commun/Co-Phyloformer/generate_treeducken/generated_trees/preencoded_pt/0214656.pt,/lustre/fsn1/projects/rech/vcu/commun/Co-Phyloformer/generate_treeducken/generated_trees/extreme_cosp_data/cosp_0/0214656.pt,0.0
/lustre/fsn1/projects/rech/vcu/commun/Co-Phyloformer/generate_treeducken/generated_trees/preencoded_pt/0216108.pt,/lustre/fsn1/projects/rech/vcu/commun/Co-Phyloformer/generate_treeducken/generated_trees/extreme_cosp_data/cosp_0/0216108.pt,0.0
/lustre/fsn1/projects/rech/vcu/commun/Co-Phyloformer/generate_treeducken/generated_trees/preencoded_pt/0216896.pt,/lustre/fsn1/projects/rech/vcu/commun/Co-Phyloformer/generate_treeducken/generated_trees/extreme_cosp_data/cosp_0/0216896.pt,0.0
/lustre/fsn1/projects/rech/vcu/commun/Co-Phyloformer/generate_treeducken/generated_trees/preencoded_pt/0217435.pt,/lustre/fsn1/projects/rech/vcu/commun/Co-Phyloformer/generate_treeducken/generated_trees/extreme_cosp_data/cosp_0/0217435.pt,0.0
/lustre/fsn1/projects/rech/vcu/commun/Co-Phyloformer/generate_treeducken/generated_trees/preencoded_pt/0217748.pt,/lustre/fsn1/projects/rech/vcu/commun/Co-Phyloformer/generate_treeducken/generated_trees/extreme_cosp_data/cosp_0/0217748.pt,0.0
/lustre/fsn1/projects/rech/vcu/commun/Co-Phyloformer/generate_treeducken/generated_trees/preencoded_pt/0218160.pt,/lustre/fsn1/projects/rech/vcu/commun/Co-Phyloformer/generate_treeducken/generated_trees/extreme_cosp_data/cosp_0/0218160.pt,0.0
/lustre/fsn1/projects/rech/vcu/commun/Co-Phyloformer/generate_treeducken/generated_trees/preencoded_pt/0218841.pt,/lustre/fsn1/projects/rech/vcu/commun/Co-Phyloformer/generate_treeducken/generated_trees/extreme_cosp_data/cosp_0/0218841.pt,0.0
/lustre/fsn1/projects/rech/vcu/commun/Co-Phyloformer/generate_treeducken/generated_trees/preencoded_pt/0219572.pt,/lustre/fsn1/projects/rech/vcu/commun/Co-Phyloformer/generate_treeducken/generated_trees/extreme_cosp_data/cosp_0/0219572.pt,0.0
/lustre/fsn1/projects/rech/vcu/commun/Co-Phyloformer/generate_treeducken/generated_trees/preencoded_pt/0220414.pt,/lustre/fsn1/projects/rech/vcu/commun/Co-Phyloformer/generate_treeducken/generated_trees/extreme_cosp_data/cosp_0/0220414.pt,0.0
/lustre/fsn1/projects/rech/vcu/commun/Co-Phyloformer/generate_treeducken/generated_trees/preencoded_pt/0221169.pt,/lustre/fsn1/projects/rech/vcu/commun/Co-Phyloformer/generate_treeducken/generated_trees/extreme_cosp_data/cosp_0/0221169.pt,0.0
/lustre/fsn1/projects/rech/vcu/commun/Co-Phyloformer/generate_treeducken/generated_trees/preencoded_pt/0222784.pt,/lustre/fsn1/projects/rech/vcu/commun/Co-Phyloformer/generate_treeducken/generated_trees/extreme_cosp_data/cosp_0/0222784.pt,0.0
/lustre/fsn1/projects/rech/vcu/commun/Co-Phyloformer/generate_treeducken/generated_trees/preencoded_pt/0223745.pt,/lustre/fsn1/projects/rech/vcu/commun/Co-Phyloformer/generate_treeducken/generated_trees/extreme_cosp_data/cosp_0/0223745.pt,0.0
/lustre/fsn1/projects/rech/vcu/commun/Co-Phyloformer/generate_treeducken/generated_trees/preencoded_pt/0224167.pt,/lustre/fsn1/projects/rech/vcu/commun/Co-Phyloformer/generate_treeducken/generated_trees/extreme_cosp_data/cosp_0/0224167.pt,0.0
/lustre/fsn1/projects/rech/vcu/commun/Co-Phyloformer/generate_treeducken/generated_trees/preencoded_pt/0224189.pt,/lustre/fsn1/projects/rech/vcu/commun/Co-Phyloformer/generate_treeducken/generated_trees/extreme_cosp_data/cosp_0/0224189.pt,0.0
/lustre/fsn1/projects/rech/vcu/commun/Co-Phyloformer/generate_treeducken/generated_trees/preencoded_pt/0225365.pt,/lustre/fsn1/projects/rech/vcu/commun/Co-Phyloformer/generate_treeducken/generated_trees/extreme_cosp_data/cosp_0/0225365.pt,0.0
/lustre/fsn1/projects/rech/vcu/commun/Co-Phyloformer/generate_treeducken/generated_trees/preencoded_pt/0226522.pt,/lustre/fsn1/projects/rech/vcu/commun/Co-Phyloformer/generate_treeducken/generated_trees/extreme_cosp_data/cosp_0/0226522.pt,0.0
/lustre/fsn1/projects/rech/vcu/commun/Co-Phyloformer/generate_treeducken/generated_trees/preencoded_pt/0226551.pt,/lustre/fsn1/projects/rech/vcu/commun/Co-Phyloformer/generate_treeducken/generated_trees/extreme_cosp_data/cosp_0/0226551.pt,0.0
/lustre/fsn1/projects/rech/vcu/commun/Co-Phyloformer/generate_treeducken/generated_trees/preencoded_pt/0226601.pt,/lustre/fsn1/projects/rech/vcu/commun/Co-Phyloformer/generate_treeducken/generated_trees/extreme_cosp_data/cosp_0/0226601.pt,0.0
/lustre/fsn1/projects/rech/vcu/commun/Co-Phyloformer/generate_treeducken/generated_trees/preencoded_pt/0228501.pt,/lustre/fsn1/projects/rech/vcu/commun/Co-Phyloformer/generate_treeducken/generated_trees/extreme_cosp_data/cosp_0/0228501.pt,0.0
/lustre/fsn1/projects/rech/vcu/commun/Co-Phyloformer/generate_treeducken/generated_trees/preencoded_pt/0229094.pt,/lustre/fsn1/projects/rech/vcu/commun/Co-Phyloformer/generate_treeducken/generated_trees/extreme_cosp_data/cosp_0/0229094.pt,0.0
/lustre/fsn1/projects/rech/vcu/commun/Co-Phyloformer/generate_treeducken/generated_trees/preencoded_pt/0229166.pt,/lustre/fsn1/projects/rech/vcu/commun/Co-Phyloformer/generate_treeducken/generated_trees/extreme_cosp_data/cosp_0/0229166.pt,0.0
/lustre/fsn1/projects/rech/vcu/commun/Co-Phyloformer/generate_treeducken/generated_trees/preencoded_pt/0229873.pt,/lustre/fsn1/projects/rech/vcu/commun/Co-Phyloformer/generate_treeducken/generated_trees/extreme_cosp_data/cosp_0/0229873.pt,0.0
/lustre/fsn1/projects/rech/vcu/commun/Co-Phyloformer/generate_treeducken/generated_trees/preencoded_pt/0230684.pt,/lustre/fsn1/projects/rech/vcu/commun/Co-Phyloformer/generate_treeducken/generated_trees/extreme_cosp_data/cosp_0/0230684.pt,0.0
/lustre/fsn1/projects/rech/vcu/commun/Co-Phyloformer/generate_treeducken/generated_trees/preencoded_pt/0231294.pt,/lustre/fsn1/projects/rech/vcu/commun/Co-Phyloformer/generate_treeducken/generated_trees/extreme_cosp_data/cosp_0/0231294.pt,0.0
/lustre/fsn1/projects/rech/vcu/commun/Co-Phyloformer/generate_treeducken/generated_trees/preencoded_pt/0231514.pt,/lustre/fsn1/projects/rech/vcu/commun/Co-Phyloformer/generate_treeducken/generated_trees/extreme_cosp_data/cosp_0/0231514.pt,0.0
/lustre/fsn1/projects/rech/vcu/commun/Co-Phyloformer/generate_treeducken/generated_trees/preencoded_pt/0232190.pt,/lustre/fsn1/projects/rech/vcu/commun/Co-Phyloformer/generate_treeducken/generated_trees/extreme_cosp_data/cosp_0/0232190.pt,0.0
/lustre/fsn1/projects/rech/vcu/commun/Co-Phyloformer/generate_treeducken/generated_trees/preencoded_pt/0232361.pt,/lustre/fsn1/projects/rech/vcu/commun/Co-Phyloformer/generate_treeducken/generated_trees/extreme_cosp_data/cosp_0/0232361.pt,0.0
/lustre/fsn1/projects/rech/vcu/commun/Co-Phyloformer/generate_treeducken/generated_trees/preencoded_pt/0232613.pt,/lustre/fsn1/projects/rech/vcu/commun/Co-Phyloformer/generate_treeducken/generated_trees/extreme_cosp_data/cosp_0/0232613.pt,0.0
/lustre/fsn1/projects/rech/vcu/commun/Co-Phyloformer/generate_treeducken/generated_trees/preencoded_pt/0233335.pt,/lustre/fsn1/projects/rech/vcu/commun/Co-Phyloformer/generate_treeducken/generated_trees/extreme_cosp_data/cosp_0/0233335.pt,0.0
/lustre/fsn1/projects/rech/vcu/commun/Co-Phyloformer/generate_treeducken/generated_trees/preencoded_pt/0235383.pt,/lustre/fsn1/projects/rech/vcu/commun/Co-Phyloformer/generate_treeducken/generated_trees/extreme_cosp_data/cosp_0/0235383.pt,0.0
/lustre/fsn1/projects/rech/vcu/commun/Co-Phyloformer/generate_treeducken/generated_trees/preencoded_pt/0235533.pt,/lustre/fsn1/projects/rech/vcu/commun/Co-Phyloformer/generate_treeducken/generated_trees/extreme_cosp_data/cosp_0/0235533.pt,0.0
/lustre/fsn1/projects/rech/vcu/commun/Co-Phyloformer/generate_treeducken/generated_trees/preencoded_pt/0235814.pt,/lustre/fsn1/projects/rech/vcu/commun/Co-Phyloformer/generate_treeducken/generated_trees/extreme_cosp_data/cosp_0/0235814.pt,0.0
/lustre/fsn1/projects/rech/vcu/commun/Co-Phyloformer/generate_treeducken/generated_trees/preencoded_pt/0235867.pt,/lustre/fsn1/projects/rech/vcu/commun/Co-Phyloformer/generate_treeducken/generated_trees/extreme_cosp_data/cosp_0/0235867.pt,0.0
/lustre/fsn1/projects/rech/vcu/commun/Co-Phyloformer/generate_treeducken/generated_trees/preencoded_pt/0235945.pt,/lustre/fsn1/projects/rech/vcu/commun/Co-Phyloformer/generate_treeducken/generated_trees/extreme_cosp_data/cosp_0/0235945.pt,0.0
/lustre/fsn1/projects/rech/vcu/commun/Co-Phyloformer/generate_treeducken/generated_trees/preencoded_pt/0236265.pt,/lustre/fsn1/projects/rech/vcu/commun/Co-Phyloformer/generate_treeducken/generated_trees/extreme_cosp_data/cosp_0/0236265.pt,0.0
/lustre/fsn1/projects/rech/vcu/commun/Co-Phyloformer/generate_treeducken/generated_trees/preencoded_pt/0236590.pt,/lustre/fsn1/projects/rech/vcu/commun/Co-Phyloformer/generate_treeducken/generated_trees/extreme_cosp_data/cosp_0/0236590.pt,0.0
/lustre/fsn1/projects/rech/vcu/commun/Co-Phyloformer/generate_treeducken/generated_trees/preencoded_pt/0237972.pt,/lustre/fsn1/projects/rech/vcu/commun/Co-Phyloformer/generate_treeducken/generated_trees/extreme_cosp_data/cosp_0/0237972.pt,0.0
/lustre/fsn1/projects/rech/vcu/commun/Co-Phyloformer/generate_treeducken/generated_trees/preencoded_pt/0238723.pt,/lustre/fsn1/projects/rech/vcu/commun/Co-Phyloformer/generate_treeducken/generated_trees/extreme_cosp_data/cosp_0/0238723.pt,0.0
/lustre/fsn1/projects/rech/vcu/commun/Co-Phyloformer/generate_treeducken/generated_trees/preencoded_pt/0240292.pt,/lustre/fsn1/projects/rech/vcu/commun/Co-Phyloformer/generate_treeducken/generated_trees/extreme_cosp_data/cosp_0/0240292.pt,0.0
/lustre/fsn1/projects/rech/vcu/commun/Co-Phyloformer/generate_treeducken/generated_trees/preencoded_pt/0241548.pt,/lustre/fsn1/projects/rech/vcu/commun/Co-Phyloformer/generate_treeducken/generated_trees/extreme_cosp_data/cosp_0/0241548.pt,0.0
/lustre/fsn1/projects/rech/vcu/commun/Co-Phyloformer/generate_treeducken/generated_trees/preencoded_pt/0242023.pt,/lustre/fsn1/projects/rech/vcu/commun/Co-Phyloformer/generate_treeducken/generated_trees/extreme_cosp_data/cosp_0/0242023.pt,0.0
/lustre/fsn1/projects/rech/vcu/commun/Co-Phyloformer/generate_treeducken/generated_trees/preencoded_pt/0243289.pt,/lustre/fsn1/projects/rech/vcu/commun/Co-Phyloformer/generate_treeducken/generated_trees/extreme_cosp_data/cosp_0/0243289.pt,0.0
/lustre/fsn1/projects/rech/vcu/commun/Co-Phyloformer/generate_treeducken/generated_trees/preencoded_pt/0243384.pt,/lustre/fsn1/projects/rech/vcu/commun/Co-Phyloformer/generate_treeducken/generated_trees/extreme_cosp_data/cosp_0/0243384.pt,0.0
/lustre/fsn1/projects/rech/vcu/commun/Co-Phyloformer/generate_treeducken/generated_trees/preencoded_pt/0243482.pt,/lustre/fsn1/projects/rech/vcu/commun/Co-Phyloformer/generate_treeducken/generated_trees/extreme_cosp_data/cosp_0/0243482.pt,0.0
/lustre/fsn1/projects/rech/vcu/commun/Co-Phyloformer/generate_treeducken/generated_trees/preencoded_pt/0243704.pt,/lustre/fsn1/projects/rech/vcu/commun/Co-Phyloformer/generate_treeducken/generated_trees/extreme_cosp_data/cosp_0/0243704.pt,0.0
/lustre/fsn1/projects/rech/vcu/commun/Co-Phyloformer/generate_treeducken/generated_trees/preencoded_pt/0244265.pt,/lustre/fsn1/projects/rech/vcu/commun/Co-Phyloformer/generate_treeducken/generated_trees/extreme_cosp_data/cosp_0/0244265.pt,0.0
/lustre/fsn1/projects/rech/vcu/commun/Co-Phyloformer/generate_treeducken/generated_trees/preencoded_pt/0244726.pt,/lustre/fsn1/projects/rech/vcu/commun/Co-Phyloformer/generate_treeducken/generated_trees/extreme_cosp_data/cosp_0/0244726.pt,0.0
/lustre/fsn1/projects/rech/vcu/commun/Co-Phyloformer/generate_treeducken/generated_trees/preencoded_pt/0245453.pt,/lustre/fsn1/projects/rech/vcu/commun/Co-Phyloformer/generate_treeducken/generated_trees/extreme_cosp_data/cosp_0/0245453.pt,0.0
/lustre/fsn1/projects/rech/vcu/commun/Co-Phyloformer/generate_treeducken/generated_trees/preencoded_pt/0246250.pt,/lustre/fsn1/projects/rech/vcu/commun/Co-Phyloformer/generate_treeducken/generated_trees/extreme_cosp_data/cosp_0/0246250.pt,0.0
/lustre/fsn1/projects/rech/vcu/commun/Co-Phyloformer/generate_treeducken/generated_trees/preencoded_pt/0246829.pt,/lustre/fsn1/projects/rech/vcu/commun/Co-Phyloformer/generate_treeducken/generated_trees/extreme_cosp_data/cosp_0/0246829.pt,0.0
/lustre/fsn1/projects/rech/vcu/commun/Co-Phyloformer/generate_treeducken/generated_trees/preencoded_pt/0248584.pt,/lustre/fsn1/projects/rech/vcu/commun/Co-Phyloformer/generate_treeducken/generated_trees/extreme_cosp_data/cosp_0/0248584.pt,0.0
/lustre/fsn1/projects/rech/vcu/commun/Co-Phyloformer/generate_treeducken/generated_trees/preencoded_pt/0248805.pt,/lustre/fsn1/projects/rech/vcu/commun/Co-Phyloformer/generate_treeducken/generated_trees/extreme_cosp_data/cosp_0/0248805.pt,0.0
/lustre/fsn1/projects/rech/vcu/commun/Co-Phyloformer/generate_treeducken/generated_trees/preencoded_pt/0249056.pt,/lustre/fsn1/projects/rech/vcu/commun/Co-Phyloformer/generate_treeducken/generated_trees/extreme_cosp_data/cosp_0/0249056.pt,0.0
/lustre/fsn1/projects/rech/vcu/commun/Co-Phyloformer/generate_treeducken/generated_trees/preencoded_pt/0249173.pt,/lustre/fsn1/projects/rech/vcu/commun/Co-Phyloformer/generate_treeducken/generated_trees/extreme_cosp_data/cosp_0/0249173.pt,0.0
/lustre/fsn1/projects/rech/vcu/commun/Co-Phyloformer/generate_treeducken/generated_trees/preencoded_pt/0250785.pt,/lustre/fsn1/projects/rech/vcu/commun/Co-Phyloformer/generate_treeducken/generated_trees/extreme_cosp_data/cosp_0/0250785.pt,0.0
/lustre/fsn1/projects/rech/vcu/commun/Co-Phyloformer/generate_treeducken/generated_trees/preencoded_pt/0251313.pt,/lustre/fsn1/projects/rech/vcu/commun/Co-Phyloformer/generate_treeducken/generated_trees/extreme_cosp_data/cosp_0/0251313.pt,0.0
/lustre/fsn1/projects/rech/vcu/commun/Co-Phyloformer/generate_treeducken/generated_trees/preencoded_pt/0251716.pt,/lustre/fsn1/projects/rech/vcu/commun/Co-Phyloformer/generate_treeducken/generated_trees/extreme_cosp_data/cosp_0/0251716.pt,0.0
/lustre/fsn1/projects/rech/vcu/commun/Co-Phyloformer/generate_treeducken/generated_trees/preencoded_pt/0251847.pt,/lustre/fsn1/projects/rech/vcu/commun/Co-Phyloformer/generate_treeducken/generated_trees/extreme_cosp_data/cosp_0/0251847.pt,0.0
/lustre/fsn1/projects/rech/vcu/commun/Co-Phyloformer/generate_treeducken/generated_trees/preencoded_pt/0252034.pt,/lustre/fsn1/projects/rech/vcu/commun/Co-Phyloformer/generate_treeducken/generated_trees/extreme_cosp_data/cosp_0/0252034.pt,0.0
/lustre/fsn1/projects/rech/vcu/commun/Co-Phyloformer/generate_treeducken/generated_trees/preencoded_pt/0252205.pt,/lustre/fsn1/projects/rech/vcu/commun/Co-Phyloformer/generate_treeducken/generated_trees/extreme_cosp_data/cosp_0/0252205.pt,0.0
/lustre/fsn1/projects/rech/vcu/commun/Co-Phyloformer/generate_treeducken/generated_trees/preencoded_pt/0252214.pt,/lustre/fsn1/projects/rech/vcu/commun/Co-Phyloformer/generate_treeducken/generated_trees/extreme_cosp_data/cosp_0/0252214.pt,0.0
/lustre/fsn1/projects/rech/vcu/commun/Co-Phyloformer/generate_treeducken/generated_trees/preencoded_pt/0252378.pt,/lustre/fsn1/projects/rech/vcu/commun/Co-Phyloformer/generate_treeducken/generated_trees/extreme_cosp_data/cosp_0/0252378.pt,0.0
/lustre/fsn1/projects/rech/vcu/commun/Co-Phyloformer/generate_treeducken/generated_trees/preencoded_pt/0252428.pt,/lustre/fsn1/projects/rech/vcu/commun/Co-Phyloformer/generate_treeducken/generated_trees/extreme_cosp_data/cosp_0/0252428.pt,0.0
/lustre/fsn1/projects/rech/vcu/commun/Co-Phyloformer/generate_treeducken/generated_trees/preencoded_pt/0253456.pt,/lustre/fsn1/projects/rech/vcu/commun/Co-Phyloformer/generate_treeducken/generated_trees/extreme_cosp_data/cosp_0/0253456.pt,0.0
/lustre/fsn1/projects/rech/vcu/commun/Co-Phyloformer/generate_treeducken/generated_trees/preencoded_pt/0253465.pt,/lustre/fsn1/projects/rech/vcu/commun/Co-Phyloformer/generate_treeducken/generated_trees/extreme_cosp_data/cosp_0/0253465.pt,0.0
/lustre/fsn1/projects/rech/vcu/commun/Co-Phyloformer/generate_treeducken/generated_trees/preencoded_pt/0253626.pt,/lustre/fsn1/projects/rech/vcu/commun/Co-Phyloformer/generate_treeducken/generated_trees/extreme_cosp_data/cosp_0/0253626.pt,0.0
/lustre/fsn1/projects/rech/vcu/commun/Co-Phyloformer/generate_treeducken/generated_trees/preencoded_pt/0254094.pt,/lustre/fsn1/projects/rech/vcu/commun/Co-Phyloformer/generate_treeducken/generated_trees/extreme_cosp_data/cosp_0/0254094.pt,0.0
/lustre/fsn1/projects/rech/vcu/commun/Co-Phyloformer/generate_treeducken/generated_trees/preencoded_pt/0254167.pt,/lustre/fsn1/projects/rech/vcu/commun/Co-Phyloformer/generate_treeducken/generated_trees/extreme_cosp_data/cosp_0/0254167.pt,0.0
/lustre/fsn1/projects/rech/vcu/commun/Co-Phyloformer/generate_treeducken/generated_trees/preencoded_pt/0254992.pt,/lustre/fsn1/projects/rech/vcu/commun/Co-Phyloformer/generate_treeducken/generated_trees/extreme_cosp_data/cosp_0/0254992.pt,0.0
/lustre/fsn1/projects/rech/vcu/commun/Co-Phyloformer/generate_treeducken/generated_trees/preencoded_pt/0255065.pt,/lustre/fsn1/projects/rech/vcu/commun/Co-Phyloformer/generate_treeducken/generated_trees/extreme_cosp_data/cosp_0/0255065.pt,0.0
/lustre/fsn1/projects/rech/vcu/commun/Co-Phyloformer/generate_treeducken/generated_trees/preencoded_pt/0256901.pt,/lustre/fsn1/projects/rech/vcu/commun/Co-Phyloformer/generate_treeducken/generated_trees/extreme_cosp_data/cosp_0/0256901.pt,0.0
/lustre/fsn1/projects/rech/vcu/commun/Co-Phyloformer/generate_treeducken/generated_trees/preencoded_pt/0257843.pt,/lustre/fsn1/projects/rech/vcu/commun/Co-Phyloformer/generate_treeducken/generated_trees/extreme_cosp_data/cosp_0/0257843.pt,0.0
/lustre/fsn1/projects/rech/vcu/commun/Co-Phyloformer/generate_treeducken/generated_trees/preencoded_pt/0259936.pt,/lustre/fsn1/projects/rech/vcu/commun/Co-Phyloformer/generate_treeducken/generated_trees/extreme_cosp_data/cosp_0/0259936.pt,0.0
/lustre/fsn1/projects/rech/vcu/commun/Co-Phyloformer/generate_treeducken/generated_trees/preencoded_pt/0261592.pt,/lustre/fsn1/projects/rech/vcu/commun/Co-Phyloformer/generate_treeducken/generated_trees/extreme_cosp_data/cosp_0/0261592.pt,0.0
/lustre/fsn1/projects/rech/vcu/commun/Co-Phyloformer/generate_treeducken/generated_trees/preencoded_pt/0262327.pt,/lustre/fsn1/projects/rech/vcu/commun/Co-Phyloformer/generate_treeducken/generated_trees/extreme_cosp_data/cosp_0/0262327.pt,0.0
/lustre/fsn1/projects/rech/vcu/commun/Co-Phyloformer/generate_treeducken/generated_trees/preencoded_pt/0263933.pt,/lustre/fsn1/projects/rech/vcu/commun/Co-Phyloformer/generate_treeducken/generated_trees/extreme_cosp_data/cosp_0/0263933.pt,0.0
/lustre/fsn1/projects/rech/vcu/commun/Co-Phyloformer/generate_treeducken/generated_trees/preencoded_pt/0264414.pt,/lustre/fsn1/projects/rech/vcu/commun/Co-Phyloformer/generate_treeducken/generated_trees/extreme_cosp_data/cosp_0/0264414.pt,0.0
/lustre/fsn1/projects/rech/vcu/commun/Co-Phyloformer/generate_treeducken/generated_trees/preencoded_pt/0266558.pt,/lustre/fsn1/projects/rech/vcu/commun/Co-Phyloformer/generate_treeducken/generated_trees/extreme_cosp_data/cosp_0/0266558.pt,0.0
/lustre/fsn1/projects/rech/vcu/commun/Co-Phyloformer/generate_treeducken/generated_trees/preencoded_pt/0267445.pt,/lustre/fsn1/projects/rech/vcu/commun/Co-Phyloformer/generate_treeducken/generated_trees/extreme_cosp_data/cosp_0/0267445.pt,0.0
/lustre/fsn1/projects/rech/vcu/commun/Co-Phyloformer/generate_treeducken/generated_trees/preencoded_pt/0267882.pt,/lustre/fsn1/projects/rech/vcu/commun/Co-Phyloformer/generate_treeducken/generated_trees/extreme_cosp_data/cosp_0/0267882.pt,0.0
/lustre/fsn1/projects/rech/vcu/commun/Co-Phyloformer/generate_treeducken/generated_trees/preencoded_pt/0268853.pt,/lustre/fsn1/projects/rech/vcu/commun/Co-Phyloformer/generate_treeducken/generated_trees/extreme_cosp_data/cosp_0/0268853.pt,0.0
/lustre/fsn1/projects/rech/vcu/commun/Co-Phyloformer/generate_treeducken/generated_trees/preencoded_pt/0268939.pt,/lustre/fsn1/projects/rech/vcu/commun/Co-Phyloformer/generate_treeducken/generated_trees/extreme_cosp_data/cosp_0/0268939.pt,0.0
/lustre/fsn1/projects/rech/vcu/commun/Co-Phyloformer/generate_treeducken/generated_trees/preencoded_pt/0268970.pt,/lustre/fsn1/projects/rech/vcu/commun/Co-Phyloformer/generate_treeducken/generated_trees/extreme_cosp_data/cosp_0/0268970.pt,0.0
/lustre/fsn1/projects/rech/vcu/commun/Co-Phyloformer/generate_treeducken/generated_trees/preencoded_pt/0269173.pt,/lustre/fsn1/projects/rech/vcu/commun/Co-Phyloformer/generate_treeducken/generated_trees/extreme_cosp_data/cosp_0/0269173.pt,0.0
/lustre/fsn1/projects/rech/vcu/commun/Co-Phyloformer/generate_treeducken/generated_trees/preencoded_pt/0269400.pt,/lustre/fsn1/projects/rech/vcu/commun/Co-Phyloformer/generate_treeducken/generated_trees/extreme_cosp_data/cosp_0/0269400.pt,0.0
/lustre/fsn1/projects/rech/vcu/commun/Co-Phyloformer/generate_treeducken/generated_trees/preencoded_pt/0269542.pt,/lustre/fsn1/projects/rech/vcu/commun/Co-Phyloformer/generate_treeducken/generated_trees/extreme_cosp_data/cosp_0/0269542.pt,0.0
/lustre/fsn1/projects/rech/vcu/commun/Co-Phyloformer/generate_treeducken/generated_trees/preencoded_pt/0269630.pt,/lustre/fsn1/projects/rech/vcu/commun/Co-Phyloformer/generate_treeducken/generated_trees/extreme_cosp_data/cosp_0/0269630.pt,0.0
/lustre/fsn1/projects/rech/vcu/commun/Co-Phyloformer/generate_treeducken/generated_trees/preencoded_pt/0271360.pt,/lustre/fsn1/projects/rech/vcu/commun/Co-Phyloformer/generate_treeducken/generated_trees/extreme_cosp_data/cosp_0/0271360.pt,0.0
/lustre/fsn1/projects/rech/vcu/commun/Co-Phyloformer/generate_treeducken/generated_trees/preencoded_pt/0271428.pt,/lustre/fsn1/projects/rech/vcu/commun/Co-Phyloformer/generate_treeducken/generated_trees/extreme_cosp_data/cosp_0/0271428.pt,0.0
/lustre/fsn1/projects/rech/vcu/commun/Co-Phyloformer/generate_treeducken/generated_trees/preencoded_pt/0271693.pt,/lustre/fsn1/projects/rech/vcu/commun/Co-Phyloformer/generate_treeducken/generated_trees/extreme_cosp_data/cosp_0/0271693.pt,0.0
/lustre/fsn1/projects/rech/vcu/commun/Co-Phyloformer/generate_treeducken/generated_trees/preencoded_pt/0271934.pt,/lustre/fsn1/projects/rech/vcu/commun/Co-Phyloformer/generate_treeducken/generated_trees/extreme_cosp_data/cosp_0/0271934.pt,0.0
/lustre/fsn1/projects/rech/vcu/commun/Co-Phyloformer/generate_treeducken/generated_trees/preencoded_pt/0273541.pt,/lustre/fsn1/projects/rech/vcu/commun/Co-Phyloformer/generate_treeducken/generated_trees/extreme_cosp_data/cosp_0/0273541.pt,0.0
/lustre/fsn1/projects/rech/vcu/commun/Co-Phyloformer/generate_treeducken/generated_trees/preencoded_pt/0273594.pt,/lustre/fsn1/projects/rech/vcu/commun/Co-Phyloformer/generate_treeducken/generated_trees/extreme_cosp_data/cosp_0/0273594.pt,0.0
/lustre/fsn1/projects/rech/vcu/commun/Co-Phyloformer/generate_treeducken/generated_trees/preencoded_pt/0274288.pt,/lustre/fsn1/projects/rech/vcu/commun/Co-Phyloformer/generate_treeducken/generated_trees/extreme_cosp_data/cosp_0/0274288.pt,0.0
/lustre/fsn1/projects/rech/vcu/commun/Co-Phyloformer/generate_treeducken/generated_trees/preencoded_pt/0274441.pt,/lustre/fsn1/projects/rech/vcu/commun/Co-Phyloformer/generate_treeducken/generated_trees/extreme_cosp_data/cosp_0/0274441.pt,0.0
/lustre/fsn1/projects/rech/vcu/commun/Co-Phyloformer/generate_treeducken/generated_trees/preencoded_pt/0274640.pt,/lustre/fsn1/projects/rech/vcu/commun/Co-Phyloformer/generate_treeducken/generated_trees/extreme_cosp_data/cosp_0/0274640.pt,0.0
/lustre/fsn1/projects/rech/vcu/commun/Co-Phyloformer/generate_treeducken/generated_trees/preencoded_pt/0274685.pt,/lustre/fsn1/projects/rech/vcu/commun/Co-Phyloformer/generate_treeducken/generated_trees/extreme_cosp_data/cosp_0/0274685.pt,0.0
/lustre/fsn1/projects/rech/vcu/commun/Co-Phyloformer/generate_treeducken/generated_trees/preencoded_pt/0275446.pt,/lustre/fsn1/projects/rech/vcu/commun/Co-Phyloformer/generate_treeducken/generated_trees/extreme_cosp_data/cosp_0/0275446.pt,0.0
/lustre/fsn1/projects/rech/vcu/commun/Co-Phyloformer/generate_treeducken/generated_trees/preencoded_pt/0276101.pt,/lustre/fsn1/projects/rech/vcu/commun/Co-Phyloformer/generate_treeducken/generated_trees/extreme_cosp_data/cosp_0/0276101.pt,0.0
/lustre/fsn1/projects/rech/vcu/commun/Co-Phyloformer/generate_treeducken/generated_trees/preencoded_pt/0276431.pt,/lustre/fsn1/projects/rech/vcu/commun/Co-Phyloformer/generate_treeducken/generated_trees/extreme_cosp_data/cosp_0/0276431.pt,0.0
/lustre/fsn1/projects/rech/vcu/commun/Co-Phyloformer/generate_treeducken/generated_trees/preencoded_pt/0277314.pt,/lustre/fsn1/projects/rech/vcu/commun/Co-Phyloformer/generate_treeducken/generated_trees/extreme_cosp_data/cosp_0/0277314.pt,0.0
/lustre/fsn1/projects/rech/vcu/commun/Co-Phyloformer/generate_treeducken/generated_trees/preencoded_pt/0278725.pt,/lustre/fsn1/projects/rech/vcu/commun/Co-Phyloformer/generate_treeducken/generated_trees/extreme_cosp_data/cosp_0/0278725.pt,0.0
/lustre/fsn1/projects/rech/vcu/commun/Co-Phyloformer/generate_treeducken/generated_trees/preencoded_pt/0280904.pt,/lustre/fsn1/projects/rech/vcu/commun/Co-Phyloformer/generate_treeducken/generated_trees/extreme_cosp_data/cosp_0/0280904.pt,0.0
/lustre/fsn1/projects/rech/vcu/commun/Co-Phyloformer/generate_treeducken/generated_trees/preencoded_pt/0281694.pt,/lustre/fsn1/projects/rech/vcu/commun/Co-Phyloformer/generate_treeducken/generated_trees/extreme_cosp_data/cosp_0/0281694.pt,0.0
/lustre/fsn1/projects/rech/vcu/commun/Co-Phyloformer/generate_treeducken/generated_trees/preencoded_pt/0283168.pt,/lustre/fsn1/projects/rech/vcu/commun/Co-Phyloformer/generate_treeducken/generated_trees/extreme_cosp_data/cosp_0/0283168.pt,0.0
/lustre/fsn1/projects/rech/vcu/commun/Co-Phyloformer/generate_treeducken/generated_trees/preencoded_pt/0284071.pt,/lustre/fsn1/projects/rech/vcu/commun/Co-Phyloformer/generate_treeducken/generated_trees/extreme_cosp_data/cosp_0/0284071.pt,0.0
/lustre/fsn1/projects/rech/vcu/commun/Co-Phyloformer/generate_treeducken/generated_trees/preencoded_pt/0284684.pt,/lustre/fsn1/projects/rech/vcu/commun/Co-Phyloformer/generate_treeducken/generated_trees/extreme_cosp_data/cosp_0/0284684.pt,0.0
/lustre/fsn1/projects/rech/vcu/commun/Co-Phyloformer/generate_treeducken/generated_trees/preencoded_pt/0285244.pt,/lustre/fsn1/projects/rech/vcu/commun/Co-Phyloformer/generate_treeducken/generated_trees/extreme_cosp_data/cosp_0/0285244.pt,0.0
/lustre/fsn1/projects/rech/vcu/commun/Co-Phyloformer/generate_treeducken/generated_trees/preencoded_pt/0285685.pt,/lustre/fsn1/projects/rech/vcu/commun/Co-Phyloformer/generate_treeducken/generated_trees/extreme_cosp_data/cosp_0/0285685.pt,0.0
/lustre/fsn1/projects/rech/vcu/commun/Co-Phyloformer/generate_treeducken/generated_trees/preencoded_pt/0285773.pt,/lustre/fsn1/projects/rech/vcu/commun/Co-Phyloformer/generate_treeducken/generated_trees/extreme_cosp_data/cosp_0/0285773.pt,0.0
/lustre/fsn1/projects/rech/vcu/commun/Co-Phyloformer/generate_treeducken/generated_trees/preencoded_pt/0286035.pt,/lustre/fsn1/projects/rech/vcu/commun/Co-Phyloformer/generate_treeducken/generated_trees/extreme_cosp_data/cosp_0/0286035.pt,0.0
/lustre/fsn1/projects/rech/vcu/commun/Co-Phyloformer/generate_treeducken/generated_trees/preencoded_pt/0286194.pt,/lustre/fsn1/projects/rech/vcu/commun/Co-Phyloformer/generate_treeducken/generated_trees/extreme_cosp_data/cosp_0/0286194.pt,0.0
/lustre/fsn1/projects/rech/vcu/commun/Co-Phyloformer/generate_treeducken/generated_trees/preencoded_pt/0288112.pt,/lustre/fsn1/projects/rech/vcu/commun/Co-Phyloformer/generate_treeducken/generated_trees/extreme_cosp_data/cosp_0/0288112.pt,0.0
/lustre/fsn1/projects/rech/vcu/commun/Co-Phyloformer/generate_treeducken/generated_trees/preencoded_pt/0289824.pt,/lustre/fsn1/projects/rech/vcu/commun/Co-Phyloformer/generate_treeducken/generated_trees/extreme_cosp_data/cosp_0/0289824.pt,0.0
/lustre/fsn1/projects/rech/vcu/commun/Co-Phyloformer/generate_treeducken/generated_trees/preencoded_pt/0290218.pt,/lustre/fsn1/projects/rech/vcu/commun/Co-Phyloformer/generate_treeducken/generated_trees/extreme_cosp_data/cosp_0/0290218.pt,0.0
/lustre/fsn1/projects/rech/vcu/commun/Co-Phyloformer/generate_treeducken/generated_trees/preencoded_pt/0291000.pt,/lustre/fsn1/projects/rech/vcu/commun/Co-Phyloformer/generate_treeducken/generated_trees/extreme_cosp_data/cosp_0/0291000.pt,0.0
/lustre/fsn1/projects/rech/vcu/commun/Co-Phyloformer/generate_treeducken/generated_trees/preencoded_pt/0293990.pt,/lustre/fsn1/projects/rech/vcu/commun/Co-Phyloformer/generate_treeducken/generated_trees/extreme_cosp_data/cosp_0/0293990.pt,0.0
/lustre/fsn1/projects/rech/vcu/commun/Co-Phyloformer/generate_treeducken/generated_trees/preencoded_pt/0294505.pt,/lustre/fsn1/projects/rech/vcu/commun/Co-Phyloformer/generate_treeducken/generated_trees/extreme_cosp_data/cosp_0/0294505.pt,0.0
/lustre/fsn1/projects/rech/vcu/commun/Co-Phyloformer/generate_treeducken/generated_trees/preencoded_pt/0294528.pt,/lustre/fsn1/projects/rech/vcu/commun/Co-Phyloformer/generate_treeducken/generated_trees/extreme_cosp_data/cosp_0/0294528.pt,0.0
/lustre/fsn1/projects/rech/vcu/commun/Co-Phyloformer/generate_treeducken/generated_trees/preencoded_pt/0296157.pt,/lustre/fsn1/projects/rech/vcu/commun/Co-Phyloformer/generate_treeducken/generated_trees/extreme_cosp_data/cosp_0/0296157.pt,0.0
/lustre/fsn1/projects/rech/vcu/commun/Co-Phyloformer/generate_treeducken/generated_trees/preencoded_pt/0297214.pt,/lustre/fsn1/projects/rech/vcu/commun/Co-Phyloformer/generate_treeducken/generated_trees/extreme_cosp_data/cosp_0/0297214.pt,0.0
/lustre/fsn1/projects/rech/vcu/commun/Co-Phyloformer/generate_treeducken/generated_trees/preencoded_pt/0298792.pt,/lustre/fsn1/projects/rech/vcu/commun/Co-Phyloformer/generate_treeducken/generated_trees/extreme_cosp_data/cosp_0/0298792.pt,0.0
/lustre/fsn1/projects/rech/vcu/commun/Co-Phyloformer/generate_treeducken/generated_trees/preencoded_pt/0298827.pt,/lustre/fsn1/projects/rech/vcu/commun/Co-Phyloformer/generate_treeducken/generated_trees/extreme_cosp_data/cosp_0/0298827.pt,0.0
/lustre/fsn1/projects/rech/vcu/commun/Co-Phyloformer/generate_treeducken/generated_trees/preencoded_pt/0299044.pt,/lustre/fsn1/projects/rech/vcu/commun/Co-Phyloformer/generate_treeducken/generated_trees/extreme_cosp_data/cosp_0/0299044.pt,0.0
/lustre/fsn1/projects/rech/vcu/commun/Co-Phyloformer/generate_treeducken/generated_trees/preencoded_pt/0300021.pt,/lustre/fsn1/projects/rech/vcu/commun/Co-Phyloformer/generate_treeducken/generated_trees/extreme_cosp_data/cosp_0/0300021.pt,0.0
/lustre/fsn1/projects/rech/vcu/commun/Co-Phyloformer/generate_treeducken/generated_trees/preencoded_pt/0301942.pt,/lustre/fsn1/projects/rech/vcu/commun/Co-Phyloformer/generate_treeducken/generated_trees/extreme_cosp_data/cosp_0/0301942.pt,0.0
/lustre/fsn1/projects/rech/vcu/commun/Co-Phyloformer/generate_treeducken/generated_trees/preencoded_pt/0302072.pt,/lustre/fsn1/projects/rech/vcu/commun/Co-Phyloformer/generate_treeducken/generated_trees/extreme_cosp_data/cosp_0/0302072.pt,0.0
/lustre/fsn1/projects/rech/vcu/commun/Co-Phyloformer/generate_treeducken/generated_trees/preencoded_pt/0302517.pt,/lustre/fsn1/projects/rech/vcu/commun/Co-Phyloformer/generate_treeducken/generated_trees/extreme_cosp_data/cosp_0/0302517.pt,0.0
/lustre/fsn1/projects/rech/vcu/commun/Co-Phyloformer/generate_treeducken/generated_trees/preencoded_pt/0302853.pt,/lustre/fsn1/projects/rech/vcu/commun/Co-Phyloformer/generate_treeducken/generated_trees/extreme_cosp_data/cosp_0/0302853.pt,0.0
/lustre/fsn1/projects/rech/vcu/commun/Co-Phyloformer/generate_treeducken/generated_trees/preencoded_pt/0303384.pt,/lustre/fsn1/projects/rech/vcu/commun/Co-Phyloformer/generate_treeducken/generated_trees/extreme_cosp_data/cosp_0/0303384.pt,0.0
/lustre/fsn1/projects/rech/vcu/commun/Co-Phyloformer/generate_treeducken/generated_trees/preencoded_pt/0303476.pt,/lustre/fsn1/projects/rech/vcu/commun/Co-Phyloformer/generate_treeducken/generated_trees/extreme_cosp_data/cosp_0/0303476.pt,0.0
/lustre/fsn1/projects/rech/vcu/commun/Co-Phyloformer/generate_treeducken/generated_trees/preencoded_pt/0304094.pt,/lustre/fsn1/projects/rech/vcu/commun/Co-Phyloformer/generate_treeducken/generated_trees/extreme_cosp_data/cosp_0/0304094.pt,0.0
/lustre/fsn1/projects/rech/vcu/commun/Co-Phyloformer/generate_treeducken/generated_trees/preencoded_pt/0304611.pt,/lustre/fsn1/projects/rech/vcu/commun/Co-Phyloformer/generate_treeducken/generated_trees/extreme_cosp_data/cosp_0/0304611.pt,0.0
/lustre/fsn1/projects/rech/vcu/commun/Co-Phyloformer/generate_treeducken/generated_trees/preencoded_pt/0305012.pt,/lustre/fsn1/projects/rech/vcu/commun/Co-Phyloformer/generate_treeducken/generated_trees/extreme_cosp_data/cosp_0/0305012.pt,0.0
/lustre/fsn1/projects/rech/vcu/commun/Co-Phyloformer/generate_treeducken/generated_trees/preencoded_pt/0308119.pt,/lustre/fsn1/projects/rech/vcu/commun/Co-Phyloformer/generate_treeducken/generated_trees/extreme_cosp_data/cosp_0/0308119.pt,0.0
/lustre/fsn1/projects/rech/vcu/commun/Co-Phyloformer/generate_treeducken/generated_trees/preencoded_pt/0308361.pt,/lustre/fsn1/projects/rech/vcu/commun/Co-Phyloformer/generate_treeducken/generated_trees/extreme_cosp_data/cosp_0/0308361.pt,0.0
/lustre/fsn1/projects/rech/vcu/commun/Co-Phyloformer/generate_treeducken/generated_trees/preencoded_pt/0308768.pt,/lustre/fsn1/projects/rech/vcu/commun/Co-Phyloformer/generate_treeducken/generated_trees/extreme_cosp_data/cosp_0/0308768.pt,0.0
/lustre/fsn1/projects/rech/vcu/commun/Co-Phyloformer/generate_treeducken/generated_trees/preencoded_pt/0308840.pt,/lustre/fsn1/projects/rech/vcu/commun/Co-Phyloformer/generate_treeducken/generated_trees/extreme_cosp_data/cosp_0/0308840.pt,0.0
/lustre/fsn1/projects/rech/vcu/commun/Co-Phyloformer/generate_treeducken/generated_trees/preencoded_pt/0310384.pt,/lustre/fsn1/projects/rech/vcu/commun/Co-Phyloformer/generate_treeducken/generated_trees/extreme_cosp_data/cosp_0/0310384.pt,0.0
/lustre/fsn1/projects/rech/vcu/commun/Co-Phyloformer/generate_treeducken/generated_trees/preencoded_pt/0310937.pt,/lustre/fsn1/projects/rech/vcu/commun/Co-Phyloformer/generate_treeducken/generated_trees/extreme_cosp_data/cosp_0/0310937.pt,0.0
/lustre/fsn1/projects/rech/vcu/commun/Co-Phyloformer/generate_treeducken/generated_trees/preencoded_pt/0311246.pt,/lustre/fsn1/projects/rech/vcu/commun/Co-Phyloformer/generate_treeducken/generated_trees/extreme_cosp_data/cosp_0/0311246.pt,0.0
/lustre/fsn1/projects/rech/vcu/commun/Co-Phyloformer/generate_treeducken/generated_trees/preencoded_pt/0311576.pt,/lustre/fsn1/projects/rech/vcu/commun/Co-Phyloformer/generate_treeducken/generated_trees/extreme_cosp_data/cosp_0/0311576.pt,0.0
/lustre/fsn1/projects/rech/vcu/commun/Co-Phyloformer/generate_treeducken/generated_trees/preencoded_pt/0311663.pt,/lustre/fsn1/projects/rech/vcu/commun/Co-Phyloformer/generate_treeducken/generated_trees/extreme_cosp_data/cosp_0/0311663.pt,0.0
/lustre/fsn1/projects/rech/vcu/commun/Co-Phyloformer/generate_treeducken/generated_trees/preencoded_pt/0311743.pt,/lustre/fsn1/projects/rech/vcu/commun/Co-Phyloformer/generate_treeducken/generated_trees/extreme_cosp_data/cosp_0/0311743.pt,0.0
/lustre/fsn1/projects/rech/vcu/commun/Co-Phyloformer/generate_treeducken/generated_trees/preencoded_pt/0311977.pt,/lustre/fsn1/projects/rech/vcu/commun/Co-Phyloformer/generate_treeducken/generated_trees/extreme_cosp_data/cosp_0/0311977.pt,0.0
/lustre/fsn1/projects/rech/vcu/commun/Co-Phyloformer/generate_treeducken/generated_trees/preencoded_pt/0312669.pt,/lustre/fsn1/projects/rech/vcu/commun/Co-Phyloformer/generate_treeducken/generated_trees/extreme_cosp_data/cosp_0/0312669.pt,0.0
/lustre/fsn1/projects/rech/vcu/commun/Co-Phyloformer/generate_treeducken/generated_trees/preencoded_pt/0312777.pt,/lustre/fsn1/projects/rech/vcu/commun/Co-Phyloformer/generate_treeducken/generated_trees/extreme_cosp_data/cosp_0/0312777.pt,0.0
/lustre/fsn1/projects/rech/vcu/commun/Co-Phyloformer/generate_treeducken/generated_trees/preencoded_pt/0313380.pt,/lustre/fsn1/projects/rech/vcu/commun/Co-Phyloformer/generate_treeducken/generated_trees/extreme_cosp_data/cosp_0/0313380.pt,0.0
/lustre/fsn1/projects/rech/vcu/commun/Co-Phyloformer/generate_treeducken/generated_trees/preencoded_pt/0313718.pt,/lustre/fsn1/projects/rech/vcu/commun/Co-Phyloformer/generate_treeducken/generated_trees/extreme_cosp_data/cosp_0/0313718.pt,0.0
/lustre/fsn1/projects/rech/vcu/commun/Co-Phyloformer/generate_treeducken/generated_trees/preencoded_pt/0314225.pt,/lustre/fsn1/projects/rech/vcu/commun/Co-Phyloformer/generate_treeducken/generated_trees/extreme_cosp_data/cosp_0/0314225.pt,0.0
/lustre/fsn1/projects/rech/vcu/commun/Co-Phyloformer/generate_treeducken/generated_trees/preencoded_pt/0315037.pt,/lustre/fsn1/projects/rech/vcu/commun/Co-Phyloformer/generate_treeducken/generated_trees/extreme_cosp_data/cosp_0/0315037.pt,0.0
/lustre/fsn1/projects/rech/vcu/commun/Co-Phyloformer/generate_treeducken/generated_trees/preencoded_pt/0315555.pt,/lustre/fsn1/projects/rech/vcu/commun/Co-Phyloformer/generate_treeducken/generated_trees/extreme_cosp_data/cosp_0/0315555.pt,0.0
/lustre/fsn1/projects/rech/vcu/commun/Co-Phyloformer/generate_treeducken/generated_trees/preencoded_pt/0316351.pt,/lustre/fsn1/projects/rech/vcu/commun/Co-Phyloformer/generate_treeducken/generated_trees/extreme_cosp_data/cosp_0/0316351.pt,0.0
/lustre/fsn1/projects/rech/vcu/commun/Co-Phyloformer/generate_treeducken/generated_trees/preencoded_pt/0316854.pt,/lustre/fsn1/projects/rech/vcu/commun/Co-Phyloformer/generate_treeducken/generated_trees/extreme_cosp_data/cosp_0/0316854.pt,0.0
/lustre/fsn1/projects/rech/vcu/commun/Co-Phyloformer/generate_treeducken/generated_trees/preencoded_pt/0317857.pt,/lustre/fsn1/projects/rech/vcu/commun/Co-Phyloformer/generate_treeducken/generated_trees/extreme_cosp_data/cosp_0/0317857.pt,0.0
/lustre/fsn1/projects/rech/vcu/commun/Co-Phyloformer/generate_treeducken/generated_trees/preencoded_pt/0317957.pt,/lustre/fsn1/projects/rech/vcu/commun/Co-Phyloformer/generate_treeducken/generated_trees/extreme_cosp_data/cosp_0/0317957.pt,0.0
/lustre/fsn1/projects/rech/vcu/commun/Co-Phyloformer/generate_treeducken/generated_trees/preencoded_pt/0319052.pt,/lustre/fsn1/projects/rech/vcu/commun/Co-Phyloformer/generate_treeducken/generated_trees/extreme_cosp_data/cosp_0/0319052.pt,0.0
/lustre/fsn1/projects/rech/vcu/commun/Co-Phyloformer/generate_treeducken/generated_trees/preencoded_pt/0319963.pt,/lustre/fsn1/projects/rech/vcu/commun/Co-Phyloformer/generate_treeducken/generated_trees/extreme_cosp_data/cosp_0/0319963.pt,0.0
/lustre/fsn1/projects/rech/vcu/commun/Co-Phyloformer/generate_treeducken/generated_trees/preencoded_pt/0320642.pt,/lustre/fsn1/projects/rech/vcu/commun/Co-Phyloformer/generate_treeducken/generated_trees/extreme_cosp_data/cosp_0/0320642.pt,0.0
/lustre/fsn1/projects/rech/vcu/commun/Co-Phyloformer/generate_treeducken/generated_trees/preencoded_pt/0320919.pt,/lustre/fsn1/projects/rech/vcu/commun/Co-Phyloformer/generate_treeducken/generated_trees/extreme_cosp_data/cosp_0/0320919.pt,0.0
/lustre/fsn1/projects/rech/vcu/commun/Co-Phyloformer/generate_treeducken/generated_trees/preencoded_pt/0321239.pt,/lustre/fsn1/projects/rech/vcu/commun/Co-Phyloformer/generate_treeducken/generated_trees/extreme_cosp_data/cosp_0/0321239.pt,0.0
/lustre/fsn1/projects/rech/vcu/commun/Co-Phyloformer/generate_treeducken/generated_trees/preencoded_pt/0321509.pt,/lustre/fsn1/projects/rech/vcu/commun/Co-Phyloformer/generate_treeducken/generated_trees/extreme_cosp_data/cosp_0/0321509.pt,0.0
/lustre/fsn1/projects/rech/vcu/commun/Co-Phyloformer/generate_treeducken/generated_trees/preencoded_pt/0322192.pt,/lustre/fsn1/projects/rech/vcu/commun/Co-Phyloformer/generate_treeducken/generated_trees/extreme_cosp_data/cosp_0/0322192.pt,0.0
/lustre/fsn1/projects/rech/vcu/commun/Co-Phyloformer/generate_treeducken/generated_trees/preencoded_pt/0322413.pt,/lustre/fsn1/projects/rech/vcu/commun/Co-Phyloformer/generate_treeducken/generated_trees/extreme_cosp_data/cosp_0/0322413.pt,0.0
/lustre/fsn1/projects/rech/vcu/commun/Co-Phyloformer/generate_treeducken/generated_trees/preencoded_pt/0322661.pt,/lustre/fsn1/projects/rech/vcu/commun/Co-Phyloformer/generate_treeducken/generated_trees/extreme_cosp_data/cosp_0/0322661.pt,0.0
/lustre/fsn1/projects/rech/vcu/commun/Co-Phyloformer/generate_treeducken/generated_trees/preencoded_pt/0324283.pt,/lustre/fsn1/projects/rech/vcu/commun/Co-Phyloformer/generate_treeducken/generated_trees/extreme_cosp_data/cosp_0/0324283.pt,0.0
/lustre/fsn1/projects/rech/vcu/commun/Co-Phyloformer/generate_treeducken/generated_trees/preencoded_pt/0326425.pt,/lustre/fsn1/projects/rech/vcu/commun/Co-Phyloformer/generate_treeducken/generated_trees/extreme_cosp_data/cosp_0/0326425.pt,0.0
/lustre/fsn1/projects/rech/vcu/commun/Co-Phyloformer/generate_treeducken/generated_trees/preencoded_pt/0326603.pt,/lustre/fsn1/projects/rech/vcu/commun/Co-Phyloformer/generate_treeducken/generated_trees/extreme_cosp_data/cosp_0/0326603.pt,0.0
/lustre/fsn1/projects/rech/vcu/commun/Co-Phyloformer/generate_treeducken/generated_trees/preencoded_pt/0326731.pt,/lustre/fsn1/projects/rech/vcu/commun/Co-Phyloformer/generate_treeducken/generated_trees/extreme_cosp_data/cosp_0/0326731.pt,0.0
/lustre/fsn1/projects/rech/vcu/commun/Co-Phyloformer/generate_treeducken/generated_trees/preencoded_pt/0328239.pt,/lustre/fsn1/projects/rech/vcu/commun/Co-Phyloformer/generate_treeducken/generated_trees/extreme_cosp_data/cosp_0/0328239.pt,0.0
/lustre/fsn1/projects/rech/vcu/commun/Co-Phyloformer/generate_treeducken/generated_trees/preencoded_pt/0329218.pt,/lustre/fsn1/projects/rech/vcu/commun/Co-Phyloformer/generate_treeducken/generated_trees/extreme_cosp_data/cosp_0/0329218.pt,0.0
/lustre/fsn1/projects/rech/vcu/commun/Co-Phyloformer/generate_treeducken/generated_trees/preencoded_pt/0330484.pt,/lustre/fsn1/projects/rech/vcu/commun/Co-Phyloformer/generate_treeducken/generated_trees/extreme_cosp_data/cosp_0/0330484.pt,0.0
/lustre/fsn1/projects/rech/vcu/commun/Co-Phyloformer/generate_treeducken/generated_trees/preencoded_pt/0330568.pt,/lustre/fsn1/projects/rech/vcu/commun/Co-Phyloformer/generate_treeducken/generated_trees/extreme_cosp_data/cosp_0/0330568.pt,0.0
/lustre/fsn1/projects/rech/vcu/commun/Co-Phyloformer/generate_treeducken/generated_trees/preencoded_pt/0330628.pt,/lustre/fsn1/projects/rech/vcu/commun/Co-Phyloformer/generate_treeducken/generated_trees/extreme_cosp_data/cosp_0/0330628.pt,0.0
/lustre/fsn1/projects/rech/vcu/commun/Co-Phyloformer/generate_treeducken/generated_trees/preencoded_pt/0330840.pt,/lustre/fsn1/projects/rech/vcu/commun/Co-Phyloformer/generate_treeducken/generated_trees/extreme_cosp_data/cosp_0/0330840.pt,0.0
/lustre/fsn1/projects/rech/vcu/commun/Co-Phyloformer/generate_treeducken/generated_trees/preencoded_pt/0331801.pt,/lustre/fsn1/projects/rech/vcu/commun/Co-Phyloformer/generate_treeducken/generated_trees/extreme_cosp_data/cosp_0/0331801.pt,0.0
/lustre/fsn1/projects/rech/vcu/commun/Co-Phyloformer/generate_treeducken/generated_trees/preencoded_pt/0331856.pt,/lustre/fsn1/projects/rech/vcu/commun/Co-Phyloformer/generate_treeducken/generated_trees/extreme_cosp_data/cosp_0/0331856.pt,0.0
/lustre/fsn1/projects/rech/vcu/commun/Co-Phyloformer/generate_treeducken/generated_trees/preencoded_pt/0332541.pt,/lustre/fsn1/projects/rech/vcu/commun/Co-Phyloformer/generate_treeducken/generated_trees/extreme_cosp_data/cosp_0/0332541.pt,0.0
/lustre/fsn1/projects/rech/vcu/commun/Co-Phyloformer/generate_treeducken/generated_trees/preencoded_pt/0332561.pt,/lustre/fsn1/projects/rech/vcu/commun/Co-Phyloformer/generate_treeducken/generated_trees/extreme_cosp_data/cosp_0/0332561.pt,0.0
/lustre/fsn1/projects/rech/vcu/commun/Co-Phyloformer/generate_treeducken/generated_trees/preencoded_pt/0334259.pt,/lustre/fsn1/projects/rech/vcu/commun/Co-Phyloformer/generate_treeducken/generated_trees/extreme_cosp_data/cosp_0/0334259.pt,0.0
/lustre/fsn1/projects/rech/vcu/commun/Co-Phyloformer/generate_treeducken/generated_trees/preencoded_pt/0335068.pt,/lustre/fsn1/projects/rech/vcu/commun/Co-Phyloformer/generate_treeducken/generated_trees/extreme_cosp_data/cosp_0/0335068.pt,0.0
/lustre/fsn1/projects/rech/vcu/commun/Co-Phyloformer/generate_treeducken/generated_trees/preencoded_pt/0335191.pt,/lustre/fsn1/projects/rech/vcu/commun/Co-Phyloformer/generate_treeducken/generated_trees/extreme_cosp_data/cosp_0/0335191.pt,0.0
/lustre/fsn1/projects/rech/vcu/commun/Co-Phyloformer/generate_treeducken/generated_trees/preencoded_pt/0336137.pt,/lustre/fsn1/projects/rech/vcu/commun/Co-Phyloformer/generate_treeducken/generated_trees/extreme_cosp_data/cosp_0/0336137.pt,0.0
/lustre/fsn1/projects/rech/vcu/commun/Co-Phyloformer/generate_treeducken/generated_trees/preencoded_pt/0337091.pt,/lustre/fsn1/projects/rech/vcu/commun/Co-Phyloformer/generate_treeducken/generated_trees/extreme_cosp_data/cosp_0/0337091.pt,0.0
/lustre/fsn1/projects/rech/vcu/commun/Co-Phyloformer/generate_treeducken/generated_trees/preencoded_pt/0337808.pt,/lustre/fsn1/projects/rech/vcu/commun/Co-Phyloformer/generate_treeducken/generated_trees/extreme_cosp_data/cosp_0/0337808.pt,0.0
/lustre/fsn1/projects/rech/vcu/commun/Co-Phyloformer/generate_treeducken/generated_trees/preencoded_pt/0338079.pt,/lustre/fsn1/projects/rech/vcu/commun/Co-Phyloformer/generate_treeducken/generated_trees/extreme_cosp_data/cosp_0/0338079.pt,0.0
/lustre/fsn1/projects/rech/vcu/commun/Co-Phyloformer/generate_treeducken/generated_trees/preencoded_pt/0339839.pt,/lustre/fsn1/projects/rech/vcu/commun/Co-Phyloformer/generate_treeducken/generated_trees/extreme_cosp_data/cosp_0/0339839.pt,0.0
/lustre/fsn1/projects/rech/vcu/commun/Co-Phyloformer/generate_treeducken/generated_trees/preencoded_pt/0339945.pt,/lustre/fsn1/projects/rech/vcu/commun/Co-Phyloformer/generate_treeducken/generated_trees/extreme_cosp_data/cosp_0/0339945.pt,0.0
/lustre/fsn1/projects/rech/vcu/commun/Co-Phyloformer/generate_treeducken/generated_trees/preencoded_pt/0340825.pt,/lustre/fsn1/projects/rech/vcu/commun/Co-Phyloformer/generate_treeducken/generated_trees/extreme_cosp_data/cosp_0/0340825.pt,0.0
/lustre/fsn1/projects/rech/vcu/commun/Co-Phyloformer/generate_treeducken/generated_trees/preencoded_pt/0341982.pt,/lustre/fsn1/projects/rech/vcu/commun/Co-Phyloformer/generate_treeducken/generated_trees/extreme_cosp_data/cosp_0/0341982.pt,0.0
/lustre/fsn1/projects/rech/vcu/commun/Co-Phyloformer/generate_treeducken/generated_trees/preencoded_pt/0343030.pt,/lustre/fsn1/projects/rech/vcu/commun/Co-Phyloformer/generate_treeducken/generated_trees/extreme_cosp_data/cosp_0/0343030.pt,0.0
/lustre/fsn1/projects/rech/vcu/commun/Co-Phyloformer/generate_treeducken/generated_trees/preencoded_pt/0345642.pt,/lustre/fsn1/projects/rech/vcu/commun/Co-Phyloformer/generate_treeducken/generated_trees/extreme_cosp_data/cosp_0/0345642.pt,0.0
/lustre/fsn1/projects/rech/vcu/commun/Co-Phyloformer/generate_treeducken/generated_trees/preencoded_pt/0345810.pt,/lustre/fsn1/projects/rech/vcu/commun/Co-Phyloformer/generate_treeducken/generated_trees/extreme_cosp_data/cosp_0/0345810.pt,0.0
/lustre/fsn1/projects/rech/vcu/commun/Co-Phyloformer/generate_treeducken/generated_trees/preencoded_pt/0346876.pt,/lustre/fsn1/projects/rech/vcu/commun/Co-Phyloformer/generate_treeducken/generated_trees/extreme_cosp_data/cosp_0/0346876.pt,0.0
/lustre/fsn1/projects/rech/vcu/commun/Co-Phyloformer/generate_treeducken/generated_trees/preencoded_pt/0347906.pt,/lustre/fsn1/projects/rech/vcu/commun/Co-Phyloformer/generate_treeducken/generated_trees/extreme_cosp_data/cosp_0/0347906.pt,0.0
/lustre/fsn1/projects/rech/vcu/commun/Co-Phyloformer/generate_treeducken/generated_trees/preencoded_pt/0348210.pt,/lustre/fsn1/projects/rech/vcu/commun/Co-Phyloformer/generate_treeducken/generated_trees/extreme_cosp_data/cosp_0/0348210.pt,0.0
/lustre/fsn1/projects/rech/vcu/commun/Co-Phyloformer/generate_treeducken/generated_trees/preencoded_pt/0348650.pt,/lustre/fsn1/projects/rech/vcu/commun/Co-Phyloformer/generate_treeducken/generated_trees/extreme_cosp_data/cosp_0/0348650.pt,0.0
/lustre/fsn1/projects/rech/vcu/commun/Co-Phyloformer/generate_treeducken/generated_trees/preencoded_pt/0350889.pt,/lustre/fsn1/projects/rech/vcu/commun/Co-Phyloformer/generate_treeducken/generated_trees/extreme_cosp_data/cosp_0/0350889.pt,0.0
/lustre/fsn1/projects/rech/vcu/commun/Co-Phyloformer/generate_treeducken/generated_trees/preencoded_pt/0351946.pt,/lustre/fsn1/projects/rech/vcu/commun/Co-Phyloformer/generate_treeducken/generated_trees/extreme_cosp_data/cosp_0/0351946.pt,0.0
/lustre/fsn1/projects/rech/vcu/commun/Co-Phyloformer/generate_treeducken/generated_trees/preencoded_pt/0352031.pt,/lustre/fsn1/projects/rech/vcu/commun/Co-Phyloformer/generate_treeducken/generated_trees/extreme_cosp_data/cosp_0/0352031.pt,0.0
/lustre/fsn1/projects/rech/vcu/commun/Co-Phyloformer/generate_treeducken/generated_trees/preencoded_pt/0352186.pt,/lustre/fsn1/projects/rech/vcu/commun/Co-Phyloformer/generate_treeducken/generated_trees/extreme_cosp_data/cosp_0/0352186.pt,0.0
/lustre/fsn1/projects/rech/vcu/commun/Co-Phyloformer/generate_treeducken/generated_trees/preencoded_pt/0353192.pt,/lustre/fsn1/projects/rech/vcu/commun/Co-Phyloformer/generate_treeducken/generated_trees/extreme_cosp_data/cosp_0/0353192.pt,0.0
/lustre/fsn1/projects/rech/vcu/commun/Co-Phyloformer/generate_treeducken/generated_trees/preencoded_pt/0354034.pt,/lustre/fsn1/projects/rech/vcu/commun/Co-Phyloformer/generate_treeducken/generated_trees/extreme_cosp_data/cosp_0/0354034.pt,0.0
/lustre/fsn1/projects/rech/vcu/commun/Co-Phyloformer/generate_treeducken/generated_trees/preencoded_pt/0354893.pt,/lustre/fsn1/projects/rech/vcu/commun/Co-Phyloformer/generate_treeducken/generated_trees/extreme_cosp_data/cosp_0/0354893.pt,0.0
/lustre/fsn1/projects/rech/vcu/commun/Co-Phyloformer/generate_treeducken/generated_trees/preencoded_pt/0355187.pt,/lustre/fsn1/projects/rech/vcu/commun/Co-Phyloformer/generate_treeducken/generated_trees/extreme_cosp_data/cosp_0/0355187.pt,0.0
/lustre/fsn1/projects/rech/vcu/commun/Co-Phyloformer/generate_treeducken/generated_trees/preencoded_pt/0356427.pt,/lustre/fsn1/projects/rech/vcu/commun/Co-Phyloformer/generate_treeducken/generated_trees/extreme_cosp_data/cosp_0/0356427.pt,0.0
/lustre/fsn1/projects/rech/vcu/commun/Co-Phyloformer/generate_treeducken/generated_trees/preencoded_pt/0357798.pt,/lustre/fsn1/projects/rech/vcu/commun/Co-Phyloformer/generate_treeducken/generated_trees/extreme_cosp_data/cosp_0/0357798.pt,0.0
/lustre/fsn1/projects/rech/vcu/commun/Co-Phyloformer/generate_treeducken/generated_trees/preencoded_pt/0357976.pt,/lustre/fsn1/projects/rech/vcu/commun/Co-Phyloformer/generate_treeducken/generated_trees/extreme_cosp_data/cosp_0/0357976.pt,0.0
/lustre/fsn1/projects/rech/vcu/commun/Co-Phyloformer/generate_treeducken/generated_trees/preencoded_pt/0358532.pt,/lustre/fsn1/projects/rech/vcu/commun/Co-Phyloformer/generate_treeducken/generated_trees/extreme_cosp_data/cosp_0/0358532.pt,0.0
/lustre/fsn1/projects/rech/vcu/commun/Co-Phyloformer/generate_treeducken/generated_trees/preencoded_pt/0358762.pt,/lustre/fsn1/projects/rech/vcu/commun/Co-Phyloformer/generate_treeducken/generated_trees/extreme_cosp_data/cosp_0/0358762.pt,0.0
/lustre/fsn1/projects/rech/vcu/commun/Co-Phyloformer/generate_treeducken/generated_trees/preencoded_pt/0359554.pt,/lustre/fsn1/projects/rech/vcu/commun/Co-Phyloformer/generate_treeducken/generated_trees/extreme_cosp_data/cosp_0/0359554.pt,0.0
/lustre/fsn1/projects/rech/vcu/commun/Co-Phyloformer/generate_treeducken/generated_trees/preencoded_pt/0359639.pt,/lustre/fsn1/projects/rech/vcu/commun/Co-Phyloformer/generate_treeducken/generated_trees/extreme_cosp_data/cosp_0/0359639.pt,0.0
/lustre/fsn1/projects/rech/vcu/commun/Co-Phyloformer/generate_treeducken/generated_trees/preencoded_pt/0359779.pt,/lustre/fsn1/projects/rech/vcu/commun/Co-Phyloformer/generate_treeducken/generated_trees/extreme_cosp_data/cosp_0/0359779.pt,0.0
/lustre/fsn1/projects/rech/vcu/commun/Co-Phyloformer/generate_treeducken/generated_trees/preencoded_pt/0360158.pt,/lustre/fsn1/projects/rech/vcu/commun/Co-Phyloformer/generate_treeducken/generated_trees/extreme_cosp_data/cosp_0/0360158.pt,0.0
/lustre/fsn1/projects/rech/vcu/commun/Co-Phyloformer/generate_treeducken/generated_trees/preencoded_pt/0361559.pt,/lustre/fsn1/projects/rech/vcu/commun/Co-Phyloformer/generate_treeducken/generated_trees/extreme_cosp_data/cosp_0/0361559.pt,0.0
/lustre/fsn1/projects/rech/vcu/commun/Co-Phyloformer/generate_treeducken/generated_trees/preencoded_pt/0361849.pt,/lustre/fsn1/projects/rech/vcu/commun/Co-Phyloformer/generate_treeducken/generated_trees/extreme_cosp_data/cosp_0/0361849.pt,0.0
/lustre/fsn1/projects/rech/vcu/commun/Co-Phyloformer/generate_treeducken/generated_trees/preencoded_pt/0362532.pt,/lustre/fsn1/projects/rech/vcu/commun/Co-Phyloformer/generate_treeducken/generated_trees/extreme_cosp_data/cosp_0/0362532.pt,0.0
/lustre/fsn1/projects/rech/vcu/commun/Co-Phyloformer/generate_treeducken/generated_trees/preencoded_pt/0363555.pt,/lustre/fsn1/projects/rech/vcu/commun/Co-Phyloformer/generate_treeducken/generated_trees/extreme_cosp_data/cosp_0/0363555.pt,0.0
/lustre/fsn1/projects/rech/vcu/commun/Co-Phyloformer/generate_treeducken/generated_trees/preencoded_pt/0364006.pt,/lustre/fsn1/projects/rech/vcu/commun/Co-Phyloformer/generate_treeducken/generated_trees/extreme_cosp_data/cosp_0/0364006.pt,0.0
/lustre/fsn1/projects/rech/vcu/commun/Co-Phyloformer/generate_treeducken/generated_trees/preencoded_pt/0365315.pt,/lustre/fsn1/projects/rech/vcu/commun/Co-Phyloformer/generate_treeducken/generated_trees/extreme_cosp_data/cosp_0/0365315.pt,0.0
/lustre/fsn1/projects/rech/vcu/commun/Co-Phyloformer/generate_treeducken/generated_trees/preencoded_pt/0366678.pt,/lustre/fsn1/projects/rech/vcu/commun/Co-Phyloformer/generate_treeducken/generated_trees/extreme_cosp_data/cosp_0/0366678.pt,0.0
/lustre/fsn1/projects/rech/vcu/commun/Co-Phyloformer/generate_treeducken/generated_trees/preencoded_pt/0367092.pt,/lustre/fsn1/projects/rech/vcu/commun/Co-Phyloformer/generate_treeducken/generated_trees/extreme_cosp_data/cosp_0/0367092.pt,0.0
/lustre/fsn1/projects/rech/vcu/commun/Co-Phyloformer/generate_treeducken/generated_trees/preencoded_pt/0367287.pt,/lustre/fsn1/projects/rech/vcu/commun/Co-Phyloformer/generate_treeducken/generated_trees/extreme_cosp_data/cosp_0/0367287.pt,0.0
/lustre/fsn1/projects/rech/vcu/commun/Co-Phyloformer/generate_treeducken/generated_trees/preencoded_pt/0367323.pt,/lustre/fsn1/projects/rech/vcu/commun/Co-Phyloformer/generate_treeducken/generated_trees/extreme_cosp_data/cosp_0/0367323.pt,0.0
/lustre/fsn1/projects/rech/vcu/commun/Co-Phyloformer/generate_treeducken/generated_trees/preencoded_pt/0368283.pt,/lustre/fsn1/projects/rech/vcu/commun/Co-Phyloformer/generate_treeducken/generated_trees/extreme_cosp_data/cosp_0/0368283.pt,0.0
/lustre/fsn1/projects/rech/vcu/commun/Co-Phyloformer/generate_treeducken/generated_trees/preencoded_pt/0369203.pt,/lustre/fsn1/projects/rech/vcu/commun/Co-Phyloformer/generate_treeducken/generated_trees/extreme_cosp_data/cosp_0/0369203.pt,0.0
/lustre/fsn1/projects/rech/vcu/commun/Co-Phyloformer/generate_treeducken/generated_trees/preencoded_pt/0370619.pt,/lustre/fsn1/projects/rech/vcu/commun/Co-Phyloformer/generate_treeducken/generated_trees/extreme_cosp_data/cosp_0/0370619.pt,0.0
/lustre/fsn1/projects/rech/vcu/commun/Co-Phyloformer/generate_treeducken/generated_trees/preencoded_pt/0371667.pt,/lustre/fsn1/projects/rech/vcu/commun/Co-Phyloformer/generate_treeducken/generated_trees/extreme_cosp_data/cosp_0/0371667.pt,0.0
/lustre/fsn1/projects/rech/vcu/commun/Co-Phyloformer/generate_treeducken/generated_trees/preencoded_pt/0373049.pt,/lustre/fsn1/projects/rech/vcu/commun/Co-Phyloformer/generate_treeducken/generated_trees/extreme_cosp_data/cosp_0/0373049.pt,0.0
/lustre/fsn1/projects/rech/vcu/commun/Co-Phyloformer/generate_treeducken/generated_trees/preencoded_pt/0373843.pt,/lustre/fsn1/projects/rech/vcu/commun/Co-Phyloformer/generate_treeducken/generated_trees/extreme_cosp_data/cosp_0/0373843.pt,0.0
/lustre/fsn1/projects/rech/vcu/commun/Co-Phyloformer/generate_treeducken/generated_trees/preencoded_pt/0374229.pt,/lustre/fsn1/projects/rech/vcu/commun/Co-Phyloformer/generate_treeducken/generated_trees/extreme_cosp_data/cosp_0/0374229.pt,0.0
/lustre/fsn1/projects/rech/vcu/commun/Co-Phyloformer/generate_treeducken/generated_trees/preencoded_pt/0375245.pt,/lustre/fsn1/projects/rech/vcu/commun/Co-Phyloformer/generate_treeducken/generated_trees/extreme_cosp_data/cosp_0/0375245.pt,0.0
/lustre/fsn1/projects/rech/vcu/commun/Co-Phyloformer/generate_treeducken/generated_trees/preencoded_pt/0375972.pt,/lustre/fsn1/projects/rech/vcu/commun/Co-Phyloformer/generate_treeducken/generated_trees/extreme_cosp_data/cosp_0/0375972.pt,0.0
/lustre/fsn1/projects/rech/vcu/commun/Co-Phyloformer/generate_treeducken/generated_trees/preencoded_pt/0377606.pt,/lustre/fsn1/projects/rech/vcu/commun/Co-Phyloformer/generate_treeducken/generated_trees/extreme_cosp_data/cosp_0/0377606.pt,0.0
/lustre/fsn1/projects/rech/vcu/commun/Co-Phyloformer/generate_treeducken/generated_trees/preencoded_pt/0378793.pt,/lustre/fsn1/projects/rech/vcu/commun/Co-Phyloformer/generate_treeducken/generated_trees/extreme_cosp_data/cosp_0/0378793.pt,0.0
/lustre/fsn1/projects/rech/vcu/commun/Co-Phyloformer/generate_treeducken/generated_trees/preencoded_pt/0379025.pt,/lustre/fsn1/projects/rech/vcu/commun/Co-Phyloformer/generate_treeducken/generated_trees/extreme_cosp_data/cosp_0/0379025.pt,0.0
/lustre/fsn1/projects/rech/vcu/commun/Co-Phyloformer/generate_treeducken/generated_trees/preencoded_pt/0379071.pt,/lustre/fsn1/projects/rech/vcu/commun/Co-Phyloformer/generate_treeducken/generated_trees/extreme_cosp_data/cosp_0/0379071.pt,0.0
/lustre/fsn1/projects/rech/vcu/commun/Co-Phyloformer/generate_treeducken/generated_trees/preencoded_pt/0380627.pt,/lustre/fsn1/projects/rech/vcu/commun/Co-Phyloformer/generate_treeducken/generated_trees/extreme_cosp_data/cosp_0/0380627.pt,0.0
/lustre/fsn1/projects/rech/vcu/commun/Co-Phyloformer/generate_treeducken/generated_trees/preencoded_pt/0381107.pt,/lustre/fsn1/projects/rech/vcu/commun/Co-Phyloformer/generate_treeducken/generated_trees/extreme_cosp_data/cosp_0/0381107.pt,0.0
/lustre/fsn1/projects/rech/vcu/commun/Co-Phyloformer/generate_treeducken/generated_trees/preencoded_pt/0381734.pt,/lustre/fsn1/projects/rech/vcu/commun/Co-Phyloformer/generate_treeducken/generated_trees/extreme_cosp_data/cosp_0/0381734.pt,0.0
/lustre/fsn1/projects/rech/vcu/commun/Co-Phyloformer/generate_treeducken/generated_trees/preencoded_pt/0382325.pt,/lustre/fsn1/projects/rech/vcu/commun/Co-Phyloformer/generate_treeducken/generated_trees/extreme_cosp_data/cosp_0/0382325.pt,0.0
/lustre/fsn1/projects/rech/vcu/commun/Co-Phyloformer/generate_treeducken/generated_trees/preencoded_pt/0382496.pt,/lustre/fsn1/projects/rech/vcu/commun/Co-Phyloformer/generate_treeducken/generated_trees/extreme_cosp_data/cosp_0/0382496.pt,0.0
/lustre/fsn1/projects/rech/vcu/commun/Co-Phyloformer/generate_treeducken/generated_trees/preencoded_pt/0383292.pt,/lustre/fsn1/projects/rech/vcu/commun/Co-Phyloformer/generate_treeducken/generated_trees/extreme_cosp_data/cosp_0/0383292.pt,0.0
/lustre/fsn1/projects/rech/vcu/commun/Co-Phyloformer/generate_treeducken/generated_trees/preencoded_pt/0383423.pt,/lustre/fsn1/projects/rech/vcu/commun/Co-Phyloformer/generate_treeducken/generated_trees/extreme_cosp_data/cosp_0/0383423.pt,0.0
/lustre/fsn1/projects/rech/vcu/commun/Co-Phyloformer/generate_treeducken/generated_trees/preencoded_pt/0385284.pt,/lustre/fsn1/projects/rech/vcu/commun/Co-Phyloformer/generate_treeducken/generated_trees/extreme_cosp_data/cosp_0/0385284.pt,0.0
/lustre/fsn1/projects/rech/vcu/commun/Co-Phyloformer/generate_treeducken/generated_trees/preencoded_pt/0387738.pt,/lustre/fsn1/projects/rech/vcu/commun/Co-Phyloformer/generate_treeducken/generated_trees/extreme_cosp_data/cosp_0/0387738.pt,0.0
/lustre/fsn1/projects/rech/vcu/commun/Co-Phyloformer/generate_treeducken/generated_trees/preencoded_pt/0388252.pt,/lustre/fsn1/projects/rech/vcu/commun/Co-Phyloformer/generate_treeducken/generated_trees/extreme_cosp_data/cosp_0/0388252.pt,0.0
/lustre/fsn1/projects/rech/vcu/commun/Co-Phyloformer/generate_treeducken/generated_trees/preencoded_pt/0388819.pt,/lustre/fsn1/projects/rech/vcu/commun/Co-Phyloformer/generate_treeducken/generated_trees/extreme_cosp_data/cosp_0/0388819.pt,0.0
/lustre/fsn1/projects/rech/vcu/commun/Co-Phyloformer/generate_treeducken/generated_trees/preencoded_pt/0388841.pt,/lustre/fsn1/projects/rech/vcu/commun/Co-Phyloformer/generate_treeducken/generated_trees/extreme_cosp_data/cosp_0/0388841.pt,0.0
/lustre/fsn1/projects/rech/vcu/commun/Co-Phyloformer/generate_treeducken/generated_trees/preencoded_pt/0390151.pt,/lustre/fsn1/projects/rech/vcu/commun/Co-Phyloformer/generate_treeducken/generated_trees/extreme_cosp_data/cosp_0/0390151.pt,0.0
/lustre/fsn1/projects/rech/vcu/commun/Co-Phyloformer/generate_treeducken/generated_trees/preencoded_pt/0391312.pt,/lustre/fsn1/projects/rech/vcu/commun/Co-Phyloformer/generate_treeducken/generated_trees/extreme_cosp_data/cosp_0/0391312.pt,0.0
/lustre/fsn1/projects/rech/vcu/commun/Co-Phyloformer/generate_treeducken/generated_trees/preencoded_pt/0391871.pt,/lustre/fsn1/projects/rech/vcu/commun/Co-Phyloformer/generate_treeducken/generated_trees/extreme_cosp_data/cosp_0/0391871.pt,0.0
/lustre/fsn1/projects/rech/vcu/commun/Co-Phyloformer/generate_treeducken/generated_trees/preencoded_pt/0391950.pt,/lustre/fsn1/projects/rech/vcu/commun/Co-Phyloformer/generate_treeducken/generated_trees/extreme_cosp_data/cosp_0/0391950.pt,0.0
/lustre/fsn1/projects/rech/vcu/commun/Co-Phyloformer/generate_treeducken/generated_trees/preencoded_pt/0391989.pt,/lustre/fsn1/projects/rech/vcu/commun/Co-Phyloformer/generate_treeducken/generated_trees/extreme_cosp_data/cosp_0/0391989.pt,0.0
/lustre/fsn1/projects/rech/vcu/commun/Co-Phyloformer/generate_treeducken/generated_trees/preencoded_pt/0392354.pt,/lustre/fsn1/projects/rech/vcu/commun/Co-Phyloformer/generate_treeducken/generated_trees/extreme_cosp_data/cosp_0/0392354.pt,0.0
/lustre/fsn1/projects/rech/vcu/commun/Co-Phyloformer/generate_treeducken/generated_trees/preencoded_pt/0393811.pt,/lustre/fsn1/projects/rech/vcu/commun/Co-Phyloformer/generate_treeducken/generated_trees/extreme_cosp_data/cosp_0/0393811.pt,0.0
/lustre/fsn1/projects/rech/vcu/commun/Co-Phyloformer/generate_treeducken/generated_trees/preencoded_pt/0394163.pt,/lustre/fsn1/projects/rech/vcu/commun/Co-Phyloformer/generate_treeducken/generated_trees/extreme_cosp_data/cosp_0/0394163.pt,0.0
/lustre/fsn1/projects/rech/vcu/commun/Co-Phyloformer/generate_treeducken/generated_trees/preencoded_pt/0394323.pt,/lustre/fsn1/projects/rech/vcu/commun/Co-Phyloformer/generate_treeducken/generated_trees/extreme_cosp_data/cosp_0/0394323.pt,0.0
/lustre/fsn1/projects/rech/vcu/commun/Co-Phyloformer/generate_treeducken/generated_trees/preencoded_pt/0397503.pt,/lustre/fsn1/projects/rech/vcu/commun/Co-Phyloformer/generate_treeducken/generated_trees/extreme_cosp_data/cosp_0/0397503.pt,0.0
/lustre/fsn1/projects/rech/vcu/commun/Co-Phyloformer/generate_treeducken/generated_trees/preencoded_pt/0398744.pt,/lustre/fsn1/projects/rech/vcu/commun/Co-Phyloformer/generate_treeducken/generated_trees/extreme_cosp_data/cosp_0/0398744.pt,0.0
/lustre/fsn1/projects/rech/vcu/commun/Co-Phyloformer/generate_treeducken/generated_trees/preencoded_pt/0398755.pt,/lustre/fsn1/projects/rech/vcu/commun/Co-Phyloformer/generate_treeducken/generated_trees/extreme_cosp_data/cosp_0/0398755.pt,0.0
/lustre/fsn1/projects/rech/vcu/commun/Co-Phyloformer/generate_treeducken/generated_trees/preencoded_pt/0399632.pt,/lustre/fsn1/projects/rech/vcu/commun/Co-Phyloformer/generate_treeducken/generated_trees/extreme_cosp_data/cosp_0/0399632.pt,0.0
/lustre/fsn1/projects/rech/vcu/commun/Co-Phyloformer/generate_treeducken/generated_trees/preencoded_pt/0400461.pt,/lustre/fsn1/projects/rech/vcu/commun/Co-Phyloformer/generate_treeducken/generated_trees/extreme_cosp_data/cosp_0/0400461.pt,0.0
/lustre/fsn1/projects/rech/vcu/commun/Co-Phyloformer/generate_treeducken/generated_trees/preencoded_pt/0400727.pt,/lustre/fsn1/projects/rech/vcu/commun/Co-Phyloformer/generate_treeducken/generated_trees/extreme_cosp_data/cosp_0/0400727.pt,0.0
/lustre/fsn1/projects/rech/vcu/commun/Co-Phyloformer/generate_treeducken/generated_trees/preencoded_pt/0401901.pt,/lustre/fsn1/projects/rech/vcu/commun/Co-Phyloformer/generate_treeducken/generated_trees/extreme_cosp_data/cosp_0/0401901.pt,0.0
/lustre/fsn1/projects/rech/vcu/commun/Co-Phyloformer/generate_treeducken/generated_trees/preencoded_pt/0404505.pt,/lustre/fsn1/projects/rech/vcu/commun/Co-Phyloformer/generate_treeducken/generated_trees/extreme_cosp_data/cosp_0/0404505.pt,0.0
/lustre/fsn1/projects/rech/vcu/commun/Co-Phyloformer/generate_treeducken/generated_trees/preencoded_pt/0404610.pt,/lustre/fsn1/projects/rech/vcu/commun/Co-Phyloformer/generate_treeducken/generated_trees/extreme_cosp_data/cosp_0/0404610.pt,0.0
/lustre/fsn1/projects/rech/vcu/commun/Co-Phyloformer/generate_treeducken/generated_trees/preencoded_pt/0404635.pt,/lustre/fsn1/projects/rech/vcu/commun/Co-Phyloformer/generate_treeducken/generated_trees/extreme_cosp_data/cosp_0/0404635.pt,0.0
/lustre/fsn1/projects/rech/vcu/commun/Co-Phyloformer/generate_treeducken/generated_trees/preencoded_pt/0405273.pt,/lustre/fsn1/projects/rech/vcu/commun/Co-Phyloformer/generate_treeducken/generated_trees/extreme_cosp_data/cosp_0/0405273.pt,0.0
/lustre/fsn1/projects/rech/vcu/commun/Co-Phyloformer/generate_treeducken/generated_trees/preencoded_pt/0405309.pt,/lustre/fsn1/projects/rech/vcu/commun/Co-Phyloformer/generate_treeducken/generated_trees/extreme_cosp_data/cosp_0/0405309.pt,0.0
/lustre/fsn1/projects/rech/vcu/commun/Co-Phyloformer/generate_treeducken/generated_trees/preencoded_pt/0405367.pt,/lustre/fsn1/projects/rech/vcu/commun/Co-Phyloformer/generate_treeducken/generated_trees/extreme_cosp_data/cosp_0/0405367.pt,0.0
/lustre/fsn1/projects/rech/vcu/commun/Co-Phyloformer/generate_treeducken/generated_trees/preencoded_pt/0405723.pt,/lustre/fsn1/projects/rech/vcu/commun/Co-Phyloformer/generate_treeducken/generated_trees/extreme_cosp_data/cosp_0/0405723.pt,0.0
/lustre/fsn1/projects/rech/vcu/commun/Co-Phyloformer/generate_treeducken/generated_trees/preencoded_pt/0407079.pt,/lustre/fsn1/projects/rech/vcu/commun/Co-Phyloformer/generate_treeducken/generated_trees/extreme_cosp_data/cosp_0/0407079.pt,0.0
/lustre/fsn1/projects/rech/vcu/commun/Co-Phyloformer/generate_treeducken/generated_trees/preencoded_pt/0407774.pt,/lustre/fsn1/projects/rech/vcu/commun/Co-Phyloformer/generate_treeducken/generated_trees/extreme_cosp_data/cosp_0/0407774.pt,0.0
/lustre/fsn1/projects/rech/vcu/commun/Co-Phyloformer/generate_treeducken/generated_trees/preencoded_pt/0407814.pt,/lustre/fsn1/projects/rech/vcu/commun/Co-Phyloformer/generate_treeducken/generated_trees/extreme_cosp_data/cosp_0/0407814.pt,0.0
/lustre/fsn1/projects/rech/vcu/commun/Co-Phyloformer/generate_treeducken/generated_trees/preencoded_pt/0408022.pt,/lustre/fsn1/projects/rech/vcu/commun/Co-Phyloformer/generate_treeducken/generated_trees/extreme_cosp_data/cosp_0/0408022.pt,0.0
/lustre/fsn1/projects/rech/vcu/commun/Co-Phyloformer/generate_treeducken/generated_trees/preencoded_pt/0408613.pt,/lustre/fsn1/projects/rech/vcu/commun/Co-Phyloformer/generate_treeducken/generated_trees/extreme_cosp_data/cosp_0/0408613.pt,0.0
/lustre/fsn1/projects/rech/vcu/commun/Co-Phyloformer/generate_treeducken/generated_trees/preencoded_pt/0408741.pt,/lustre/fsn1/projects/rech/vcu/commun/Co-Phyloformer/generate_treeducken/generated_trees/extreme_cosp_data/cosp_0/0408741.pt,0.0
/lustre/fsn1/projects/rech/vcu/commun/Co-Phyloformer/generate_treeducken/generated_trees/preencoded_pt/0408937.pt,/lustre/fsn1/projects/rech/vcu/commun/Co-Phyloformer/generate_treeducken/generated_trees/extreme_cosp_data/cosp_0/0408937.pt,0.0
/lustre/fsn1/projects/rech/vcu/commun/Co-Phyloformer/generate_treeducken/generated_trees/preencoded_pt/0409235.pt,/lustre/fsn1/projects/rech/vcu/commun/Co-Phyloformer/generate_treeducken/generated_trees/extreme_cosp_data/cosp_0/0409235.pt,0.0
/lustre/fsn1/projects/rech/vcu/commun/Co-Phyloformer/generate_treeducken/generated_trees/preencoded_pt/0411900.pt,/lustre/fsn1/projects/rech/vcu/commun/Co-Phyloformer/generate_treeducken/generated_trees/extreme_cosp_data/cosp_0/0411900.pt,0.0
/lustre/fsn1/projects/rech/vcu/commun/Co-Phyloformer/generate_treeducken/generated_trees/preencoded_pt/0412881.pt,/lustre/fsn1/projects/rech/vcu/commun/Co-Phyloformer/generate_treeducken/generated_trees/extreme_cosp_data/cosp_0/0412881.pt,0.0
/lustre/fsn1/projects/rech/vcu/commun/Co-Phyloformer/generate_treeducken/generated_trees/preencoded_pt/0413123.pt,/lustre/fsn1/projects/rech/vcu/commun/Co-Phyloformer/generate_treeducken/generated_trees/extreme_cosp_data/cosp_0/0413123.pt,0.0
/lustre/fsn1/projects/rech/vcu/commun/Co-Phyloformer/generate_treeducken/generated_trees/preencoded_pt/0413148.pt,/lustre/fsn1/projects/rech/vcu/commun/Co-Phyloformer/generate_treeducken/generated_trees/extreme_cosp_data/cosp_0/0413148.pt,0.0
/lustre/fsn1/projects/rech/vcu/commun/Co-Phyloformer/generate_treeducken/generated_trees/preencoded_pt/0413678.pt,/lustre/fsn1/projects/rech/vcu/commun/Co-Phyloformer/generate_treeducken/generated_trees/extreme_cosp_data/cosp_0/0413678.pt,0.0
/lustre/fsn1/projects/rech/vcu/commun/Co-Phyloformer/generate_treeducken/generated_trees/preencoded_pt/0415334.pt,/lustre/fsn1/projects/rech/vcu/commun/Co-Phyloformer/generate_treeducken/generated_trees/extreme_cosp_data/cosp_0/0415334.pt,0.0
/lustre/fsn1/projects/rech/vcu/commun/Co-Phyloformer/generate_treeducken/generated_trees/preencoded_pt/0415874.pt,/lustre/fsn1/projects/rech/vcu/commun/Co-Phyloformer/generate_treeducken/generated_trees/extreme_cosp_data/cosp_0/0415874.pt,0.0
/lustre/fsn1/projects/rech/vcu/commun/Co-Phyloformer/generate_treeducken/generated_trees/preencoded_pt/0416725.pt,/lustre/fsn1/projects/rech/vcu/commun/Co-Phyloformer/generate_treeducken/generated_trees/extreme_cosp_data/cosp_0/0416725.pt,0.0
/lustre/fsn1/projects/rech/vcu/commun/Co-Phyloformer/generate_treeducken/generated_trees/preencoded_pt/0417295.pt,/lustre/fsn1/projects/rech/vcu/commun/Co-Phyloformer/generate_treeducken/generated_trees/extreme_cosp_data/cosp_0/0417295.pt,0.0
/lustre/fsn1/projects/rech/vcu/commun/Co-Phyloformer/generate_treeducken/generated_trees/preencoded_pt/0417662.pt,/lustre/fsn1/projects/rech/vcu/commun/Co-Phyloformer/generate_treeducken/generated_trees/extreme_cosp_data/cosp_0/0417662.pt,0.0
/lustre/fsn1/projects/rech/vcu/commun/Co-Phyloformer/generate_treeducken/generated_trees/preencoded_pt/0417764.pt,/lustre/fsn1/projects/rech/vcu/commun/Co-Phyloformer/generate_treeducken/generated_trees/extreme_cosp_data/cosp_0/0417764.pt,0.0
/lustre/fsn1/projects/rech/vcu/commun/Co-Phyloformer/generate_treeducken/generated_trees/preencoded_pt/0418279.pt,/lustre/fsn1/projects/rech/vcu/commun/Co-Phyloformer/generate_treeducken/generated_trees/extreme_cosp_data/cosp_0/0418279.pt,0.0
/lustre/fsn1/projects/rech/vcu/commun/Co-Phyloformer/generate_treeducken/generated_trees/preencoded_pt/0419376.pt,/lustre/fsn1/projects/rech/vcu/commun/Co-Phyloformer/generate_treeducken/generated_trees/extreme_cosp_data/cosp_0/0419376.pt,0.0
/lustre/fsn1/projects/rech/vcu/commun/Co-Phyloformer/generate_treeducken/generated_trees/preencoded_pt/0419780.pt,/lustre/fsn1/projects/rech/vcu/commun/Co-Phyloformer/generate_treeducken/generated_trees/extreme_cosp_data/cosp_0/0419780.pt,0.0
/lustre/fsn1/projects/rech/vcu/commun/Co-Phyloformer/generate_treeducken/generated_trees/preencoded_pt/0420355.pt,/lustre/fsn1/projects/rech/vcu/commun/Co-Phyloformer/generate_treeducken/generated_trees/extreme_cosp_data/cosp_0/0420355.pt,0.0
/lustre/fsn1/projects/rech/vcu/commun/Co-Phyloformer/generate_treeducken/generated_trees/preencoded_pt/0422920.pt,/lustre/fsn1/projects/rech/vcu/commun/Co-Phyloformer/generate_treeducken/generated_trees/extreme_cosp_data/cosp_0/0422920.pt,0.0
/lustre/fsn1/projects/rech/vcu/commun/Co-Phyloformer/generate_treeducken/generated_trees/preencoded_pt/0424434.pt,/lustre/fsn1/projects/rech/vcu/commun/Co-Phyloformer/generate_treeducken/generated_trees/extreme_cosp_data/cosp_0/0424434.pt,0.0
/lustre/fsn1/projects/rech/vcu/commun/Co-Phyloformer/generate_treeducken/generated_trees/preencoded_pt/0424671.pt,/lustre/fsn1/projects/rech/vcu/commun/Co-Phyloformer/generate_treeducken/generated_trees/extreme_cosp_data/cosp_0/0424671.pt,0.0
/lustre/fsn1/projects/rech/vcu/commun/Co-Phyloformer/generate_treeducken/generated_trees/preencoded_pt/0424826.pt,/lustre/fsn1/projects/rech/vcu/commun/Co-Phyloformer/generate_treeducken/generated_trees/extreme_cosp_data/cosp_0/0424826.pt,0.0
/lustre/fsn1/projects/rech/vcu/commun/Co-Phyloformer/generate_treeducken/generated_trees/preencoded_pt/0425823.pt,/lustre/fsn1/projects/rech/vcu/commun/Co-Phyloformer/generate_treeducken/generated_trees/extreme_cosp_data/cosp_0/0425823.pt,0.0
/lustre/fsn1/projects/rech/vcu/commun/Co-Phyloformer/generate_treeducken/generated_trees/preencoded_pt/0426471.pt,/lustre/fsn1/projects/rech/vcu/commun/Co-Phyloformer/generate_treeducken/generated_trees/extreme_cosp_data/cosp_0/0426471.pt,0.0
/lustre/fsn1/projects/rech/vcu/commun/Co-Phyloformer/generate_treeducken/generated_trees/preencoded_pt/0427189.pt,/lustre/fsn1/projects/rech/vcu/commun/Co-Phyloformer/generate_treeducken/generated_trees/extreme_cosp_data/cosp_0/0427189.pt,0.0
/lustre/fsn1/projects/rech/vcu/commun/Co-Phyloformer/generate_treeducken/generated_trees/preencoded_pt/0427800.pt,/lustre/fsn1/projects/rech/vcu/commun/Co-Phyloformer/generate_treeducken/generated_trees/extreme_cosp_data/cosp_0/0427800.pt,0.0
/lustre/fsn1/projects/rech/vcu/commun/Co-Phyloformer/generate_treeducken/generated_trees/preencoded_pt/0427851.pt,/lustre/fsn1/projects/rech/vcu/commun/Co-Phyloformer/generate_treeducken/generated_trees/extreme_cosp_data/cosp_0/0427851.pt,0.0
/lustre/fsn1/projects/rech/vcu/commun/Co-Phyloformer/generate_treeducken/generated_trees/preencoded_pt/0429400.pt,/lustre/fsn1/projects/rech/vcu/commun/Co-Phyloformer/generate_treeducken/generated_trees/extreme_cosp_data/cosp_0/0429400.pt,0.0
/lustre/fsn1/projects/rech/vcu/commun/Co-Phyloformer/generate_treeducken/generated_trees/preencoded_pt/0431246.pt,/lustre/fsn1/projects/rech/vcu/commun/Co-Phyloformer/generate_treeducken/generated_trees/extreme_cosp_data/cosp_0/0431246.pt,0.0
/lustre/fsn1/projects/rech/vcu/commun/Co-Phyloformer/generate_treeducken/generated_trees/preencoded_pt/0431790.pt,/lustre/fsn1/projects/rech/vcu/commun/Co-Phyloformer/generate_treeducken/generated_trees/extreme_cosp_data/cosp_0/0431790.pt,0.0
/lustre/fsn1/projects/rech/vcu/commun/Co-Phyloformer/generate_treeducken/generated_trees/preencoded_pt/0431788.pt,/lustre/fsn1/projects/rech/vcu/commun/Co-Phyloformer/generate_treeducken/generated_trees/extreme_cosp_data/cosp_0/0431788.pt,0.0
/lustre/fsn1/projects/rech/vcu/commun/Co-Phyloformer/generate_treeducken/generated_trees/preencoded_pt/0431859.pt,/lustre/fsn1/projects/rech/vcu/commun/Co-Phyloformer/generate_treeducken/generated_trees/extreme_cosp_data/cosp_0/0431859.pt,0.0
/lustre/fsn1/projects/rech/vcu/commun/Co-Phyloformer/generate_treeducken/generated_trees/preencoded_pt/0432155.pt,/lustre/fsn1/projects/rech/vcu/commun/Co-Phyloformer/generate_treeducken/generated_trees/extreme_cosp_data/cosp_0/0432155.pt,0.0
/lustre/fsn1/projects/rech/vcu/commun/Co-Phyloformer/generate_treeducken/generated_trees/preencoded_pt/0432726.pt,/lustre/fsn1/projects/rech/vcu/commun/Co-Phyloformer/generate_treeducken/generated_trees/extreme_cosp_data/cosp_0/0432726.pt,0.0
/lustre/fsn1/projects/rech/vcu/commun/Co-Phyloformer/generate_treeducken/generated_trees/preencoded_pt/0433457.pt,/lustre/fsn1/projects/rech/vcu/commun/Co-Phyloformer/generate_treeducken/generated_trees/extreme_cosp_data/cosp_0/0433457.pt,0.0
/lustre/fsn1/projects/rech/vcu/commun/Co-Phyloformer/generate_treeducken/generated_trees/preencoded_pt/0434453.pt,/lustre/fsn1/projects/rech/vcu/commun/Co-Phyloformer/generate_treeducken/generated_trees/extreme_cosp_data/cosp_0/0434453.pt,0.0
/lustre/fsn1/projects/rech/vcu/commun/Co-Phyloformer/generate_treeducken/generated_trees/preencoded_pt/0434559.pt,/lustre/fsn1/projects/rech/vcu/commun/Co-Phyloformer/generate_treeducken/generated_trees/extreme_cosp_data/cosp_0/0434559.pt,0.0
/lustre/fsn1/projects/rech/vcu/commun/Co-Phyloformer/generate_treeducken/generated_trees/preencoded_pt/0434796.pt,/lustre/fsn1/projects/rech/vcu/commun/Co-Phyloformer/generate_treeducken/generated_trees/extreme_cosp_data/cosp_0/0434796.pt,0.0
/lustre/fsn1/projects/rech/vcu/commun/Co-Phyloformer/generate_treeducken/generated_trees/preencoded_pt/0434831.pt,/lustre/fsn1/projects/rech/vcu/commun/Co-Phyloformer/generate_treeducken/generated_trees/extreme_cosp_data/cosp_0/0434831.pt,0.0
/lustre/fsn1/projects/rech/vcu/commun/Co-Phyloformer/generate_treeducken/generated_trees/preencoded_pt/0438382.pt,/lustre/fsn1/projects/rech/vcu/commun/Co-Phyloformer/generate_treeducken/generated_trees/extreme_cosp_data/cosp_0/0438382.pt,0.0
/lustre/fsn1/projects/rech/vcu/commun/Co-Phyloformer/generate_treeducken/generated_trees/preencoded_pt/0438652.pt,/lustre/fsn1/projects/rech/vcu/commun/Co-Phyloformer/generate_treeducken/generated_trees/extreme_cosp_data/cosp_0/0438652.pt,0.0
/lustre/fsn1/projects/rech/vcu/commun/Co-Phyloformer/generate_treeducken/generated_trees/preencoded_pt/0439672.pt,/lustre/fsn1/projects/rech/vcu/commun/Co-Phyloformer/generate_treeducken/generated_trees/extreme_cosp_data/cosp_0/0439672.pt,0.0
/lustre/fsn1/projects/rech/vcu/commun/Co-Phyloformer/generate_treeducken/generated_trees/preencoded_pt/0439855.pt,/lustre/fsn1/projects/rech/vcu/commun/Co-Phyloformer/generate_treeducken/generated_trees/extreme_cosp_data/cosp_0/0439855.pt,0.0
/lustre/fsn1/projects/rech/vcu/commun/Co-Phyloformer/generate_treeducken/generated_trees/preencoded_pt/0443621.pt,/lustre/fsn1/projects/rech/vcu/commun/Co-Phyloformer/generate_treeducken/generated_trees/extreme_cosp_data/cosp_0/0443621.pt,0.0
/lustre/fsn1/projects/rech/vcu/commun/Co-Phyloformer/generate_treeducken/generated_trees/preencoded_pt/0446695.pt,/lustre/fsn1/projects/rech/vcu/commun/Co-Phyloformer/generate_treeducken/generated_trees/extreme_cosp_data/cosp_0/0446695.pt,0.0
/lustre/fsn1/projects/rech/vcu/commun/Co-Phyloformer/generate_treeducken/generated_trees/preencoded_pt/0447574.pt,/lustre/fsn1/projects/rech/vcu/commun/Co-Phyloformer/generate_treeducken/generated_trees/extreme_cosp_data/cosp_0/0447574.pt,0.0
/lustre/fsn1/projects/rech/vcu/commun/Co-Phyloformer/generate_treeducken/generated_trees/preencoded_pt/0448870.pt,/lustre/fsn1/projects/rech/vcu/commun/Co-Phyloformer/generate_treeducken/generated_trees/extreme_cosp_data/cosp_0/0448870.pt,0.0
/lustre/fsn1/projects/rech/vcu/commun/Co-Phyloformer/generate_treeducken/generated_trees/preencoded_pt/0449802.pt,/lustre/fsn1/projects/rech/vcu/commun/Co-Phyloformer/generate_treeducken/generated_trees/extreme_cosp_data/cosp_0/0449802.pt,0.0
/lustre/fsn1/projects/rech/vcu/commun/Co-Phyloformer/generate_treeducken/generated_trees/preencoded_pt/0450757.pt,/lustre/fsn1/projects/rech/vcu/commun/Co-Phyloformer/generate_treeducken/generated_trees/extreme_cosp_data/cosp_0/0450757.pt,0.0
/lustre/fsn1/projects/rech/vcu/commun/Co-Phyloformer/generate_treeducken/generated_trees/preencoded_pt/0450770.pt,/lustre/fsn1/projects/rech/vcu/commun/Co-Phyloformer/generate_treeducken/generated_trees/extreme_cosp_data/cosp_0/0450770.pt,0.0
/lustre/fsn1/projects/rech/vcu/commun/Co-Phyloformer/generate_treeducken/generated_trees/preencoded_pt/0450958.pt,/lustre/fsn1/projects/rech/vcu/commun/Co-Phyloformer/generate_treeducken/generated_trees/extreme_cosp_data/cosp_0/0450958.pt,0.0
/lustre/fsn1/projects/rech/vcu/commun/Co-Phyloformer/generate_treeducken/generated_trees/preencoded_pt/0453254.pt,/lustre/fsn1/projects/rech/vcu/commun/Co-Phyloformer/generate_treeducken/generated_trees/extreme_cosp_data/cosp_0/0453254.pt,0.0
/lustre/fsn1/projects/rech/vcu/commun/Co-Phyloformer/generate_treeducken/generated_trees/preencoded_pt/0453414.pt,/lustre/fsn1/projects/rech/vcu/commun/Co-Phyloformer/generate_treeducken/generated_trees/extreme_cosp_data/cosp_0/0453414.pt,0.0
/lustre/fsn1/projects/rech/vcu/commun/Co-Phyloformer/generate_treeducken/generated_trees/preencoded_pt/0453533.pt,/lustre/fsn1/projects/rech/vcu/commun/Co-Phyloformer/generate_treeducken/generated_trees/extreme_cosp_data/cosp_0/0453533.pt,0.0
/lustre/fsn1/projects/rech/vcu/commun/Co-Phyloformer/generate_treeducken/generated_trees/preencoded_pt/0454450.pt,/lustre/fsn1/projects/rech/vcu/commun/Co-Phyloformer/generate_treeducken/generated_trees/extreme_cosp_data/cosp_0/0454450.pt,0.0
/lustre/fsn1/projects/rech/vcu/commun/Co-Phyloformer/generate_treeducken/generated_trees/preencoded_pt/0455752.pt,/lustre/fsn1/projects/rech/vcu/commun/Co-Phyloformer/generate_treeducken/generated_trees/extreme_cosp_data/cosp_0/0455752.pt,0.0
/lustre/fsn1/projects/rech/vcu/commun/Co-Phyloformer/generate_treeducken/generated_trees/preencoded_pt/0456647.pt,/lustre/fsn1/projects/rech/vcu/commun/Co-Phyloformer/generate_treeducken/generated_trees/extreme_cosp_data/cosp_0/0456647.pt,0.0
/lustre/fsn1/projects/rech/vcu/commun/Co-Phyloformer/generate_treeducken/generated_trees/preencoded_pt/0457049.pt,/lustre/fsn1/projects/rech/vcu/commun/Co-Phyloformer/generate_treeducken/generated_trees/extreme_cosp_data/cosp_0/0457049.pt,0.0
/lustre/fsn1/projects/rech/vcu/commun/Co-Phyloformer/generate_treeducken/generated_trees/preencoded_pt/0458234.pt,/lustre/fsn1/projects/rech/vcu/commun/Co-Phyloformer/generate_treeducken/generated_trees/extreme_cosp_data/cosp_0/0458234.pt,0.0
/lustre/fsn1/projects/rech/vcu/commun/Co-Phyloformer/generate_treeducken/generated_trees/preencoded_pt/0458241.pt,/lustre/fsn1/projects/rech/vcu/commun/Co-Phyloformer/generate_treeducken/generated_trees/extreme_cosp_data/cosp_0/0458241.pt,0.0
/lustre/fsn1/projects/rech/vcu/commun/Co-Phyloformer/generate_treeducken/generated_trees/preencoded_pt/0458332.pt,/lustre/fsn1/projects/rech/vcu/commun/Co-Phyloformer/generate_treeducken/generated_trees/extreme_cosp_data/cosp_0/0458332.pt,0.0
/lustre/fsn1/projects/rech/vcu/commun/Co-Phyloformer/generate_treeducken/generated_trees/preencoded_pt/0458823.pt,/lustre/fsn1/projects/rech/vcu/commun/Co-Phyloformer/generate_treeducken/generated_trees/extreme_cosp_data/cosp_0/0458823.pt,0.0
/lustre/fsn1/projects/rech/vcu/commun/Co-Phyloformer/generate_treeducken/generated_trees/preencoded_pt/0460007.pt,/lustre/fsn1/projects/rech/vcu/commun/Co-Phyloformer/generate_treeducken/generated_trees/extreme_cosp_data/cosp_0/0460007.pt,0.0
/lustre/fsn1/projects/rech/vcu/commun/Co-Phyloformer/generate_treeducken/generated_trees/preencoded_pt/0461686.pt,/lustre/fsn1/projects/rech/vcu/commun/Co-Phyloformer/generate_treeducken/generated_trees/extreme_cosp_data/cosp_0/0461686.pt,0.0
/lustre/fsn1/projects/rech/vcu/commun/Co-Phyloformer/generate_treeducken/generated_trees/preencoded_pt/0462216.pt,/lustre/fsn1/projects/rech/vcu/commun/Co-Phyloformer/generate_treeducken/generated_trees/extreme_cosp_data/cosp_0/0462216.pt,0.0
/lustre/fsn1/projects/rech/vcu/commun/Co-Phyloformer/generate_treeducken/generated_trees/preencoded_pt/0462265.pt,/lustre/fsn1/projects/rech/vcu/commun/Co-Phyloformer/generate_treeducken/generated_trees/extreme_cosp_data/cosp_0/0462265.pt,0.0
/lustre/fsn1/projects/rech/vcu/commun/Co-Phyloformer/generate_treeducken/generated_trees/preencoded_pt/0463681.pt,/lustre/fsn1/projects/rech/vcu/commun/Co-Phyloformer/generate_treeducken/generated_trees/extreme_cosp_data/cosp_0/0463681.pt,0.0
/lustre/fsn1/projects/rech/vcu/commun/Co-Phyloformer/generate_treeducken/generated_trees/preencoded_pt/0464719.pt,/lustre/fsn1/projects/rech/vcu/commun/Co-Phyloformer/generate_treeducken/generated_trees/extreme_cosp_data/cosp_0/0464719.pt,0.0
/lustre/fsn1/projects/rech/vcu/commun/Co-Phyloformer/generate_treeducken/generated_trees/preencoded_pt/0464762.pt,/lustre/fsn1/projects/rech/vcu/commun/Co-Phyloformer/generate_treeducken/generated_trees/extreme_cosp_data/cosp_0/0464762.pt,0.0
/lustre/fsn1/projects/rech/vcu/commun/Co-Phyloformer/generate_treeducken/generated_trees/preencoded_pt/0466161.pt,/lustre/fsn1/projects/rech/vcu/commun/Co-Phyloformer/generate_treeducken/generated_trees/extreme_cosp_data/cosp_0/0466161.pt,0.0
/lustre/fsn1/projects/rech/vcu/commun/Co-Phyloformer/generate_treeducken/generated_trees/preencoded_pt/0467078.pt,/lustre/fsn1/projects/rech/vcu/commun/Co-Phyloformer/generate_treeducken/generated_trees/extreme_cosp_data/cosp_0/0467078.pt,0.0
/lustre/fsn1/projects/rech/vcu/commun/Co-Phyloformer/generate_treeducken/generated_trees/preencoded_pt/0467873.pt,/lustre/fsn1/projects/rech/vcu/commun/Co-Phyloformer/generate_treeducken/generated_trees/extreme_cosp_data/cosp_0/0467873.pt,0.0
/lustre/fsn1/projects/rech/vcu/commun/Co-Phyloformer/generate_treeducken/generated_trees/preencoded_pt/0467878.pt,/lustre/fsn1/projects/rech/vcu/commun/Co-Phyloformer/generate_treeducken/generated_trees/extreme_cosp_data/cosp_0/0467878.pt,0.0
/lustre/fsn1/projects/rech/vcu/commun/Co-Phyloformer/generate_treeducken/generated_trees/preencoded_pt/0468621.pt,/lustre/fsn1/projects/rech/vcu/commun/Co-Phyloformer/generate_treeducken/generated_trees/extreme_cosp_data/cosp_0/0468621.pt,0.0
/lustre/fsn1/projects/rech/vcu/commun/Co-Phyloformer/generate_treeducken/generated_trees/preencoded_pt/0468661.pt,/lustre/fsn1/projects/rech/vcu/commun/Co-Phyloformer/generate_treeducken/generated_trees/extreme_cosp_data/cosp_0/0468661.pt,0.0
/lustre/fsn1/projects/rech/vcu/commun/Co-Phyloformer/generate_treeducken/generated_trees/preencoded_pt/0469457.pt,/lustre/fsn1/projects/rech/vcu/commun/Co-Phyloformer/generate_treeducken/generated_trees/extreme_cosp_data/cosp_0/0469457.pt,0.0
/lustre/fsn1/projects/rech/vcu/commun/Co-Phyloformer/generate_treeducken/generated_trees/preencoded_pt/0470179.pt,/lustre/fsn1/projects/rech/vcu/commun/Co-Phyloformer/generate_treeducken/generated_trees/extreme_cosp_data/cosp_0/0470179.pt,0.0
/lustre/fsn1/projects/rech/vcu/commun/Co-Phyloformer/generate_treeducken/generated_trees/preencoded_pt/0470997.pt,/lustre/fsn1/projects/rech/vcu/commun/Co-Phyloformer/generate_treeducken/generated_trees/extreme_cosp_data/cosp_0/0470997.pt,0.0
/lustre/fsn1/projects/rech/vcu/commun/Co-Phyloformer/generate_treeducken/generated_trees/preencoded_pt/0471041.pt,/lustre/fsn1/projects/rech/vcu/commun/Co-Phyloformer/generate_treeducken/generated_trees/extreme_cosp_data/cosp_0/0471041.pt,0.0
/lustre/fsn1/projects/rech/vcu/commun/Co-Phyloformer/generate_treeducken/generated_trees/preencoded_pt/0471550.pt,/lustre/fsn1/projects/rech/vcu/commun/Co-Phyloformer/generate_treeducken/generated_trees/extreme_cosp_data/cosp_0/0471550.pt,0.0
/lustre/fsn1/projects/rech/vcu/commun/Co-Phyloformer/generate_treeducken/generated_trees/preencoded_pt/0471906.pt,/lustre/fsn1/projects/rech/vcu/commun/Co-Phyloformer/generate_treeducken/generated_trees/extreme_cosp_data/cosp_0/0471906.pt,0.0
/lustre/fsn1/projects/rech/vcu/commun/Co-Phyloformer/generate_treeducken/generated_trees/preencoded_pt/0472328.pt,/lustre/fsn1/projects/rech/vcu/commun/Co-Phyloformer/generate_treeducken/generated_trees/extreme_cosp_data/cosp_0/0472328.pt,0.0
/lustre/fsn1/projects/rech/vcu/commun/Co-Phyloformer/generate_treeducken/generated_trees/preencoded_pt/0473737.pt,/lustre/fsn1/projects/rech/vcu/commun/Co-Phyloformer/generate_treeducken/generated_trees/extreme_cosp_data/cosp_0/0473737.pt,0.0
/lustre/fsn1/projects/rech/vcu/commun/Co-Phyloformer/generate_treeducken/generated_trees/preencoded_pt/0474545.pt,/lustre/fsn1/projects/rech/vcu/commun/Co-Phyloformer/generate_treeducken/generated_trees/extreme_cosp_data/cosp_0/0474545.pt,0.0
/lustre/fsn1/projects/rech/vcu/commun/Co-Phyloformer/generate_treeducken/generated_trees/preencoded_pt/0474680.pt,/lustre/fsn1/projects/rech/vcu/commun/Co-Phyloformer/generate_treeducken/generated_trees/extreme_cosp_data/cosp_0/0474680.pt,0.0
/lustre/fsn1/projects/rech/vcu/commun/Co-Phyloformer/generate_treeducken/generated_trees/preencoded_pt/0474886.pt,/lustre/fsn1/projects/rech/vcu/commun/Co-Phyloformer/generate_treeducken/generated_trees/extreme_cosp_data/cosp_0/0474886.pt,0.0
/lustre/fsn1/projects/rech/vcu/commun/Co-Phyloformer/generate_treeducken/generated_trees/preencoded_pt/0475203.pt,/lustre/fsn1/projects/rech/vcu/commun/Co-Phyloformer/generate_treeducken/generated_trees/extreme_cosp_data/cosp_0/0475203.pt,0.0
/lustre/fsn1/projects/rech/vcu/commun/Co-Phyloformer/generate_treeducken/generated_trees/preencoded_pt/0476879.pt,/lustre/fsn1/projects/rech/vcu/commun/Co-Phyloformer/generate_treeducken/generated_trees/extreme_cosp_data/cosp_0/0476879.pt,0.0
/lustre/fsn1/projects/rech/vcu/commun/Co-Phyloformer/generate_treeducken/generated_trees/preencoded_pt/0478871.pt,/lustre/fsn1/projects/rech/vcu/commun/Co-Phyloformer/generate_treeducken/generated_trees/extreme_cosp_data/cosp_0/0478871.pt,0.0
/lustre/fsn1/projects/rech/vcu/commun/Co-Phyloformer/generate_treeducken/generated_trees/preencoded_pt/0479175.pt,/lustre/fsn1/projects/rech/vcu/commun/Co-Phyloformer/generate_treeducken/generated_trees/extreme_cosp_data/cosp_0/0479175.pt,0.0
/lustre/fsn1/projects/rech/vcu/commun/Co-Phyloformer/generate_treeducken/generated_trees/preencoded_pt/0479499.pt,/lustre/fsn1/projects/rech/vcu/commun/Co-Phyloformer/generate_treeducken/generated_trees/extreme_cosp_data/cosp_0/0479499.pt,0.0
/lustre/fsn1/projects/rech/vcu/commun/Co-Phyloformer/generate_treeducken/generated_trees/preencoded_pt/0479665.pt,/lustre/fsn1/projects/rech/vcu/commun/Co-Phyloformer/generate_treeducken/generated_trees/extreme_cosp_data/cosp_0/0479665.pt,0.0
/lustre/fsn1/projects/rech/vcu/commun/Co-Phyloformer/generate_treeducken/generated_trees/preencoded_pt/0479680.pt,/lustre/fsn1/projects/rech/vcu/commun/Co-Phyloformer/generate_treeducken/generated_trees/extreme_cosp_data/cosp_0/0479680.pt,0.0
/lustre/fsn1/projects/rech/vcu/commun/Co-Phyloformer/generate_treeducken/generated_trees/preencoded_pt/0479717.pt,/lustre/fsn1/projects/rech/vcu/commun/Co-Phyloformer/generate_treeducken/generated_trees/extreme_cosp_data/cosp_0/0479717.pt,0.0
/lustre/fsn1/projects/rech/vcu/commun/Co-Phyloformer/generate_treeducken/generated_trees/preencoded_pt/0481055.pt,/lustre/fsn1/projects/rech/vcu/commun/Co-Phyloformer/generate_treeducken/generated_trees/extreme_cosp_data/cosp_0/0481055.pt,0.0
/lustre/fsn1/projects/rech/vcu/commun/Co-Phyloformer/generate_treeducken/generated_trees/preencoded_pt/0481281.pt,/lustre/fsn1/projects/rech/vcu/commun/Co-Phyloformer/generate_treeducken/generated_trees/extreme_cosp_data/cosp_0/0481281.pt,0.0
/lustre/fsn1/projects/rech/vcu/commun/Co-Phyloformer/generate_treeducken/generated_trees/preencoded_pt/0481473.pt,/lustre/fsn1/projects/rech/vcu/commun/Co-Phyloformer/generate_treeducken/generated_trees/extreme_cosp_data/cosp_0/0481473.pt,0.0
/lustre/fsn1/projects/rech/vcu/commun/Co-Phyloformer/generate_treeducken/generated_trees/preencoded_pt/0482429.pt,/lustre/fsn1/projects/rech/vcu/commun/Co-Phyloformer/generate_treeducken/generated_trees/extreme_cosp_data/cosp_0/0482429.pt,0.0
/lustre/fsn1/projects/rech/vcu/commun/Co-Phyloformer/generate_treeducken/generated_trees/preencoded_pt/0482490.pt,/lustre/fsn1/projects/rech/vcu/commun/Co-Phyloformer/generate_treeducken/generated_trees/extreme_cosp_data/cosp_0/0482490.pt,0.0
/lustre/fsn1/projects/rech/vcu/commun/Co-Phyloformer/generate_treeducken/generated_trees/preencoded_pt/0482549.pt,/lustre/fsn1/projects/rech/vcu/commun/Co-Phyloformer/generate_treeducken/generated_trees/extreme_cosp_data/cosp_0/0482549.pt,0.0
/lustre/fsn1/projects/rech/vcu/commun/Co-Phyloformer/generate_treeducken/generated_trees/preencoded_pt/0483379.pt,/lustre/fsn1/projects/rech/vcu/commun/Co-Phyloformer/generate_treeducken/generated_trees/extreme_cosp_data/cosp_0/0483379.pt,0.0
/lustre/fsn1/projects/rech/vcu/commun/Co-Phyloformer/generate_treeducken/generated_trees/preencoded_pt/0483730.pt,/lustre/fsn1/projects/rech/vcu/commun/Co-Phyloformer/generate_treeducken/generated_trees/extreme_cosp_data/cosp_0/0483730.pt,0.0
/lustre/fsn1/projects/rech/vcu/commun/Co-Phyloformer/generate_treeducken/generated_trees/preencoded_pt/0484848.pt,/lustre/fsn1/projects/rech/vcu/commun/Co-Phyloformer/generate_treeducken/generated_trees/extreme_cosp_data/cosp_0/0484848.pt,0.0
/lustre/fsn1/projects/rech/vcu/commun/Co-Phyloformer/generate_treeducken/generated_trees/preencoded_pt/0484878.pt,/lustre/fsn1/projects/rech/vcu/commun/Co-Phyloformer/generate_treeducken/generated_trees/extreme_cosp_data/cosp_0/0484878.pt,0.0
/lustre/fsn1/projects/rech/vcu/commun/Co-Phyloformer/generate_treeducken/generated_trees/preencoded_pt/0485300.pt,/lustre/fsn1/projects/rech/vcu/commun/Co-Phyloformer/generate_treeducken/generated_trees/extreme_cosp_data/cosp_0/0485300.pt,0.0
/lustre/fsn1/projects/rech/vcu/commun/Co-Phyloformer/generate_treeducken/generated_trees/preencoded_pt/0485870.pt,/lustre/fsn1/projects/rech/vcu/commun/Co-Phyloformer/generate_treeducken/generated_trees/extreme_cosp_data/cosp_0/0485870.pt,0.0
/lustre/fsn1/projects/rech/vcu/commun/Co-Phyloformer/generate_treeducken/generated_trees/preencoded_pt/0486737.pt,/lustre/fsn1/projects/rech/vcu/commun/Co-Phyloformer/generate_treeducken/generated_trees/extreme_cosp_data/cosp_0/0486737.pt,0.0
/lustre/fsn1/projects/rech/vcu/commun/Co-Phyloformer/generate_treeducken/generated_trees/preencoded_pt/0487946.pt,/lustre/fsn1/projects/rech/vcu/commun/Co-Phyloformer/generate_treeducken/generated_trees/extreme_cosp_data/cosp_0/0487946.pt,0.0
/lustre/fsn1/projects/rech/vcu/commun/Co-Phyloformer/generate_treeducken/generated_trees/preencoded_pt/0487952.pt,/lustre/fsn1/projects/rech/vcu/commun/Co-Phyloformer/generate_treeducken/generated_trees/extreme_cosp_data/cosp_0/0487952.pt,0.0
/lustre/fsn1/projects/rech/vcu/commun/Co-Phyloformer/generate_treeducken/generated_trees/preencoded_pt/0488476.pt,/lustre/fsn1/projects/rech/vcu/commun/Co-Phyloformer/generate_treeducken/generated_trees/extreme_cosp_data/cosp_0/0488476.pt,0.0
/lustre/fsn1/projects/rech/vcu/commun/Co-Phyloformer/generate_treeducken/generated_trees/preencoded_pt/0488913.pt,/lustre/fsn1/projects/rech/vcu/commun/Co-Phyloformer/generate_treeducken/generated_trees/extreme_cosp_data/cosp_0/0488913.pt,0.0
/lustre/fsn1/projects/rech/vcu/commun/Co-Phyloformer/generate_treeducken/generated_trees/preencoded_pt/0489496.pt,/lustre/fsn1/projects/rech/vcu/commun/Co-Phyloformer/generate_treeducken/generated_trees/extreme_cosp_data/cosp_0/0489496.pt,0.0
/lustre/fsn1/projects/rech/vcu/commun/Co-Phyloformer/generate_treeducken/generated_trees/preencoded_pt/0490353.pt,/lustre/fsn1/projects/rech/vcu/commun/Co-Phyloformer/generate_treeducken/generated_trees/extreme_cosp_data/cosp_0/0490353.pt,0.0
/lustre/fsn1/projects/rech/vcu/commun/Co-Phyloformer/generate_treeducken/generated_trees/preencoded_pt/0491018.pt,/lustre/fsn1/projects/rech/vcu/commun/Co-Phyloformer/generate_treeducken/generated_trees/extreme_cosp_data/cosp_0/0491018.pt,0.0
/lustre/fsn1/projects/rech/vcu/commun/Co-Phyloformer/generate_treeducken/generated_trees/preencoded_pt/0491148.pt,/lustre/fsn1/projects/rech/vcu/commun/Co-Phyloformer/generate_treeducken/generated_trees/extreme_cosp_data/cosp_0/0491148.pt,0.0
/lustre/fsn1/projects/rech/vcu/commun/Co-Phyloformer/generate_treeducken/generated_trees/preencoded_pt/0491395.pt,/lustre/fsn1/projects/rech/vcu/commun/Co-Phyloformer/generate_treeducken/generated_trees/extreme_cosp_data/cosp_0/0491395.pt,0.0
/lustre/fsn1/projects/rech/vcu/commun/Co-Phyloformer/generate_treeducken/generated_trees/preencoded_pt/0492812.pt,/lustre/fsn1/projects/rech/vcu/commun/Co-Phyloformer/generate_treeducken/generated_trees/extreme_cosp_data/cosp_0/0492812.pt,0.0
/lustre/fsn1/projects/rech/vcu/commun/Co-Phyloformer/generate_treeducken/generated_trees/preencoded_pt/0493382.pt,/lustre/fsn1/projects/rech/vcu/commun/Co-Phyloformer/generate_treeducken/generated_trees/extreme_cosp_data/cosp_0/0493382.pt,0.0
/lustre/fsn1/projects/rech/vcu/commun/Co-Phyloformer/generate_treeducken/generated_trees/preencoded_pt/0493447.pt,/lustre/fsn1/projects/rech/vcu/commun/Co-Phyloformer/generate_treeducken/generated_trees/extreme_cosp_data/cosp_0/0493447.pt,0.0
/lustre/fsn1/projects/rech/vcu/commun/Co-Phyloformer/generate_treeducken/generated_trees/preencoded_pt/0493623.pt,/lustre/fsn1/projects/rech/vcu/commun/Co-Phyloformer/generate_treeducken/generated_trees/extreme_cosp_data/cosp_0/0493623.pt,0.0
/lustre/fsn1/projects/rech/vcu/commun/Co-Phyloformer/generate_treeducken/generated_trees/preencoded_pt/0493720.pt,/lustre/fsn1/projects/rech/vcu/commun/Co-Phyloformer/generate_treeducken/generated_trees/extreme_cosp_data/cosp_0/0493720.pt,0.0
/lustre/fsn1/projects/rech/vcu/commun/Co-Phyloformer/generate_treeducken/generated_trees/preencoded_pt/0493888.pt,/lustre/fsn1/projects/rech/vcu/commun/Co-Phyloformer/generate_treeducken/generated_trees/extreme_cosp_data/cosp_0/0493888.pt,0.0
/lustre/fsn1/projects/rech/vcu/commun/Co-Phyloformer/generate_treeducken/generated_trees/preencoded_pt/0494129.pt,/lustre/fsn1/projects/rech/vcu/commun/Co-Phyloformer/generate_treeducken/generated_trees/extreme_cosp_data/cosp_0/0494129.pt,0.0
/lustre/fsn1/projects/rech/vcu/commun/Co-Phyloformer/generate_treeducken/generated_trees/preencoded_pt/0495355.pt,/lustre/fsn1/projects/rech/vcu/commun/Co-Phyloformer/generate_treeducken/generated_trees/extreme_cosp_data/cosp_0/0495355.pt,0.0
/lustre/fsn1/projects/rech/vcu/commun/Co-Phyloformer/generate_treeducken/generated_trees/preencoded_pt/0496585.pt,/lustre/fsn1/projects/rech/vcu/commun/Co-Phyloformer/generate_treeducken/generated_trees/extreme_cosp_data/cosp_0/0496585.pt,0.0
/lustre/fsn1/projects/rech/vcu/commun/Co-Phyloformer/generate_treeducken/generated_trees/preencoded_pt/0496991.pt,/lustre/fsn1/projects/rech/vcu/commun/Co-Phyloformer/generate_treeducken/generated_trees/extreme_cosp_data/cosp_0/0496991.pt,0.0
/lustre/fsn1/projects/rech/vcu/commun/Co-Phyloformer/generate_treeducken/generated_trees/preencoded_pt/0497046.pt,/lustre/fsn1/projects/rech/vcu/commun/Co-Phyloformer/generate_treeducken/generated_trees/extreme_cosp_data/cosp_0/0497046.pt,0.0
/lustre/fsn1/projects/rech/vcu/commun/Co-Phyloformer/generate_treeducken/generated_trees/preencoded_pt/0499494.pt,/lustre/fsn1/projects/rech/vcu/commun/Co-Phyloformer/generate_treeducken/generated_trees/extreme_cosp_data/cosp_0/0499494.pt,0.0
/lustre/fsn1/projects/rech/vcu/commun/Co-Phyloformer/generate_treeducken/generated_trees/preencoded_pt/0501066.pt,/lustre/fsn1/projects/rech/vcu/commun/Co-Phyloformer/generate_treeducken/generated_trees/extreme_cosp_data/cosp_0/0501066.pt,0.0
/lustre/fsn1/projects/rech/vcu/commun/Co-Phyloformer/generate_treeducken/generated_trees/preencoded_pt/0501430.pt,/lustre/fsn1/projects/rech/vcu/commun/Co-Phyloformer/generate_treeducken/generated_trees/extreme_cosp_data/cosp_0/0501430.pt,0.0
/lustre/fsn1/projects/rech/vcu/commun/Co-Phyloformer/generate_treeducken/generated_trees/preencoded_pt/0501874.pt,/lustre/fsn1/projects/rech/vcu/commun/Co-Phyloformer/generate_treeducken/generated_trees/extreme_cosp_data/cosp_0/0501874.pt,0.0
/lustre/fsn1/projects/rech/vcu/commun/Co-Phyloformer/generate_treeducken/generated_trees/preencoded_pt/0502869.pt,/lustre/fsn1/projects/rech/vcu/commun/Co-Phyloformer/generate_treeducken/generated_trees/extreme_cosp_data/cosp_0/0502869.pt,0.0
/lustre/fsn1/projects/rech/vcu/commun/Co-Phyloformer/generate_treeducken/generated_trees/preencoded_pt/0504817.pt,/lustre/fsn1/projects/rech/vcu/commun/Co-Phyloformer/generate_treeducken/generated_trees/extreme_cosp_data/cosp_0/0504817.pt,0.0
/lustre/fsn1/projects/rech/vcu/commun/Co-Phyloformer/generate_treeducken/generated_trees/preencoded_pt/0506012.pt,/lustre/fsn1/projects/rech/vcu/commun/Co-Phyloformer/generate_treeducken/generated_trees/extreme_cosp_data/cosp_0/0506012.pt,0.0
/lustre/fsn1/projects/rech/vcu/commun/Co-Phyloformer/generate_treeducken/generated_trees/preencoded_pt/0508038.pt,/lustre/fsn1/projects/rech/vcu/commun/Co-Phyloformer/generate_treeducken/generated_trees/extreme_cosp_data/cosp_0/0508038.pt,0.0
/lustre/fsn1/projects/rech/vcu/commun/Co-Phyloformer/generate_treeducken/generated_trees/preencoded_pt/0510568.pt,/lustre/fsn1/projects/rech/vcu/commun/Co-Phyloformer/generate_treeducken/generated_trees/extreme_cosp_data/cosp_0/0510568.pt,0.0
/lustre/fsn1/projects/rech/vcu/commun/Co-Phyloformer/generate_treeducken/generated_trees/preencoded_pt/0511130.pt,/lustre/fsn1/projects/rech/vcu/commun/Co-Phyloformer/generate_treeducken/generated_trees/extreme_cosp_data/cosp_0/0511130.pt,0.0
/lustre/fsn1/projects/rech/vcu/commun/Co-Phyloformer/generate_treeducken/generated_trees/preencoded_pt/0511586.pt,/lustre/fsn1/projects/rech/vcu/commun/Co-Phyloformer/generate_treeducken/generated_trees/extreme_cosp_data/cosp_0/0511586.pt,0.0
/lustre/fsn1/projects/rech/vcu/commun/Co-Phyloformer/generate_treeducken/generated_trees/preencoded_pt/0511921.pt,/lustre/fsn1/projects/rech/vcu/commun/Co-Phyloformer/generate_treeducken/generated_trees/extreme_cosp_data/cosp_0/0511921.pt,0.0
/lustre/fsn1/projects/rech/vcu/commun/Co-Phyloformer/generate_treeducken/generated_trees/preencoded_pt/0512144.pt,/lustre/fsn1/projects/rech/vcu/commun/Co-Phyloformer/generate_treeducken/generated_trees/extreme_cosp_data/cosp_0/0512144.pt,0.0
/lustre/fsn1/projects/rech/vcu/commun/Co-Phyloformer/generate_treeducken/generated_trees/preencoded_pt/0512407.pt,/lustre/fsn1/projects/rech/vcu/commun/Co-Phyloformer/generate_treeducken/generated_trees/extreme_cosp_data/cosp_0/0512407.pt,0.0
/lustre/fsn1/projects/rech/vcu/commun/Co-Phyloformer/generate_treeducken/generated_trees/preencoded_pt/0512712.pt,/lustre/fsn1/projects/rech/vcu/commun/Co-Phyloformer/generate_treeducken/generated_trees/extreme_cosp_data/cosp_0/0512712.pt,0.0
/lustre/fsn1/projects/rech/vcu/commun/Co-Phyloformer/generate_treeducken/generated_trees/preencoded_pt/0515621.pt,/lustre/fsn1/projects/rech/vcu/commun/Co-Phyloformer/generate_treeducken/generated_trees/extreme_cosp_data/cosp_0/0515621.pt,0.0
/lustre/fsn1/projects/rech/vcu/commun/Co-Phyloformer/generate_treeducken/generated_trees/preencoded_pt/0516336.pt,/lustre/fsn1/projects/rech/vcu/commun/Co-Phyloformer/generate_treeducken/generated_trees/extreme_cosp_data/cosp_0/0516336.pt,0.0
/lustre/fsn1/projects/rech/vcu/commun/Co-Phyloformer/generate_treeducken/generated_trees/preencoded_pt/0518756.pt,/lustre/fsn1/projects/rech/vcu/commun/Co-Phyloformer/generate_treeducken/generated_trees/extreme_cosp_data/cosp_0/0518756.pt,0.0
/lustre/fsn1/projects/rech/vcu/commun/Co-Phyloformer/generate_treeducken/generated_trees/preencoded_pt/0519016.pt,/lustre/fsn1/projects/rech/vcu/commun/Co-Phyloformer/generate_treeducken/generated_trees/extreme_cosp_data/cosp_0/0519016.pt,0.0
/lustre/fsn1/projects/rech/vcu/commun/Co-Phyloformer/generate_treeducken/generated_trees/preencoded_pt/0519885.pt,/lustre/fsn1/projects/rech/vcu/commun/Co-Phyloformer/generate_treeducken/generated_trees/extreme_cosp_data/cosp_0/0519885.pt,0.0
/lustre/fsn1/projects/rech/vcu/commun/Co-Phyloformer/generate_treeducken/generated_trees/preencoded_pt/0520325.pt,/lustre/fsn1/projects/rech/vcu/commun/Co-Phyloformer/generate_treeducken/generated_trees/extreme_cosp_data/cosp_0/0520325.pt,0.0
/lustre/fsn1/projects/rech/vcu/commun/Co-Phyloformer/generate_treeducken/generated_trees/preencoded_pt/0520530.pt,/lustre/fsn1/projects/rech/vcu/commun/Co-Phyloformer/generate_treeducken/generated_trees/extreme_cosp_data/cosp_0/0520530.pt,0.0
/lustre/fsn1/projects/rech/vcu/commun/Co-Phyloformer/generate_treeducken/generated_trees/preencoded_pt/0520648.pt,/lustre/fsn1/projects/rech/vcu/commun/Co-Phyloformer/generate_treeducken/generated_trees/extreme_cosp_data/cosp_0/0520648.pt,0.0
/lustre/fsn1/projects/rech/vcu/commun/Co-Phyloformer/generate_treeducken/generated_trees/preencoded_pt/0521669.pt,/lustre/fsn1/projects/rech/vcu/commun/Co-Phyloformer/generate_treeducken/generated_trees/extreme_cosp_data/cosp_0/0521669.pt,0.0
/lustre/fsn1/projects/rech/vcu/commun/Co-Phyloformer/generate_treeducken/generated_trees/preencoded_pt/0522746.pt,/lustre/fsn1/projects/rech/vcu/commun/Co-Phyloformer/generate_treeducken/generated_trees/extreme_cosp_data/cosp_0/0522746.pt,0.0
/lustre/fsn1/projects/rech/vcu/commun/Co-Phyloformer/generate_treeducken/generated_trees/preencoded_pt/0523037.pt,/lustre/fsn1/projects/rech/vcu/commun/Co-Phyloformer/generate_treeducken/generated_trees/extreme_cosp_data/cosp_0/0523037.pt,0.0
/lustre/fsn1/projects/rech/vcu/commun/Co-Phyloformer/generate_treeducken/generated_trees/preencoded_pt/0523135.pt,/lustre/fsn1/projects/rech/vcu/commun/Co-Phyloformer/generate_treeducken/generated_trees/extreme_cosp_data/cosp_0/0523135.pt,0.0
/lustre/fsn1/projects/rech/vcu/commun/Co-Phyloformer/generate_treeducken/generated_trees/preencoded_pt/0523346.pt,/lustre/fsn1/projects/rech/vcu/commun/Co-Phyloformer/generate_treeducken/generated_trees/extreme_cosp_data/cosp_0/0523346.pt,0.0
/lustre/fsn1/projects/rech/vcu/commun/Co-Phyloformer/generate_treeducken/generated_trees/preencoded_pt/0523419.pt,/lustre/fsn1/projects/rech/vcu/commun/Co-Phyloformer/generate_treeducken/generated_trees/extreme_cosp_data/cosp_0/0523419.pt,0.0
/lustre/fsn1/projects/rech/vcu/commun/Co-Phyloformer/generate_treeducken/generated_trees/preencoded_pt/0524461.pt,/lustre/fsn1/projects/rech/vcu/commun/Co-Phyloformer/generate_treeducken/generated_trees/extreme_cosp_data/cosp_0/0524461.pt,0.0
/lustre/fsn1/projects/rech/vcu/commun/Co-Phyloformer/generate_treeducken/generated_trees/preencoded_pt/0524570.pt,/lustre/fsn1/projects/rech/vcu/commun/Co-Phyloformer/generate_treeducken/generated_trees/extreme_cosp_data/cosp_0/0524570.pt,0.0
/lustre/fsn1/projects/rech/vcu/commun/Co-Phyloformer/generate_treeducken/generated_trees/preencoded_pt/0525776.pt,/lustre/fsn1/projects/rech/vcu/commun/Co-Phyloformer/generate_treeducken/generated_trees/extreme_cosp_data/cosp_0/0525776.pt,0.0
/lustre/fsn1/projects/rech/vcu/commun/Co-Phyloformer/generate_treeducken/generated_trees/preencoded_pt/0526835.pt,/lustre/fsn1/projects/rech/vcu/commun/Co-Phyloformer/generate_treeducken/generated_trees/extreme_cosp_data/cosp_0/0526835.pt,0.0
/lustre/fsn1/projects/rech/vcu/commun/Co-Phyloformer/generate_treeducken/generated_trees/preencoded_pt/0528869.pt,/lustre/fsn1/projects/rech/vcu/commun/Co-Phyloformer/generate_treeducken/generated_trees/extreme_cosp_data/cosp_0/0528869.pt,0.0
/lustre/fsn1/projects/rech/vcu/commun/Co-Phyloformer/generate_treeducken/generated_trees/preencoded_pt/0529016.pt,/lustre/fsn1/projects/rech/vcu/commun/Co-Phyloformer/generate_treeducken/generated_trees/extreme_cosp_data/cosp_0/0529016.pt,0.0
/lustre/fsn1/projects/rech/vcu/commun/Co-Phyloformer/generate_treeducken/generated_trees/preencoded_pt/0529132.pt,/lustre/fsn1/projects/rech/vcu/commun/Co-Phyloformer/generate_treeducken/generated_trees/extreme_cosp_data/cosp_0/0529132.pt,0.0
/lustre/fsn1/projects/rech/vcu/commun/Co-Phyloformer/generate_treeducken/generated_trees/preencoded_pt/0529854.pt,/lustre/fsn1/projects/rech/vcu/commun/Co-Phyloformer/generate_treeducken/generated_trees/extreme_cosp_data/cosp_0/0529854.pt,0.0
/lustre/fsn1/projects/rech/vcu/commun/Co-Phyloformer/generate_treeducken/generated_trees/preencoded_pt/0529904.pt,/lustre/fsn1/projects/rech/vcu/commun/Co-Phyloformer/generate_treeducken/generated_trees/extreme_cosp_data/cosp_0/0529904.pt,0.0
/lustre/fsn1/projects/rech/vcu/commun/Co-Phyloformer/generate_treeducken/generated_trees/preencoded_pt/0530152.pt,/lustre/fsn1/projects/rech/vcu/commun/Co-Phyloformer/generate_treeducken/generated_trees/extreme_cosp_data/cosp_0/0530152.pt,0.0
/lustre/fsn1/projects/rech/vcu/commun/Co-Phyloformer/generate_treeducken/generated_trees/preencoded_pt/0530225.pt,/lustre/fsn1/projects/rech/vcu/commun/Co-Phyloformer/generate_treeducken/generated_trees/extreme_cosp_data/cosp_0/0530225.pt,0.0
/lustre/fsn1/projects/rech/vcu/commun/Co-Phyloformer/generate_treeducken/generated_trees/preencoded_pt/0530236.pt,/lustre/fsn1/projects/rech/vcu/commun/Co-Phyloformer/generate_treeducken/generated_trees/extreme_cosp_data/cosp_0/0530236.pt,0.0
/lustre/fsn1/projects/rech/vcu/commun/Co-Phyloformer/generate_treeducken/generated_trees/preencoded_pt/0531637.pt,/lustre/fsn1/projects/rech/vcu/commun/Co-Phyloformer/generate_treeducken/generated_trees/extreme_cosp_data/cosp_0/0531637.pt,0.0
/lustre/fsn1/projects/rech/vcu/commun/Co-Phyloformer/generate_treeducken/generated_trees/preencoded_pt/0532295.pt,/lustre/fsn1/projects/rech/vcu/commun/Co-Phyloformer/generate_treeducken/generated_trees/extreme_cosp_data/cosp_0/0532295.pt,0.0
/lustre/fsn1/projects/rech/vcu/commun/Co-Phyloformer/generate_treeducken/generated_trees/preencoded_pt/0532315.pt,/lustre/fsn1/projects/rech/vcu/commun/Co-Phyloformer/generate_treeducken/generated_trees/extreme_cosp_data/cosp_0/0532315.pt,0.0
/lustre/fsn1/projects/rech/vcu/commun/Co-Phyloformer/generate_treeducken/generated_trees/preencoded_pt/0532477.pt,/lustre/fsn1/projects/rech/vcu/commun/Co-Phyloformer/generate_treeducken/generated_trees/extreme_cosp_data/cosp_0/0532477.pt,0.0
/lustre/fsn1/projects/rech/vcu/commun/Co-Phyloformer/generate_treeducken/generated_trees/preencoded_pt/0533046.pt,/lustre/fsn1/projects/rech/vcu/commun/Co-Phyloformer/generate_treeducken/generated_trees/extreme_cosp_data/cosp_0/0533046.pt,0.0
/lustre/fsn1/projects/rech/vcu/commun/Co-Phyloformer/generate_treeducken/generated_trees/preencoded_pt/0534271.pt,/lustre/fsn1/projects/rech/vcu/commun/Co-Phyloformer/generate_treeducken/generated_trees/extreme_cosp_data/cosp_0/0534271.pt,0.0
/lustre/fsn1/projects/rech/vcu/commun/Co-Phyloformer/generate_treeducken/generated_trees/preencoded_pt/0534504.pt,/lustre/fsn1/projects/rech/vcu/commun/Co-Phyloformer/generate_treeducken/generated_trees/extreme_cosp_data/cosp_0/0534504.pt,0.0
/lustre/fsn1/projects/rech/vcu/commun/Co-Phyloformer/generate_treeducken/generated_trees/preencoded_pt/0534534.pt,/lustre/fsn1/projects/rech/vcu/commun/Co-Phyloformer/generate_treeducken/generated_trees/extreme_cosp_data/cosp_0/0534534.pt,0.0
/lustre/fsn1/projects/rech/vcu/commun/Co-Phyloformer/generate_treeducken/generated_trees/preencoded_pt/0535056.pt,/lustre/fsn1/projects/rech/vcu/commun/Co-Phyloformer/generate_treeducken/generated_trees/extreme_cosp_data/cosp_0/0535056.pt,0.0
/lustre/fsn1/projects/rech/vcu/commun/Co-Phyloformer/generate_treeducken/generated_trees/preencoded_pt/0535861.pt,/lustre/fsn1/projects/rech/vcu/commun/Co-Phyloformer/generate_treeducken/generated_trees/extreme_cosp_data/cosp_0/0535861.pt,0.0
/lustre/fsn1/projects/rech/vcu/commun/Co-Phyloformer/generate_treeducken/generated_trees/preencoded_pt/0536707.pt,/lustre/fsn1/projects/rech/vcu/commun/Co-Phyloformer/generate_treeducken/generated_trees/extreme_cosp_data/cosp_0/0536707.pt,0.0
/lustre/fsn1/projects/rech/vcu/commun/Co-Phyloformer/generate_treeducken/generated_trees/preencoded_pt/0536791.pt,/lustre/fsn1/projects/rech/vcu/commun/Co-Phyloformer/generate_treeducken/generated_trees/extreme_cosp_data/cosp_0/0536791.pt,0.0
/lustre/fsn1/projects/rech/vcu/commun/Co-Phyloformer/generate_treeducken/generated_trees/preencoded_pt/0537135.pt,/lustre/fsn1/projects/rech/vcu/commun/Co-Phyloformer/generate_treeducken/generated_trees/extreme_cosp_data/cosp_0/0537135.pt,0.0
/lustre/fsn1/projects/rech/vcu/commun/Co-Phyloformer/generate_treeducken/generated_trees/preencoded_pt/0537341.pt,/lustre/fsn1/projects/rech/vcu/commun/Co-Phyloformer/generate_treeducken/generated_trees/extreme_cosp_data/cosp_0/0537341.pt,0.0
/lustre/fsn1/projects/rech/vcu/commun/Co-Phyloformer/generate_treeducken/generated_trees/preencoded_pt/0537353.pt,/lustre/fsn1/projects/rech/vcu/commun/Co-Phyloformer/generate_treeducken/generated_trees/extreme_cosp_data/cosp_0/0537353.pt,0.0
/lustre/fsn1/projects/rech/vcu/commun/Co-Phyloformer/generate_treeducken/generated_trees/preencoded_pt/0537993.pt,/lustre/fsn1/projects/rech/vcu/commun/Co-Phyloformer/generate_treeducken/generated_trees/extreme_cosp_data/cosp_0/0537993.pt,0.0
/lustre/fsn1/projects/rech/vcu/commun/Co-Phyloformer/generate_treeducken/generated_trees/preencoded_pt/0538772.pt,/lustre/fsn1/projects/rech/vcu/commun/Co-Phyloformer/generate_treeducken/generated_trees/extreme_cosp_data/cosp_0/0538772.pt,0.0
/lustre/fsn1/projects/rech/vcu/commun/Co-Phyloformer/generate_treeducken/generated_trees/preencoded_pt/0539101.pt,/lustre/fsn1/projects/rech/vcu/commun/Co-Phyloformer/generate_treeducken/generated_trees/extreme_cosp_data/cosp_0/0539101.pt,0.0
/lustre/fsn1/projects/rech/vcu/commun/Co-Phyloformer/generate_treeducken/generated_trees/preencoded_pt/0539264.pt,/lustre/fsn1/projects/rech/vcu/commun/Co-Phyloformer/generate_treeducken/generated_trees/extreme_cosp_data/cosp_0/0539264.pt,0.0
/lustre/fsn1/projects/rech/vcu/commun/Co-Phyloformer/generate_treeducken/generated_trees/preencoded_pt/0541151.pt,/lustre/fsn1/projects/rech/vcu/commun/Co-Phyloformer/generate_treeducken/generated_trees/extreme_cosp_data/cosp_0/0541151.pt,0.0
/lustre/fsn1/projects/rech/vcu/commun/Co-Phyloformer/generate_treeducken/generated_trees/preencoded_pt/0542451.pt,/lustre/fsn1/projects/rech/vcu/commun/Co-Phyloformer/generate_treeducken/generated_trees/extreme_cosp_data/cosp_0/0542451.pt,0.0
/lustre/fsn1/projects/rech/vcu/commun/Co-Phyloformer/generate_treeducken/generated_trees/preencoded_pt/0545366.pt,/lustre/fsn1/projects/rech/vcu/commun/Co-Phyloformer/generate_treeducken/generated_trees/extreme_cosp_data/cosp_0/0545366.pt,0.0
/lustre/fsn1/projects/rech/vcu/commun/Co-Phyloformer/generate_treeducken/generated_trees/preencoded_pt/0545398.pt,/lustre/fsn1/projects/rech/vcu/commun/Co-Phyloformer/generate_treeducken/generated_trees/extreme_cosp_data/cosp_0/0545398.pt,0.0
/lustre/fsn1/projects/rech/vcu/commun/Co-Phyloformer/generate_treeducken/generated_trees/preencoded_pt/0550527.pt,/lustre/fsn1/projects/rech/vcu/commun/Co-Phyloformer/generate_treeducken/generated_trees/extreme_cosp_data/cosp_0/0550527.pt,0.0
/lustre/fsn1/projects/rech/vcu/commun/Co-Phyloformer/generate_treeducken/generated_trees/preencoded_pt/0550756.pt,/lustre/fsn1/projects/rech/vcu/commun/Co-Phyloformer/generate_treeducken/generated_trees/extreme_cosp_data/cosp_0/0550756.pt,0.0
/lustre/fsn1/projects/rech/vcu/commun/Co-Phyloformer/generate_treeducken/generated_trees/preencoded_pt/0552383.pt,/lustre/fsn1/projects/rech/vcu/commun/Co-Phyloformer/generate_treeducken/generated_trees/extreme_cosp_data/cosp_0/0552383.pt,0.0
/lustre/fsn1/projects/rech/vcu/commun/Co-Phyloformer/generate_treeducken/generated_trees/preencoded_pt/0552742.pt,/lustre/fsn1/projects/rech/vcu/commun/Co-Phyloformer/generate_treeducken/generated_trees/extreme_cosp_data/cosp_0/0552742.pt,0.0
/lustre/fsn1/projects/rech/vcu/commun/Co-Phyloformer/generate_treeducken/generated_trees/preencoded_pt/0553293.pt,/lustre/fsn1/projects/rech/vcu/commun/Co-Phyloformer/generate_treeducken/generated_trees/extreme_cosp_data/cosp_0/0553293.pt,0.0
/lustre/fsn1/projects/rech/vcu/commun/Co-Phyloformer/generate_treeducken/generated_trees/preencoded_pt/0554262.pt,/lustre/fsn1/projects/rech/vcu/commun/Co-Phyloformer/generate_treeducken/generated_trees/extreme_cosp_data/cosp_0/0554262.pt,0.0
/lustre/fsn1/projects/rech/vcu/commun/Co-Phyloformer/generate_treeducken/generated_trees/preencoded_pt/0556021.pt,/lustre/fsn1/projects/rech/vcu/commun/Co-Phyloformer/generate_treeducken/generated_trees/extreme_cosp_data/cosp_0/0556021.pt,0.0
/lustre/fsn1/projects/rech/vcu/commun/Co-Phyloformer/generate_treeducken/generated_trees/preencoded_pt/0556218.pt,/lustre/fsn1/projects/rech/vcu/commun/Co-Phyloformer/generate_treeducken/generated_trees/extreme_cosp_data/cosp_0/0556218.pt,0.0
/lustre/fsn1/projects/rech/vcu/commun/Co-Phyloformer/generate_treeducken/generated_trees/preencoded_pt/0556333.pt,/lustre/fsn1/projects/rech/vcu/commun/Co-Phyloformer/generate_treeducken/generated_trees/extreme_cosp_data/cosp_0/0556333.pt,0.0
/lustre/fsn1/projects/rech/vcu/commun/Co-Phyloformer/generate_treeducken/generated_trees/preencoded_pt/0556504.pt,/lustre/fsn1/projects/rech/vcu/commun/Co-Phyloformer/generate_treeducken/generated_trees/extreme_cosp_data/cosp_0/0556504.pt,0.0
/lustre/fsn1/projects/rech/vcu/commun/Co-Phyloformer/generate_treeducken/generated_trees/preencoded_pt/0557175.pt,/lustre/fsn1/projects/rech/vcu/commun/Co-Phyloformer/generate_treeducken/generated_trees/extreme_cosp_data/cosp_0/0557175.pt,0.0
/lustre/fsn1/projects/rech/vcu/commun/Co-Phyloformer/generate_treeducken/generated_trees/preencoded_pt/0558463.pt,/lustre/fsn1/projects/rech/vcu/commun/Co-Phyloformer/generate_treeducken/generated_trees/extreme_cosp_data/cosp_0/0558463.pt,0.0
/lustre/fsn1/projects/rech/vcu/commun/Co-Phyloformer/generate_treeducken/generated_trees/preencoded_pt/0561194.pt,/lustre/fsn1/projects/rech/vcu/commun/Co-Phyloformer/generate_treeducken/generated_trees/extreme_cosp_data/cosp_0/0561194.pt,0.0
/lustre/fsn1/projects/rech/vcu/commun/Co-Phyloformer/generate_treeducken/generated_trees/preencoded_pt/0561507.pt,/lustre/fsn1/projects/rech/vcu/commun/Co-Phyloformer/generate_treeducken/generated_trees/extreme_cosp_data/cosp_0/0561507.pt,0.0
/lustre/fsn1/projects/rech/vcu/commun/Co-Phyloformer/generate_treeducken/generated_trees/preencoded_pt/0563750.pt,/lustre/fsn1/projects/rech/vcu/commun/Co-Phyloformer/generate_treeducken/generated_trees/extreme_cosp_data/cosp_0/0563750.pt,0.0
/lustre/fsn1/projects/rech/vcu/commun/Co-Phyloformer/generate_treeducken/generated_trees/preencoded_pt/0564809.pt,/lustre/fsn1/projects/rech/vcu/commun/Co-Phyloformer/generate_treeducken/generated_trees/extreme_cosp_data/cosp_0/0564809.pt,0.0
/lustre/fsn1/projects/rech/vcu/commun/Co-Phyloformer/generate_treeducken/generated_trees/preencoded_pt/0567120.pt,/lustre/fsn1/projects/rech/vcu/commun/Co-Phyloformer/generate_treeducken/generated_trees/extreme_cosp_data/cosp_0/0567120.pt,0.0
/lustre/fsn1/projects/rech/vcu/commun/Co-Phyloformer/generate_treeducken/generated_trees/preencoded_pt/0567470.pt,/lustre/fsn1/projects/rech/vcu/commun/Co-Phyloformer/generate_treeducken/generated_trees/extreme_cosp_data/cosp_0/0567470.pt,0.0
/lustre/fsn1/projects/rech/vcu/commun/Co-Phyloformer/generate_treeducken/generated_trees/preencoded_pt/0568373.pt,/lustre/fsn1/projects/rech/vcu/commun/Co-Phyloformer/generate_treeducken/generated_trees/extreme_cosp_data/cosp_0/0568373.pt,0.0
/lustre/fsn1/projects/rech/vcu/commun/Co-Phyloformer/generate_treeducken/generated_trees/preencoded_pt/0570292.pt,/lustre/fsn1/projects/rech/vcu/commun/Co-Phyloformer/generate_treeducken/generated_trees/extreme_cosp_data/cosp_0/0570292.pt,0.0
/lustre/fsn1/projects/rech/vcu/commun/Co-Phyloformer/generate_treeducken/generated_trees/preencoded_pt/0571363.pt,/lustre/fsn1/projects/rech/vcu/commun/Co-Phyloformer/generate_treeducken/generated_trees/extreme_cosp_data/cosp_0/0571363.pt,0.0
/lustre/fsn1/projects/rech/vcu/commun/Co-Phyloformer/generate_treeducken/generated_trees/preencoded_pt/0571574.pt,/lustre/fsn1/projects/rech/vcu/commun/Co-Phyloformer/generate_treeducken/generated_trees/extreme_cosp_data/cosp_0/0571574.pt,0.0
/lustre/fsn1/projects/rech/vcu/commun/Co-Phyloformer/generate_treeducken/generated_trees/preencoded_pt/0571808.pt,/lustre/fsn1/projects/rech/vcu/commun/Co-Phyloformer/generate_treeducken/generated_trees/extreme_cosp_data/cosp_0/0571808.pt,0.0
/lustre/fsn1/projects/rech/vcu/commun/Co-Phyloformer/generate_treeducken/generated_trees/preencoded_pt/0572645.pt,/lustre/fsn1/projects/rech/vcu/commun/Co-Phyloformer/generate_treeducken/generated_trees/extreme_cosp_data/cosp_0/0572645.pt,0.0
/lustre/fsn1/projects/rech/vcu/commun/Co-Phyloformer/generate_treeducken/generated_trees/preencoded_pt/0575064.pt,/lustre/fsn1/projects/rech/vcu/commun/Co-Phyloformer/generate_treeducken/generated_trees/extreme_cosp_data/cosp_0/0575064.pt,0.0
/lustre/fsn1/projects/rech/vcu/commun/Co-Phyloformer/generate_treeducken/generated_trees/preencoded_pt/0576012.pt,/lustre/fsn1/projects/rech/vcu/commun/Co-Phyloformer/generate_treeducken/generated_trees/extreme_cosp_data/cosp_0/0576012.pt,0.0
/lustre/fsn1/projects/rech/vcu/commun/Co-Phyloformer/generate_treeducken/generated_trees/preencoded_pt/0576532.pt,/lustre/fsn1/projects/rech/vcu/commun/Co-Phyloformer/generate_treeducken/generated_trees/extreme_cosp_data/cosp_0/0576532.pt,0.0
/lustre/fsn1/projects/rech/vcu/commun/Co-Phyloformer/generate_treeducken/generated_trees/preencoded_pt/0577519.pt,/lustre/fsn1/projects/rech/vcu/commun/Co-Phyloformer/generate_treeducken/generated_trees/extreme_cosp_data/cosp_0/0577519.pt,0.0
/lustre/fsn1/projects/rech/vcu/commun/Co-Phyloformer/generate_treeducken/generated_trees/preencoded_pt/0578096.pt,/lustre/fsn1/projects/rech/vcu/commun/Co-Phyloformer/generate_treeducken/generated_trees/extreme_cosp_data/cosp_0/0578096.pt,0.0
/lustre/fsn1/projects/rech/vcu/commun/Co-Phyloformer/generate_treeducken/generated_trees/preencoded_pt/0578325.pt,/lustre/fsn1/projects/rech/vcu/commun/Co-Phyloformer/generate_treeducken/generated_trees/extreme_cosp_data/cosp_0/0578325.pt,0.0
/lustre/fsn1/projects/rech/vcu/commun/Co-Phyloformer/generate_treeducken/generated_trees/preencoded_pt/0578479.pt,/lustre/fsn1/projects/rech/vcu/commun/Co-Phyloformer/generate_treeducken/generated_trees/extreme_cosp_data/cosp_0/0578479.pt,0.0
/lustre/fsn1/projects/rech/vcu/commun/Co-Phyloformer/generate_treeducken/generated_trees/preencoded_pt/0578714.pt,/lustre/fsn1/projects/rech/vcu/commun/Co-Phyloformer/generate_treeducken/generated_trees/extreme_cosp_data/cosp_0/0578714.pt,0.0
/lustre/fsn1/projects/rech/vcu/commun/Co-Phyloformer/generate_treeducken/generated_trees/preencoded_pt/0581131.pt,/lustre/fsn1/projects/rech/vcu/commun/Co-Phyloformer/generate_treeducken/generated_trees/extreme_cosp_data/cosp_0/0581131.pt,0.0
/lustre/fsn1/projects/rech/vcu/commun/Co-Phyloformer/generate_treeducken/generated_trees/preencoded_pt/0582731.pt,/lustre/fsn1/projects/rech/vcu/commun/Co-Phyloformer/generate_treeducken/generated_trees/extreme_cosp_data/cosp_0/0582731.pt,0.0
/lustre/fsn1/projects/rech/vcu/commun/Co-Phyloformer/generate_treeducken/generated_trees/preencoded_pt/0583168.pt,/lustre/fsn1/projects/rech/vcu/commun/Co-Phyloformer/generate_treeducken/generated_trees/extreme_cosp_data/cosp_0/0583168.pt,0.0
/lustre/fsn1/projects/rech/vcu/commun/Co-Phyloformer/generate_treeducken/generated_trees/preencoded_pt/0583721.pt,/lustre/fsn1/projects/rech/vcu/commun/Co-Phyloformer/generate_treeducken/generated_trees/extreme_cosp_data/cosp_0/0583721.pt,0.0
/lustre/fsn1/projects/rech/vcu/commun/Co-Phyloformer/generate_treeducken/generated_trees/preencoded_pt/0583886.pt,/lustre/fsn1/projects/rech/vcu/commun/Co-Phyloformer/generate_treeducken/generated_trees/extreme_cosp_data/cosp_0/0583886.pt,0.0
/lustre/fsn1/projects/rech/vcu/commun/Co-Phyloformer/generate_treeducken/generated_trees/preencoded_pt/0584970.pt,/lustre/fsn1/projects/rech/vcu/commun/Co-Phyloformer/generate_treeducken/generated_trees/extreme_cosp_data/cosp_0/0584970.pt,0.0
/lustre/fsn1/projects/rech/vcu/commun/Co-Phyloformer/generate_treeducken/generated_trees/preencoded_pt/0586752.pt,/lustre/fsn1/projects/rech/vcu/commun/Co-Phyloformer/generate_treeducken/generated_trees/extreme_cosp_data/cosp_0/0586752.pt,0.0
/lustre/fsn1/projects/rech/vcu/commun/Co-Phyloformer/generate_treeducken/generated_trees/preencoded_pt/0588125.pt,/lustre/fsn1/projects/rech/vcu/commun/Co-Phyloformer/generate_treeducken/generated_trees/extreme_cosp_data/cosp_0/0588125.pt,0.0
/lustre/fsn1/projects/rech/vcu/commun/Co-Phyloformer/generate_treeducken/generated_trees/preencoded_pt/0589226.pt,/lustre/fsn1/projects/rech/vcu/commun/Co-Phyloformer/generate_treeducken/generated_trees/extreme_cosp_data/cosp_0/0589226.pt,0.0
/lustre/fsn1/projects/rech/vcu/commun/Co-Phyloformer/generate_treeducken/generated_trees/preencoded_pt/0591201.pt,/lustre/fsn1/projects/rech/vcu/commun/Co-Phyloformer/generate_treeducken/generated_trees/extreme_cosp_data/cosp_0/0591201.pt,0.0
/lustre/fsn1/projects/rech/vcu/commun/Co-Phyloformer/generate_treeducken/generated_trees/preencoded_pt/0592083.pt,/lustre/fsn1/projects/rech/vcu/commun/Co-Phyloformer/generate_treeducken/generated_trees/extreme_cosp_data/cosp_0/0592083.pt,0.0
/lustre/fsn1/projects/rech/vcu/commun/Co-Phyloformer/generate_treeducken/generated_trees/preencoded_pt/0592547.pt,/lustre/fsn1/projects/rech/vcu/commun/Co-Phyloformer/generate_treeducken/generated_trees/extreme_cosp_data/cosp_0/0592547.pt,0.0
/lustre/fsn1/projects/rech/vcu/commun/Co-Phyloformer/generate_treeducken/generated_trees/preencoded_pt/0593892.pt,/lustre/fsn1/projects/rech/vcu/commun/Co-Phyloformer/generate_treeducken/generated_trees/extreme_cosp_data/cosp_0/0593892.pt,0.0
/lustre/fsn1/projects/rech/vcu/commun/Co-Phyloformer/generate_treeducken/generated_trees/preencoded_pt/0593911.pt,/lustre/fsn1/projects/rech/vcu/commun/Co-Phyloformer/generate_treeducken/generated_trees/extreme_cosp_data/cosp_0/0593911.pt,0.0
/lustre/fsn1/projects/rech/vcu/commun/Co-Phyloformer/generate_treeducken/generated_trees/preencoded_pt/0594574.pt,/lustre/fsn1/projects/rech/vcu/commun/Co-Phyloformer/generate_treeducken/generated_trees/extreme_cosp_data/cosp_0/0594574.pt,0.0
/lustre/fsn1/projects/rech/vcu/commun/Co-Phyloformer/generate_treeducken/generated_trees/preencoded_pt/0595372.pt,/lustre/fsn1/projects/rech/vcu/commun/Co-Phyloformer/generate_treeducken/generated_trees/extreme_cosp_data/cosp_0/0595372.pt,0.0
/lustre/fsn1/projects/rech/vcu/commun/Co-Phyloformer/generate_treeducken/generated_trees/preencoded_pt/0595905.pt,/lustre/fsn1/projects/rech/vcu/commun/Co-Phyloformer/generate_treeducken/generated_trees/extreme_cosp_data/cosp_0/0595905.pt,0.0
/lustre/fsn1/projects/rech/vcu/commun/Co-Phyloformer/generate_treeducken/generated_trees/preencoded_pt/0596253.pt,/lustre/fsn1/projects/rech/vcu/commun/Co-Phyloformer/generate_treeducken/generated_trees/extreme_cosp_data/cosp_0/0596253.pt,0.0
/lustre/fsn1/projects/rech/vcu/commun/Co-Phyloformer/generate_treeducken/generated_trees/preencoded_pt/0597521.pt,/lustre/fsn1/projects/rech/vcu/commun/Co-Phyloformer/generate_treeducken/generated_trees/extreme_cosp_data/cosp_0/0597521.pt,0.0
/lustre/fsn1/projects/rech/vcu/commun/Co-Phyloformer/generate_treeducken/generated_trees/preencoded_pt/0597557.pt,/lustre/fsn1/projects/rech/vcu/commun/Co-Phyloformer/generate_treeducken/generated_trees/extreme_cosp_data/cosp_0/0597557.pt,0.0
/lustre/fsn1/projects/rech/vcu/commun/Co-Phyloformer/generate_treeducken/generated_trees/preencoded_pt/0597964.pt,/lustre/fsn1/projects/rech/vcu/commun/Co-Phyloformer/generate_treeducken/generated_trees/extreme_cosp_data/cosp_0/0597964.pt,0.0
/lustre/fsn1/projects/rech/vcu/commun/Co-Phyloformer/generate_treeducken/generated_trees/preencoded_pt/0598229.pt,/lustre/fsn1/projects/rech/vcu/commun/Co-Phyloformer/generate_treeducken/generated_trees/extreme_cosp_data/cosp_0/0598229.pt,0.0
/lustre/fsn1/projects/rech/vcu/commun/Co-Phyloformer/generate_treeducken/generated_trees/preencoded_pt/0598252.pt,/lustre/fsn1/projects/rech/vcu/commun/Co-Phyloformer/generate_treeducken/generated_trees/extreme_cosp_data/cosp_0/0598252.pt,0.0
/lustre/fsn1/projects/rech/vcu/commun/Co-Phyloformer/generate_treeducken/generated_trees/preencoded_pt/0599118.pt,/lustre/fsn1/projects/rech/vcu/commun/Co-Phyloformer/generate_treeducken/generated_trees/extreme_cosp_data/cosp_0/0599118.pt,0.0
/lustre/fsn1/projects/rech/vcu/commun/Co-Phyloformer/generate_treeducken/generated_trees/preencoded_pt/0599612.pt,/lustre/fsn1/projects/rech/vcu/commun/Co-Phyloformer/generate_treeducken/generated_trees/extreme_cosp_data/cosp_0/0599612.pt,0.0
/lustre/fsn1/projects/rech/vcu/commun/Co-Phyloformer/generate_treeducken/generated_trees/preencoded_pt/0599828.pt,/lustre/fsn1/projects/rech/vcu/commun/Co-Phyloformer/generate_treeducken/generated_trees/extreme_cosp_data/cosp_0/0599828.pt,0.0
/lustre/fsn1/projects/rech/vcu/commun/Co-Phyloformer/generate_treeducken/generated_trees/preencoded_pt/0600592.pt,/lustre/fsn1/projects/rech/vcu/commun/Co-Phyloformer/generate_treeducken/generated_trees/extreme_cosp_data/cosp_0/0600592.pt,0.0
/lustre/fsn1/projects/rech/vcu/commun/Co-Phyloformer/generate_treeducken/generated_trees/preencoded_pt/0601116.pt,/lustre/fsn1/projects/rech/vcu/commun/Co-Phyloformer/generate_treeducken/generated_trees/extreme_cosp_data/cosp_0/0601116.pt,0.0
/lustre/fsn1/projects/rech/vcu/commun/Co-Phyloformer/generate_treeducken/generated_trees/preencoded_pt/0601648.pt,/lustre/fsn1/projects/rech/vcu/commun/Co-Phyloformer/generate_treeducken/generated_trees/extreme_cosp_data/cosp_0/0601648.pt,0.0
/lustre/fsn1/projects/rech/vcu/commun/Co-Phyloformer/generate_treeducken/generated_trees/preencoded_pt/0602159.pt,/lustre/fsn1/projects/rech/vcu/commun/Co-Phyloformer/generate_treeducken/generated_trees/extreme_cosp_data/cosp_0/0602159.pt,0.0
/lustre/fsn1/projects/rech/vcu/commun/Co-Phyloformer/generate_treeducken/generated_trees/preencoded_pt/0602281.pt,/lustre/fsn1/projects/rech/vcu/commun/Co-Phyloformer/generate_treeducken/generated_trees/extreme_cosp_data/cosp_0/0602281.pt,0.0
/lustre/fsn1/projects/rech/vcu/commun/Co-Phyloformer/generate_treeducken/generated_trees/preencoded_pt/0602368.pt,/lustre/fsn1/projects/rech/vcu/commun/Co-Phyloformer/generate_treeducken/generated_trees/extreme_cosp_data/cosp_0/0602368.pt,0.0
/lustre/fsn1/projects/rech/vcu/commun/Co-Phyloformer/generate_treeducken/generated_trees/preencoded_pt/0602398.pt,/lustre/fsn1/projects/rech/vcu/commun/Co-Phyloformer/generate_treeducken/generated_trees/extreme_cosp_data/cosp_0/0602398.pt,0.0
/lustre/fsn1/projects/rech/vcu/commun/Co-Phyloformer/generate_treeducken/generated_trees/preencoded_pt/0603764.pt,/lustre/fsn1/projects/rech/vcu/commun/Co-Phyloformer/generate_treeducken/generated_trees/extreme_cosp_data/cosp_0/0603764.pt,0.0
/lustre/fsn1/projects/rech/vcu/commun/Co-Phyloformer/generate_treeducken/generated_trees/preencoded_pt/0604106.pt,/lustre/fsn1/projects/rech/vcu/commun/Co-Phyloformer/generate_treeducken/generated_trees/extreme_cosp_data/cosp_0/0604106.pt,0.0
/lustre/fsn1/projects/rech/vcu/commun/Co-Phyloformer/generate_treeducken/generated_trees/preencoded_pt/0605563.pt,/lustre/fsn1/projects/rech/vcu/commun/Co-Phyloformer/generate_treeducken/generated_trees/extreme_cosp_data/cosp_0/0605563.pt,0.0
/lustre/fsn1/projects/rech/vcu/commun/Co-Phyloformer/generate_treeducken/generated_trees/preencoded_pt/0607959.pt,/lustre/fsn1/projects/rech/vcu/commun/Co-Phyloformer/generate_treeducken/generated_trees/extreme_cosp_data/cosp_0/0607959.pt,0.0
/lustre/fsn1/projects/rech/vcu/commun/Co-Phyloformer/generate_treeducken/generated_trees/preencoded_pt/0608373.pt,/lustre/fsn1/projects/rech/vcu/commun/Co-Phyloformer/generate_treeducken/generated_trees/extreme_cosp_data/cosp_0/0608373.pt,0.0
/lustre/fsn1/projects/rech/vcu/commun/Co-Phyloformer/generate_treeducken/generated_trees/preencoded_pt/0608558.pt,/lustre/fsn1/projects/rech/vcu/commun/Co-Phyloformer/generate_treeducken/generated_trees/extreme_cosp_data/cosp_0/0608558.pt,0.0
/lustre/fsn1/projects/rech/vcu/commun/Co-Phyloformer/generate_treeducken/generated_trees/preencoded_pt/0609500.pt,/lustre/fsn1/projects/rech/vcu/commun/Co-Phyloformer/generate_treeducken/generated_trees/extreme_cosp_data/cosp_0/0609500.pt,0.0
/lustre/fsn1/projects/rech/vcu/commun/Co-Phyloformer/generate_treeducken/generated_trees/preencoded_pt/0609995.pt,/lustre/fsn1/projects/rech/vcu/commun/Co-Phyloformer/generate_treeducken/generated_trees/extreme_cosp_data/cosp_0/0609995.pt,0.0
/lustre/fsn1/projects/rech/vcu/commun/Co-Phyloformer/generate_treeducken/generated_trees/preencoded_pt/0610506.pt,/lustre/fsn1/projects/rech/vcu/commun/Co-Phyloformer/generate_treeducken/generated_trees/extreme_cosp_data/cosp_0/0610506.pt,0.0
/lustre/fsn1/projects/rech/vcu/commun/Co-Phyloformer/generate_treeducken/generated_trees/preencoded_pt/0612212.pt,/lustre/fsn1/projects/rech/vcu/commun/Co-Phyloformer/generate_treeducken/generated_trees/extreme_cosp_data/cosp_0/0612212.pt,0.0
/lustre/fsn1/projects/rech/vcu/commun/Co-Phyloformer/generate_treeducken/generated_trees/preencoded_pt/0612744.pt,/lustre/fsn1/projects/rech/vcu/commun/Co-Phyloformer/generate_treeducken/generated_trees/extreme_cosp_data/cosp_0/0612744.pt,0.0
/lustre/fsn1/projects/rech/vcu/commun/Co-Phyloformer/generate_treeducken/generated_trees/preencoded_pt/0613164.pt,/lustre/fsn1/projects/rech/vcu/commun/Co-Phyloformer/generate_treeducken/generated_trees/extreme_cosp_data/cosp_0/0613164.pt,0.0
/lustre/fsn1/projects/rech/vcu/commun/Co-Phyloformer/generate_treeducken/generated_trees/preencoded_pt/0614113.pt,/lustre/fsn1/projects/rech/vcu/commun/Co-Phyloformer/generate_treeducken/generated_trees/extreme_cosp_data/cosp_0/0614113.pt,0.0
/lustre/fsn1/projects/rech/vcu/commun/Co-Phyloformer/generate_treeducken/generated_trees/preencoded_pt/0614398.pt,/lustre/fsn1/projects/rech/vcu/commun/Co-Phyloformer/generate_treeducken/generated_trees/extreme_cosp_data/cosp_0/0614398.pt,0.0
/lustre/fsn1/projects/rech/vcu/commun/Co-Phyloformer/generate_treeducken/generated_trees/preencoded_pt/0618374.pt,/lustre/fsn1/projects/rech/vcu/commun/Co-Phyloformer/generate_treeducken/generated_trees/extreme_cosp_data/cosp_0/0618374.pt,0.0
/lustre/fsn1/projects/rech/vcu/commun/Co-Phyloformer/generate_treeducken/generated_trees/preencoded_pt/0618889.pt,/lustre/fsn1/projects/rech/vcu/commun/Co-Phyloformer/generate_treeducken/generated_trees/extreme_cosp_data/cosp_0/0618889.pt,0.0
/lustre/fsn1/projects/rech/vcu/commun/Co-Phyloformer/generate_treeducken/generated_trees/preencoded_pt/0620408.pt,/lustre/fsn1/projects/rech/vcu/commun/Co-Phyloformer/generate_treeducken/generated_trees/extreme_cosp_data/cosp_0/0620408.pt,0.0
/lustre/fsn1/projects/rech/vcu/commun/Co-Phyloformer/generate_treeducken/generated_trees/preencoded_pt/0623599.pt,/lustre/fsn1/projects/rech/vcu/commun/Co-Phyloformer/generate_treeducken/generated_trees/extreme_cosp_data/cosp_0/0623599.pt,0.0
/lustre/fsn1/projects/rech/vcu/commun/Co-Phyloformer/generate_treeducken/generated_trees/preencoded_pt/0624784.pt,/lustre/fsn1/projects/rech/vcu/commun/Co-Phyloformer/generate_treeducken/generated_trees/extreme_cosp_data/cosp_0/0624784.pt,0.0
/lustre/fsn1/projects/rech/vcu/commun/Co-Phyloformer/generate_treeducken/generated_trees/preencoded_pt/0625295.pt,/lustre/fsn1/projects/rech/vcu/commun/Co-Phyloformer/generate_treeducken/generated_trees/extreme_cosp_data/cosp_0/0625295.pt,0.0
/lustre/fsn1/projects/rech/vcu/commun/Co-Phyloformer/generate_treeducken/generated_trees/preencoded_pt/0625400.pt,/lustre/fsn1/projects/rech/vcu/commun/Co-Phyloformer/generate_treeducken/generated_trees/extreme_cosp_data/cosp_0/0625400.pt,0.0
/lustre/fsn1/projects/rech/vcu/commun/Co-Phyloformer/generate_treeducken/generated_trees/preencoded_pt/0626655.pt,/lustre/fsn1/projects/rech/vcu/commun/Co-Phyloformer/generate_treeducken/generated_trees/extreme_cosp_data/cosp_0/0626655.pt,0.0
/lustre/fsn1/projects/rech/vcu/commun/Co-Phyloformer/generate_treeducken/generated_trees/preencoded_pt/0630832.pt,/lustre/fsn1/projects/rech/vcu/commun/Co-Phyloformer/generate_treeducken/generated_trees/extreme_cosp_data/cosp_0/0630832.pt,0.0
/lustre/fsn1/projects/rech/vcu/commun/Co-Phyloformer/generate_treeducken/generated_trees/preencoded_pt/0631071.pt,/lustre/fsn1/projects/rech/vcu/commun/Co-Phyloformer/generate_treeducken/generated_trees/extreme_cosp_data/cosp_0/0631071.pt,0.0
/lustre/fsn1/projects/rech/vcu/commun/Co-Phyloformer/generate_treeducken/generated_trees/preencoded_pt/0633457.pt,/lustre/fsn1/projects/rech/vcu/commun/Co-Phyloformer/generate_treeducken/generated_trees/extreme_cosp_data/cosp_0/0633457.pt,0.0
/lustre/fsn1/projects/rech/vcu/commun/Co-Phyloformer/generate_treeducken/generated_trees/preencoded_pt/0633823.pt,/lustre/fsn1/projects/rech/vcu/commun/Co-Phyloformer/generate_treeducken/generated_trees/extreme_cosp_data/cosp_0/0633823.pt,0.0
/lustre/fsn1/projects/rech/vcu/commun/Co-Phyloformer/generate_treeducken/generated_trees/preencoded_pt/0633923.pt,/lustre/fsn1/projects/rech/vcu/commun/Co-Phyloformer/generate_treeducken/generated_trees/extreme_cosp_data/cosp_0/0633923.pt,0.0
/lustre/fsn1/projects/rech/vcu/commun/Co-Phyloformer/generate_treeducken/generated_trees/preencoded_pt/0634374.pt,/lustre/fsn1/projects/rech/vcu/commun/Co-Phyloformer/generate_treeducken/generated_trees/extreme_cosp_data/cosp_0/0634374.pt,0.0
/lustre/fsn1/projects/rech/vcu/commun/Co-Phyloformer/generate_treeducken/generated_trees/preencoded_pt/0635443.pt,/lustre/fsn1/projects/rech/vcu/commun/Co-Phyloformer/generate_treeducken/generated_trees/extreme_cosp_data/cosp_0/0635443.pt,0.0
/lustre/fsn1/projects/rech/vcu/commun/Co-Phyloformer/generate_treeducken/generated_trees/preencoded_pt/0636713.pt,/lustre/fsn1/projects/rech/vcu/commun/Co-Phyloformer/generate_treeducken/generated_trees/extreme_cosp_data/cosp_0/0636713.pt,0.0
/lustre/fsn1/projects/rech/vcu/commun/Co-Phyloformer/generate_treeducken/generated_trees/preencoded_pt/0637082.pt,/lustre/fsn1/projects/rech/vcu/commun/Co-Phyloformer/generate_treeducken/generated_trees/extreme_cosp_data/cosp_0/0637082.pt,0.0
/lustre/fsn1/projects/rech/vcu/commun/Co-Phyloformer/generate_treeducken/generated_trees/preencoded_pt/0641131.pt,/lustre/fsn1/projects/rech/vcu/commun/Co-Phyloformer/generate_treeducken/generated_trees/extreme_cosp_data/cosp_0/0641131.pt,0.0
/lustre/fsn1/projects/rech/vcu/commun/Co-Phyloformer/generate_treeducken/generated_trees/preencoded_pt/0641956.pt,/lustre/fsn1/projects/rech/vcu/commun/Co-Phyloformer/generate_treeducken/generated_trees/extreme_cosp_data/cosp_0/0641956.pt,0.0
/lustre/fsn1/projects/rech/vcu/commun/Co-Phyloformer/generate_treeducken/generated_trees/preencoded_pt/0642548.pt,/lustre/fsn1/projects/rech/vcu/commun/Co-Phyloformer/generate_treeducken/generated_trees/extreme_cosp_data/cosp_0/0642548.pt,0.0
/lustre/fsn1/projects/rech/vcu/commun/Co-Phyloformer/generate_treeducken/generated_trees/preencoded_pt/0643384.pt,/lustre/fsn1/projects/rech/vcu/commun/Co-Phyloformer/generate_treeducken/generated_trees/extreme_cosp_data/cosp_0/0643384.pt,0.0
/lustre/fsn1/projects/rech/vcu/commun/Co-Phyloformer/generate_treeducken/generated_trees/preencoded_pt/0643388.pt,/lustre/fsn1/projects/rech/vcu/commun/Co-Phyloformer/generate_treeducken/generated_trees/extreme_cosp_data/cosp_0/0643388.pt,0.0
/lustre/fsn1/projects/rech/vcu/commun/Co-Phyloformer/generate_treeducken/generated_trees/preencoded_pt/0643543.pt,/lustre/fsn1/projects/rech/vcu/commun/Co-Phyloformer/generate_treeducken/generated_trees/extreme_cosp_data/cosp_0/0643543.pt,0.0
/lustre/fsn1/projects/rech/vcu/commun/Co-Phyloformer/generate_treeducken/generated_trees/preencoded_pt/0643995.pt,/lustre/fsn1/projects/rech/vcu/commun/Co-Phyloformer/generate_treeducken/generated_trees/extreme_cosp_data/cosp_0/0643995.pt,0.0
/lustre/fsn1/projects/rech/vcu/commun/Co-Phyloformer/generate_treeducken/generated_trees/preencoded_pt/0644996.pt,/lustre/fsn1/projects/rech/vcu/commun/Co-Phyloformer/generate_treeducken/generated_trees/extreme_cosp_data/cosp_0/0644996.pt,0.0
/lustre/fsn1/projects/rech/vcu/commun/Co-Phyloformer/generate_treeducken/generated_trees/preencoded_pt/0645590.pt,/lustre/fsn1/projects/rech/vcu/commun/Co-Phyloformer/generate_treeducken/generated_trees/extreme_cosp_data/cosp_0/0645590.pt,0.0
/lustre/fsn1/projects/rech/vcu/commun/Co-Phyloformer/generate_treeducken/generated_trees/preencoded_pt/0645745.pt,/lustre/fsn1/projects/rech/vcu/commun/Co-Phyloformer/generate_treeducken/generated_trees/extreme_cosp_data/cosp_0/0645745.pt,0.0
/lustre/fsn1/projects/rech/vcu/commun/Co-Phyloformer/generate_treeducken/generated_trees/preencoded_pt/0646112.pt,/lustre/fsn1/projects/rech/vcu/commun/Co-Phyloformer/generate_treeducken/generated_trees/extreme_cosp_data/cosp_0/0646112.pt,0.0
/lustre/fsn1/projects/rech/vcu/commun/Co-Phyloformer/generate_treeducken/generated_trees/preencoded_pt/0646410.pt,/lustre/fsn1/projects/rech/vcu/commun/Co-Phyloformer/generate_treeducken/generated_trees/extreme_cosp_data/cosp_0/0646410.pt,0.0
/lustre/fsn1/projects/rech/vcu/commun/Co-Phyloformer/generate_treeducken/generated_trees/preencoded_pt/0646980.pt,/lustre/fsn1/projects/rech/vcu/commun/Co-Phyloformer/generate_treeducken/generated_trees/extreme_cosp_data/cosp_0/0646980.pt,0.0
/lustre/fsn1/projects/rech/vcu/commun/Co-Phyloformer/generate_treeducken/generated_trees/preencoded_pt/0647106.pt,/lustre/fsn1/projects/rech/vcu/commun/Co-Phyloformer/generate_treeducken/generated_trees/extreme_cosp_data/cosp_0/0647106.pt,0.0
/lustre/fsn1/projects/rech/vcu/commun/Co-Phyloformer/generate_treeducken/generated_trees/preencoded_pt/0647273.pt,/lustre/fsn1/projects/rech/vcu/commun/Co-Phyloformer/generate_treeducken/generated_trees/extreme_cosp_data/cosp_0/0647273.pt,0.0
/lustre/fsn1/projects/rech/vcu/commun/Co-Phyloformer/generate_treeducken/generated_trees/preencoded_pt/0647354.pt,/lustre/fsn1/projects/rech/vcu/commun/Co-Phyloformer/generate_treeducken/generated_trees/extreme_cosp_data/cosp_0/0647354.pt,0.0
/lustre/fsn1/projects/rech/vcu/commun/Co-Phyloformer/generate_treeducken/generated_trees/preencoded_pt/0648003.pt,/lustre/fsn1/projects/rech/vcu/commun/Co-Phyloformer/generate_treeducken/generated_trees/extreme_cosp_data/cosp_0/0648003.pt,0.0
/lustre/fsn1/projects/rech/vcu/commun/Co-Phyloformer/generate_treeducken/generated_trees/preencoded_pt/0648651.pt,/lustre/fsn1/projects/rech/vcu/commun/Co-Phyloformer/generate_treeducken/generated_trees/extreme_cosp_data/cosp_0/0648651.pt,0.0
/lustre/fsn1/projects/rech/vcu/commun/Co-Phyloformer/generate_treeducken/generated_trees/preencoded_pt/0648750.pt,/lustre/fsn1/projects/rech/vcu/commun/Co-Phyloformer/generate_treeducken/generated_trees/extreme_cosp_data/cosp_0/0648750.pt,0.0
/lustre/fsn1/projects/rech/vcu/commun/Co-Phyloformer/generate_treeducken/generated_trees/preencoded_pt/0649909.pt,/lustre/fsn1/projects/rech/vcu/commun/Co-Phyloformer/generate_treeducken/generated_trees/extreme_cosp_data/cosp_0/0649909.pt,0.0
/lustre/fsn1/projects/rech/vcu/commun/Co-Phyloformer/generate_treeducken/generated_trees/preencoded_pt/0650446.pt,/lustre/fsn1/projects/rech/vcu/commun/Co-Phyloformer/generate_treeducken/generated_trees/extreme_cosp_data/cosp_0/0650446.pt,0.0
/lustre/fsn1/projects/rech/vcu/commun/Co-Phyloformer/generate_treeducken/generated_trees/preencoded_pt/0651167.pt,/lustre/fsn1/projects/rech/vcu/commun/Co-Phyloformer/generate_treeducken/generated_trees/extreme_cosp_data/cosp_0/0651167.pt,0.0
/lustre/fsn1/projects/rech/vcu/commun/Co-Phyloformer/generate_treeducken/generated_trees/preencoded_pt/0651341.pt,/lustre/fsn1/projects/rech/vcu/commun/Co-Phyloformer/generate_treeducken/generated_trees/extreme_cosp_data/cosp_0/0651341.pt,0.0
/lustre/fsn1/projects/rech/vcu/commun/Co-Phyloformer/generate_treeducken/generated_trees/preencoded_pt/0651398.pt,/lustre/fsn1/projects/rech/vcu/commun/Co-Phyloformer/generate_treeducken/generated_trees/extreme_cosp_data/cosp_0/0651398.pt,0.0
/lustre/fsn1/projects/rech/vcu/commun/Co-Phyloformer/generate_treeducken/generated_trees/preencoded_pt/0651821.pt,/lustre/fsn1/projects/rech/vcu/commun/Co-Phyloformer/generate_treeducken/generated_trees/extreme_cosp_data/cosp_0/0651821.pt,0.0
/lustre/fsn1/projects/rech/vcu/commun/Co-Phyloformer/generate_treeducken/generated_trees/preencoded_pt/0652817.pt,/lustre/fsn1/projects/rech/vcu/commun/Co-Phyloformer/generate_treeducken/generated_trees/extreme_cosp_data/cosp_0/0652817.pt,0.0
/lustre/fsn1/projects/rech/vcu/commun/Co-Phyloformer/generate_treeducken/generated_trees/preencoded_pt/0652826.pt,/lustre/fsn1/projects/rech/vcu/commun/Co-Phyloformer/generate_treeducken/generated_trees/extreme_cosp_data/cosp_0/0652826.pt,0.0
/lustre/fsn1/projects/rech/vcu/commun/Co-Phyloformer/generate_treeducken/generated_trees/preencoded_pt/0653259.pt,/lustre/fsn1/projects/rech/vcu/commun/Co-Phyloformer/generate_treeducken/generated_trees/extreme_cosp_data/cosp_0/0653259.pt,0.0
/lustre/fsn1/projects/rech/vcu/commun/Co-Phyloformer/generate_treeducken/generated_trees/preencoded_pt/0654601.pt,/lustre/fsn1/projects/rech/vcu/commun/Co-Phyloformer/generate_treeducken/generated_trees/extreme_cosp_data/cosp_0/0654601.pt,0.0
/lustre/fsn1/projects/rech/vcu/commun/Co-Phyloformer/generate_treeducken/generated_trees/preencoded_pt/0655766.pt,/lustre/fsn1/projects/rech/vcu/commun/Co-Phyloformer/generate_treeducken/generated_trees/extreme_cosp_data/cosp_0/0655766.pt,0.0
/lustre/fsn1/projects/rech/vcu/commun/Co-Phyloformer/generate_treeducken/generated_trees/preencoded_pt/0656555.pt,/lustre/fsn1/projects/rech/vcu/commun/Co-Phyloformer/generate_treeducken/generated_trees/extreme_cosp_data/cosp_0/0656555.pt,0.0
/lustre/fsn1/projects/rech/vcu/commun/Co-Phyloformer/generate_treeducken/generated_trees/preencoded_pt/0657187.pt,/lustre/fsn1/projects/rech/vcu/commun/Co-Phyloformer/generate_treeducken/generated_trees/extreme_cosp_data/cosp_0/0657187.pt,0.0
/lustre/fsn1/projects/rech/vcu/commun/Co-Phyloformer/generate_treeducken/generated_trees/preencoded_pt/0658146.pt,/lustre/fsn1/projects/rech/vcu/commun/Co-Phyloformer/generate_treeducken/generated_trees/extreme_cosp_data/cosp_0/0658146.pt,0.0
/lustre/fsn1/projects/rech/vcu/commun/Co-Phyloformer/generate_treeducken/generated_trees/preencoded_pt/0658304.pt,/lustre/fsn1/projects/rech/vcu/commun/Co-Phyloformer/generate_treeducken/generated_trees/extreme_cosp_data/cosp_0/0658304.pt,0.0
/lustre/fsn1/projects/rech/vcu/commun/Co-Phyloformer/generate_treeducken/generated_trees/preencoded_pt/0658324.pt,/lustre/fsn1/projects/rech/vcu/commun/Co-Phyloformer/generate_treeducken/generated_trees/extreme_cosp_data/cosp_0/0658324.pt,0.0
/lustre/fsn1/projects/rech/vcu/commun/Co-Phyloformer/generate_treeducken/generated_trees/preencoded_pt/0659829.pt,/lustre/fsn1/projects/rech/vcu/commun/Co-Phyloformer/generate_treeducken/generated_trees/extreme_cosp_data/cosp_0/0659829.pt,0.0
/lustre/fsn1/projects/rech/vcu/commun/Co-Phyloformer/generate_treeducken/generated_trees/preencoded_pt/0660183.pt,/lustre/fsn1/projects/rech/vcu/commun/Co-Phyloformer/generate_treeducken/generated_trees/extreme_cosp_data/cosp_0/0660183.pt,0.0
/lustre/fsn1/projects/rech/vcu/commun/Co-Phyloformer/generate_treeducken/generated_trees/preencoded_pt/0661017.pt,/lustre/fsn1/projects/rech/vcu/commun/Co-Phyloformer/generate_treeducken/generated_trees/extreme_cosp_data/cosp_0/0661017.pt,0.0
/lustre/fsn1/projects/rech/vcu/commun/Co-Phyloformer/generate_treeducken/generated_trees/preencoded_pt/0662465.pt,/lustre/fsn1/projects/rech/vcu/commun/Co-Phyloformer/generate_treeducken/generated_trees/extreme_cosp_data/cosp_0/0662465.pt,0.0
/lustre/fsn1/projects/rech/vcu/commun/Co-Phyloformer/generate_treeducken/generated_trees/preencoded_pt/0663032.pt,/lustre/fsn1/projects/rech/vcu/commun/Co-Phyloformer/generate_treeducken/generated_trees/extreme_cosp_data/cosp_0/0663032.pt,0.0
/lustre/fsn1/projects/rech/vcu/commun/Co-Phyloformer/generate_treeducken/generated_trees/preencoded_pt/0663511.pt,/lustre/fsn1/projects/rech/vcu/commun/Co-Phyloformer/generate_treeducken/generated_trees/extreme_cosp_data/cosp_0/0663511.pt,0.0
/lustre/fsn1/projects/rech/vcu/commun/Co-Phyloformer/generate_treeducken/generated_trees/preencoded_pt/0663512.pt,/lustre/fsn1/projects/rech/vcu/commun/Co-Phyloformer/generate_treeducken/generated_trees/extreme_cosp_data/cosp_0/0663512.pt,0.0
/lustre/fsn1/projects/rech/vcu/commun/Co-Phyloformer/generate_treeducken/generated_trees/preencoded_pt/0664820.pt,/lustre/fsn1/projects/rech/vcu/commun/Co-Phyloformer/generate_treeducken/generated_trees/extreme_cosp_data/cosp_0/0664820.pt,0.0
/lustre/fsn1/projects/rech/vcu/commun/Co-Phyloformer/generate_treeducken/generated_trees/preencoded_pt/0665980.pt,/lustre/fsn1/projects/rech/vcu/commun/Co-Phyloformer/generate_treeducken/generated_trees/extreme_cosp_data/cosp_0/0665980.pt,0.0
/lustre/fsn1/projects/rech/vcu/commun/Co-Phyloformer/generate_treeducken/generated_trees/preencoded_pt/0666460.pt,/lustre/fsn1/projects/rech/vcu/commun/Co-Phyloformer/generate_treeducken/generated_trees/extreme_cosp_data/cosp_0/0666460.pt,0.0
/lustre/fsn1/projects/rech/vcu/commun/Co-Phyloformer/generate_treeducken/generated_trees/preencoded_pt/0667342.pt,/lustre/fsn1/projects/rech/vcu/commun/Co-Phyloformer/generate_treeducken/generated_trees/extreme_cosp_data/cosp_0/0667342.pt,0.0
/lustre/fsn1/projects/rech/vcu/commun/Co-Phyloformer/generate_treeducken/generated_trees/preencoded_pt/0668803.pt,/lustre/fsn1/projects/rech/vcu/commun/Co-Phyloformer/generate_treeducken/generated_trees/extreme_cosp_data/cosp_0/0668803.pt,0.0
/lustre/fsn1/projects/rech/vcu/commun/Co-Phyloformer/generate_treeducken/generated_trees/preencoded_pt/0668855.pt,/lustre/fsn1/projects/rech/vcu/commun/Co-Phyloformer/generate_treeducken/generated_trees/extreme_cosp_data/cosp_0/0668855.pt,0.0
/lustre/fsn1/projects/rech/vcu/commun/Co-Phyloformer/generate_treeducken/generated_trees/preencoded_pt/0669933.pt,/lustre/fsn1/projects/rech/vcu/commun/Co-Phyloformer/generate_treeducken/generated_trees/extreme_cosp_data/cosp_0/0669933.pt,0.0
/lustre/fsn1/projects/rech/vcu/commun/Co-Phyloformer/generate_treeducken/generated_trees/preencoded_pt/0669953.pt,/lustre/fsn1/projects/rech/vcu/commun/Co-Phyloformer/generate_treeducken/generated_trees/extreme_cosp_data/cosp_0/0669953.pt,0.0
/lustre/fsn1/projects/rech/vcu/commun/Co-Phyloformer/generate_treeducken/generated_trees/preencoded_pt/0671298.pt,/lustre/fsn1/projects/rech/vcu/commun/Co-Phyloformer/generate_treeducken/generated_trees/extreme_cosp_data/cosp_0/0671298.pt,0.0
/lustre/fsn1/projects/rech/vcu/commun/Co-Phyloformer/generate_treeducken/generated_trees/preencoded_pt/0671427.pt,/lustre/fsn1/projects/rech/vcu/commun/Co-Phyloformer/generate_treeducken/generated_trees/extreme_cosp_data/cosp_0/0671427.pt,0.0
/lustre/fsn1/projects/rech/vcu/commun/Co-Phyloformer/generate_treeducken/generated_trees/preencoded_pt/0672049.pt,/lustre/fsn1/projects/rech/vcu/commun/Co-Phyloformer/generate_treeducken/generated_trees/extreme_cosp_data/cosp_0/0672049.pt,0.0
/lustre/fsn1/projects/rech/vcu/commun/Co-Phyloformer/generate_treeducken/generated_trees/preencoded_pt/0672236.pt,/lustre/fsn1/projects/rech/vcu/commun/Co-Phyloformer/generate_treeducken/generated_trees/extreme_cosp_data/cosp_0/0672236.pt,0.0
/lustre/fsn1/projects/rech/vcu/commun/Co-Phyloformer/generate_treeducken/generated_trees/preencoded_pt/0672549.pt,/lustre/fsn1/projects/rech/vcu/commun/Co-Phyloformer/generate_treeducken/generated_trees/extreme_cosp_data/cosp_0/0672549.pt,0.0
/lustre/fsn1/projects/rech/vcu/commun/Co-Phyloformer/generate_treeducken/generated_trees/preencoded_pt/0674012.pt,/lustre/fsn1/projects/rech/vcu/commun/Co-Phyloformer/generate_treeducken/generated_trees/extreme_cosp_data/cosp_0/0674012.pt,0.0
/lustre/fsn1/projects/rech/vcu/commun/Co-Phyloformer/generate_treeducken/generated_trees/preencoded_pt/0674124.pt,/lustre/fsn1/projects/rech/vcu/commun/Co-Phyloformer/generate_treeducken/generated_trees/extreme_cosp_data/cosp_0/0674124.pt,0.0
/lustre/fsn1/projects/rech/vcu/commun/Co-Phyloformer/generate_treeducken/generated_trees/preencoded_pt/0675062.pt,/lustre/fsn1/projects/rech/vcu/commun/Co-Phyloformer/generate_treeducken/generated_trees/extreme_cosp_data/cosp_0/0675062.pt,0.0
/lustre/fsn1/projects/rech/vcu/commun/Co-Phyloformer/generate_treeducken/generated_trees/preencoded_pt/0676049.pt,/lustre/fsn1/projects/rech/vcu/commun/Co-Phyloformer/generate_treeducken/generated_trees/extreme_cosp_data/cosp_0/0676049.pt,0.0
/lustre/fsn1/projects/rech/vcu/commun/Co-Phyloformer/generate_treeducken/generated_trees/preencoded_pt/0676537.pt,/lustre/fsn1/projects/rech/vcu/commun/Co-Phyloformer/generate_treeducken/generated_trees/extreme_cosp_data/cosp_0/0676537.pt,0.0
/lustre/fsn1/projects/rech/vcu/commun/Co-Phyloformer/generate_treeducken/generated_trees/preencoded_pt/0676895.pt,/lustre/fsn1/projects/rech/vcu/commun/Co-Phyloformer/generate_treeducken/generated_trees/extreme_cosp_data/cosp_0/0676895.pt,0.0
/lustre/fsn1/projects/rech/vcu/commun/Co-Phyloformer/generate_treeducken/generated_trees/preencoded_pt/0677766.pt,/lustre/fsn1/projects/rech/vcu/commun/Co-Phyloformer/generate_treeducken/generated_trees/extreme_cosp_data/cosp_0/0677766.pt,0.0
/lustre/fsn1/projects/rech/vcu/commun/Co-Phyloformer/generate_treeducken/generated_trees/preencoded_pt/0678765.pt,/lustre/fsn1/projects/rech/vcu/commun/Co-Phyloformer/generate_treeducken/generated_trees/extreme_cosp_data/cosp_0/0678765.pt,0.0
/lustre/fsn1/projects/rech/vcu/commun/Co-Phyloformer/generate_treeducken/generated_trees/preencoded_pt/0679271.pt,/lustre/fsn1/projects/rech/vcu/commun/Co-Phyloformer/generate_treeducken/generated_trees/extreme_cosp_data/cosp_0/0679271.pt,0.0
/lustre/fsn1/projects/rech/vcu/commun/Co-Phyloformer/generate_treeducken/generated_trees/preencoded_pt/0680220.pt,/lustre/fsn1/projects/rech/vcu/commun/Co-Phyloformer/generate_treeducken/generated_trees/extreme_cosp_data/cosp_0/0680220.pt,0.0
/lustre/fsn1/projects/rech/vcu/commun/Co-Phyloformer/generate_treeducken/generated_trees/preencoded_pt/0680417.pt,/lustre/fsn1/projects/rech/vcu/commun/Co-Phyloformer/generate_treeducken/generated_trees/extreme_cosp_data/cosp_0/0680417.pt,0.0
/lustre/fsn1/projects/rech/vcu/commun/Co-Phyloformer/generate_treeducken/generated_trees/preencoded_pt/0682150.pt,/lustre/fsn1/projects/rech/vcu/commun/Co-Phyloformer/generate_treeducken/generated_trees/extreme_cosp_data/cosp_0/0682150.pt,0.0
/lustre/fsn1/projects/rech/vcu/commun/Co-Phyloformer/generate_treeducken/generated_trees/preencoded_pt/0684730.pt,/lustre/fsn1/projects/rech/vcu/commun/Co-Phyloformer/generate_treeducken/generated_trees/extreme_cosp_data/cosp_0/0684730.pt,0.0
/lustre/fsn1/projects/rech/vcu/commun/Co-Phyloformer/generate_treeducken/generated_trees/preencoded_pt/0685500.pt,/lustre/fsn1/projects/rech/vcu/commun/Co-Phyloformer/generate_treeducken/generated_trees/extreme_cosp_data/cosp_0/0685500.pt,0.0
/lustre/fsn1/projects/rech/vcu/commun/Co-Phyloformer/generate_treeducken/generated_trees/preencoded_pt/0685538.pt,/lustre/fsn1/projects/rech/vcu/commun/Co-Phyloformer/generate_treeducken/generated_trees/extreme_cosp_data/cosp_0/0685538.pt,0.0
/lustre/fsn1/projects/rech/vcu/commun/Co-Phyloformer/generate_treeducken/generated_trees/preencoded_pt/0686021.pt,/lustre/fsn1/projects/rech/vcu/commun/Co-Phyloformer/generate_treeducken/generated_trees/extreme_cosp_data/cosp_0/0686021.pt,0.0
/lustre/fsn1/projects/rech/vcu/commun/Co-Phyloformer/generate_treeducken/generated_trees/preencoded_pt/0687746.pt,/lustre/fsn1/projects/rech/vcu/commun/Co-Phyloformer/generate_treeducken/generated_trees/extreme_cosp_data/cosp_0/0687746.pt,0.0
/lustre/fsn1/projects/rech/vcu/commun/Co-Phyloformer/generate_treeducken/generated_trees/preencoded_pt/0688155.pt,/lustre/fsn1/projects/rech/vcu/commun/Co-Phyloformer/generate_treeducken/generated_trees/extreme_cosp_data/cosp_0/0688155.pt,0.0
/lustre/fsn1/projects/rech/vcu/commun/Co-Phyloformer/generate_treeducken/generated_trees/preencoded_pt/0690162.pt,/lustre/fsn1/projects/rech/vcu/commun/Co-Phyloformer/generate_treeducken/generated_trees/extreme_cosp_data/cosp_0/0690162.pt,0.0
/lustre/fsn1/projects/rech/vcu/commun/Co-Phyloformer/generate_treeducken/generated_trees/preencoded_pt/0690282.pt,/lustre/fsn1/projects/rech/vcu/commun/Co-Phyloformer/generate_treeducken/generated_trees/extreme_cosp_data/cosp_0/0690282.pt,0.0
/lustre/fsn1/projects/rech/vcu/commun/Co-Phyloformer/generate_treeducken/generated_trees/preencoded_pt/0690900.pt,/lustre/fsn1/projects/rech/vcu/commun/Co-Phyloformer/generate_treeducken/generated_trees/extreme_cosp_data/cosp_0/0690900.pt,0.0
/lustre/fsn1/projects/rech/vcu/commun/Co-Phyloformer/generate_treeducken/generated_trees/preencoded_pt/0691445.pt,/lustre/fsn1/projects/rech/vcu/commun/Co-Phyloformer/generate_treeducken/generated_trees/extreme_cosp_data/cosp_0/0691445.pt,0.0
/lustre/fsn1/projects/rech/vcu/commun/Co-Phyloformer/generate_treeducken/generated_trees/preencoded_pt/0691930.pt,/lustre/fsn1/projects/rech/vcu/commun/Co-Phyloformer/generate_treeducken/generated_trees/extreme_cosp_data/cosp_0/0691930.pt,0.0
/lustre/fsn1/projects/rech/vcu/commun/Co-Phyloformer/generate_treeducken/generated_trees/preencoded_pt/0692171.pt,/lustre/fsn1/projects/rech/vcu/commun/Co-Phyloformer/generate_treeducken/generated_trees/extreme_cosp_data/cosp_0/0692171.pt,0.0
/lustre/fsn1/projects/rech/vcu/commun/Co-Phyloformer/generate_treeducken/generated_trees/preencoded_pt/0693751.pt,/lustre/fsn1/projects/rech/vcu/commun/Co-Phyloformer/generate_treeducken/generated_trees/extreme_cosp_data/cosp_0/0693751.pt,0.0
/lustre/fsn1/projects/rech/vcu/commun/Co-Phyloformer/generate_treeducken/generated_trees/preencoded_pt/0693841.pt,/lustre/fsn1/projects/rech/vcu/commun/Co-Phyloformer/generate_treeducken/generated_trees/extreme_cosp_data/cosp_0/0693841.pt,0.0
/lustre/fsn1/projects/rech/vcu/commun/Co-Phyloformer/generate_treeducken/generated_trees/preencoded_pt/0695069.pt,/lustre/fsn1/projects/rech/vcu/commun/Co-Phyloformer/generate_treeducken/generated_trees/extreme_cosp_data/cosp_0/0695069.pt,0.0
/lustre/fsn1/projects/rech/vcu/commun/Co-Phyloformer/generate_treeducken/generated_trees/preencoded_pt/0695848.pt,/lustre/fsn1/projects/rech/vcu/commun/Co-Phyloformer/generate_treeducken/generated_trees/extreme_cosp_data/cosp_0/0695848.pt,0.0
/lustre/fsn1/projects/rech/vcu/commun/Co-Phyloformer/generate_treeducken/generated_trees/preencoded_pt/0696317.pt,/lustre/fsn1/projects/rech/vcu/commun/Co-Phyloformer/generate_treeducken/generated_trees/extreme_cosp_data/cosp_0/0696317.pt,0.0
/lustre/fsn1/projects/rech/vcu/commun/Co-Phyloformer/generate_treeducken/generated_trees/preencoded_pt/0697969.pt,/lustre/fsn1/projects/rech/vcu/commun/Co-Phyloformer/generate_treeducken/generated_trees/extreme_cosp_data/cosp_0/0697969.pt,0.0
/lustre/fsn1/projects/rech/vcu/commun/Co-Phyloformer/generate_treeducken/generated_trees/preencoded_pt/0699240.pt,/lustre/fsn1/projects/rech/vcu/commun/Co-Phyloformer/generate_treeducken/generated_trees/extreme_cosp_data/cosp_0/0699240.pt,0.0
/lustre/fsn1/projects/rech/vcu/commun/Co-Phyloformer/generate_treeducken/generated_trees/preencoded_pt/0699247.pt,/lustre/fsn1/projects/rech/vcu/commun/Co-Phyloformer/generate_treeducken/generated_trees/extreme_cosp_data/cosp_0/0699247.pt,0.0
/lustre/fsn1/projects/rech/vcu/commun/Co-Phyloformer/generate_treeducken/generated_trees/preencoded_pt/0699950.pt,/lustre/fsn1/projects/rech/vcu/commun/Co-Phyloformer/generate_treeducken/generated_trees/extreme_cosp_data/cosp_0/0699950.pt,0.0
/lustre/fsn1/projects/rech/vcu/commun/Co-Phyloformer/generate_treeducken/generated_trees/preencoded_pt/0700367.pt,/lustre/fsn1/projects/rech/vcu/commun/Co-Phyloformer/generate_treeducken/generated_trees/extreme_cosp_data/cosp_0/0700367.pt,0.0
/lustre/fsn1/projects/rech/vcu/commun/Co-Phyloformer/generate_treeducken/generated_trees/preencoded_pt/0700478.pt,/lustre/fsn1/projects/rech/vcu/commun/Co-Phyloformer/generate_treeducken/generated_trees/extreme_cosp_data/cosp_0/0700478.pt,0.0
/lustre/fsn1/projects/rech/vcu/commun/Co-Phyloformer/generate_treeducken/generated_trees/preencoded_pt/0701742.pt,/lustre/fsn1/projects/rech/vcu/commun/Co-Phyloformer/generate_treeducken/generated_trees/extreme_cosp_data/cosp_0/0701742.pt,0.0
/lustre/fsn1/projects/rech/vcu/commun/Co-Phyloformer/generate_treeducken/generated_trees/preencoded_pt/0701894.pt,/lustre/fsn1/projects/rech/vcu/commun/Co-Phyloformer/generate_treeducken/generated_trees/extreme_cosp_data/cosp_0/0701894.pt,0.0
/lustre/fsn1/projects/rech/vcu/commun/Co-Phyloformer/generate_treeducken/generated_trees/preencoded_pt/0702364.pt,/lustre/fsn1/projects/rech/vcu/commun/Co-Phyloformer/generate_treeducken/generated_trees/extreme_cosp_data/cosp_0/0702364.pt,0.0
/lustre/fsn1/projects/rech/vcu/commun/Co-Phyloformer/generate_treeducken/generated_trees/preencoded_pt/0703637.pt,/lustre/fsn1/projects/rech/vcu/commun/Co-Phyloformer/generate_treeducken/generated_trees/extreme_cosp_data/cosp_0/0703637.pt,0.0
/lustre/fsn1/projects/rech/vcu/commun/Co-Phyloformer/generate_treeducken/generated_trees/preencoded_pt/0704067.pt,/lustre/fsn1/projects/rech/vcu/commun/Co-Phyloformer/generate_treeducken/generated_trees/extreme_cosp_data/cosp_0/0704067.pt,0.0
/lustre/fsn1/projects/rech/vcu/commun/Co-Phyloformer/generate_treeducken/generated_trees/preencoded_pt/0705569.pt,/lustre/fsn1/projects/rech/vcu/commun/Co-Phyloformer/generate_treeducken/generated_trees/extreme_cosp_data/cosp_0/0705569.pt,0.0
/lustre/fsn1/projects/rech/vcu/commun/Co-Phyloformer/generate_treeducken/generated_trees/preencoded_pt/0033841.pt,/lustre/fsn1/projects/rech/vcu/commun/Co-Phyloformer/generate_treeducken/generated_trees/extreme_cosp_data/cosp_1/0033841.pt,1.0
/lustre/fsn1/projects/rech/vcu/commun/Co-Phyloformer/generate_treeducken/generated_trees/preencoded_pt/0026938.pt,/lustre/fsn1/projects/rech/vcu/commun/Co-Phyloformer/generate_treeducken/generated_trees/extreme_cosp_data/cosp_1/0026938.pt,1.0
/lustre/fsn1/projects/rech/vcu/commun/Co-Phyloformer/generate_treeducken/generated_trees/preencoded_pt/0031448.pt,/lustre/fsn1/projects/rech/vcu/commun/Co-Phyloformer/generate_treeducken/generated_trees/extreme_cosp_data/cosp_1/0031448.pt,1.0
/lustre/fsn1/projects/rech/vcu/commun/Co-Phyloformer/generate_treeducken/generated_trees/preencoded_pt/0018782.pt,/lustre/fsn1/projects/rech/vcu/commun/Co-Phyloformer/generate_treeducken/generated_trees/extreme_cosp_data/cosp_1/0018782.pt,1.0
/lustre/fsn1/projects/rech/vcu/commun/Co-Phyloformer/generate_treeducken/generated_trees/preencoded_pt/0004824.pt,/lustre/fsn1/projects/rech/vcu/commun/Co-Phyloformer/generate_treeducken/generated_trees/extreme_cosp_data/cosp_1/0004824.pt,1.0
/lustre/fsn1/projects/rech/vcu/commun/Co-Phyloformer/generate_treeducken/generated_trees/preencoded_pt/0002331.pt,/lustre/fsn1/projects/rech/vcu/commun/Co-Phyloformer/generate_treeducken/generated_trees/extreme_cosp_data/cosp_1/0002331.pt,1.0
/lustre/fsn1/projects/rech/vcu/commun/Co-Phyloformer/generate_treeducken/generated_trees/preencoded_pt/0010077.pt,/lustre/fsn1/projects/rech/vcu/commun/Co-Phyloformer/generate_treeducken/generated_trees/extreme_cosp_data/cosp_1/0010077.pt,1.0
/lustre/fsn1/projects/rech/vcu/commun/Co-Phyloformer/generate_treeducken/generated_trees/preencoded_pt/0006388.pt,/lustre/fsn1/projects/rech/vcu/commun/Co-Phyloformer/generate_treeducken/generated_trees/extreme_cosp_data/cosp_1/0006388.pt,1.0
/lustre/fsn1/projects/rech/vcu/commun/Co-Phyloformer/generate_treeducken/generated_trees/preencoded_pt/0041632.pt,/lustre/fsn1/projects/rech/vcu/commun/Co-Phyloformer/generate_treeducken/generated_trees/extreme_cosp_data/cosp_1/0041632.pt,1.0
/lustre/fsn1/projects/rech/vcu/commun/Co-Phyloformer/generate_treeducken/generated_trees/preencoded_pt/0045857.pt,/lustre/fsn1/projects/rech/vcu/commun/Co-Phyloformer/generate_treeducken/generated_trees/extreme_cosp_data/cosp_1/0045857.pt,1.0
/lustre/fsn1/projects/rech/vcu/commun/Co-Phyloformer/generate_treeducken/generated_trees/preencoded_pt/0048846.pt,/lustre/fsn1/projects/rech/vcu/commun/Co-Phyloformer/generate_treeducken/generated_trees/extreme_cosp_data/cosp_1/0048846.pt,1.0
/lustre/fsn1/projects/rech/vcu/commun/Co-Phyloformer/generate_treeducken/generated_trees/preencoded_pt/0050229.pt,/lustre/fsn1/projects/rech/vcu/commun/Co-Phyloformer/generate_treeducken/generated_trees/extreme_cosp_data/cosp_1/0050229.pt,1.0
/lustre/fsn1/projects/rech/vcu/commun/Co-Phyloformer/generate_treeducken/generated_trees/preencoded_pt/0056749.pt,/lustre/fsn1/projects/rech/vcu/commun/Co-Phyloformer/generate_treeducken/generated_trees/extreme_cosp_data/cosp_1/0056749.pt,1.0
/lustre/fsn1/projects/rech/vcu/commun/Co-Phyloformer/generate_treeducken/generated_trees/preencoded_pt/0056936.pt,/lustre/fsn1/projects/rech/vcu/commun/Co-Phyloformer/generate_treeducken/generated_trees/extreme_cosp_data/cosp_1/0056936.pt,1.0
/lustre/fsn1/projects/rech/vcu/commun/Co-Phyloformer/generate_treeducken/generated_trees/preencoded_pt/0057782.pt,/lustre/fsn1/projects/rech/vcu/commun/Co-Phyloformer/generate_treeducken/generated_trees/extreme_cosp_data/cosp_1/0057782.pt,1.0
/lustre/fsn1/projects/rech/vcu/commun/Co-Phyloformer/generate_treeducken/generated_trees/preencoded_pt/0057982.pt,/lustre/fsn1/projects/rech/vcu/commun/Co-Phyloformer/generate_treeducken/generated_trees/extreme_cosp_data/cosp_1/0057982.pt,1.0
/lustre/fsn1/projects/rech/vcu/commun/Co-Phyloformer/generate_treeducken/generated_trees/preencoded_pt/0065496.pt,/lustre/fsn1/projects/rech/vcu/commun/Co-Phyloformer/generate_treeducken/generated_trees/extreme_cosp_data/cosp_1/0065496.pt,1.0
/lustre/fsn1/projects/rech/vcu/commun/Co-Phyloformer/generate_treeducken/generated_trees/preencoded_pt/0066240.pt,/lustre/fsn1/projects/rech/vcu/commun/Co-Phyloformer/generate_treeducken/generated_trees/extreme_cosp_data/cosp_1/0066240.pt,1.0
/lustre/fsn1/projects/rech/vcu/commun/Co-Phyloformer/generate_treeducken/generated_trees/preencoded_pt/0071121.pt,/lustre/fsn1/projects/rech/vcu/commun/Co-Phyloformer/generate_treeducken/generated_trees/extreme_cosp_data/cosp_1/0071121.pt,1.0
/lustre/fsn1/projects/rech/vcu/commun/Co-Phyloformer/generate_treeducken/generated_trees/preencoded_pt/0071770.pt,/lustre/fsn1/projects/rech/vcu/commun/Co-Phyloformer/generate_treeducken/generated_trees/extreme_cosp_data/cosp_1/0071770.pt,1.0
/lustre/fsn1/projects/rech/vcu/commun/Co-Phyloformer/generate_treeducken/generated_trees/preencoded_pt/0072465.pt,/lustre/fsn1/projects/rech/vcu/commun/Co-Phyloformer/generate_treeducken/generated_trees/extreme_cosp_data/cosp_1/0072465.pt,1.0
/lustre/fsn1/projects/rech/vcu/commun/Co-Phyloformer/generate_treeducken/generated_trees/preencoded_pt/0076743.pt,/lustre/fsn1/projects/rech/vcu/commun/Co-Phyloformer/generate_treeducken/generated_trees/extreme_cosp_data/cosp_1/0076743.pt,1.0
/lustre/fsn1/projects/rech/vcu/commun/Co-Phyloformer/generate_treeducken/generated_trees/preencoded_pt/0077803.pt,/lustre/fsn1/projects/rech/vcu/commun/Co-Phyloformer/generate_treeducken/generated_trees/extreme_cosp_data/cosp_1/0077803.pt,1.0
/lustre/fsn1/projects/rech/vcu/commun/Co-Phyloformer/generate_treeducken/generated_trees/preencoded_pt/0078605.pt,/lustre/fsn1/projects/rech/vcu/commun/Co-Phyloformer/generate_treeducken/generated_trees/extreme_cosp_data/cosp_1/0078605.pt,1.0
/lustre/fsn1/projects/rech/vcu/commun/Co-Phyloformer/generate_treeducken/generated_trees/preencoded_pt/0089360.pt,/lustre/fsn1/projects/rech/vcu/commun/Co-Phyloformer/generate_treeducken/generated_trees/extreme_cosp_data/cosp_1/0089360.pt,1.0
/lustre/fsn1/projects/rech/vcu/commun/Co-Phyloformer/generate_treeducken/generated_trees/preencoded_pt/0093134.pt,/lustre/fsn1/projects/rech/vcu/commun/Co-Phyloformer/generate_treeducken/generated_trees/extreme_cosp_data/cosp_1/0093134.pt,1.0
/lustre/fsn1/projects/rech/vcu/commun/Co-Phyloformer/generate_treeducken/generated_trees/preencoded_pt/0098314.pt,/lustre/fsn1/projects/rech/vcu/commun/Co-Phyloformer/generate_treeducken/generated_trees/extreme_cosp_data/cosp_1/0098314.pt,1.0
/lustre/fsn1/projects/rech/vcu/commun/Co-Phyloformer/generate_treeducken/generated_trees/preencoded_pt/0106893.pt,/lustre/fsn1/projects/rech/vcu/commun/Co-Phyloformer/generate_treeducken/generated_trees/extreme_cosp_data/cosp_1/0106893.pt,1.0
/lustre/fsn1/projects/rech/vcu/commun/Co-Phyloformer/generate_treeducken/generated_trees/preencoded_pt/0107817.pt,/lustre/fsn1/projects/rech/vcu/commun/Co-Phyloformer/generate_treeducken/generated_trees/extreme_cosp_data/cosp_1/0107817.pt,1.0
/lustre/fsn1/projects/rech/vcu/commun/Co-Phyloformer/generate_treeducken/generated_trees/preencoded_pt/0115298.pt,/lustre/fsn1/projects/rech/vcu/commun/Co-Phyloformer/generate_treeducken/generated_trees/extreme_cosp_data/cosp_1/0115298.pt,1.0
/lustre/fsn1/projects/rech/vcu/commun/Co-Phyloformer/generate_treeducken/generated_trees/preencoded_pt/0115704.pt,/lustre/fsn1/projects/rech/vcu/commun/Co-Phyloformer/generate_treeducken/generated_trees/extreme_cosp_data/cosp_1/0115704.pt,1.0
/lustre/fsn1/projects/rech/vcu/commun/Co-Phyloformer/generate_treeducken/generated_trees/preencoded_pt/0116590.pt,/lustre/fsn1/projects/rech/vcu/commun/Co-Phyloformer/generate_treeducken/generated_trees/extreme_cosp_data/cosp_1/0116590.pt,1.0
/lustre/fsn1/projects/rech/vcu/commun/Co-Phyloformer/generate_treeducken/generated_trees/preencoded_pt/0117700.pt,/lustre/fsn1/projects/rech/vcu/commun/Co-Phyloformer/generate_treeducken/generated_trees/extreme_cosp_data/cosp_1/0117700.pt,1.0
/lustre/fsn1/projects/rech/vcu/commun/Co-Phyloformer/generate_treeducken/generated_trees/preencoded_pt/0130542.pt,/lustre/fsn1/projects/rech/vcu/commun/Co-Phyloformer/generate_treeducken/generated_trees/extreme_cosp_data/cosp_1/0130542.pt,1.0
/lustre/fsn1/projects/rech/vcu/commun/Co-Phyloformer/generate_treeducken/generated_trees/preencoded_pt/0131216.pt,/lustre/fsn1/projects/rech/vcu/commun/Co-Phyloformer/generate_treeducken/generated_trees/extreme_cosp_data/cosp_1/0131216.pt,1.0
/lustre/fsn1/projects/rech/vcu/commun/Co-Phyloformer/generate_treeducken/generated_trees/preencoded_pt/0133874.pt,/lustre/fsn1/projects/rech/vcu/commun/Co-Phyloformer/generate_treeducken/generated_trees/extreme_cosp_data/cosp_1/0133874.pt,1.0
/lustre/fsn1/projects/rech/vcu/commun/Co-Phyloformer/generate_treeducken/generated_trees/preencoded_pt/0139397.pt,/lustre/fsn1/projects/rech/vcu/commun/Co-Phyloformer/generate_treeducken/generated_trees/extreme_cosp_data/cosp_1/0139397.pt,1.0
/lustre/fsn1/projects/rech/vcu/commun/Co-Phyloformer/generate_treeducken/generated_trees/preencoded_pt/0145643.pt,/lustre/fsn1/projects/rech/vcu/commun/Co-Phyloformer/generate_treeducken/generated_trees/extreme_cosp_data/cosp_1/0145643.pt,1.0
/lustre/fsn1/projects/rech/vcu/commun/Co-Phyloformer/generate_treeducken/generated_trees/preencoded_pt/0149527.pt,/lustre/fsn1/projects/rech/vcu/commun/Co-Phyloformer/generate_treeducken/generated_trees/extreme_cosp_data/cosp_1/0149527.pt,1.0
/lustre/fsn1/projects/rech/vcu/commun/Co-Phyloformer/generate_treeducken/generated_trees/preencoded_pt/0151695.pt,/lustre/fsn1/projects/rech/vcu/commun/Co-Phyloformer/generate_treeducken/generated_trees/extreme_cosp_data/cosp_1/0151695.pt,1.0
/lustre/fsn1/projects/rech/vcu/commun/Co-Phyloformer/generate_treeducken/generated_trees/preencoded_pt/0155895.pt,/lustre/fsn1/projects/rech/vcu/commun/Co-Phyloformer/generate_treeducken/generated_trees/extreme_cosp_data/cosp_1/0155895.pt,1.0
/lustre/fsn1/projects/rech/vcu/commun/Co-Phyloformer/generate_treeducken/generated_trees/preencoded_pt/0155998.pt,/lustre/fsn1/projects/rech/vcu/commun/Co-Phyloformer/generate_treeducken/generated_trees/extreme_cosp_data/cosp_1/0155998.pt,1.0
/lustre/fsn1/projects/rech/vcu/commun/Co-Phyloformer/generate_treeducken/generated_trees/preencoded_pt/0159528.pt,/lustre/fsn1/projects/rech/vcu/commun/Co-Phyloformer/generate_treeducken/generated_trees/extreme_cosp_data/cosp_1/0159528.pt,1.0
/lustre/fsn1/projects/rech/vcu/commun/Co-Phyloformer/generate_treeducken/generated_trees/preencoded_pt/0159960.pt,/lustre/fsn1/projects/rech/vcu/commun/Co-Phyloformer/generate_treeducken/generated_trees/extreme_cosp_data/cosp_1/0159960.pt,1.0
/lustre/fsn1/projects/rech/vcu/commun/Co-Phyloformer/generate_treeducken/generated_trees/preencoded_pt/0164563.pt,/lustre/fsn1/projects/rech/vcu/commun/Co-Phyloformer/generate_treeducken/generated_trees/extreme_cosp_data/cosp_1/0164563.pt,1.0
/lustre/fsn1/projects/rech/vcu/commun/Co-Phyloformer/generate_treeducken/generated_trees/preencoded_pt/0167337.pt,/lustre/fsn1/projects/rech/vcu/commun/Co-Phyloformer/generate_treeducken/generated_trees/extreme_cosp_data/cosp_1/0167337.pt,1.0
/lustre/fsn1/projects/rech/vcu/commun/Co-Phyloformer/generate_treeducken/generated_trees/preencoded_pt/0172037.pt,/lustre/fsn1/projects/rech/vcu/commun/Co-Phyloformer/generate_treeducken/generated_trees/extreme_cosp_data/cosp_1/0172037.pt,1.0
/lustre/fsn1/projects/rech/vcu/commun/Co-Phyloformer/generate_treeducken/generated_trees/preencoded_pt/0175311.pt,/lustre/fsn1/projects/rech/vcu/commun/Co-Phyloformer/generate_treeducken/generated_trees/extreme_cosp_data/cosp_1/0175311.pt,1.0
/lustre/fsn1/projects/rech/vcu/commun/Co-Phyloformer/generate_treeducken/generated_trees/preencoded_pt/0175738.pt,/lustre/fsn1/projects/rech/vcu/commun/Co-Phyloformer/generate_treeducken/generated_trees/extreme_cosp_data/cosp_1/0175738.pt,1.0
/lustre/fsn1/projects/rech/vcu/commun/Co-Phyloformer/generate_treeducken/generated_trees/preencoded_pt/0177822.pt,/lustre/fsn1/projects/rech/vcu/commun/Co-Phyloformer/generate_treeducken/generated_trees/extreme_cosp_data/cosp_1/0177822.pt,1.0
/lustre/fsn1/projects/rech/vcu/commun/Co-Phyloformer/generate_treeducken/generated_trees/preencoded_pt/0179327.pt,/lustre/fsn1/projects/rech/vcu/commun/Co-Phyloformer/generate_treeducken/generated_trees/extreme_cosp_data/cosp_1/0179327.pt,1.0
/lustre/fsn1/projects/rech/vcu/commun/Co-Phyloformer/generate_treeducken/generated_trees/preencoded_pt/0201077.pt,/lustre/fsn1/projects/rech/vcu/commun/Co-Phyloformer/generate_treeducken/generated_trees/extreme_cosp_data/cosp_1/0201077.pt,1.0
/lustre/fsn1/projects/rech/vcu/commun/Co-Phyloformer/generate_treeducken/generated_trees/preencoded_pt/0202236.pt,/lustre/fsn1/projects/rech/vcu/commun/Co-Phyloformer/generate_treeducken/generated_trees/extreme_cosp_data/cosp_1/0202236.pt,1.0
/lustre/fsn1/projects/rech/vcu/commun/Co-Phyloformer/generate_treeducken/generated_trees/preencoded_pt/0206303.pt,/lustre/fsn1/projects/rech/vcu/commun/Co-Phyloformer/generate_treeducken/generated_trees/extreme_cosp_data/cosp_1/0206303.pt,1.0
/lustre/fsn1/projects/rech/vcu/commun/Co-Phyloformer/generate_treeducken/generated_trees/preencoded_pt/0206956.pt,/lustre/fsn1/projects/rech/vcu/commun/Co-Phyloformer/generate_treeducken/generated_trees/extreme_cosp_data/cosp_1/0206956.pt,1.0
/lustre/fsn1/projects/rech/vcu/commun/Co-Phyloformer/generate_treeducken/generated_trees/preencoded_pt/0219941.pt,/lustre/fsn1/projects/rech/vcu/commun/Co-Phyloformer/generate_treeducken/generated_trees/extreme_cosp_data/cosp_1/0219941.pt,1.0
/lustre/fsn1/projects/rech/vcu/commun/Co-Phyloformer/generate_treeducken/generated_trees/preencoded_pt/0222570.pt,/lustre/fsn1/projects/rech/vcu/commun/Co-Phyloformer/generate_treeducken/generated_trees/extreme_cosp_data/cosp_1/0222570.pt,1.0
/lustre/fsn1/projects/rech/vcu/commun/Co-Phyloformer/generate_treeducken/generated_trees/preencoded_pt/0228462.pt,/lustre/fsn1/projects/rech/vcu/commun/Co-Phyloformer/generate_treeducken/generated_trees/extreme_cosp_data/cosp_1/0228462.pt,1.0
/lustre/fsn1/projects/rech/vcu/commun/Co-Phyloformer/generate_treeducken/generated_trees/preencoded_pt/0233259.pt,/lustre/fsn1/projects/rech/vcu/commun/Co-Phyloformer/generate_treeducken/generated_trees/extreme_cosp_data/cosp_1/0233259.pt,1.0
/lustre/fsn1/projects/rech/vcu/commun/Co-Phyloformer/generate_treeducken/generated_trees/preencoded_pt/0236904.pt,/lustre/fsn1/projects/rech/vcu/commun/Co-Phyloformer/generate_treeducken/generated_trees/extreme_cosp_data/cosp_1/0236904.pt,1.0
/lustre/fsn1/projects/rech/vcu/commun/Co-Phyloformer/generate_treeducken/generated_trees/preencoded_pt/0240276.pt,/lustre/fsn1/projects/rech/vcu/commun/Co-Phyloformer/generate_treeducken/generated_trees/extreme_cosp_data/cosp_1/0240276.pt,1.0
/lustre/fsn1/projects/rech/vcu/commun/Co-Phyloformer/generate_treeducken/generated_trees/preencoded_pt/0240394.pt,/lustre/fsn1/projects/rech/vcu/commun/Co-Phyloformer/generate_treeducken/generated_trees/extreme_cosp_data/cosp_1/0240394.pt,1.0
/lustre/fsn1/projects/rech/vcu/commun/Co-Phyloformer/generate_treeducken/generated_trees/preencoded_pt/0244721.pt,/lustre/fsn1/projects/rech/vcu/commun/Co-Phyloformer/generate_treeducken/generated_trees/extreme_cosp_data/cosp_1/0244721.pt,1.0
/lustre/fsn1/projects/rech/vcu/commun/Co-Phyloformer/generate_treeducken/generated_trees/preencoded_pt/0244742.pt,/lustre/fsn1/projects/rech/vcu/commun/Co-Phyloformer/generate_treeducken/generated_trees/extreme_cosp_data/cosp_1/0244742.pt,1.0
/lustre/fsn1/projects/rech/vcu/commun/Co-Phyloformer/generate_treeducken/generated_trees/preencoded_pt/0248047.pt,/lustre/fsn1/projects/rech/vcu/commun/Co-Phyloformer/generate_treeducken/generated_trees/extreme_cosp_data/cosp_1/0248047.pt,1.0
/lustre/fsn1/projects/rech/vcu/commun/Co-Phyloformer/generate_treeducken/generated_trees/preencoded_pt/0250817.pt,/lustre/fsn1/projects/rech/vcu/commun/Co-Phyloformer/generate_treeducken/generated_trees/extreme_cosp_data/cosp_1/0250817.pt,1.0
/lustre/fsn1/projects/rech/vcu/commun/Co-Phyloformer/generate_treeducken/generated_trees/preencoded_pt/0257749.pt,/lustre/fsn1/projects/rech/vcu/commun/Co-Phyloformer/generate_treeducken/generated_trees/extreme_cosp_data/cosp_1/0257749.pt,1.0
/lustre/fsn1/projects/rech/vcu/commun/Co-Phyloformer/generate_treeducken/generated_trees/preencoded_pt/0259109.pt,/lustre/fsn1/projects/rech/vcu/commun/Co-Phyloformer/generate_treeducken/generated_trees/extreme_cosp_data/cosp_1/0259109.pt,1.0
/lustre/fsn1/projects/rech/vcu/commun/Co-Phyloformer/generate_treeducken/generated_trees/preencoded_pt/0264133.pt,/lustre/fsn1/projects/rech/vcu/commun/Co-Phyloformer/generate_treeducken/generated_trees/extreme_cosp_data/cosp_1/0264133.pt,1.0
/lustre/fsn1/projects/rech/vcu/commun/Co-Phyloformer/generate_treeducken/generated_trees/preencoded_pt/0266635.pt,/lustre/fsn1/projects/rech/vcu/commun/Co-Phyloformer/generate_treeducken/generated_trees/extreme_cosp_data/cosp_1/0266635.pt,1.0
/lustre/fsn1/projects/rech/vcu/commun/Co-Phyloformer/generate_treeducken/generated_trees/preencoded_pt/0268602.pt,/lustre/fsn1/projects/rech/vcu/commun/Co-Phyloformer/generate_treeducken/generated_trees/extreme_cosp_data/cosp_1/0268602.pt,1.0
/lustre/fsn1/projects/rech/vcu/commun/Co-Phyloformer/generate_treeducken/generated_trees/preencoded_pt/0273329.pt,/lustre/fsn1/projects/rech/vcu/commun/Co-Phyloformer/generate_treeducken/generated_trees/extreme_cosp_data/cosp_1/0273329.pt,1.0
/lustre/fsn1/projects/rech/vcu/commun/Co-Phyloformer/generate_treeducken/generated_trees/preencoded_pt/0276058.pt,/lustre/fsn1/projects/rech/vcu/commun/Co-Phyloformer/generate_treeducken/generated_trees/extreme_cosp_data/cosp_1/0276058.pt,1.0
/lustre/fsn1/projects/rech/vcu/commun/Co-Phyloformer/generate_treeducken/generated_trees/preencoded_pt/0285916.pt,/lustre/fsn1/projects/rech/vcu/commun/Co-Phyloformer/generate_treeducken/generated_trees/extreme_cosp_data/cosp_1/0285916.pt,1.0
/lustre/fsn1/projects/rech/vcu/commun/Co-Phyloformer/generate_treeducken/generated_trees/preencoded_pt/0289158.pt,/lustre/fsn1/projects/rech/vcu/commun/Co-Phyloformer/generate_treeducken/generated_trees/extreme_cosp_data/cosp_1/0289158.pt,1.0
/lustre/fsn1/projects/rech/vcu/commun/Co-Phyloformer/generate_treeducken/generated_trees/preencoded_pt/0301031.pt,/lustre/fsn1/projects/rech/vcu/commun/Co-Phyloformer/generate_treeducken/generated_trees/extreme_cosp_data/cosp_1/0301031.pt,1.0
/lustre/fsn1/projects/rech/vcu/commun/Co-Phyloformer/generate_treeducken/generated_trees/preencoded_pt/0302264.pt,/lustre/fsn1/projects/rech/vcu/commun/Co-Phyloformer/generate_treeducken/generated_trees/extreme_cosp_data/cosp_1/0302264.pt,1.0
/lustre/fsn1/projects/rech/vcu/commun/Co-Phyloformer/generate_treeducken/generated_trees/preencoded_pt/0303200.pt,/lustre/fsn1/projects/rech/vcu/commun/Co-Phyloformer/generate_treeducken/generated_trees/extreme_cosp_data/cosp_1/0303200.pt,1.0
/lustre/fsn1/projects/rech/vcu/commun/Co-Phyloformer/generate_treeducken/generated_trees/preencoded_pt/0304833.pt,/lustre/fsn1/projects/rech/vcu/commun/Co-Phyloformer/generate_treeducken/generated_trees/extreme_cosp_data/cosp_1/0304833.pt,1.0
/lustre/fsn1/projects/rech/vcu/commun/Co-Phyloformer/generate_treeducken/generated_trees/preencoded_pt/0308451.pt,/lustre/fsn1/projects/rech/vcu/commun/Co-Phyloformer/generate_treeducken/generated_trees/extreme_cosp_data/cosp_1/0308451.pt,1.0
/lustre/fsn1/projects/rech/vcu/commun/Co-Phyloformer/generate_treeducken/generated_trees/preencoded_pt/0314093.pt,/lustre/fsn1/projects/rech/vcu/commun/Co-Phyloformer/generate_treeducken/generated_trees/extreme_cosp_data/cosp_1/0314093.pt,1.0
/lustre/fsn1/projects/rech/vcu/commun/Co-Phyloformer/generate_treeducken/generated_trees/preencoded_pt/0314588.pt,/lustre/fsn1/projects/rech/vcu/commun/Co-Phyloformer/generate_treeducken/generated_trees/extreme_cosp_data/cosp_1/0314588.pt,1.0
/lustre/fsn1/projects/rech/vcu/commun/Co-Phyloformer/generate_treeducken/generated_trees/preencoded_pt/0318450.pt,/lustre/fsn1/projects/rech/vcu/commun/Co-Phyloformer/generate_treeducken/generated_trees/extreme_cosp_data/cosp_1/0318450.pt,1.0
/lustre/fsn1/projects/rech/vcu/commun/Co-Phyloformer/generate_treeducken/generated_trees/preencoded_pt/0331521.pt,/lustre/fsn1/projects/rech/vcu/commun/Co-Phyloformer/generate_treeducken/generated_trees/extreme_cosp_data/cosp_1/0331521.pt,1.0
/lustre/fsn1/projects/rech/vcu/commun/Co-Phyloformer/generate_treeducken/generated_trees/preencoded_pt/0333226.pt,/lustre/fsn1/projects/rech/vcu/commun/Co-Phyloformer/generate_treeducken/generated_trees/extreme_cosp_data/cosp_1/0333226.pt,1.0
/lustre/fsn1/projects/rech/vcu/commun/Co-Phyloformer/generate_treeducken/generated_trees/preencoded_pt/0335829.pt,/lustre/fsn1/projects/rech/vcu/commun/Co-Phyloformer/generate_treeducken/generated_trees/extreme_cosp_data/cosp_1/0335829.pt,1.0
/lustre/fsn1/projects/rech/vcu/commun/Co-Phyloformer/generate_treeducken/generated_trees/preencoded_pt/0339636.pt,/lustre/fsn1/projects/rech/vcu/commun/Co-Phyloformer/generate_treeducken/generated_trees/extreme_cosp_data/cosp_1/0339636.pt,1.0
/lustre/fsn1/projects/rech/vcu/commun/Co-Phyloformer/generate_treeducken/generated_trees/preencoded_pt/0344107.pt,/lustre/fsn1/projects/rech/vcu/commun/Co-Phyloformer/generate_treeducken/generated_trees/extreme_cosp_data/cosp_1/0344107.pt,1.0
/lustre/fsn1/projects/rech/vcu/commun/Co-Phyloformer/generate_treeducken/generated_trees/preencoded_pt/0345915.pt,/lustre/fsn1/projects/rech/vcu/commun/Co-Phyloformer/generate_treeducken/generated_trees/extreme_cosp_data/cosp_1/0345915.pt,1.0
/lustre/fsn1/projects/rech/vcu/commun/Co-Phyloformer/generate_treeducken/generated_trees/preencoded_pt/0352543.pt,/lustre/fsn1/projects/rech/vcu/commun/Co-Phyloformer/generate_treeducken/generated_trees/extreme_cosp_data/cosp_1/0352543.pt,1.0
/lustre/fsn1/projects/rech/vcu/commun/Co-Phyloformer/generate_treeducken/generated_trees/preencoded_pt/0355136.pt,/lustre/fsn1/projects/rech/vcu/commun/Co-Phyloformer/generate_treeducken/generated_trees/extreme_cosp_data/cosp_1/0355136.pt,1.0
/lustre/fsn1/projects/rech/vcu/commun/Co-Phyloformer/generate_treeducken/generated_trees/preencoded_pt/0370050.pt,/lustre/fsn1/projects/rech/vcu/commun/Co-Phyloformer/generate_treeducken/generated_trees/extreme_cosp_data/cosp_1/0370050.pt,1.0
/lustre/fsn1/projects/rech/vcu/commun/Co-Phyloformer/generate_treeducken/generated_trees/preencoded_pt/0374171.pt,/lustre/fsn1/projects/rech/vcu/commun/Co-Phyloformer/generate_treeducken/generated_trees/extreme_cosp_data/cosp_1/0374171.pt,1.0
/lustre/fsn1/projects/rech/vcu/commun/Co-Phyloformer/generate_treeducken/generated_trees/preencoded_pt/0384615.pt,/lustre/fsn1/projects/rech/vcu/commun/Co-Phyloformer/generate_treeducken/generated_trees/extreme_cosp_data/cosp_1/0384615.pt,1.0
/lustre/fsn1/projects/rech/vcu/commun/Co-Phyloformer/generate_treeducken/generated_trees/preencoded_pt/0392215.pt,/lustre/fsn1/projects/rech/vcu/commun/Co-Phyloformer/generate_treeducken/generated_trees/extreme_cosp_data/cosp_1/0392215.pt,1.0
/lustre/fsn1/projects/rech/vcu/commun/Co-Phyloformer/generate_treeducken/generated_trees/preencoded_pt/0392967.pt,/lustre/fsn1/projects/rech/vcu/commun/Co-Phyloformer/generate_treeducken/generated_trees/extreme_cosp_data/cosp_1/0392967.pt,1.0
/lustre/fsn1/projects/rech/vcu/commun/Co-Phyloformer/generate_treeducken/generated_trees/preencoded_pt/0394760.pt,/lustre/fsn1/projects/rech/vcu/commun/Co-Phyloformer/generate_treeducken/generated_trees/extreme_cosp_data/cosp_1/0394760.pt,1.0
/lustre/fsn1/projects/rech/vcu/commun/Co-Phyloformer/generate_treeducken/generated_trees/preencoded_pt/0395532.pt,/lustre/fsn1/projects/rech/vcu/commun/Co-Phyloformer/generate_treeducken/generated_trees/extreme_cosp_data/cosp_1/0395532.pt,1.0
/lustre/fsn1/projects/rech/vcu/commun/Co-Phyloformer/generate_treeducken/generated_trees/preencoded_pt/0398199.pt,/lustre/fsn1/projects/rech/vcu/commun/Co-Phyloformer/generate_treeducken/generated_trees/extreme_cosp_data/cosp_1/0398199.pt,1.0
/lustre/fsn1/projects/rech/vcu/commun/Co-Phyloformer/generate_treeducken/generated_trees/preencoded_pt/0412537.pt,/lustre/fsn1/projects/rech/vcu/commun/Co-Phyloformer/generate_treeducken/generated_trees/extreme_cosp_data/cosp_1/0412537.pt,1.0
/lustre/fsn1/projects/rech/vcu/commun/Co-Phyloformer/generate_treeducken/generated_trees/preencoded_pt/0420457.pt,/lustre/fsn1/projects/rech/vcu/commun/Co-Phyloformer/generate_treeducken/generated_trees/extreme_cosp_data/cosp_1/0420457.pt,1.0
/lustre/fsn1/projects/rech/vcu/commun/Co-Phyloformer/generate_treeducken/generated_trees/preencoded_pt/0433962.pt,/lustre/fsn1/projects/rech/vcu/commun/Co-Phyloformer/generate_treeducken/generated_trees/extreme_cosp_data/cosp_1/0433962.pt,1.0
/lustre/fsn1/projects/rech/vcu/commun/Co-Phyloformer/generate_treeducken/generated_trees/preencoded_pt/0436588.pt,/lustre/fsn1/projects/rech/vcu/commun/Co-Phyloformer/generate_treeducken/generated_trees/extreme_cosp_data/cosp_1/0436588.pt,1.0
/lustre/fsn1/projects/rech/vcu/commun/Co-Phyloformer/generate_treeducken/generated_trees/preencoded_pt/0438495.pt,/lustre/fsn1/projects/rech/vcu/commun/Co-Phyloformer/generate_treeducken/generated_trees/extreme_cosp_data/cosp_1/0438495.pt,1.0
/lustre/fsn1/projects/rech/vcu/commun/Co-Phyloformer/generate_treeducken/generated_trees/preencoded_pt/0439735.pt,/lustre/fsn1/projects/rech/vcu/commun/Co-Phyloformer/generate_treeducken/generated_trees/extreme_cosp_data/cosp_1/0439735.pt,1.0
/lustre/fsn1/projects/rech/vcu/commun/Co-Phyloformer/generate_treeducken/generated_trees/preencoded_pt/0440150.pt,/lustre/fsn1/projects/rech/vcu/commun/Co-Phyloformer/generate_treeducken/generated_trees/extreme_cosp_data/cosp_1/0440150.pt,1.0
/lustre/fsn1/projects/rech/vcu/commun/Co-Phyloformer/generate_treeducken/generated_trees/preencoded_pt/0442710.pt,/lustre/fsn1/projects/rech/vcu/commun/Co-Phyloformer/generate_treeducken/generated_trees/extreme_cosp_data/cosp_1/0442710.pt,1.0
/lustre/fsn1/projects/rech/vcu/commun/Co-Phyloformer/generate_treeducken/generated_trees/preencoded_pt/0447128.pt,/lustre/fsn1/projects/rech/vcu/commun/Co-Phyloformer/generate_treeducken/generated_trees/extreme_cosp_data/cosp_1/0447128.pt,1.0
/lustre/fsn1/projects/rech/vcu/commun/Co-Phyloformer/generate_treeducken/generated_trees/preencoded_pt/0447847.pt,/lustre/fsn1/projects/rech/vcu/commun/Co-Phyloformer/generate_treeducken/generated_trees/extreme_cosp_data/cosp_1/0447847.pt,1.0
/lustre/fsn1/projects/rech/vcu/commun/Co-Phyloformer/generate_treeducken/generated_trees/preencoded_pt/0449396.pt,/lustre/fsn1/projects/rech/vcu/commun/Co-Phyloformer/generate_treeducken/generated_trees/extreme_cosp_data/cosp_1/0449396.pt,1.0
/lustre/fsn1/projects/rech/vcu/commun/Co-Phyloformer/generate_treeducken/generated_trees/preencoded_pt/0450993.pt,/lustre/fsn1/projects/rech/vcu/commun/Co-Phyloformer/generate_treeducken/generated_trees/extreme_cosp_data/cosp_1/0450993.pt,1.0
/lustre/fsn1/projects/rech/vcu/commun/Co-Phyloformer/generate_treeducken/generated_trees/preencoded_pt/0458603.pt,/lustre/fsn1/projects/rech/vcu/commun/Co-Phyloformer/generate_treeducken/generated_trees/extreme_cosp_data/cosp_1/0458603.pt,1.0
/lustre/fsn1/projects/rech/vcu/commun/Co-Phyloformer/generate_treeducken/generated_trees/preencoded_pt/0462895.pt,/lustre/fsn1/projects/rech/vcu/commun/Co-Phyloformer/generate_treeducken/generated_trees/extreme_cosp_data/cosp_1/0462895.pt,1.0
/lustre/fsn1/projects/rech/vcu/commun/Co-Phyloformer/generate_treeducken/generated_trees/preencoded_pt/0466814.pt,/lustre/fsn1/projects/rech/vcu/commun/Co-Phyloformer/generate_treeducken/generated_trees/extreme_cosp_data/cosp_1/0466814.pt,1.0
/lustre/fsn1/projects/rech/vcu/commun/Co-Phyloformer/generate_treeducken/generated_trees/preencoded_pt/0471399.pt,/lustre/fsn1/projects/rech/vcu/commun/Co-Phyloformer/generate_treeducken/generated_trees/extreme_cosp_data/cosp_1/0471399.pt,1.0
/lustre/fsn1/projects/rech/vcu/commun/Co-Phyloformer/generate_treeducken/generated_trees/preencoded_pt/0477403.pt,/lustre/fsn1/projects/rech/vcu/commun/Co-Phyloformer/generate_treeducken/generated_trees/extreme_cosp_data/cosp_1/0477403.pt,1.0
/lustre/fsn1/projects/rech/vcu/commun/Co-Phyloformer/generate_treeducken/generated_trees/preencoded_pt/0489871.pt,/lustre/fsn1/projects/rech/vcu/commun/Co-Phyloformer/generate_treeducken/generated_trees/extreme_cosp_data/cosp_1/0489871.pt,1.0
/lustre/fsn1/projects/rech/vcu/commun/Co-Phyloformer/generate_treeducken/generated_trees/preencoded_pt/0498349.pt,/lustre/fsn1/projects/rech/vcu/commun/Co-Phyloformer/generate_treeducken/generated_trees/extreme_cosp_data/cosp_1/0498349.pt,1.0
/lustre/fsn1/projects/rech/vcu/commun/Co-Phyloformer/generate_treeducken/generated_trees/preencoded_pt/0501646.pt,/lustre/fsn1/projects/rech/vcu/commun/Co-Phyloformer/generate_treeducken/generated_trees/extreme_cosp_data/cosp_1/0501646.pt,1.0
/lustre/fsn1/projects/rech/vcu/commun/Co-Phyloformer/generate_treeducken/generated_trees/preencoded_pt/0509550.pt,/lustre/fsn1/projects/rech/vcu/commun/Co-Phyloformer/generate_treeducken/generated_trees/extreme_cosp_data/cosp_1/0509550.pt,1.0
/lustre/fsn1/projects/rech/vcu/commun/Co-Phyloformer/generate_treeducken/generated_trees/preencoded_pt/0514254.pt,/lustre/fsn1/projects/rech/vcu/commun/Co-Phyloformer/generate_treeducken/generated_trees/extreme_cosp_data/cosp_1/0514254.pt,1.0
/lustre/fsn1/projects/rech/vcu/commun/Co-Phyloformer/generate_treeducken/generated_trees/preencoded_pt/0518835.pt,/lustre/fsn1/projects/rech/vcu/commun/Co-Phyloformer/generate_treeducken/generated_trees/extreme_cosp_data/cosp_1/0518835.pt,1.0
/lustre/fsn1/projects/rech/vcu/commun/Co-Phyloformer/generate_treeducken/generated_trees/preencoded_pt/0531207.pt,/lustre/fsn1/projects/rech/vcu/commun/Co-Phyloformer/generate_treeducken/generated_trees/extreme_cosp_data/cosp_1/0531207.pt,1.0
/lustre/fsn1/projects/rech/vcu/commun/Co-Phyloformer/generate_treeducken/generated_trees/preencoded_pt/0531523.pt,/lustre/fsn1/projects/rech/vcu/commun/Co-Phyloformer/generate_treeducken/generated_trees/extreme_cosp_data/cosp_1/0531523.pt,1.0
/lustre/fsn1/projects/rech/vcu/commun/Co-Phyloformer/generate_treeducken/generated_trees/preencoded_pt/0537846.pt,/lustre/fsn1/projects/rech/vcu/commun/Co-Phyloformer/generate_treeducken/generated_trees/extreme_cosp_data/cosp_1/0537846.pt,1.0
/lustre/fsn1/projects/rech/vcu/commun/Co-Phyloformer/generate_treeducken/generated_trees/preencoded_pt/0539263.pt,/lustre/fsn1/projects/rech/vcu/commun/Co-Phyloformer/generate_treeducken/generated_trees/extreme_cosp_data/cosp_1/0539263.pt,1.0
/lustre/fsn1/projects/rech/vcu/commun/Co-Phyloformer/generate_treeducken/generated_trees/preencoded_pt/0544896.pt,/lustre/fsn1/projects/rech/vcu/commun/Co-Phyloformer/generate_treeducken/generated_trees/extreme_cosp_data/cosp_1/0544896.pt,1.0
/lustre/fsn1/projects/rech/vcu/commun/Co-Phyloformer/generate_treeducken/generated_trees/preencoded_pt/0546121.pt,/lustre/fsn1/projects/rech/vcu/commun/Co-Phyloformer/generate_treeducken/generated_trees/extreme_cosp_data/cosp_1/0546121.pt,1.0
/lustre/fsn1/projects/rech/vcu/commun/Co-Phyloformer/generate_treeducken/generated_trees/preencoded_pt/0549908.pt,/lustre/fsn1/projects/rech/vcu/commun/Co-Phyloformer/generate_treeducken/generated_trees/extreme_cosp_data/cosp_1/0549908.pt,1.0
/lustre/fsn1/projects/rech/vcu/commun/Co-Phyloformer/generate_treeducken/generated_trees/preencoded_pt/0558267.pt,/lustre/fsn1/projects/rech/vcu/commun/Co-Phyloformer/generate_treeducken/generated_trees/extreme_cosp_data/cosp_1/0558267.pt,1.0
/lustre/fsn1/projects/rech/vcu/commun/Co-Phyloformer/generate_treeducken/generated_trees/preencoded_pt/0558278.pt,/lustre/fsn1/projects/rech/vcu/commun/Co-Phyloformer/generate_treeducken/generated_trees/extreme_cosp_data/cosp_1/0558278.pt,1.0
/lustre/fsn1/projects/rech/vcu/commun/Co-Phyloformer/generate_treeducken/generated_trees/preencoded_pt/0559708.pt,/lustre/fsn1/projects/rech/vcu/commun/Co-Phyloformer/generate_treeducken/generated_trees/extreme_cosp_data/cosp_1/0559708.pt,1.0
/lustre/fsn1/projects/rech/vcu/commun/Co-Phyloformer/generate_treeducken/generated_trees/preencoded_pt/0562504.pt,/lustre/fsn1/projects/rech/vcu/commun/Co-Phyloformer/generate_treeducken/generated_trees/extreme_cosp_data/cosp_1/0562504.pt,1.0
/lustre/fsn1/projects/rech/vcu/commun/Co-Phyloformer/generate_treeducken/generated_trees/preencoded_pt/0563323.pt,/lustre/fsn1/projects/rech/vcu/commun/Co-Phyloformer/generate_treeducken/generated_trees/extreme_cosp_data/cosp_1/0563323.pt,1.0
/lustre/fsn1/projects/rech/vcu/commun/Co-Phyloformer/generate_treeducken/generated_trees/preencoded_pt/0568033.pt,/lustre/fsn1/projects/rech/vcu/commun/Co-Phyloformer/generate_treeducken/generated_trees/extreme_cosp_data/cosp_1/0568033.pt,1.0
/lustre/fsn1/projects/rech/vcu/commun/Co-Phyloformer/generate_treeducken/generated_trees/preencoded_pt/0569736.pt,/lustre/fsn1/projects/rech/vcu/commun/Co-Phyloformer/generate_treeducken/generated_trees/extreme_cosp_data/cosp_1/0569736.pt,1.0
/lustre/fsn1/projects/rech/vcu/commun/Co-Phyloformer/generate_treeducken/generated_trees/preencoded_pt/0571170.pt,/lustre/fsn1/projects/rech/vcu/commun/Co-Phyloformer/generate_treeducken/generated_trees/extreme_cosp_data/cosp_1/0571170.pt,1.0
/lustre/fsn1/projects/rech/vcu/commun/Co-Phyloformer/generate_treeducken/generated_trees/preencoded_pt/0573300.pt,/lustre/fsn1/projects/rech/vcu/commun/Co-Phyloformer/generate_treeducken/generated_trees/extreme_cosp_data/cosp_1/0573300.pt,1.0
/lustre/fsn1/projects/rech/vcu/commun/Co-Phyloformer/generate_treeducken/generated_trees/preencoded_pt/0576132.pt,/lustre/fsn1/projects/rech/vcu/commun/Co-Phyloformer/generate_treeducken/generated_trees/extreme_cosp_data/cosp_1/0576132.pt,1.0
/lustre/fsn1/projects/rech/vcu/commun/Co-Phyloformer/generate_treeducken/generated_trees/preencoded_pt/0576160.pt,/lustre/fsn1/projects/rech/vcu/commun/Co-Phyloformer/generate_treeducken/generated_trees/extreme_cosp_data/cosp_1/0576160.pt,1.0
/lustre/fsn1/projects/rech/vcu/commun/Co-Phyloformer/generate_treeducken/generated_trees/preencoded_pt/0582864.pt,/lustre/fsn1/projects/rech/vcu/commun/Co-Phyloformer/generate_treeducken/generated_trees/extreme_cosp_data/cosp_1/0582864.pt,1.0
/lustre/fsn1/projects/rech/vcu/commun/Co-Phyloformer/generate_treeducken/generated_trees/preencoded_pt/0583896.pt,/lustre/fsn1/projects/rech/vcu/commun/Co-Phyloformer/generate_treeducken/generated_trees/extreme_cosp_data/cosp_1/0583896.pt,1.0
/lustre/fsn1/projects/rech/vcu/commun/Co-Phyloformer/generate_treeducken/generated_trees/preencoded_pt/0585517.pt,/lustre/fsn1/projects/rech/vcu/commun/Co-Phyloformer/generate_treeducken/generated_trees/extreme_cosp_data/cosp_1/0585517.pt,1.0
/lustre/fsn1/projects/rech/vcu/commun/Co-Phyloformer/generate_treeducken/generated_trees/preencoded_pt/0588591.pt,/lustre/fsn1/projects/rech/vcu/commun/Co-Phyloformer/generate_treeducken/generated_trees/extreme_cosp_data/cosp_1/0588591.pt,1.0
/lustre/fsn1/projects/rech/vcu/commun/Co-Phyloformer/generate_treeducken/generated_trees/preencoded_pt/0599403.pt,/lustre/fsn1/projects/rech/vcu/commun/Co-Phyloformer/generate_treeducken/generated_trees/extreme_cosp_data/cosp_1/0599403.pt,1.0
/lustre/fsn1/projects/rech/vcu/commun/Co-Phyloformer/generate_treeducken/generated_trees/preencoded_pt/0613165.pt,/lustre/fsn1/projects/rech/vcu/commun/Co-Phyloformer/generate_treeducken/generated_trees/extreme_cosp_data/cosp_1/0613165.pt,1.0
/lustre/fsn1/projects/rech/vcu/commun/Co-Phyloformer/generate_treeducken/generated_trees/preencoded_pt/0613788.pt,/lustre/fsn1/projects/rech/vcu/commun/Co-Phyloformer/generate_treeducken/generated_trees/extreme_cosp_data/cosp_1/0613788.pt,1.0
/lustre/fsn1/projects/rech/vcu/commun/Co-Phyloformer/generate_treeducken/generated_trees/preencoded_pt/0621463.pt,/lustre/fsn1/projects/rech/vcu/commun/Co-Phyloformer/generate_treeducken/generated_trees/extreme_cosp_data/cosp_1/0621463.pt,1.0
/lustre/fsn1/projects/rech/vcu/commun/Co-Phyloformer/generate_treeducken/generated_trees/preencoded_pt/0625135.pt,/lustre/fsn1/projects/rech/vcu/commun/Co-Phyloformer/generate_treeducken/generated_trees/extreme_cosp_data/cosp_1/0625135.pt,1.0
/lustre/fsn1/projects/rech/vcu/commun/Co-Phyloformer/generate_treeducken/generated_trees/preencoded_pt/0629620.pt,/lustre/fsn1/projects/rech/vcu/commun/Co-Phyloformer/generate_treeducken/generated_trees/extreme_cosp_data/cosp_1/0629620.pt,1.0
/lustre/fsn1/projects/rech/vcu/commun/Co-Phyloformer/generate_treeducken/generated_trees/preencoded_pt/0630220.pt,/lustre/fsn1/projects/rech/vcu/commun/Co-Phyloformer/generate_treeducken/generated_trees/extreme_cosp_data/cosp_1/0630220.pt,1.0
/lustre/fsn1/projects/rech/vcu/commun/Co-Phyloformer/generate_treeducken/generated_trees/preencoded_pt/0634178.pt,/lustre/fsn1/projects/rech/vcu/commun/Co-Phyloformer/generate_treeducken/generated_trees/extreme_cosp_data/cosp_1/0634178.pt,1.0
/lustre/fsn1/projects/rech/vcu/commun/Co-Phyloformer/generate_treeducken/generated_trees/preencoded_pt/0635975.pt,/lustre/fsn1/projects/rech/vcu/commun/Co-Phyloformer/generate_treeducken/generated_trees/extreme_cosp_data/cosp_1/0635975.pt,1.0
/lustre/fsn1/projects/rech/vcu/commun/Co-Phyloformer/generate_treeducken/generated_trees/preencoded_pt/0640814.pt,/lustre/fsn1/projects/rech/vcu/commun/Co-Phyloformer/generate_treeducken/generated_trees/extreme_cosp_data/cosp_1/0640814.pt,1.0
/lustre/fsn1/projects/rech/vcu/commun/Co-Phyloformer/generate_treeducken/generated_trees/preencoded_pt/0642857.pt,/lustre/fsn1/projects/rech/vcu/commun/Co-Phyloformer/generate_treeducken/generated_trees/extreme_cosp_data/cosp_1/0642857.pt,1.0
/lustre/fsn1/projects/rech/vcu/commun/Co-Phyloformer/generate_treeducken/generated_trees/preencoded_pt/0643108.pt,/lustre/fsn1/projects/rech/vcu/commun/Co-Phyloformer/generate_treeducken/generated_trees/extreme_cosp_data/cosp_1/0643108.pt,1.0
/lustre/fsn1/projects/rech/vcu/commun/Co-Phyloformer/generate_treeducken/generated_trees/preencoded_pt/0644045.pt,/lustre/fsn1/projects/rech/vcu/commun/Co-Phyloformer/generate_treeducken/generated_trees/extreme_cosp_data/cosp_1/0644045.pt,1.0
/lustre/fsn1/projects/rech/vcu/commun/Co-Phyloformer/generate_treeducken/generated_trees/preencoded_pt/0644251.pt,/lustre/fsn1/projects/rech/vcu/commun/Co-Phyloformer/generate_treeducken/generated_trees/extreme_cosp_data/cosp_1/0644251.pt,1.0
/lustre/fsn1/projects/rech/vcu/commun/Co-Phyloformer/generate_treeducken/generated_trees/preencoded_pt/0648454.pt,/lustre/fsn1/projects/rech/vcu/commun/Co-Phyloformer/generate_treeducken/generated_trees/extreme_cosp_data/cosp_1/0648454.pt,1.0
/lustre/fsn1/projects/rech/vcu/commun/Co-Phyloformer/generate_treeducken/generated_trees/preencoded_pt/0650303.pt,/lustre/fsn1/projects/rech/vcu/commun/Co-Phyloformer/generate_treeducken/generated_trees/extreme_cosp_data/cosp_1/0650303.pt,1.0
/lustre/fsn1/projects/rech/vcu/commun/Co-Phyloformer/generate_treeducken/generated_trees/preencoded_pt/0666137.pt,/lustre/fsn1/projects/rech/vcu/commun/Co-Phyloformer/generate_treeducken/generated_trees/extreme_cosp_data/cosp_1/0666137.pt,1.0
/lustre/fsn1/projects/rech/vcu/commun/Co-Phyloformer/generate_treeducken/generated_trees/preencoded_pt/0676060.pt,/lustre/fsn1/projects/rech/vcu/commun/Co-Phyloformer/generate_treeducken/generated_trees/extreme_cosp_data/cosp_1/0676060.pt,1.0
/lustre/fsn1/projects/rech/vcu/commun/Co-Phyloformer/generate_treeducken/generated_trees/preencoded_pt/0685411.pt,/lustre/fsn1/projects/rech/vcu/commun/Co-Phyloformer/generate_treeducken/generated_trees/extreme_cosp_data/cosp_1/0685411.pt,1.0
/lustre/fsn1/projects/rech/vcu/commun/Co-Phyloformer/generate_treeducken/generated_trees/preencoded_pt/0686996.pt,/lustre/fsn1/projects/rech/vcu/commun/Co-Phyloformer/generate_treeducken/generated_trees/extreme_cosp_data/cosp_1/0686996.pt,1.0
/lustre/fsn1/projects/rech/vcu/commun/Co-Phyloformer/generate_treeducken/generated_trees/preencoded_pt/0688869.pt,/lustre/fsn1/projects/rech/vcu/commun/Co-Phyloformer/generate_treeducken/generated_trees/extreme_cosp_data/cosp_1/0688869.pt,1.0
/lustre/fsn1/projects/rech/vcu/commun/Co-Phyloformer/generate_treeducken/generated_trees/preencoded_pt/0689636.pt,/lustre/fsn1/projects/rech/vcu/commun/Co-Phyloformer/generate_treeducken/generated_trees/extreme_cosp_data/cosp_1/0689636.pt,1.0
/lustre/fsn1/projects/rech/vcu/commun/Co-Phyloformer/generate_treeducken/generated_trees/preencoded_pt/0691119.pt,/lustre/fsn1/projects/rech/vcu/commun/Co-Phyloformer/generate_treeducken/generated_trees/extreme_cosp_data/cosp_1/0691119.pt,1.0
/lustre/fsn1/projects/rech/vcu/commun/Co-Phyloformer/generate_treeducken/generated_trees/preencoded_pt/0696213.pt,/lustre/fsn1/projects/rech/vcu/commun/Co-Phyloformer/generate_treeducken/generated_trees/extreme_cosp_data/cosp_1/0696213.pt,1.0
/lustre/fsn1/projects/rech/vcu/commun/Co-Phyloformer/generate_treeducken/generated_trees/preencoded_pt/0696286.pt,/lustre/fsn1/projects/rech/vcu/commun/Co-Phyloformer/generate_treeducken/generated_trees/extreme_cosp_data/cosp_1/0696286.pt,1.0
