+ module purge
+ unset _mlshdbg
+ '[' 0 = 1 ']'
+ unset _mlre _mlIFS
+ '[' -n x ']'
+ _mlIFS=' 	
'
+ IFS=' '
+ for _mlv in ${MODULES_RUN_QUARANTINE:-}
+ '[' LD_LIBRARY_PATH = LD_LIBRARY_PATH -a LD_LIBRARY_PATH = LD_LIBRARY_PATH ']'
++ eval 'echo ${LD_LIBRARY_PATH+x}'
+++ echo x
+ '[' -n x ']'
++ eval 'echo ${LD_LIBRARY_PATH}'
+++ echo /lib64/slurm
+ _mlre='LD_LIBRARY_PATH_modquar='\''/lib64/slurm'\'' '
+ _mlrv=MODULES_RUNENV_LD_LIBRARY_PATH
++ eval 'echo ${MODULES_RUNENV_LD_LIBRARY_PATH:-}'
+++ echo
+ _mlre='LD_LIBRARY_PATH_modquar='\''/lib64/slurm'\'' LD_LIBRARY_PATH='\'''\'' '
+ for _mlv in ${MODULES_RUN_QUARANTINE:-}
+ '[' LD_PRELOAD = LD_PRELOAD -a LD_PRELOAD = LD_PRELOAD ']'
++ eval 'echo ${LD_PRELOAD+x}'
+++ echo
+ '[' -n '' ']'
+ _mlrv=MODULES_RUNENV_LD_PRELOAD
++ eval 'echo ${MODULES_RUNENV_LD_PRELOAD:-}'
+++ echo
+ _mlre='LD_LIBRARY_PATH_modquar='\''/lib64/slurm'\'' LD_LIBRARY_PATH='\'''\'' LD_PRELOAD='\'''\'' '
+ '[' -n 'LD_LIBRARY_PATH_modquar='\''/lib64/slurm'\'' LD_LIBRARY_PATH='\'''\'' LD_PRELOAD='\'''\'' ' ']'
++ eval 'LD_LIBRARY_PATH_modquar='\''/lib64/slurm'\''' 'LD_LIBRARY_PATH='\'''\''' 'LD_PRELOAD='\'''\''' /lustre/fshomisc/sup/spack_soft/tcl/8.6.12/gcc-11.3.1-q2dfxcqelx36bbjbos7m22mn62tp5z2g/bin/tclsh /lustre/fshomisc/sup/spack_soft/environment-modules/4.3.1/gcc-11.3.1-wf7m7j6whgecysm2fm5n73sm4jg7txup/libexec/modulecmd.tcl bash '"$@"'
+++ LD_LIBRARY_PATH_modquar=/lib64/slurm
+++ LD_LIBRARY_PATH=
+++ LD_PRELOAD=
+++ /lustre/fshomisc/sup/spack_soft/tcl/8.6.12/gcc-11.3.1-q2dfxcqelx36bbjbos7m22mn62tp5z2g/bin/tclsh /lustre/fshomisc/sup/spack_soft/environment-modules/4.3.1/gcc-11.3.1-wf7m7j6whgecysm2fm5n73sm4jg7txup/libexec/modulecmd.tcl bash purge
+ eval
+ _mlstatus=0
+ '[' -n x ']'
+ IFS=' 	
'
+ unset _mlre _mlv _mlrv _mlIFS
+ '[' -n '' ']'
+ unset _mlshdbg
+ return 0
+ module load arch/h100
+ unset _mlshdbg
+ '[' 0 = 1 ']'
+ unset _mlre _mlIFS
+ '[' -n x ']'
+ _mlIFS=' 	
'
+ IFS=' '
+ for _mlv in ${MODULES_RUN_QUARANTINE:-}
+ '[' LD_LIBRARY_PATH = LD_LIBRARY_PATH -a LD_LIBRARY_PATH = LD_LIBRARY_PATH ']'
++ eval 'echo ${LD_LIBRARY_PATH+x}'
+++ echo x
+ '[' -n x ']'
++ eval 'echo ${LD_LIBRARY_PATH}'
+++ echo /lib64/slurm
+ _mlre='LD_LIBRARY_PATH_modquar='\''/lib64/slurm'\'' '
+ _mlrv=MODULES_RUNENV_LD_LIBRARY_PATH
++ eval 'echo ${MODULES_RUNENV_LD_LIBRARY_PATH:-}'
+++ echo
+ _mlre='LD_LIBRARY_PATH_modquar='\''/lib64/slurm'\'' LD_LIBRARY_PATH='\'''\'' '
+ for _mlv in ${MODULES_RUN_QUARANTINE:-}
+ '[' LD_PRELOAD = LD_PRELOAD -a LD_PRELOAD = LD_PRELOAD ']'
++ eval 'echo ${LD_PRELOAD+x}'
+++ echo
+ '[' -n '' ']'
+ _mlrv=MODULES_RUNENV_LD_PRELOAD
++ eval 'echo ${MODULES_RUNENV_LD_PRELOAD:-}'
+++ echo
+ _mlre='LD_LIBRARY_PATH_modquar='\''/lib64/slurm'\'' LD_LIBRARY_PATH='\'''\'' LD_PRELOAD='\'''\'' '
+ '[' -n 'LD_LIBRARY_PATH_modquar='\''/lib64/slurm'\'' LD_LIBRARY_PATH='\'''\'' LD_PRELOAD='\'''\'' ' ']'
++ eval 'LD_LIBRARY_PATH_modquar='\''/lib64/slurm'\''' 'LD_LIBRARY_PATH='\'''\''' 'LD_PRELOAD='\'''\''' /lustre/fshomisc/sup/spack_soft/tcl/8.6.12/gcc-11.3.1-q2dfxcqelx36bbjbos7m22mn62tp5z2g/bin/tclsh /lustre/fshomisc/sup/spack_soft/environment-modules/4.3.1/gcc-11.3.1-wf7m7j6whgecysm2fm5n73sm4jg7txup/libexec/modulecmd.tcl bash '"$@"'
+++ LD_LIBRARY_PATH_modquar=/lib64/slurm
+++ LD_LIBRARY_PATH=
+++ LD_PRELOAD=
+++ /lustre/fshomisc/sup/spack_soft/tcl/8.6.12/gcc-11.3.1-q2dfxcqelx36bbjbos7m22mn62tp5z2g/bin/tclsh /lustre/fshomisc/sup/spack_soft/environment-modules/4.3.1/gcc-11.3.1-wf7m7j6whgecysm2fm5n73sm4jg7txup/libexec/modulecmd.tcl bash load arch/h100
+ eval '_LMFILES__modshare=/lustre/fshomisc/sup/hpe/pub/module-rh/modulefiles/arch/h100:1;' export '_LMFILES__modshare;
LOADEDMODULES_modshare=arch/h100:1;' export 'LOADEDMODULES_modshare;
MODULES_LMCONFLICT_modshare=arch/h100\&arch\&cpuarch:1;' export 'MODULES_LMCONFLICT_modshare;
unset' 'MODULEPATH_modshare;
_LMFILES_=/lustre/fshomisc/sup/hpe/pub/module-rh/modulefiles/arch/h100;' export '_LMFILES_;
LOADEDMODULES=arch/h100;' export 'LOADEDMODULES;
MODULES_LMCONFLICT=arch/h100\&arch\&cpuarch;' export 'MODULES_LMCONFLICT;
MODULEPATH=/lustre/fshomisc/sup/pub/modules-rh/modulefiles:/lustre/fshomisc/sup/pub/modules-idris-env4/modulefiles/linux-rhel9-sapphirerapids;' export 'MODULEPATH;
test' '0;'
++ _LMFILES__modshare=/lustre/fshomisc/sup/hpe/pub/module-rh/modulefiles/arch/h100:1
++ export _LMFILES__modshare
++ LOADEDMODULES_modshare=arch/h100:1
++ export LOADEDMODULES_modshare
++ MODULES_LMCONFLICT_modshare='arch/h100&arch&cpuarch:1'
++ export MODULES_LMCONFLICT_modshare
++ unset MODULEPATH_modshare
++ _LMFILES_=/lustre/fshomisc/sup/hpe/pub/module-rh/modulefiles/arch/h100
++ export _LMFILES_
++ LOADEDMODULES=arch/h100
++ export LOADEDMODULES
++ MODULES_LMCONFLICT='arch/h100&arch&cpuarch'
++ export MODULES_LMCONFLICT
++ MODULEPATH=/lustre/fshomisc/sup/pub/modules-rh/modulefiles:/lustre/fshomisc/sup/pub/modules-idris-env4/modulefiles/linux-rhel9-sapphirerapids
++ export MODULEPATH
++ test 0
+ _mlstatus=0
+ '[' -n x ']'
+ IFS=' 	
'
+ unset _mlre _mlv _mlrv _mlIFS
+ '[' -n '' ']'
+ unset _mlshdbg
+ return 0
+ module load pytorch-gpu/py3/2.4.0
+ unset _mlshdbg
+ '[' 0 = 1 ']'
+ unset _mlre _mlIFS
+ '[' -n x ']'
+ _mlIFS=' 	
'
+ IFS=' '
+ for _mlv in ${MODULES_RUN_QUARANTINE:-}
+ '[' LD_LIBRARY_PATH = LD_LIBRARY_PATH -a LD_LIBRARY_PATH = LD_LIBRARY_PATH ']'
++ eval 'echo ${LD_LIBRARY_PATH+x}'
+++ echo x
+ '[' -n x ']'
++ eval 'echo ${LD_LIBRARY_PATH}'
+++ echo /lib64/slurm
+ _mlre='LD_LIBRARY_PATH_modquar='\''/lib64/slurm'\'' '
+ _mlrv=MODULES_RUNENV_LD_LIBRARY_PATH
++ eval 'echo ${MODULES_RUNENV_LD_LIBRARY_PATH:-}'
+++ echo
+ _mlre='LD_LIBRARY_PATH_modquar='\''/lib64/slurm'\'' LD_LIBRARY_PATH='\'''\'' '
+ for _mlv in ${MODULES_RUN_QUARANTINE:-}
+ '[' LD_PRELOAD = LD_PRELOAD -a LD_PRELOAD = LD_PRELOAD ']'
++ eval 'echo ${LD_PRELOAD+x}'
+++ echo
+ '[' -n '' ']'
+ _mlrv=MODULES_RUNENV_LD_PRELOAD
++ eval 'echo ${MODULES_RUNENV_LD_PRELOAD:-}'
+++ echo
+ _mlre='LD_LIBRARY_PATH_modquar='\''/lib64/slurm'\'' LD_LIBRARY_PATH='\'''\'' LD_PRELOAD='\'''\'' '
+ '[' -n 'LD_LIBRARY_PATH_modquar='\''/lib64/slurm'\'' LD_LIBRARY_PATH='\'''\'' LD_PRELOAD='\'''\'' ' ']'
++ eval 'LD_LIBRARY_PATH_modquar='\''/lib64/slurm'\''' 'LD_LIBRARY_PATH='\'''\''' 'LD_PRELOAD='\'''\''' /lustre/fshomisc/sup/spack_soft/tcl/8.6.12/gcc-11.3.1-q2dfxcqelx36bbjbos7m22mn62tp5z2g/bin/tclsh /lustre/fshomisc/sup/spack_soft/environment-modules/4.3.1/gcc-11.3.1-wf7m7j6whgecysm2fm5n73sm4jg7txup/libexec/modulecmd.tcl bash '"$@"'
+++ LD_LIBRARY_PATH_modquar=/lib64/slurm
+++ LD_LIBRARY_PATH=
+++ LD_PRELOAD=
+++ /lustre/fshomisc/sup/spack_soft/tcl/8.6.12/gcc-11.3.1-q2dfxcqelx36bbjbos7m22mn62tp5z2g/bin/tclsh /lustre/fshomisc/sup/spack_soft/environment-modules/4.3.1/gcc-11.3.1-wf7m7j6whgecysm2fm5n73sm4jg7txup/libexec/modulecmd.tcl bash load pytorch-gpu/py3/2.4.0
Loading pytorch-gpu/py3/2.4.0
  Loading requirement: cuda/12.4.1 nccl/2.21.5-1-cuda cudnn/9.2.0.82-cuda
    gcc/11.4.1 openmpi/4.1.5-cuda intel-oneapi-mkl/2024.1 magma/2.8.0-cuda
    sox/14.4.2 hdf5/1.12.0-mpi-cuda libjpeg-turbo/2.1.3 ffmpeg/6.1.1
+ eval 'CPATH=/lustre/fshomisc/sup/spack_soft/ffmpeg/6.1.1/gcc-11.3.1-qiwdxtfnyolmjn6b6iivucbar3kuy27w/include:/lustre/fshomisc/sup/spack_soft/libjpeg-turbo/2.1.3/gcc-11.3.1-kllvyzt5qynfyl6abf6k2d7h3j3k4fde/include:/lustre/fshomisc/sup/spack_soft/hdf5/1.12.0/gcc-11.4.1-jjsqd67hwparjhrar3onqygfcynzqfxp/include/shared:/lustre/fshomisc/sup/spack_soft/hdf5/1.12.0/gcc-11.4.1-jjsqd67hwparjhrar3onqygfcynzqfxp/include/static:/lustre/fshomisc/sup/spack_soft/hdf5/1.12.0/gcc-11.4.1-jjsqd67hwparjhrar3onqygfcynzqfxp/include:/lustre/fshomisc/sup/spack_soft/sox/14.4.2/gcc-11.3.1-bwjlqaxoxhuwne7m5xyhdj3qx5hkoxkt/include:/lustre/fshomisc/sup/spack_soft/magma/2.8.0/gcc-11.3.1-tkvylffw2dlcubz4s2djq3ok2hcpp7vv/include:/lustre/fshomisc/sys/intel/oneapi/2024.1/mkl/2024.1/include:/lustre/fshomisc/sup/spack_soft/openmpi/4.1.5/gcc-11.4.1-6ymlsrmwi27hevtasblzlk44qgx2cpvd/include:/lustre/fshomisc/sup/spack_soft/cudnn/9.2.0.82-12/gcc-11.3.1-v6phuyxmgp323kqpncv3ockz6zdst6dl/include:/lustre/fshomisc/sup/spack_soft/nccl/2.21.5-1/gcc-11.4.1-7w64gfngrqkyq7nzwxirlv6rnqvqjhi4/include;' export 'CPATH;
SLURM_MPI_TYPE=pmix_v3;' export 'SLURM_MPI_TYPE;
CMAKE_PREFIX_PATH=/lustre/fshomisc/sup/spack_soft/ffmpeg/6.1.1/gcc-11.3.1-qiwdxtfnyolmjn6b6iivucbar3kuy27w/:/lustre/fshomisc/sup/spack_soft/libjpeg-turbo/2.1.3/gcc-11.3.1-kllvyzt5qynfyl6abf6k2d7h3j3k4fde/:/lustre/fshomisc/sup/spack_soft/hdf5/1.12.0/gcc-11.4.1-jjsqd67hwparjhrar3onqygfcynzqfxp/:/lustre/fshomisc/sup/spack_soft/sox/14.4.2/gcc-11.3.1-bwjlqaxoxhuwne7m5xyhdj3qx5hkoxkt/:/lustre/fshomisc/sup/spack_soft/magma/2.8.0/gcc-11.3.1-tkvylffw2dlcubz4s2djq3ok2hcpp7vv/:/lustre/fshomisc/sup/spack_soft/openmpi/4.1.5/gcc-11.4.1-6ymlsrmwi27hevtasblzlk44qgx2cpvd/:/lustre/fshomisc/sup/spack_soft/cudnn/9.2.0.82-12/gcc-11.3.1-v6phuyxmgp323kqpncv3ockz6zdst6dl/:/lustre/fshomisc/sup/spack_soft/nccl/2.21.5-1/gcc-11.4.1-7w64gfngrqkyq7nzwxirlv6rnqvqjhi4/;' export 'CMAKE_PREFIX_PATH;
OPENMPI_ROOT=/lustre/fshomisc/sup/spack_soft/openmpi/4.1.5/gcc-11.4.1-6ymlsrmwi27hevtasblzlk44qgx2cpvd;' export 'OPENMPI_ROOT;
MODULES_LMALTNAME_modshare=gcc/11.4.1\&gcc/11.3.1:1;' export 'MODULES_LMALTNAME_modshare;
MAGMA_ROOT=/lustre/fshomisc/sup/spack_soft/magma/2.8.0/gcc-11.3.1-tkvylffw2dlcubz4s2djq3ok2hcpp7vv;' export 'MAGMA_ROOT;
PMIX_MCA_psec=native;' export 'PMIX_MCA_psec;
C_INCLUDE_PATH=/lustre/fshomisc/sys/cuda/12.4.1/include;' export 'C_INCLUDE_PATH;
CMAKE_PREFIX_PATH_modshare=/lustre/fshomisc/sup/spack_soft/libjpeg-turbo/2.1.3/gcc-11.3.1-kllvyzt5qynfyl6abf6k2d7h3j3k4fde/:1:/lustre/fshomisc/sup/spack_soft/openmpi/4.1.5/gcc-11.4.1-6ymlsrmwi27hevtasblzlk44qgx2cpvd/:1:/lustre/fshomisc/sup/spack_soft/cudnn/9.2.0.82-12/gcc-11.3.1-v6phuyxmgp323kqpncv3ockz6zdst6dl/:1:/lustre/fshomisc/sup/spack_soft/nccl/2.21.5-1/gcc-11.4.1-7w64gfngrqkyq7nzwxirlv6rnqvqjhi4/:1:/lustre/fshomisc/sup/spack_soft/hdf5/1.12.0/gcc-11.4.1-jjsqd67hwparjhrar3onqygfcynzqfxp/:1:/lustre/fshomisc/sup/spack_soft/magma/2.8.0/gcc-11.3.1-tkvylffw2dlcubz4s2djq3ok2hcpp7vv/:1:/lustre/fshomisc/sup/spack_soft/ffmpeg/6.1.1/gcc-11.3.1-qiwdxtfnyolmjn6b6iivucbar3kuy27w/:1:/lustre/fshomisc/sup/spack_soft/sox/14.4.2/gcc-11.3.1-bwjlqaxoxhuwne7m5xyhdj3qx5hkoxkt/:1;' export 'CMAKE_PREFIX_PATH_modshare;
SOX_ROOT=/lustre/fshomisc/sup/spack_soft/sox/14.4.2/gcc-11.3.1-bwjlqaxoxhuwne7m5xyhdj3qx5hkoxkt;' export 'SOX_ROOT;
MPIFC=/lustre/fshomisc/sup/spack_soft/openmpi/4.1.5/gcc-11.4.1-6ymlsrmwi27hevtasblzlk44qgx2cpvd/bin/mpifort;' export 'MPIFC;
MANPATH=/lustre/fshomisc/sup/spack_soft/libjpeg-turbo/2.1.3/gcc-11.3.1-kllvyzt5qynfyl6abf6k2d7h3j3k4fde/share/man:/lustre/fshomisc/sup/spack_soft/sox/14.4.2/gcc-11.3.1-bwjlqaxoxhuwne7m5xyhdj3qx5hkoxkt/share/man:/lustre/fshomisc/sup/spack_soft/openmpi/4.1.5/gcc-11.4.1-6ymlsrmwi27hevtasblzlk44qgx2cpvd/share/man:/lustre/fshomisc/sys/cuda/12.4.1/doc/man::/opt/c3/man:/opt/clmgr/man:/opt/sgi/share/man:/opt/clmgr/share/man:/opt/clmgr/lib/cm-cli/man;' export 'MANPATH;
MPIF77=/lustre/fshomisc/sup/spack_soft/openmpi/4.1.5/gcc-11.4.1-6ymlsrmwi27hevtasblzlk44qgx2cpvd/bin/mpif77;' export 'MPIF77;
MANPATH_modshare=:1:/lustre/fshomisc/sup/spack_soft/sox/14.4.2/gcc-11.3.1-bwjlqaxoxhuwne7m5xyhdj3qx5hkoxkt/share/man:1:/opt/clmgr/man:1:/opt/sgi/share/man:1:/lustre/fshomisc/sup/spack_soft/libjpeg-turbo/2.1.3/gcc-11.3.1-kllvyzt5qynfyl6abf6k2d7h3j3k4fde/share/man:1:/lustre/fshomisc/sup/spack_soft/openmpi/4.1.5/gcc-11.4.1-6ymlsrmwi27hevtasblzlk44qgx2cpvd/share/man:1:/lustre/fshomisc/sys/cuda/12.4.1/doc/man:1:/opt/c3/man:1:/opt/clmgr/share/man:1:/opt/clmgr/lib/cm-cli/man:1;' export 'MANPATH_modshare;
PKG_CONFIG_PATH=/lustre/fshomisc/sup/spack_soft/ffmpeg/6.1.1/gcc-11.3.1-qiwdxtfnyolmjn6b6iivucbar3kuy27w/lib/pkgconfig:/lustre/fshomisc/sup/spack_soft/libjpeg-turbo/2.1.3/gcc-11.3.1-kllvyzt5qynfyl6abf6k2d7h3j3k4fde/lib64/pkgconfig:/lustre/fshomisc/sup/spack_soft/hdf5/1.12.0/gcc-11.4.1-jjsqd67hwparjhrar3onqygfcynzqfxp/lib/pkgconfig:/lustre/fshomisc/sup/spack_soft/sox/14.4.2/gcc-11.3.1-bwjlqaxoxhuwne7m5xyhdj3qx5hkoxkt/lib/pkgconfig:/lustre/fshomisc/sup/spack_soft/magma/2.8.0/gcc-11.3.1-tkvylffw2dlcubz4s2djq3ok2hcpp7vv/lib/pkgconfig:/lustre/fshomisc/sys/intel/oneapi/2024.1/mkl/2024.1/lib/pkgconfig:/lustre/fshomisc/sup/spack_soft/openmpi/4.1.5/gcc-11.4.1-6ymlsrmwi27hevtasblzlk44qgx2cpvd/lib/pkgconfig:/lustre/fshomisc/sup/spack_soft/nccl/2.21.5-1/gcc-11.4.1-7w64gfngrqkyq7nzwxirlv6rnqvqjhi4/lib/pkgconfig;' export 'PKG_CONFIG_PATH;
NCCL_ROOT=/lustre/fshomisc/sup/spack_soft/nccl/2.21.5-1/gcc-11.4.1-7w64gfngrqkyq7nzwxirlv6rnqvqjhi4;' export 'NCCL_ROOT;
OMPI_MCA_coll=\^hcoll;' export 'OMPI_MCA_coll;
PYTHONUNBUFFERED=1;' export 'PYTHONUNBUFFERED;
MODULES_LMNOTUASKED_modshare=ffmpeg/6.1.1:1:cuda/12.4.1:1:cudnn/9.2.0.82-cuda:1:intel-oneapi-mkl/2024.1:1:sox/14.4.2:1:nccl/2.21.5-1-cuda:1:magma/2.8.0-cuda:1:gcc/11.4.1:1:openmpi/4.1.5-cuda:1:hdf5/1.12.0-mpi-cuda:1:libjpeg-turbo/2.1.3:1;' export 'MODULES_LMNOTUASKED_modshare;
LD_LIBRARY_PATH_modshare=/lustre/fshomisc/sys/cuda/12.4.1/targets/x86_64-linux/lib:1:/lustre/fshomisc/sup/spack_soft/sox/14.4.2/gcc-11.3.1-bwjlqaxoxhuwne7m5xyhdj3qx5hkoxkt/lib:1:/lustre/fshomisc/sup/spack_soft/openmpi/4.1.5/gcc-11.4.1-6ymlsrmwi27hevtasblzlk44qgx2cpvd/lib:1:/lustre/fshomisc/sup/spack_soft/cudnn/9.2.0.82-12/gcc-11.3.1-v6phuyxmgp323kqpncv3ockz6zdst6dl/lib:1:/lustre/fshomisc/sup/spack_soft/hdf5/1.12.0/gcc-11.4.1-jjsqd67hwparjhrar3onqygfcynzqfxp/lib:1:/lustre/fshomisc/sys/cuda/12.4.1/nvvm/lib64:1:/lustre/fshomisc/sup/spack_soft/libjpeg-turbo/2.1.3/gcc-11.3.1-kllvyzt5qynfyl6abf6k2d7h3j3k4fde/lib64:1:/lustre/fshomisc/sys/intel/oneapi/2024.1/mkl/2024.1/lib/intel64:1:/lustre/fshomisc/sup/spack_soft/nccl/2.21.5-1/gcc-11.4.1-7w64gfngrqkyq7nzwxirlv6rnqvqjhi4/lib:1:/lustre/fshomisc/sup/pub/anaconda-py3/h100/2024.06/envs/pytorch-gpu-2.4.0+py3.11.9/opencv/opencv-4.10.0/lib64/:1:/lustre/fshomisc/sys/cuda/12.4.1/extras/CUPTI/lib64:1:/lustre/fshomisc/sup/spack_soft/magma/2.8.0/gcc-11.3.1-tkvylffw2dlcubz4s2djq3ok2hcpp7vv/lib:1:/lustre/fshomisc/sys/intel/oneapi/2024.1/compiler/2024.1/lib:2:/lib64/slurm:1:/lustre/fshomisc/sys/cuda/12.4.1/samples/common/lib/linux/x86_64:1:/lustre/fshomisc/sup/spack_soft/ffmpeg/6.1.1/gcc-11.3.1-qiwdxtfnyolmjn6b6iivucbar3kuy27w/lib:1:/lustre/fshomisc/sys/cuda/12.4.1/lib64:1;' export 'LD_LIBRARY_PATH_modshare;
MODULES_LMPREREQ_modshare=pytorch-gpu/py3/2.4.0\&cuda/12.4.1\&nccl/2.21.5-1-cuda\&cudnn/9.2.0.82-cuda\&gcc/11.3.1\&openmpi/4.1.5-cuda\&intel-oneapi-mkl/2024.1\&magma/2.8.0-cuda\&sox/14.4.2\&hdf5/1.12.0-mpi-cuda\&libjpeg-turbo/2.1.3\&ffmpeg/6.1.1:1:openmpi/4.1.5-cuda\&nvidia-compilers/25.1\|nvidia-compilers/24.7\|nvidia-compilers/24.5\|gcc/14.2.0\|gcc/13.3.0\|gcc/12.2.0\|gcc/11.4.1\&cuda/12.8.0\|cuda/12.6.3\|cuda/12.4.1\|cuda/12.2.0\|cuda/12.1.0:1:magma/2.8.0-cuda\&gcc/12.2.0\|gcc/11.3.1\&cuda/12.4.1\|cuda/12.2.0\|cuda/12.1.0:1:nccl/2.21.5-1-cuda\&cuda/12.8.0\|cuda/12.6.3\|cuda/12.4.1\|cuda/12.2.0\|cuda/12.1.0:1:cudnn/9.2.0.82-cuda\&cuda/12.4.1\|cuda/12.2.0\|cuda/12.1.0:1:hdf5/1.12.0-mpi-cuda\&nvidia-compilers/25.11\|nvidia-compilers/25.1\|nvidia-compilers/24.7\|nvidia-compilers/24.5\|gcc/14.2.0\|gcc/13.3.0\|gcc/12.2.0\|gcc/11.4.1\&cuda/12.8.0\|cuda/12.6.3\|cuda/12.4.1\|cuda/12.2.0\|cuda/12.1.0\&openmpi/4.1.6-cuda\|openmpi/4.1.5-cuda:1;' export 'MODULES_LMPREREQ_modshare;
CUDNN_ROOT=/lustre/fshomisc/sup/spack_soft/cudnn/9.2.0.82-12/gcc-11.3.1-v6phuyxmgp323kqpncv3ockz6zdst6dl;' export 'CUDNN_ROOT;
CUDA_HOME=/lustre/fshomisc/sys/cuda/12.4.1;' export 'CUDA_HOME;
PATH=/lustre/fshomisc/sup/pub/anaconda-py3/h100/2024.06/envs/pytorch-gpu-2.4.0+py3.11.9/opencv/opencv-4.10.0/bin:/lustre/fshomisc/sup/spack_soft/ffmpeg/6.1.1/gcc-11.3.1-qiwdxtfnyolmjn6b6iivucbar3kuy27w/bin:/lustre/fshomisc/sup/spack_soft/libjpeg-turbo/2.1.3/gcc-11.3.1-kllvyzt5qynfyl6abf6k2d7h3j3k4fde/bin:/lustre/fshomisc/sup/spack_soft/hdf5/1.12.0/gcc-11.4.1-jjsqd67hwparjhrar3onqygfcynzqfxp/bin:/lustre/fshomisc/sup/spack_soft/sox/14.4.2/gcc-11.3.1-bwjlqaxoxhuwne7m5xyhdj3qx5hkoxkt/bin:/lustre/fshomisc/sup/spack_soft/openmpi/4.1.5/gcc-11.4.1-6ymlsrmwi27hevtasblzlk44qgx2cpvd/bin:/lustre/fshomisc/sys/cuda/12.4.1/samples:/lustre/fshomisc/sys/cuda/12.4.1/nvvm/bin:/lustre/fshomisc/sys/cuda/12.4.1/bin:/lustre/fshomisc/sup/spack_soft/environment-modules/4.3.1/gcc-11.3.1-wf7m7j6whgecysm2fm5n73sm4jg7txup/bin:/opt/clmgr/sbin:/opt/clmgr/bin:/opt/sgi/sbin:/opt/sgi/bin:/usr/local/bin:/usr/bin:/usr/local/sbin:/usr/sbin:/opt/c3/bin:/gpfslocalsup/bin:/gpfslocalsys/bin;' export 'PATH;
MPIF90=/lustre/fshomisc/sup/spack_soft/openmpi/4.1.5/gcc-11.4.1-6ymlsrmwi27hevtasblzlk44qgx2cpvd/bin/mpif90;' export 'MPIF90;
LD_LIBRARY_PATH=/lustre/fshomisc/sup/pub/anaconda-py3/h100/2024.06/envs/pytorch-gpu-2.4.0+py3.11.9/opencv/opencv-4.10.0/lib64/:/lustre/fshomisc/sup/spack_soft/ffmpeg/6.1.1/gcc-11.3.1-qiwdxtfnyolmjn6b6iivucbar3kuy27w/lib:/lustre/fshomisc/sup/spack_soft/libjpeg-turbo/2.1.3/gcc-11.3.1-kllvyzt5qynfyl6abf6k2d7h3j3k4fde/lib64:/lustre/fshomisc/sup/spack_soft/hdf5/1.12.0/gcc-11.4.1-jjsqd67hwparjhrar3onqygfcynzqfxp/lib:/lustre/fshomisc/sup/spack_soft/sox/14.4.2/gcc-11.3.1-bwjlqaxoxhuwne7m5xyhdj3qx5hkoxkt/lib:/lustre/fshomisc/sup/spack_soft/magma/2.8.0/gcc-11.3.1-tkvylffw2dlcubz4s2djq3ok2hcpp7vv/lib:/lustre/fshomisc/sys/intel/oneapi/2024.1/mkl/2024.1/lib/intel64:/lustre/fshomisc/sys/intel/oneapi/2024.1/compiler/2024.1/lib:/lustre/fshomisc/sup/spack_soft/openmpi/4.1.5/gcc-11.4.1-6ymlsrmwi27hevtasblzlk44qgx2cpvd/lib:/lustre/fshomisc/sup/spack_soft/cudnn/9.2.0.82-12/gcc-11.3.1-v6phuyxmgp323kqpncv3ockz6zdst6dl/lib:/lustre/fshomisc/sup/spack_soft/nccl/2.21.5-1/gcc-11.4.1-7w64gfngrqkyq7nzwxirlv6rnqvqjhi4/lib:/lustre/fshomisc/sys/cuda/12.4.1/nvvm/lib64:/lustre/fshomisc/sys/cuda/12.4.1/extras/CUPTI/lib64:/lustre/fshomisc/sys/cuda/12.4.1/lib64:/lustre/fshomisc/sys/cuda/12.4.1/samples/common/lib/linux/x86_64:/lustre/fshomisc/sys/cuda/12.4.1/targets/x86_64-linux/lib:/lib64/slurm;' export 'LD_LIBRARY_PATH;
MODULES_LMPREREQ=nccl/2.21.5-1-cuda\&cuda/12.8.0\|cuda/12.6.3\|cuda/12.4.1\|cuda/12.2.0\|cuda/12.1.0:cudnn/9.2.0.82-cuda\&cuda/12.4.1\|cuda/12.2.0\|cuda/12.1.0:openmpi/4.1.5-cuda\&nvidia-compilers/25.1\|nvidia-compilers/24.7\|nvidia-compilers/24.5\|gcc/14.2.0\|gcc/13.3.0\|gcc/12.2.0\|gcc/11.4.1\&cuda/12.8.0\|cuda/12.6.3\|cuda/12.4.1\|cuda/12.2.0\|cuda/12.1.0:magma/2.8.0-cuda\&gcc/12.2.0\|gcc/11.3.1\&cuda/12.4.1\|cuda/12.2.0\|cuda/12.1.0:hdf5/1.12.0-mpi-cuda\&nvidia-compilers/25.11\|nvidia-compilers/25.1\|nvidia-compilers/24.7\|nvidia-compilers/24.5\|gcc/14.2.0\|gcc/13.3.0\|gcc/12.2.0\|gcc/11.4.1\&cuda/12.8.0\|cuda/12.6.3\|cuda/12.4.1\|cuda/12.2.0\|cuda/12.1.0\&openmpi/4.1.6-cuda\|openmpi/4.1.5-cuda:pytorch-gpu/py3/2.4.0\&cuda/12.4.1\&nccl/2.21.5-1-cuda\&cudnn/9.2.0.82-cuda\&gcc/11.3.1\&openmpi/4.1.5-cuda\&intel-oneapi-mkl/2024.1\&magma/2.8.0-cuda\&sox/14.4.2\&hdf5/1.12.0-mpi-cuda\&libjpeg-turbo/2.1.3\&ffmpeg/6.1.1;' export 'MODULES_LMPREREQ;
LOADEDMODULES=arch/h100:cuda/12.4.1:nccl/2.21.5-1-cuda:cudnn/9.2.0.82-cuda:gcc/11.4.1:openmpi/4.1.5-cuda:intel-oneapi-mkl/2024.1:magma/2.8.0-cuda:sox/14.4.2:hdf5/1.12.0-mpi-cuda:libjpeg-turbo/2.1.3:ffmpeg/6.1.1:pytorch-gpu/py3/2.4.0;' export 'LOADEDMODULES;
FPATH=/lustre/fshomisc/sys/intel/oneapi/2024.1/mkl/2024.1/include;' export 'FPATH;
MODULES_LMCONFLICT=arch/h100\&arch\&cpuarch:cuda/12.4.1\&cuda:nccl/2.21.5-1-cuda\&nccl:cudnn/9.2.0.82-cuda\&cudnn:gcc/11.4.1\&gcc:openmpi/4.1.5-cuda\&openmpi\&intel-mpi:intel-oneapi-mkl/2024.1\&intel-mkl\&intel-one-mkl:magma/2.8.0-cuda\&magma:sox/14.4.2\&sox:hdf5/1.12.0-mpi-cuda\&hdf5:libjpeg-turbo/2.1.3\&libjpeg-turbo:ffmpeg/6.1.1\&ffmpeg:pytorch-gpu/py3/2.4.0\&python\&tensorflow-gpu\&pytorch-gpu\&caffe\&anaconda-py2\&anaconda-py3;' export 'MODULES_LMCONFLICT;
PKG_CONFIG_PATH_modshare=/lustre/fshomisc/sup/spack_soft/libjpeg-turbo/2.1.3/gcc-11.3.1-kllvyzt5qynfyl6abf6k2d7h3j3k4fde/lib64/pkgconfig:1:/lustre/fshomisc/sup/spack_soft/magma/2.8.0/gcc-11.3.1-tkvylffw2dlcubz4s2djq3ok2hcpp7vv/lib/pkgconfig:1:/lustre/fshomisc/sup/spack_soft/ffmpeg/6.1.1/gcc-11.3.1-qiwdxtfnyolmjn6b6iivucbar3kuy27w/lib/pkgconfig:1:/lustre/fshomisc/sup/spack_soft/sox/14.4.2/gcc-11.3.1-bwjlqaxoxhuwne7m5xyhdj3qx5hkoxkt/lib/pkgconfig:1:/lustre/fshomisc/sys/intel/oneapi/2024.1/mkl/2024.1/lib/pkgconfig:1:/lustre/fshomisc/sup/spack_soft/openmpi/4.1.5/gcc-11.4.1-6ymlsrmwi27hevtasblzlk44qgx2cpvd/lib/pkgconfig:1:/lustre/fshomisc/sup/spack_soft/nccl/2.21.5-1/gcc-11.4.1-7w64gfngrqkyq7nzwxirlv6rnqvqjhi4/lib/pkgconfig:1:/lustre/fshomisc/sup/spack_soft/hdf5/1.12.0/gcc-11.4.1-jjsqd67hwparjhrar3onqygfcynzqfxp/lib/pkgconfig:1;' export 'PKG_CONFIG_PATH_modshare;
OMPI_MCA_pml=ucx;' export 'OMPI_MCA_pml;
MODULES_LMNOTUASKED=cuda/12.4.1:nccl/2.21.5-1-cuda:cudnn/9.2.0.82-cuda:gcc/11.4.1:openmpi/4.1.5-cuda:intel-oneapi-mkl/2024.1:magma/2.8.0-cuda:sox/14.4.2:hdf5/1.12.0-mpi-cuda:libjpeg-turbo/2.1.3:ffmpeg/6.1.1;' export 'MODULES_LMNOTUASKED;
FFMPEG_ROOT=/lustre/fshomisc/sup/spack_soft/ffmpeg/6.1.1/gcc-11.3.1-qiwdxtfnyolmjn6b6iivucbar3kuy27w;' export 'FFMPEG_ROOT;
MKLROOT=/lustre/fshomisc/sys/intel/oneapi/2024.1/mkl/2024.1;' export 'MKLROOT;
MPICXX=/lustre/fshomisc/sup/spack_soft/openmpi/4.1.5/gcc-11.4.1-6ymlsrmwi27hevtasblzlk44qgx2cpvd/bin/mpic++;' export 'MPICXX;
HDF5_ROOT=/lustre/fshomisc/sup/spack_soft/hdf5/1.12.0/gcc-11.4.1-jjsqd67hwparjhrar3onqygfcynzqfxp;' export 'HDF5_ROOT;
NLSPATH=/lustre/fshomisc/sys/intel/oneapi/2024.1/mkl/2024.1/lib/intel64/locale/%l_%t/%N;' export 'NLSPATH;
LOADEDMODULES_modshare=sox/14.4.2:1:ffmpeg/6.1.1:1:magma/2.8.0-cuda:1:hdf5/1.12.0-mpi-cuda:1:intel-oneapi-mkl/2024.1:1:pytorch-gpu/py3/2.4.0:1:arch/h100:1:gcc/11.4.1:1:cuda/12.4.1:1:cudnn/9.2.0.82-cuda:1:nccl/2.21.5-1-cuda:1:openmpi/4.1.5-cuda:1:libjpeg-turbo/2.1.3:1;' export 'LOADEDMODULES_modshare;
OMPI_MCA_btl_vader_single_copy_mechanism=none;' export 'OMPI_MCA_btl_vader_single_copy_mechanism;
LIBRARY_PATH=/lustre/fshomisc/sup/spack_soft/ffmpeg/6.1.1/gcc-11.3.1-qiwdxtfnyolmjn6b6iivucbar3kuy27w/lib:/lustre/fshomisc/sup/spack_soft/libjpeg-turbo/2.1.3/gcc-11.3.1-kllvyzt5qynfyl6abf6k2d7h3j3k4fde/lib64:/lustre/fshomisc/sup/spack_soft/hdf5/1.12.0/gcc-11.4.1-jjsqd67hwparjhrar3onqygfcynzqfxp/lib:/lustre/fshomisc/sup/spack_soft/sox/14.4.2/gcc-11.3.1-bwjlqaxoxhuwne7m5xyhdj3qx5hkoxkt/lib:/lustre/fshomisc/sup/spack_soft/magma/2.8.0/gcc-11.3.1-tkvylffw2dlcubz4s2djq3ok2hcpp7vv/lib:/lustre/fshomisc/sys/intel/oneapi/2024.1/mkl/2024.1/lib/intel64:/lustre/fshomisc/sys/intel/oneapi/2024.1/compiler/2024.1/lib:/lustre/fshomisc/sup/spack_soft/openmpi/4.1.5/gcc-11.4.1-6ymlsrmwi27hevtasblzlk44qgx2cpvd/lib:/lustre/fshomisc/sup/spack_soft/cudnn/9.2.0.82-12/gcc-11.3.1-v6phuyxmgp323kqpncv3ockz6zdst6dl/lib:/lustre/fshomisc/sup/spack_soft/nccl/2.21.5-1/gcc-11.4.1-7w64gfngrqkyq7nzwxirlv6rnqvqjhi4/lib:/lustre/fshomisc/sys/cuda/12.4.1/lib64/stubs:/lustre/fshomisc/sys/cuda/12.4.1/nvvm/lib64:/lustre/fshomisc/sys/cuda/12.4.1/extras/CUPTI/lib64:/lustre/fshomisc/sys/cuda/12.4.1/lib64:/lustre/fshomisc/sys/cuda/12.4.1/samples/common/lib/linux/x86_64:/lustre/fshomisc/sys/cuda/12.4.1/targets/x86_64-linux/lib:/lib64/slurm;' export 'LIBRARY_PATH;
DIAGUTIL_PATH_modshare=/lustre/fshomisc/sys/intel/oneapi/2024.1/compiler/2024.1/sys_check/sys_check.sh:1;' export 'DIAGUTIL_PATH_modshare;
_LMFILES_=/lustre/fshomisc/sup/hpe/pub/module-rh/modulefiles/arch/h100:/lustre/fshomisc/sup/pub/modules-rh/modulefiles/cuda/12.4.1:/lustre/fshomisc/sup/pub/modules-idris-env4/modulefiles/linux-rhel9-sapphirerapids/nccl/2.21.5-1-cuda:/lustre/fshomisc/sup/pub/modules-idris-env4/modulefiles/linux-rhel9-sapphirerapids/cudnn/9.2.0.82-cuda:/lustre/fshomisc/sup/pub/modules-idris-env4/modulefiles/linux-rhel9-sapphirerapids/gcc/11.4.1:/lustre/fshomisc/sup/pub/modules-idris-env4/modulefiles/linux-rhel9-sapphirerapids/openmpi/4.1.5-cuda:/lustre/fshomisc/sup/pub/modules-rh/modulefiles/intel-oneapi-mkl/2024.1:/lustre/fshomisc/sup/pub/modules-idris-env4/modulefiles/linux-rhel9-sapphirerapids/magma/2.8.0-cuda:/lustre/fshomisc/sup/pub/modules-idris-env4/modulefiles/linux-rhel9-sapphirerapids/sox/14.4.2:/lustre/fshomisc/sup/pub/modules-idris-env4/modulefiles/linux-rhel9-sapphirerapids/hdf5/1.12.0-mpi-cuda:/lustre/fshomisc/sup/pub/modules-idris-env4/modulefiles/linux-rhel9-sapphirerapids/libjpeg-turbo/2.1.3:/lustre/fshomisc/sup/pub/modules-idris-env4/modulefiles/linux-rhel9-sapphirerapids/ffmpeg/6.1.1:/lustre/fshomisc/sup/pub/modules-idris-env4/modulefiles/linux-rhel9-sapphirerapids/pytorch-gpu/py3/2.4.0;' export '_LMFILES_;
LIBJPEG_TURBO_ROOT=/lustre/fshomisc/sup/spack_soft/libjpeg-turbo/2.1.3/gcc-11.3.1-kllvyzt5qynfyl6abf6k2d7h3j3k4fde;' export 'LIBJPEG_TURBO_ROOT;
LIBRARY_PATH_modshare=/lustre/fshomisc/sys/cuda/12.4.1/targets/x86_64-linux/lib:1:/lustre/fshomisc/sup/spack_soft/sox/14.4.2/gcc-11.3.1-bwjlqaxoxhuwne7m5xyhdj3qx5hkoxkt/lib:1:/lustre/fshomisc/sup/spack_soft/openmpi/4.1.5/gcc-11.4.1-6ymlsrmwi27hevtasblzlk44qgx2cpvd/lib:1:/lustre/fshomisc/sup/spack_soft/cudnn/9.2.0.82-12/gcc-11.3.1-v6phuyxmgp323kqpncv3ockz6zdst6dl/lib:1:/lustre/fshomisc/sup/spack_soft/hdf5/1.12.0/gcc-11.4.1-jjsqd67hwparjhrar3onqygfcynzqfxp/lib:1:/lustre/fshomisc/sys/cuda/12.4.1/nvvm/lib64:1:/lustre/fshomisc/sup/spack_soft/libjpeg-turbo/2.1.3/gcc-11.3.1-kllvyzt5qynfyl6abf6k2d7h3j3k4fde/lib64:1:/lustre/fshomisc/sys/cuda/12.4.1/lib64/stubs:1:/lustre/fshomisc/sys/intel/oneapi/2024.1/mkl/2024.1/lib/intel64:1:/lustre/fshomisc/sup/spack_soft/nccl/2.21.5-1/gcc-11.4.1-7w64gfngrqkyq7nzwxirlv6rnqvqjhi4/lib:1:/lustre/fshomisc/sys/cuda/12.4.1/extras/CUPTI/lib64:1:/lustre/fshomisc/sys/intel/oneapi/2024.1/compiler/2024.1/lib:1:/lustre/fshomisc/sup/spack_soft/magma/2.8.0/gcc-11.3.1-tkvylffw2dlcubz4s2djq3ok2hcpp7vv/lib:1:/lib64/slurm:1:/lustre/fshomisc/sys/cuda/12.4.1/samples/common/lib/linux/x86_64:1:/lustre/fshomisc/sup/spack_soft/ffmpeg/6.1.1/gcc-11.3.1-qiwdxtfnyolmjn6b6iivucbar3kuy27w/lib:1:/lustre/fshomisc/sys/cuda/12.4.1/lib64:1;' export 'LIBRARY_PATH_modshare;
NVHPC_CUDA_HOME=/lustre/fshomisc/sys/cuda/12.4.1;' export 'NVHPC_CUDA_HOME;
MODULES_LMALTNAME=gcc/11.4.1\&gcc/11.3.1;' export 'MODULES_LMALTNAME;
CUDNN_LIBRARY=/lustre/fshomisc/sup/spack_soft/cudnn/9.2.0.82-12/gcc-11.3.1-v6phuyxmgp323kqpncv3ockz6zdst6dl/lib/libcudnn.so;' export 'CUDNN_LIBRARY;
NLSPATH_modshare=/lustre/fshomisc/sys/intel/oneapi/2024.1/mkl/2024.1/lib/intel64/locale/%l_%t/%N:1;' export 'NLSPATH_modshare;
MPICC=/lustre/fshomisc/sup/spack_soft/openmpi/4.1.5/gcc-11.4.1-6ymlsrmwi27hevtasblzlk44qgx2cpvd/bin/mpicc;' export 'MPICC;
FPATH_modshare=/lustre/fshomisc/sys/intel/oneapi/2024.1/mkl/2024.1/include:1;' export 'FPATH_modshare;
MODULES_LMCONFLICT_modshare=intel-oneapi-mkl/2024.1\&intel-mkl\&intel-one-mkl:1:gcc/11.4.1\&gcc:1:openmpi/4.1.5-cuda\&openmpi\&intel-mpi:1:cuda/12.4.1\&cuda:1:nccl/2.21.5-1-cuda\&nccl:1:arch/h100\&arch\&cpuarch:1:sox/14.4.2\&sox:1:hdf5/1.12.0-mpi-cuda\&hdf5:1:pytorch-gpu/py3/2.4.0\&python\&tensorflow-gpu\&pytorch-gpu\&caffe\&anaconda-py2\&anaconda-py3:1:magma/2.8.0-cuda\&magma:1:libjpeg-turbo/2.1.3\&libjpeg-turbo:1:ffmpeg/6.1.1\&ffmpeg:1:cudnn/9.2.0.82-cuda\&cudnn:1;' export 'MODULES_LMCONFLICT_modshare;
CPLUS_INCLUDE_PATH=/lustre/fshomisc/sys/cuda/12.4.1/include;' export 'CPLUS_INCLUDE_PATH;
CUDA_INSTALL_PATH=/lustre/fshomisc/sys/cuda/12.4.1;' export 'CUDA_INSTALL_PATH;
CUDA_ROOT=/lustre/fshomisc/sys/cuda/12.4.1;' export 'CUDA_ROOT;
CUDA_PATH=/lustre/fshomisc/sys/cuda/12.4.1;' export 'CUDA_PATH;
CPATH_modshare=/lustre/fshomisc/sup/spack_soft/libjpeg-turbo/2.1.3/gcc-11.3.1-kllvyzt5qynfyl6abf6k2d7h3j3k4fde/include:1:/lustre/fshomisc/sup/spack_soft/hdf5/1.12.0/gcc-11.4.1-jjsqd67hwparjhrar3onqygfcynzqfxp/include/static:1:/lustre/fshomisc/sup/spack_soft/openmpi/4.1.5/gcc-11.4.1-6ymlsrmwi27hevtasblzlk44qgx2cpvd/include:1:/lustre/fshomisc/sup/spack_soft/cudnn/9.2.0.82-12/gcc-11.3.1-v6phuyxmgp323kqpncv3ockz6zdst6dl/include:1:/lustre/fshomisc/sup/spack_soft/nccl/2.21.5-1/gcc-11.4.1-7w64gfngrqkyq7nzwxirlv6rnqvqjhi4/include:1:/lustre/fshomisc/sup/spack_soft/hdf5/1.12.0/gcc-11.4.1-jjsqd67hwparjhrar3onqygfcynzqfxp/include:1:/lustre/fshomisc/sup/spack_soft/magma/2.8.0/gcc-11.3.1-tkvylffw2dlcubz4s2djq3ok2hcpp7vv/include:1:/lustre/fshomisc/sup/spack_soft/ffmpeg/6.1.1/gcc-11.3.1-qiwdxtfnyolmjn6b6iivucbar3kuy27w/include:1:/lustre/fshomisc/sup/spack_soft/hdf5/1.12.0/gcc-11.4.1-jjsqd67hwparjhrar3onqygfcynzqfxp/include/shared:1:/lustre/fshomisc/sup/spack_soft/sox/14.4.2/gcc-11.3.1-bwjlqaxoxhuwne7m5xyhdj3qx5hkoxkt/include:1:/lustre/fshomisc/sys/intel/oneapi/2024.1/mkl/2024.1/include:1;' export 'CPATH_modshare;
_LMFILES__modshare=/lustre/fshomisc/sup/pub/modules-rh/modulefiles/intel-oneapi-mkl/2024.1:1:/lustre/fshomisc/sup/pub/modules-idris-env4/modulefiles/linux-rhel9-sapphirerapids/gcc/11.4.1:1:/lustre/fshomisc/sup/pub/modules-idris-env4/modulefiles/linux-rhel9-sapphirerapids/libjpeg-turbo/2.1.3:1:/lustre/fshomisc/sup/hpe/pub/module-rh/modulefiles/arch/h100:1:/lustre/fshomisc/sup/pub/modules-rh/modulefiles/cuda/12.4.1:1:/lustre/fshomisc/sup/pub/modules-idris-env4/modulefiles/linux-rhel9-sapphirerapids/nccl/2.21.5-1-cuda:1:/lustre/fshomisc/sup/pub/modules-idris-env4/modulefiles/linux-rhel9-sapphirerapids/pytorch-gpu/py3/2.4.0:1:/lustre/fshomisc/sup/pub/modules-idris-env4/modulefiles/linux-rhel9-sapphirerapids/openmpi/4.1.5-cuda:1:/lustre/fshomisc/sup/pub/modules-idris-env4/modulefiles/linux-rhel9-sapphirerapids/cudnn/9.2.0.82-cuda:1:/lustre/fshomisc/sup/pub/modules-idris-env4/modulefiles/linux-rhel9-sapphirerapids/sox/14.4.2:1:/lustre/fshomisc/sup/pub/modules-idris-env4/modulefiles/linux-rhel9-sapphirerapids/ffmpeg/6.1.1:1:/lustre/fshomisc/sup/pub/modules-idris-env4/modulefiles/linux-rhel9-sapphirerapids/magma/2.8.0-cuda:1:/lustre/fshomisc/sup/pub/modules-idris-env4/modulefiles/linux-rhel9-sapphirerapids/hdf5/1.12.0-mpi-cuda:1;' export '_LMFILES__modshare;
PATH_modshare=/lustre/fshomisc/sup/spack_soft/ffmpeg/6.1.1/gcc-11.3.1-qiwdxtfnyolmjn6b6iivucbar3kuy27w/bin:1:/usr/bin:1:/gpfslocalsup/bin:1:/usr/local/bin:1:/opt/sgi/bin:1:/lustre/fshomisc/sup/spack_soft/sox/14.4.2/gcc-11.3.1-bwjlqaxoxhuwne7m5xyhdj3qx5hkoxkt/bin:1:/lustre/fshomisc/sup/spack_soft/openmpi/4.1.5/gcc-11.4.1-6ymlsrmwi27hevtasblzlk44qgx2cpvd/bin:1:/lustre/fshomisc/sup/spack_soft/hdf5/1.12.0/gcc-11.4.1-jjsqd67hwparjhrar3onqygfcynzqfxp/bin:1:/lustre/fshomisc/sys/cuda/12.4.1/bin:1:/opt/clmgr/bin:1:/opt/sgi/sbin:1:/lustre/fshomisc/sup/pub/anaconda-py3/h100/2024.06/envs/pytorch-gpu-2.4.0+py3.11.9/opencv/opencv-4.10.0/bin:1:/opt/clmgr/sbin:1:/gpfslocalsys/bin:1:/lustre/fshomisc/sys/cuda/12.4.1/samples:1:/lustre/fshomisc/sys/cuda/12.4.1/nvvm/bin:1:/usr/sbin:1:/lustre/fshomisc/sup/spack_soft/libjpeg-turbo/2.1.3/gcc-11.3.1-kllvyzt5qynfyl6abf6k2d7h3j3k4fde/bin:1:/usr/local/sbin:1:/lustre/fshomisc/sup/spack_soft/environment-modules/4.3.1/gcc-11.3.1-wf7m7j6whgecysm2fm5n73sm4jg7txup/bin:1:/opt/c3/bin:1;' export 'PATH_modshare;
DIAGUTIL_PATH=/lustre/fshomisc/sys/intel/oneapi/2024.1/compiler/2024.1/sys_check/sys_check.sh;' export 'DIAGUTIL_PATH;
.' '/lustre/fshomisc/sup/pub/anaconda-py3/h100/2024.06/etc/profile.d/conda.sh;
conda' 'deactivate;
conda' activate 'pytorch-gpu-2.4.0+py3.11.9;
test' '0;'
++ CPATH=/lustre/fshomisc/sup/spack_soft/ffmpeg/6.1.1/gcc-11.3.1-qiwdxtfnyolmjn6b6iivucbar3kuy27w/include:/lustre/fshomisc/sup/spack_soft/libjpeg-turbo/2.1.3/gcc-11.3.1-kllvyzt5qynfyl6abf6k2d7h3j3k4fde/include:/lustre/fshomisc/sup/spack_soft/hdf5/1.12.0/gcc-11.4.1-jjsqd67hwparjhrar3onqygfcynzqfxp/include/shared:/lustre/fshomisc/sup/spack_soft/hdf5/1.12.0/gcc-11.4.1-jjsqd67hwparjhrar3onqygfcynzqfxp/include/static:/lustre/fshomisc/sup/spack_soft/hdf5/1.12.0/gcc-11.4.1-jjsqd67hwparjhrar3onqygfcynzqfxp/include:/lustre/fshomisc/sup/spack_soft/sox/14.4.2/gcc-11.3.1-bwjlqaxoxhuwne7m5xyhdj3qx5hkoxkt/include:/lustre/fshomisc/sup/spack_soft/magma/2.8.0/gcc-11.3.1-tkvylffw2dlcubz4s2djq3ok2hcpp7vv/include:/lustre/fshomisc/sys/intel/oneapi/2024.1/mkl/2024.1/include:/lustre/fshomisc/sup/spack_soft/openmpi/4.1.5/gcc-11.4.1-6ymlsrmwi27hevtasblzlk44qgx2cpvd/include:/lustre/fshomisc/sup/spack_soft/cudnn/9.2.0.82-12/gcc-11.3.1-v6phuyxmgp323kqpncv3ockz6zdst6dl/include:/lustre/fshomisc/sup/spack_soft/nccl/2.21.5-1/gcc-11.4.1-7w64gfngrqkyq7nzwxirlv6rnqvqjhi4/include
++ export CPATH
++ SLURM_MPI_TYPE=pmix_v3
++ export SLURM_MPI_TYPE
++ CMAKE_PREFIX_PATH=/lustre/fshomisc/sup/spack_soft/ffmpeg/6.1.1/gcc-11.3.1-qiwdxtfnyolmjn6b6iivucbar3kuy27w/:/lustre/fshomisc/sup/spack_soft/libjpeg-turbo/2.1.3/gcc-11.3.1-kllvyzt5qynfyl6abf6k2d7h3j3k4fde/:/lustre/fshomisc/sup/spack_soft/hdf5/1.12.0/gcc-11.4.1-jjsqd67hwparjhrar3onqygfcynzqfxp/:/lustre/fshomisc/sup/spack_soft/sox/14.4.2/gcc-11.3.1-bwjlqaxoxhuwne7m5xyhdj3qx5hkoxkt/:/lustre/fshomisc/sup/spack_soft/magma/2.8.0/gcc-11.3.1-tkvylffw2dlcubz4s2djq3ok2hcpp7vv/:/lustre/fshomisc/sup/spack_soft/openmpi/4.1.5/gcc-11.4.1-6ymlsrmwi27hevtasblzlk44qgx2cpvd/:/lustre/fshomisc/sup/spack_soft/cudnn/9.2.0.82-12/gcc-11.3.1-v6phuyxmgp323kqpncv3ockz6zdst6dl/:/lustre/fshomisc/sup/spack_soft/nccl/2.21.5-1/gcc-11.4.1-7w64gfngrqkyq7nzwxirlv6rnqvqjhi4/
++ export CMAKE_PREFIX_PATH
++ OPENMPI_ROOT=/lustre/fshomisc/sup/spack_soft/openmpi/4.1.5/gcc-11.4.1-6ymlsrmwi27hevtasblzlk44qgx2cpvd
++ export OPENMPI_ROOT
++ MODULES_LMALTNAME_modshare='gcc/11.4.1&gcc/11.3.1:1'
++ export MODULES_LMALTNAME_modshare
++ MAGMA_ROOT=/lustre/fshomisc/sup/spack_soft/magma/2.8.0/gcc-11.3.1-tkvylffw2dlcubz4s2djq3ok2hcpp7vv
++ export MAGMA_ROOT
++ PMIX_MCA_psec=native
++ export PMIX_MCA_psec
++ C_INCLUDE_PATH=/lustre/fshomisc/sys/cuda/12.4.1/include
++ export C_INCLUDE_PATH
++ CMAKE_PREFIX_PATH_modshare=/lustre/fshomisc/sup/spack_soft/libjpeg-turbo/2.1.3/gcc-11.3.1-kllvyzt5qynfyl6abf6k2d7h3j3k4fde/:1:/lustre/fshomisc/sup/spack_soft/openmpi/4.1.5/gcc-11.4.1-6ymlsrmwi27hevtasblzlk44qgx2cpvd/:1:/lustre/fshomisc/sup/spack_soft/cudnn/9.2.0.82-12/gcc-11.3.1-v6phuyxmgp323kqpncv3ockz6zdst6dl/:1:/lustre/fshomisc/sup/spack_soft/nccl/2.21.5-1/gcc-11.4.1-7w64gfngrqkyq7nzwxirlv6rnqvqjhi4/:1:/lustre/fshomisc/sup/spack_soft/hdf5/1.12.0/gcc-11.4.1-jjsqd67hwparjhrar3onqygfcynzqfxp/:1:/lustre/fshomisc/sup/spack_soft/magma/2.8.0/gcc-11.3.1-tkvylffw2dlcubz4s2djq3ok2hcpp7vv/:1:/lustre/fshomisc/sup/spack_soft/ffmpeg/6.1.1/gcc-11.3.1-qiwdxtfnyolmjn6b6iivucbar3kuy27w/:1:/lustre/fshomisc/sup/spack_soft/sox/14.4.2/gcc-11.3.1-bwjlqaxoxhuwne7m5xyhdj3qx5hkoxkt/:1
++ export CMAKE_PREFIX_PATH_modshare
++ SOX_ROOT=/lustre/fshomisc/sup/spack_soft/sox/14.4.2/gcc-11.3.1-bwjlqaxoxhuwne7m5xyhdj3qx5hkoxkt
++ export SOX_ROOT
++ MPIFC=/lustre/fshomisc/sup/spack_soft/openmpi/4.1.5/gcc-11.4.1-6ymlsrmwi27hevtasblzlk44qgx2cpvd/bin/mpifort
++ export MPIFC
++ MANPATH=/lustre/fshomisc/sup/spack_soft/libjpeg-turbo/2.1.3/gcc-11.3.1-kllvyzt5qynfyl6abf6k2d7h3j3k4fde/share/man:/lustre/fshomisc/sup/spack_soft/sox/14.4.2/gcc-11.3.1-bwjlqaxoxhuwne7m5xyhdj3qx5hkoxkt/share/man:/lustre/fshomisc/sup/spack_soft/openmpi/4.1.5/gcc-11.4.1-6ymlsrmwi27hevtasblzlk44qgx2cpvd/share/man:/lustre/fshomisc/sys/cuda/12.4.1/doc/man::/opt/c3/man:/opt/clmgr/man:/opt/sgi/share/man:/opt/clmgr/share/man:/opt/clmgr/lib/cm-cli/man
++ export MANPATH
++ MPIF77=/lustre/fshomisc/sup/spack_soft/openmpi/4.1.5/gcc-11.4.1-6ymlsrmwi27hevtasblzlk44qgx2cpvd/bin/mpif77
++ export MPIF77
++ MANPATH_modshare=:1:/lustre/fshomisc/sup/spack_soft/sox/14.4.2/gcc-11.3.1-bwjlqaxoxhuwne7m5xyhdj3qx5hkoxkt/share/man:1:/opt/clmgr/man:1:/opt/sgi/share/man:1:/lustre/fshomisc/sup/spack_soft/libjpeg-turbo/2.1.3/gcc-11.3.1-kllvyzt5qynfyl6abf6k2d7h3j3k4fde/share/man:1:/lustre/fshomisc/sup/spack_soft/openmpi/4.1.5/gcc-11.4.1-6ymlsrmwi27hevtasblzlk44qgx2cpvd/share/man:1:/lustre/fshomisc/sys/cuda/12.4.1/doc/man:1:/opt/c3/man:1:/opt/clmgr/share/man:1:/opt/clmgr/lib/cm-cli/man:1
++ export MANPATH_modshare
++ PKG_CONFIG_PATH=/lustre/fshomisc/sup/spack_soft/ffmpeg/6.1.1/gcc-11.3.1-qiwdxtfnyolmjn6b6iivucbar3kuy27w/lib/pkgconfig:/lustre/fshomisc/sup/spack_soft/libjpeg-turbo/2.1.3/gcc-11.3.1-kllvyzt5qynfyl6abf6k2d7h3j3k4fde/lib64/pkgconfig:/lustre/fshomisc/sup/spack_soft/hdf5/1.12.0/gcc-11.4.1-jjsqd67hwparjhrar3onqygfcynzqfxp/lib/pkgconfig:/lustre/fshomisc/sup/spack_soft/sox/14.4.2/gcc-11.3.1-bwjlqaxoxhuwne7m5xyhdj3qx5hkoxkt/lib/pkgconfig:/lustre/fshomisc/sup/spack_soft/magma/2.8.0/gcc-11.3.1-tkvylffw2dlcubz4s2djq3ok2hcpp7vv/lib/pkgconfig:/lustre/fshomisc/sys/intel/oneapi/2024.1/mkl/2024.1/lib/pkgconfig:/lustre/fshomisc/sup/spack_soft/openmpi/4.1.5/gcc-11.4.1-6ymlsrmwi27hevtasblzlk44qgx2cpvd/lib/pkgconfig:/lustre/fshomisc/sup/spack_soft/nccl/2.21.5-1/gcc-11.4.1-7w64gfngrqkyq7nzwxirlv6rnqvqjhi4/lib/pkgconfig
++ export PKG_CONFIG_PATH
++ NCCL_ROOT=/lustre/fshomisc/sup/spack_soft/nccl/2.21.5-1/gcc-11.4.1-7w64gfngrqkyq7nzwxirlv6rnqvqjhi4
++ export NCCL_ROOT
++ OMPI_MCA_coll='^hcoll'
++ export OMPI_MCA_coll
++ PYTHONUNBUFFERED=1
++ export PYTHONUNBUFFERED
++ MODULES_LMNOTUASKED_modshare=ffmpeg/6.1.1:1:cuda/12.4.1:1:cudnn/9.2.0.82-cuda:1:intel-oneapi-mkl/2024.1:1:sox/14.4.2:1:nccl/2.21.5-1-cuda:1:magma/2.8.0-cuda:1:gcc/11.4.1:1:openmpi/4.1.5-cuda:1:hdf5/1.12.0-mpi-cuda:1:libjpeg-turbo/2.1.3:1
++ export MODULES_LMNOTUASKED_modshare
++ LD_LIBRARY_PATH_modshare=/lustre/fshomisc/sys/cuda/12.4.1/targets/x86_64-linux/lib:1:/lustre/fshomisc/sup/spack_soft/sox/14.4.2/gcc-11.3.1-bwjlqaxoxhuwne7m5xyhdj3qx5hkoxkt/lib:1:/lustre/fshomisc/sup/spack_soft/openmpi/4.1.5/gcc-11.4.1-6ymlsrmwi27hevtasblzlk44qgx2cpvd/lib:1:/lustre/fshomisc/sup/spack_soft/cudnn/9.2.0.82-12/gcc-11.3.1-v6phuyxmgp323kqpncv3ockz6zdst6dl/lib:1:/lustre/fshomisc/sup/spack_soft/hdf5/1.12.0/gcc-11.4.1-jjsqd67hwparjhrar3onqygfcynzqfxp/lib:1:/lustre/fshomisc/sys/cuda/12.4.1/nvvm/lib64:1:/lustre/fshomisc/sup/spack_soft/libjpeg-turbo/2.1.3/gcc-11.3.1-kllvyzt5qynfyl6abf6k2d7h3j3k4fde/lib64:1:/lustre/fshomisc/sys/intel/oneapi/2024.1/mkl/2024.1/lib/intel64:1:/lustre/fshomisc/sup/spack_soft/nccl/2.21.5-1/gcc-11.4.1-7w64gfngrqkyq7nzwxirlv6rnqvqjhi4/lib:1:/lustre/fshomisc/sup/pub/anaconda-py3/h100/2024.06/envs/pytorch-gpu-2.4.0+py3.11.9/opencv/opencv-4.10.0/lib64/:1:/lustre/fshomisc/sys/cuda/12.4.1/extras/CUPTI/lib64:1:/lustre/fshomisc/sup/spack_soft/magma/2.8.0/gcc-11.3.1-tkvylffw2dlcubz4s2djq3ok2hcpp7vv/lib:1:/lustre/fshomisc/sys/intel/oneapi/2024.1/compiler/2024.1/lib:2:/lib64/slurm:1:/lustre/fshomisc/sys/cuda/12.4.1/samples/common/lib/linux/x86_64:1:/lustre/fshomisc/sup/spack_soft/ffmpeg/6.1.1/gcc-11.3.1-qiwdxtfnyolmjn6b6iivucbar3kuy27w/lib:1:/lustre/fshomisc/sys/cuda/12.4.1/lib64:1
++ export LD_LIBRARY_PATH_modshare
++ MODULES_LMPREREQ_modshare='pytorch-gpu/py3/2.4.0&cuda/12.4.1&nccl/2.21.5-1-cuda&cudnn/9.2.0.82-cuda&gcc/11.3.1&openmpi/4.1.5-cuda&intel-oneapi-mkl/2024.1&magma/2.8.0-cuda&sox/14.4.2&hdf5/1.12.0-mpi-cuda&libjpeg-turbo/2.1.3&ffmpeg/6.1.1:1:openmpi/4.1.5-cuda&nvidia-compilers/25.1|nvidia-compilers/24.7|nvidia-compilers/24.5|gcc/14.2.0|gcc/13.3.0|gcc/12.2.0|gcc/11.4.1&cuda/12.8.0|cuda/12.6.3|cuda/12.4.1|cuda/12.2.0|cuda/12.1.0:1:magma/2.8.0-cuda&gcc/12.2.0|gcc/11.3.1&cuda/12.4.1|cuda/12.2.0|cuda/12.1.0:1:nccl/2.21.5-1-cuda&cuda/12.8.0|cuda/12.6.3|cuda/12.4.1|cuda/12.2.0|cuda/12.1.0:1:cudnn/9.2.0.82-cuda&cuda/12.4.1|cuda/12.2.0|cuda/12.1.0:1:hdf5/1.12.0-mpi-cuda&nvidia-compilers/25.11|nvidia-compilers/25.1|nvidia-compilers/24.7|nvidia-compilers/24.5|gcc/14.2.0|gcc/13.3.0|gcc/12.2.0|gcc/11.4.1&cuda/12.8.0|cuda/12.6.3|cuda/12.4.1|cuda/12.2.0|cuda/12.1.0&openmpi/4.1.6-cuda|openmpi/4.1.5-cuda:1'
++ export MODULES_LMPREREQ_modshare
++ CUDNN_ROOT=/lustre/fshomisc/sup/spack_soft/cudnn/9.2.0.82-12/gcc-11.3.1-v6phuyxmgp323kqpncv3ockz6zdst6dl
++ export CUDNN_ROOT
++ CUDA_HOME=/lustre/fshomisc/sys/cuda/12.4.1
++ export CUDA_HOME
++ PATH=/lustre/fshomisc/sup/pub/anaconda-py3/h100/2024.06/envs/pytorch-gpu-2.4.0+py3.11.9/opencv/opencv-4.10.0/bin:/lustre/fshomisc/sup/spack_soft/ffmpeg/6.1.1/gcc-11.3.1-qiwdxtfnyolmjn6b6iivucbar3kuy27w/bin:/lustre/fshomisc/sup/spack_soft/libjpeg-turbo/2.1.3/gcc-11.3.1-kllvyzt5qynfyl6abf6k2d7h3j3k4fde/bin:/lustre/fshomisc/sup/spack_soft/hdf5/1.12.0/gcc-11.4.1-jjsqd67hwparjhrar3onqygfcynzqfxp/bin:/lustre/fshomisc/sup/spack_soft/sox/14.4.2/gcc-11.3.1-bwjlqaxoxhuwne7m5xyhdj3qx5hkoxkt/bin:/lustre/fshomisc/sup/spack_soft/openmpi/4.1.5/gcc-11.4.1-6ymlsrmwi27hevtasblzlk44qgx2cpvd/bin:/lustre/fshomisc/sys/cuda/12.4.1/samples:/lustre/fshomisc/sys/cuda/12.4.1/nvvm/bin:/lustre/fshomisc/sys/cuda/12.4.1/bin:/lustre/fshomisc/sup/spack_soft/environment-modules/4.3.1/gcc-11.3.1-wf7m7j6whgecysm2fm5n73sm4jg7txup/bin:/opt/clmgr/sbin:/opt/clmgr/bin:/opt/sgi/sbin:/opt/sgi/bin:/usr/local/bin:/usr/bin:/usr/local/sbin:/usr/sbin:/opt/c3/bin:/gpfslocalsup/bin:/gpfslocalsys/bin
++ export PATH
++ MPIF90=/lustre/fshomisc/sup/spack_soft/openmpi/4.1.5/gcc-11.4.1-6ymlsrmwi27hevtasblzlk44qgx2cpvd/bin/mpif90
++ export MPIF90
++ LD_LIBRARY_PATH=/lustre/fshomisc/sup/pub/anaconda-py3/h100/2024.06/envs/pytorch-gpu-2.4.0+py3.11.9/opencv/opencv-4.10.0/lib64/:/lustre/fshomisc/sup/spack_soft/ffmpeg/6.1.1/gcc-11.3.1-qiwdxtfnyolmjn6b6iivucbar3kuy27w/lib:/lustre/fshomisc/sup/spack_soft/libjpeg-turbo/2.1.3/gcc-11.3.1-kllvyzt5qynfyl6abf6k2d7h3j3k4fde/lib64:/lustre/fshomisc/sup/spack_soft/hdf5/1.12.0/gcc-11.4.1-jjsqd67hwparjhrar3onqygfcynzqfxp/lib:/lustre/fshomisc/sup/spack_soft/sox/14.4.2/gcc-11.3.1-bwjlqaxoxhuwne7m5xyhdj3qx5hkoxkt/lib:/lustre/fshomisc/sup/spack_soft/magma/2.8.0/gcc-11.3.1-tkvylffw2dlcubz4s2djq3ok2hcpp7vv/lib:/lustre/fshomisc/sys/intel/oneapi/2024.1/mkl/2024.1/lib/intel64:/lustre/fshomisc/sys/intel/oneapi/2024.1/compiler/2024.1/lib:/lustre/fshomisc/sup/spack_soft/openmpi/4.1.5/gcc-11.4.1-6ymlsrmwi27hevtasblzlk44qgx2cpvd/lib:/lustre/fshomisc/sup/spack_soft/cudnn/9.2.0.82-12/gcc-11.3.1-v6phuyxmgp323kqpncv3ockz6zdst6dl/lib:/lustre/fshomisc/sup/spack_soft/nccl/2.21.5-1/gcc-11.4.1-7w64gfngrqkyq7nzwxirlv6rnqvqjhi4/lib:/lustre/fshomisc/sys/cuda/12.4.1/nvvm/lib64:/lustre/fshomisc/sys/cuda/12.4.1/extras/CUPTI/lib64:/lustre/fshomisc/sys/cuda/12.4.1/lib64:/lustre/fshomisc/sys/cuda/12.4.1/samples/common/lib/linux/x86_64:/lustre/fshomisc/sys/cuda/12.4.1/targets/x86_64-linux/lib:/lib64/slurm
++ export LD_LIBRARY_PATH
++ MODULES_LMPREREQ='nccl/2.21.5-1-cuda&cuda/12.8.0|cuda/12.6.3|cuda/12.4.1|cuda/12.2.0|cuda/12.1.0:cudnn/9.2.0.82-cuda&cuda/12.4.1|cuda/12.2.0|cuda/12.1.0:openmpi/4.1.5-cuda&nvidia-compilers/25.1|nvidia-compilers/24.7|nvidia-compilers/24.5|gcc/14.2.0|gcc/13.3.0|gcc/12.2.0|gcc/11.4.1&cuda/12.8.0|cuda/12.6.3|cuda/12.4.1|cuda/12.2.0|cuda/12.1.0:magma/2.8.0-cuda&gcc/12.2.0|gcc/11.3.1&cuda/12.4.1|cuda/12.2.0|cuda/12.1.0:hdf5/1.12.0-mpi-cuda&nvidia-compilers/25.11|nvidia-compilers/25.1|nvidia-compilers/24.7|nvidia-compilers/24.5|gcc/14.2.0|gcc/13.3.0|gcc/12.2.0|gcc/11.4.1&cuda/12.8.0|cuda/12.6.3|cuda/12.4.1|cuda/12.2.0|cuda/12.1.0&openmpi/4.1.6-cuda|openmpi/4.1.5-cuda:pytorch-gpu/py3/2.4.0&cuda/12.4.1&nccl/2.21.5-1-cuda&cudnn/9.2.0.82-cuda&gcc/11.3.1&openmpi/4.1.5-cuda&intel-oneapi-mkl/2024.1&magma/2.8.0-cuda&sox/14.4.2&hdf5/1.12.0-mpi-cuda&libjpeg-turbo/2.1.3&ffmpeg/6.1.1'
++ export MODULES_LMPREREQ
++ LOADEDMODULES=arch/h100:cuda/12.4.1:nccl/2.21.5-1-cuda:cudnn/9.2.0.82-cuda:gcc/11.4.1:openmpi/4.1.5-cuda:intel-oneapi-mkl/2024.1:magma/2.8.0-cuda:sox/14.4.2:hdf5/1.12.0-mpi-cuda:libjpeg-turbo/2.1.3:ffmpeg/6.1.1:pytorch-gpu/py3/2.4.0
++ export LOADEDMODULES
++ FPATH=/lustre/fshomisc/sys/intel/oneapi/2024.1/mkl/2024.1/include
++ export FPATH
++ MODULES_LMCONFLICT='arch/h100&arch&cpuarch:cuda/12.4.1&cuda:nccl/2.21.5-1-cuda&nccl:cudnn/9.2.0.82-cuda&cudnn:gcc/11.4.1&gcc:openmpi/4.1.5-cuda&openmpi&intel-mpi:intel-oneapi-mkl/2024.1&intel-mkl&intel-one-mkl:magma/2.8.0-cuda&magma:sox/14.4.2&sox:hdf5/1.12.0-mpi-cuda&hdf5:libjpeg-turbo/2.1.3&libjpeg-turbo:ffmpeg/6.1.1&ffmpeg:pytorch-gpu/py3/2.4.0&python&tensorflow-gpu&pytorch-gpu&caffe&anaconda-py2&anaconda-py3'
++ export MODULES_LMCONFLICT
++ PKG_CONFIG_PATH_modshare=/lustre/fshomisc/sup/spack_soft/libjpeg-turbo/2.1.3/gcc-11.3.1-kllvyzt5qynfyl6abf6k2d7h3j3k4fde/lib64/pkgconfig:1:/lustre/fshomisc/sup/spack_soft/magma/2.8.0/gcc-11.3.1-tkvylffw2dlcubz4s2djq3ok2hcpp7vv/lib/pkgconfig:1:/lustre/fshomisc/sup/spack_soft/ffmpeg/6.1.1/gcc-11.3.1-qiwdxtfnyolmjn6b6iivucbar3kuy27w/lib/pkgconfig:1:/lustre/fshomisc/sup/spack_soft/sox/14.4.2/gcc-11.3.1-bwjlqaxoxhuwne7m5xyhdj3qx5hkoxkt/lib/pkgconfig:1:/lustre/fshomisc/sys/intel/oneapi/2024.1/mkl/2024.1/lib/pkgconfig:1:/lustre/fshomisc/sup/spack_soft/openmpi/4.1.5/gcc-11.4.1-6ymlsrmwi27hevtasblzlk44qgx2cpvd/lib/pkgconfig:1:/lustre/fshomisc/sup/spack_soft/nccl/2.21.5-1/gcc-11.4.1-7w64gfngrqkyq7nzwxirlv6rnqvqjhi4/lib/pkgconfig:1:/lustre/fshomisc/sup/spack_soft/hdf5/1.12.0/gcc-11.4.1-jjsqd67hwparjhrar3onqygfcynzqfxp/lib/pkgconfig:1
++ export PKG_CONFIG_PATH_modshare
++ OMPI_MCA_pml=ucx
++ export OMPI_MCA_pml
++ MODULES_LMNOTUASKED=cuda/12.4.1:nccl/2.21.5-1-cuda:cudnn/9.2.0.82-cuda:gcc/11.4.1:openmpi/4.1.5-cuda:intel-oneapi-mkl/2024.1:magma/2.8.0-cuda:sox/14.4.2:hdf5/1.12.0-mpi-cuda:libjpeg-turbo/2.1.3:ffmpeg/6.1.1
++ export MODULES_LMNOTUASKED
++ FFMPEG_ROOT=/lustre/fshomisc/sup/spack_soft/ffmpeg/6.1.1/gcc-11.3.1-qiwdxtfnyolmjn6b6iivucbar3kuy27w
++ export FFMPEG_ROOT
++ MKLROOT=/lustre/fshomisc/sys/intel/oneapi/2024.1/mkl/2024.1
++ export MKLROOT
++ MPICXX=/lustre/fshomisc/sup/spack_soft/openmpi/4.1.5/gcc-11.4.1-6ymlsrmwi27hevtasblzlk44qgx2cpvd/bin/mpic++
++ export MPICXX
++ HDF5_ROOT=/lustre/fshomisc/sup/spack_soft/hdf5/1.12.0/gcc-11.4.1-jjsqd67hwparjhrar3onqygfcynzqfxp
++ export HDF5_ROOT
++ NLSPATH=/lustre/fshomisc/sys/intel/oneapi/2024.1/mkl/2024.1/lib/intel64/locale/%l_%t/%N
++ export NLSPATH
++ LOADEDMODULES_modshare=sox/14.4.2:1:ffmpeg/6.1.1:1:magma/2.8.0-cuda:1:hdf5/1.12.0-mpi-cuda:1:intel-oneapi-mkl/2024.1:1:pytorch-gpu/py3/2.4.0:1:arch/h100:1:gcc/11.4.1:1:cuda/12.4.1:1:cudnn/9.2.0.82-cuda:1:nccl/2.21.5-1-cuda:1:openmpi/4.1.5-cuda:1:libjpeg-turbo/2.1.3:1
++ export LOADEDMODULES_modshare
++ OMPI_MCA_btl_vader_single_copy_mechanism=none
++ export OMPI_MCA_btl_vader_single_copy_mechanism
++ LIBRARY_PATH=/lustre/fshomisc/sup/spack_soft/ffmpeg/6.1.1/gcc-11.3.1-qiwdxtfnyolmjn6b6iivucbar3kuy27w/lib:/lustre/fshomisc/sup/spack_soft/libjpeg-turbo/2.1.3/gcc-11.3.1-kllvyzt5qynfyl6abf6k2d7h3j3k4fde/lib64:/lustre/fshomisc/sup/spack_soft/hdf5/1.12.0/gcc-11.4.1-jjsqd67hwparjhrar3onqygfcynzqfxp/lib:/lustre/fshomisc/sup/spack_soft/sox/14.4.2/gcc-11.3.1-bwjlqaxoxhuwne7m5xyhdj3qx5hkoxkt/lib:/lustre/fshomisc/sup/spack_soft/magma/2.8.0/gcc-11.3.1-tkvylffw2dlcubz4s2djq3ok2hcpp7vv/lib:/lustre/fshomisc/sys/intel/oneapi/2024.1/mkl/2024.1/lib/intel64:/lustre/fshomisc/sys/intel/oneapi/2024.1/compiler/2024.1/lib:/lustre/fshomisc/sup/spack_soft/openmpi/4.1.5/gcc-11.4.1-6ymlsrmwi27hevtasblzlk44qgx2cpvd/lib:/lustre/fshomisc/sup/spack_soft/cudnn/9.2.0.82-12/gcc-11.3.1-v6phuyxmgp323kqpncv3ockz6zdst6dl/lib:/lustre/fshomisc/sup/spack_soft/nccl/2.21.5-1/gcc-11.4.1-7w64gfngrqkyq7nzwxirlv6rnqvqjhi4/lib:/lustre/fshomisc/sys/cuda/12.4.1/lib64/stubs:/lustre/fshomisc/sys/cuda/12.4.1/nvvm/lib64:/lustre/fshomisc/sys/cuda/12.4.1/extras/CUPTI/lib64:/lustre/fshomisc/sys/cuda/12.4.1/lib64:/lustre/fshomisc/sys/cuda/12.4.1/samples/common/lib/linux/x86_64:/lustre/fshomisc/sys/cuda/12.4.1/targets/x86_64-linux/lib:/lib64/slurm
++ export LIBRARY_PATH
++ DIAGUTIL_PATH_modshare=/lustre/fshomisc/sys/intel/oneapi/2024.1/compiler/2024.1/sys_check/sys_check.sh:1
++ export DIAGUTIL_PATH_modshare
++ _LMFILES_=/lustre/fshomisc/sup/hpe/pub/module-rh/modulefiles/arch/h100:/lustre/fshomisc/sup/pub/modules-rh/modulefiles/cuda/12.4.1:/lustre/fshomisc/sup/pub/modules-idris-env4/modulefiles/linux-rhel9-sapphirerapids/nccl/2.21.5-1-cuda:/lustre/fshomisc/sup/pub/modules-idris-env4/modulefiles/linux-rhel9-sapphirerapids/cudnn/9.2.0.82-cuda:/lustre/fshomisc/sup/pub/modules-idris-env4/modulefiles/linux-rhel9-sapphirerapids/gcc/11.4.1:/lustre/fshomisc/sup/pub/modules-idris-env4/modulefiles/linux-rhel9-sapphirerapids/openmpi/4.1.5-cuda:/lustre/fshomisc/sup/pub/modules-rh/modulefiles/intel-oneapi-mkl/2024.1:/lustre/fshomisc/sup/pub/modules-idris-env4/modulefiles/linux-rhel9-sapphirerapids/magma/2.8.0-cuda:/lustre/fshomisc/sup/pub/modules-idris-env4/modulefiles/linux-rhel9-sapphirerapids/sox/14.4.2:/lustre/fshomisc/sup/pub/modules-idris-env4/modulefiles/linux-rhel9-sapphirerapids/hdf5/1.12.0-mpi-cuda:/lustre/fshomisc/sup/pub/modules-idris-env4/modulefiles/linux-rhel9-sapphirerapids/libjpeg-turbo/2.1.3:/lustre/fshomisc/sup/pub/modules-idris-env4/modulefiles/linux-rhel9-sapphirerapids/ffmpeg/6.1.1:/lustre/fshomisc/sup/pub/modules-idris-env4/modulefiles/linux-rhel9-sapphirerapids/pytorch-gpu/py3/2.4.0
++ export _LMFILES_
++ LIBJPEG_TURBO_ROOT=/lustre/fshomisc/sup/spack_soft/libjpeg-turbo/2.1.3/gcc-11.3.1-kllvyzt5qynfyl6abf6k2d7h3j3k4fde
++ export LIBJPEG_TURBO_ROOT
++ LIBRARY_PATH_modshare=/lustre/fshomisc/sys/cuda/12.4.1/targets/x86_64-linux/lib:1:/lustre/fshomisc/sup/spack_soft/sox/14.4.2/gcc-11.3.1-bwjlqaxoxhuwne7m5xyhdj3qx5hkoxkt/lib:1:/lustre/fshomisc/sup/spack_soft/openmpi/4.1.5/gcc-11.4.1-6ymlsrmwi27hevtasblzlk44qgx2cpvd/lib:1:/lustre/fshomisc/sup/spack_soft/cudnn/9.2.0.82-12/gcc-11.3.1-v6phuyxmgp323kqpncv3ockz6zdst6dl/lib:1:/lustre/fshomisc/sup/spack_soft/hdf5/1.12.0/gcc-11.4.1-jjsqd67hwparjhrar3onqygfcynzqfxp/lib:1:/lustre/fshomisc/sys/cuda/12.4.1/nvvm/lib64:1:/lustre/fshomisc/sup/spack_soft/libjpeg-turbo/2.1.3/gcc-11.3.1-kllvyzt5qynfyl6abf6k2d7h3j3k4fde/lib64:1:/lustre/fshomisc/sys/cuda/12.4.1/lib64/stubs:1:/lustre/fshomisc/sys/intel/oneapi/2024.1/mkl/2024.1/lib/intel64:1:/lustre/fshomisc/sup/spack_soft/nccl/2.21.5-1/gcc-11.4.1-7w64gfngrqkyq7nzwxirlv6rnqvqjhi4/lib:1:/lustre/fshomisc/sys/cuda/12.4.1/extras/CUPTI/lib64:1:/lustre/fshomisc/sys/intel/oneapi/2024.1/compiler/2024.1/lib:1:/lustre/fshomisc/sup/spack_soft/magma/2.8.0/gcc-11.3.1-tkvylffw2dlcubz4s2djq3ok2hcpp7vv/lib:1:/lib64/slurm:1:/lustre/fshomisc/sys/cuda/12.4.1/samples/common/lib/linux/x86_64:1:/lustre/fshomisc/sup/spack_soft/ffmpeg/6.1.1/gcc-11.3.1-qiwdxtfnyolmjn6b6iivucbar3kuy27w/lib:1:/lustre/fshomisc/sys/cuda/12.4.1/lib64:1
++ export LIBRARY_PATH_modshare
++ NVHPC_CUDA_HOME=/lustre/fshomisc/sys/cuda/12.4.1
++ export NVHPC_CUDA_HOME
++ MODULES_LMALTNAME='gcc/11.4.1&gcc/11.3.1'
++ export MODULES_LMALTNAME
++ CUDNN_LIBRARY=/lustre/fshomisc/sup/spack_soft/cudnn/9.2.0.82-12/gcc-11.3.1-v6phuyxmgp323kqpncv3ockz6zdst6dl/lib/libcudnn.so
++ export CUDNN_LIBRARY
++ NLSPATH_modshare=/lustre/fshomisc/sys/intel/oneapi/2024.1/mkl/2024.1/lib/intel64/locale/%l_%t/%N:1
++ export NLSPATH_modshare
++ MPICC=/lustre/fshomisc/sup/spack_soft/openmpi/4.1.5/gcc-11.4.1-6ymlsrmwi27hevtasblzlk44qgx2cpvd/bin/mpicc
++ export MPICC
++ FPATH_modshare=/lustre/fshomisc/sys/intel/oneapi/2024.1/mkl/2024.1/include:1
++ export FPATH_modshare
++ MODULES_LMCONFLICT_modshare='intel-oneapi-mkl/2024.1&intel-mkl&intel-one-mkl:1:gcc/11.4.1&gcc:1:openmpi/4.1.5-cuda&openmpi&intel-mpi:1:cuda/12.4.1&cuda:1:nccl/2.21.5-1-cuda&nccl:1:arch/h100&arch&cpuarch:1:sox/14.4.2&sox:1:hdf5/1.12.0-mpi-cuda&hdf5:1:pytorch-gpu/py3/2.4.0&python&tensorflow-gpu&pytorch-gpu&caffe&anaconda-py2&anaconda-py3:1:magma/2.8.0-cuda&magma:1:libjpeg-turbo/2.1.3&libjpeg-turbo:1:ffmpeg/6.1.1&ffmpeg:1:cudnn/9.2.0.82-cuda&cudnn:1'
++ export MODULES_LMCONFLICT_modshare
++ CPLUS_INCLUDE_PATH=/lustre/fshomisc/sys/cuda/12.4.1/include
++ export CPLUS_INCLUDE_PATH
++ CUDA_INSTALL_PATH=/lustre/fshomisc/sys/cuda/12.4.1
++ export CUDA_INSTALL_PATH
++ CUDA_ROOT=/lustre/fshomisc/sys/cuda/12.4.1
++ export CUDA_ROOT
++ CUDA_PATH=/lustre/fshomisc/sys/cuda/12.4.1
++ export CUDA_PATH
++ CPATH_modshare=/lustre/fshomisc/sup/spack_soft/libjpeg-turbo/2.1.3/gcc-11.3.1-kllvyzt5qynfyl6abf6k2d7h3j3k4fde/include:1:/lustre/fshomisc/sup/spack_soft/hdf5/1.12.0/gcc-11.4.1-jjsqd67hwparjhrar3onqygfcynzqfxp/include/static:1:/lustre/fshomisc/sup/spack_soft/openmpi/4.1.5/gcc-11.4.1-6ymlsrmwi27hevtasblzlk44qgx2cpvd/include:1:/lustre/fshomisc/sup/spack_soft/cudnn/9.2.0.82-12/gcc-11.3.1-v6phuyxmgp323kqpncv3ockz6zdst6dl/include:1:/lustre/fshomisc/sup/spack_soft/nccl/2.21.5-1/gcc-11.4.1-7w64gfngrqkyq7nzwxirlv6rnqvqjhi4/include:1:/lustre/fshomisc/sup/spack_soft/hdf5/1.12.0/gcc-11.4.1-jjsqd67hwparjhrar3onqygfcynzqfxp/include:1:/lustre/fshomisc/sup/spack_soft/magma/2.8.0/gcc-11.3.1-tkvylffw2dlcubz4s2djq3ok2hcpp7vv/include:1:/lustre/fshomisc/sup/spack_soft/ffmpeg/6.1.1/gcc-11.3.1-qiwdxtfnyolmjn6b6iivucbar3kuy27w/include:1:/lustre/fshomisc/sup/spack_soft/hdf5/1.12.0/gcc-11.4.1-jjsqd67hwparjhrar3onqygfcynzqfxp/include/shared:1:/lustre/fshomisc/sup/spack_soft/sox/14.4.2/gcc-11.3.1-bwjlqaxoxhuwne7m5xyhdj3qx5hkoxkt/include:1:/lustre/fshomisc/sys/intel/oneapi/2024.1/mkl/2024.1/include:1
++ export CPATH_modshare
++ _LMFILES__modshare=/lustre/fshomisc/sup/pub/modules-rh/modulefiles/intel-oneapi-mkl/2024.1:1:/lustre/fshomisc/sup/pub/modules-idris-env4/modulefiles/linux-rhel9-sapphirerapids/gcc/11.4.1:1:/lustre/fshomisc/sup/pub/modules-idris-env4/modulefiles/linux-rhel9-sapphirerapids/libjpeg-turbo/2.1.3:1:/lustre/fshomisc/sup/hpe/pub/module-rh/modulefiles/arch/h100:1:/lustre/fshomisc/sup/pub/modules-rh/modulefiles/cuda/12.4.1:1:/lustre/fshomisc/sup/pub/modules-idris-env4/modulefiles/linux-rhel9-sapphirerapids/nccl/2.21.5-1-cuda:1:/lustre/fshomisc/sup/pub/modules-idris-env4/modulefiles/linux-rhel9-sapphirerapids/pytorch-gpu/py3/2.4.0:1:/lustre/fshomisc/sup/pub/modules-idris-env4/modulefiles/linux-rhel9-sapphirerapids/openmpi/4.1.5-cuda:1:/lustre/fshomisc/sup/pub/modules-idris-env4/modulefiles/linux-rhel9-sapphirerapids/cudnn/9.2.0.82-cuda:1:/lustre/fshomisc/sup/pub/modules-idris-env4/modulefiles/linux-rhel9-sapphirerapids/sox/14.4.2:1:/lustre/fshomisc/sup/pub/modules-idris-env4/modulefiles/linux-rhel9-sapphirerapids/ffmpeg/6.1.1:1:/lustre/fshomisc/sup/pub/modules-idris-env4/modulefiles/linux-rhel9-sapphirerapids/magma/2.8.0-cuda:1:/lustre/fshomisc/sup/pub/modules-idris-env4/modulefiles/linux-rhel9-sapphirerapids/hdf5/1.12.0-mpi-cuda:1
++ export _LMFILES__modshare
++ PATH_modshare=/lustre/fshomisc/sup/spack_soft/ffmpeg/6.1.1/gcc-11.3.1-qiwdxtfnyolmjn6b6iivucbar3kuy27w/bin:1:/usr/bin:1:/gpfslocalsup/bin:1:/usr/local/bin:1:/opt/sgi/bin:1:/lustre/fshomisc/sup/spack_soft/sox/14.4.2/gcc-11.3.1-bwjlqaxoxhuwne7m5xyhdj3qx5hkoxkt/bin:1:/lustre/fshomisc/sup/spack_soft/openmpi/4.1.5/gcc-11.4.1-6ymlsrmwi27hevtasblzlk44qgx2cpvd/bin:1:/lustre/fshomisc/sup/spack_soft/hdf5/1.12.0/gcc-11.4.1-jjsqd67hwparjhrar3onqygfcynzqfxp/bin:1:/lustre/fshomisc/sys/cuda/12.4.1/bin:1:/opt/clmgr/bin:1:/opt/sgi/sbin:1:/lustre/fshomisc/sup/pub/anaconda-py3/h100/2024.06/envs/pytorch-gpu-2.4.0+py3.11.9/opencv/opencv-4.10.0/bin:1:/opt/clmgr/sbin:1:/gpfslocalsys/bin:1:/lustre/fshomisc/sys/cuda/12.4.1/samples:1:/lustre/fshomisc/sys/cuda/12.4.1/nvvm/bin:1:/usr/sbin:1:/lustre/fshomisc/sup/spack_soft/libjpeg-turbo/2.1.3/gcc-11.3.1-kllvyzt5qynfyl6abf6k2d7h3j3k4fde/bin:1:/usr/local/sbin:1:/lustre/fshomisc/sup/spack_soft/environment-modules/4.3.1/gcc-11.3.1-wf7m7j6whgecysm2fm5n73sm4jg7txup/bin:1:/opt/c3/bin:1
++ export PATH_modshare
++ DIAGUTIL_PATH=/lustre/fshomisc/sys/intel/oneapi/2024.1/compiler/2024.1/sys_check/sys_check.sh
++ export DIAGUTIL_PATH
++ . /lustre/fshomisc/sup/pub/anaconda-py3/h100/2024.06/etc/profile.d/conda.sh
+++ export CONDA_EXE=/lustre/fshomisc/sup/pub/anaconda-py3/h100/2024.06/bin/conda
+++ CONDA_EXE=/lustre/fshomisc/sup/pub/anaconda-py3/h100/2024.06/bin/conda
+++ export _CE_M=
+++ _CE_M=
+++ export _CE_CONDA=
+++ _CE_CONDA=
+++ export CONDA_PYTHON_EXE=/lustre/fshomisc/sup/pub/anaconda-py3/h100/2024.06/bin/python
+++ CONDA_PYTHON_EXE=/lustre/fshomisc/sup/pub/anaconda-py3/h100/2024.06/bin/python
+++ '[' -z '' ']'
+++ export CONDA_SHLVL=0
+++ CONDA_SHLVL=0
+++ '[' -n '' ']'
+++++ dirname /lustre/fshomisc/sup/pub/anaconda-py3/h100/2024.06/bin/conda
++++ dirname /lustre/fshomisc/sup/pub/anaconda-py3/h100/2024.06/bin
+++ PATH=/lustre/fshomisc/sup/pub/anaconda-py3/h100/2024.06/condabin:/lustre/fshomisc/sup/pub/anaconda-py3/h100/2024.06/envs/pytorch-gpu-2.4.0+py3.11.9/opencv/opencv-4.10.0/bin:/lustre/fshomisc/sup/spack_soft/ffmpeg/6.1.1/gcc-11.3.1-qiwdxtfnyolmjn6b6iivucbar3kuy27w/bin:/lustre/fshomisc/sup/spack_soft/libjpeg-turbo/2.1.3/gcc-11.3.1-kllvyzt5qynfyl6abf6k2d7h3j3k4fde/bin:/lustre/fshomisc/sup/spack_soft/hdf5/1.12.0/gcc-11.4.1-jjsqd67hwparjhrar3onqygfcynzqfxp/bin:/lustre/fshomisc/sup/spack_soft/sox/14.4.2/gcc-11.3.1-bwjlqaxoxhuwne7m5xyhdj3qx5hkoxkt/bin:/lustre/fshomisc/sup/spack_soft/openmpi/4.1.5/gcc-11.4.1-6ymlsrmwi27hevtasblzlk44qgx2cpvd/bin:/lustre/fshomisc/sys/cuda/12.4.1/samples:/lustre/fshomisc/sys/cuda/12.4.1/nvvm/bin:/lustre/fshomisc/sys/cuda/12.4.1/bin:/lustre/fshomisc/sup/spack_soft/environment-modules/4.3.1/gcc-11.3.1-wf7m7j6whgecysm2fm5n73sm4jg7txup/bin:/opt/clmgr/sbin:/opt/clmgr/bin:/opt/sgi/sbin:/opt/sgi/bin:/usr/local/bin:/usr/bin:/usr/local/sbin:/usr/sbin:/opt/c3/bin:/gpfslocalsup/bin:/gpfslocalsys/bin
+++ export PATH
+++ '[' -z '' ']'
+++ PS1=
++ conda deactivate
++ local cmd=deactivate
++ case "$cmd" in
++ __conda_activate deactivate
++ '[' -n '' ']'
++ local ask_conda
+++ PS1=
+++ __conda_exe shell.posix deactivate
+++ /lustre/fshomisc/sup/pub/anaconda-py3/h100/2024.06/bin/conda shell.posix deactivate
++ ask_conda=
++ eval ''
++ __conda_hashr
++ '[' -n '' ']'
++ '[' -n '' ']'
++ hash -r
++ conda activate pytorch-gpu-2.4.0+py3.11.9
++ local cmd=activate
++ case "$cmd" in
++ __conda_activate activate pytorch-gpu-2.4.0+py3.11.9
++ '[' -n '' ']'
++ local ask_conda
+++ PS1=
+++ __conda_exe shell.posix activate pytorch-gpu-2.4.0+py3.11.9
+++ /lustre/fshomisc/sup/pub/anaconda-py3/h100/2024.06/bin/conda shell.posix activate pytorch-gpu-2.4.0+py3.11.9
++ ask_conda='PS1='\''(pytorch-gpu-2.4.0+py3.11.9) '\''
export PATH='\''/lustre/fshomisc/sup/pub/anaconda-py3/h100/2024.06/envs/pytorch-gpu-2.4.0+py3.11.9/bin:/lustre/fshomisc/sup/pub/anaconda-py3/h100/2024.06/condabin:/lustre/fshomisc/sup/pub/anaconda-py3/h100/2024.06/envs/pytorch-gpu-2.4.0+py3.11.9/opencv/opencv-4.10.0/bin:/lustre/fshomisc/sup/spack_soft/ffmpeg/6.1.1/gcc-11.3.1-qiwdxtfnyolmjn6b6iivucbar3kuy27w/bin:/lustre/fshomisc/sup/spack_soft/libjpeg-turbo/2.1.3/gcc-11.3.1-kllvyzt5qynfyl6abf6k2d7h3j3k4fde/bin:/lustre/fshomisc/sup/spack_soft/hdf5/1.12.0/gcc-11.4.1-jjsqd67hwparjhrar3onqygfcynzqfxp/bin:/lustre/fshomisc/sup/spack_soft/sox/14.4.2/gcc-11.3.1-bwjlqaxoxhuwne7m5xyhdj3qx5hkoxkt/bin:/lustre/fshomisc/sup/spack_soft/openmpi/4.1.5/gcc-11.4.1-6ymlsrmwi27hevtasblzlk44qgx2cpvd/bin:/lustre/fshomisc/sys/cuda/12.4.1/samples:/lustre/fshomisc/sys/cuda/12.4.1/nvvm/bin:/lustre/fshomisc/sys/cuda/12.4.1/bin:/lustre/fshomisc/sup/spack_soft/environment-modules/4.3.1/gcc-11.3.1-wf7m7j6whgecysm2fm5n73sm4jg7txup/bin:/opt/clmgr/sbin:/opt/clmgr/bin:/opt/sgi/sbin:/opt/sgi/bin:/usr/local/bin:/usr/bin:/usr/local/sbin:/usr/sbin:/opt/c3/bin:/gpfslocalsup/bin:/gpfslocalsys/bin'\''
export CONDA_PREFIX='\''/lustre/fshomisc/sup/pub/anaconda-py3/h100/2024.06/envs/pytorch-gpu-2.4.0+py3.11.9'\''
export CONDA_SHLVL='\''1'\''
export CONDA_DEFAULT_ENV='\''pytorch-gpu-2.4.0+py3.11.9'\''
export CONDA_PROMPT_MODIFIER='\''(pytorch-gpu-2.4.0+py3.11.9) '\''
export CONDA_EXE='\''/lustre/fshomisc/sup/pub/anaconda-py3/h100/2024.06/bin/conda'\''
export _CE_M='\'''\''
export _CE_CONDA='\'''\''
export CONDA_PYTHON_EXE='\''/lustre/fshomisc/sup/pub/anaconda-py3/h100/2024.06/bin/python'\''
. "/lustre/fshomisc/sup/pub/anaconda-py3/h100/2024.06/envs/pytorch-gpu-2.4.0+py3.11.9/etc/conda/activate.d/libglib_activate.sh"
. "/lustre/fshomisc/sup/pub/anaconda-py3/h100/2024.06/envs/pytorch-gpu-2.4.0+py3.11.9/etc/conda/activate.d/proj4-activate.sh"'
++ eval 'PS1='\''(pytorch-gpu-2.4.0+py3.11.9) '\''
export PATH='\''/lustre/fshomisc/sup/pub/anaconda-py3/h100/2024.06/envs/pytorch-gpu-2.4.0+py3.11.9/bin:/lustre/fshomisc/sup/pub/anaconda-py3/h100/2024.06/condabin:/lustre/fshomisc/sup/pub/anaconda-py3/h100/2024.06/envs/pytorch-gpu-2.4.0+py3.11.9/opencv/opencv-4.10.0/bin:/lustre/fshomisc/sup/spack_soft/ffmpeg/6.1.1/gcc-11.3.1-qiwdxtfnyolmjn6b6iivucbar3kuy27w/bin:/lustre/fshomisc/sup/spack_soft/libjpeg-turbo/2.1.3/gcc-11.3.1-kllvyzt5qynfyl6abf6k2d7h3j3k4fde/bin:/lustre/fshomisc/sup/spack_soft/hdf5/1.12.0/gcc-11.4.1-jjsqd67hwparjhrar3onqygfcynzqfxp/bin:/lustre/fshomisc/sup/spack_soft/sox/14.4.2/gcc-11.3.1-bwjlqaxoxhuwne7m5xyhdj3qx5hkoxkt/bin:/lustre/fshomisc/sup/spack_soft/openmpi/4.1.5/gcc-11.4.1-6ymlsrmwi27hevtasblzlk44qgx2cpvd/bin:/lustre/fshomisc/sys/cuda/12.4.1/samples:/lustre/fshomisc/sys/cuda/12.4.1/nvvm/bin:/lustre/fshomisc/sys/cuda/12.4.1/bin:/lustre/fshomisc/sup/spack_soft/environment-modules/4.3.1/gcc-11.3.1-wf7m7j6whgecysm2fm5n73sm4jg7txup/bin:/opt/clmgr/sbin:/opt/clmgr/bin:/opt/sgi/sbin:/opt/sgi/bin:/usr/local/bin:/usr/bin:/usr/local/sbin:/usr/sbin:/opt/c3/bin:/gpfslocalsup/bin:/gpfslocalsys/bin'\''
export CONDA_PREFIX='\''/lustre/fshomisc/sup/pub/anaconda-py3/h100/2024.06/envs/pytorch-gpu-2.4.0+py3.11.9'\''
export CONDA_SHLVL='\''1'\''
export CONDA_DEFAULT_ENV='\''pytorch-gpu-2.4.0+py3.11.9'\''
export CONDA_PROMPT_MODIFIER='\''(pytorch-gpu-2.4.0+py3.11.9) '\''
export CONDA_EXE='\''/lustre/fshomisc/sup/pub/anaconda-py3/h100/2024.06/bin/conda'\''
export _CE_M='\'''\''
export _CE_CONDA='\'''\''
export CONDA_PYTHON_EXE='\''/lustre/fshomisc/sup/pub/anaconda-py3/h100/2024.06/bin/python'\''
. "/lustre/fshomisc/sup/pub/anaconda-py3/h100/2024.06/envs/pytorch-gpu-2.4.0+py3.11.9/etc/conda/activate.d/libglib_activate.sh"
. "/lustre/fshomisc/sup/pub/anaconda-py3/h100/2024.06/envs/pytorch-gpu-2.4.0+py3.11.9/etc/conda/activate.d/proj4-activate.sh"'
+++ PS1='(pytorch-gpu-2.4.0+py3.11.9) '
+++ export PATH=/lustre/fshomisc/sup/pub/anaconda-py3/h100/2024.06/envs/pytorch-gpu-2.4.0+py3.11.9/bin:/lustre/fshomisc/sup/pub/anaconda-py3/h100/2024.06/condabin:/lustre/fshomisc/sup/pub/anaconda-py3/h100/2024.06/envs/pytorch-gpu-2.4.0+py3.11.9/opencv/opencv-4.10.0/bin:/lustre/fshomisc/sup/spack_soft/ffmpeg/6.1.1/gcc-11.3.1-qiwdxtfnyolmjn6b6iivucbar3kuy27w/bin:/lustre/fshomisc/sup/spack_soft/libjpeg-turbo/2.1.3/gcc-11.3.1-kllvyzt5qynfyl6abf6k2d7h3j3k4fde/bin:/lustre/fshomisc/sup/spack_soft/hdf5/1.12.0/gcc-11.4.1-jjsqd67hwparjhrar3onqygfcynzqfxp/bin:/lustre/fshomisc/sup/spack_soft/sox/14.4.2/gcc-11.3.1-bwjlqaxoxhuwne7m5xyhdj3qx5hkoxkt/bin:/lustre/fshomisc/sup/spack_soft/openmpi/4.1.5/gcc-11.4.1-6ymlsrmwi27hevtasblzlk44qgx2cpvd/bin:/lustre/fshomisc/sys/cuda/12.4.1/samples:/lustre/fshomisc/sys/cuda/12.4.1/nvvm/bin:/lustre/fshomisc/sys/cuda/12.4.1/bin:/lustre/fshomisc/sup/spack_soft/environment-modules/4.3.1/gcc-11.3.1-wf7m7j6whgecysm2fm5n73sm4jg7txup/bin:/opt/clmgr/sbin:/opt/clmgr/bin:/opt/sgi/sbin:/opt/sgi/bin:/usr/local/bin:/usr/bin:/usr/local/sbin:/usr/sbin:/opt/c3/bin:/gpfslocalsup/bin:/gpfslocalsys/bin
+++ PATH=/lustre/fshomisc/sup/pub/anaconda-py3/h100/2024.06/envs/pytorch-gpu-2.4.0+py3.11.9/bin:/lustre/fshomisc/sup/pub/anaconda-py3/h100/2024.06/condabin:/lustre/fshomisc/sup/pub/anaconda-py3/h100/2024.06/envs/pytorch-gpu-2.4.0+py3.11.9/opencv/opencv-4.10.0/bin:/lustre/fshomisc/sup/spack_soft/ffmpeg/6.1.1/gcc-11.3.1-qiwdxtfnyolmjn6b6iivucbar3kuy27w/bin:/lustre/fshomisc/sup/spack_soft/libjpeg-turbo/2.1.3/gcc-11.3.1-kllvyzt5qynfyl6abf6k2d7h3j3k4fde/bin:/lustre/fshomisc/sup/spack_soft/hdf5/1.12.0/gcc-11.4.1-jjsqd67hwparjhrar3onqygfcynzqfxp/bin:/lustre/fshomisc/sup/spack_soft/sox/14.4.2/gcc-11.3.1-bwjlqaxoxhuwne7m5xyhdj3qx5hkoxkt/bin:/lustre/fshomisc/sup/spack_soft/openmpi/4.1.5/gcc-11.4.1-6ymlsrmwi27hevtasblzlk44qgx2cpvd/bin:/lustre/fshomisc/sys/cuda/12.4.1/samples:/lustre/fshomisc/sys/cuda/12.4.1/nvvm/bin:/lustre/fshomisc/sys/cuda/12.4.1/bin:/lustre/fshomisc/sup/spack_soft/environment-modules/4.3.1/gcc-11.3.1-wf7m7j6whgecysm2fm5n73sm4jg7txup/bin:/opt/clmgr/sbin:/opt/clmgr/bin:/opt/sgi/sbin:/opt/sgi/bin:/usr/local/bin:/usr/bin:/usr/local/sbin:/usr/sbin:/opt/c3/bin:/gpfslocalsup/bin:/gpfslocalsys/bin
+++ export CONDA_PREFIX=/lustre/fshomisc/sup/pub/anaconda-py3/h100/2024.06/envs/pytorch-gpu-2.4.0+py3.11.9
+++ CONDA_PREFIX=/lustre/fshomisc/sup/pub/anaconda-py3/h100/2024.06/envs/pytorch-gpu-2.4.0+py3.11.9
+++ export CONDA_SHLVL=1
+++ CONDA_SHLVL=1
+++ export CONDA_DEFAULT_ENV=pytorch-gpu-2.4.0+py3.11.9
+++ CONDA_DEFAULT_ENV=pytorch-gpu-2.4.0+py3.11.9
+++ export 'CONDA_PROMPT_MODIFIER=(pytorch-gpu-2.4.0+py3.11.9) '
+++ CONDA_PROMPT_MODIFIER='(pytorch-gpu-2.4.0+py3.11.9) '
+++ export CONDA_EXE=/lustre/fshomisc/sup/pub/anaconda-py3/h100/2024.06/bin/conda
+++ CONDA_EXE=/lustre/fshomisc/sup/pub/anaconda-py3/h100/2024.06/bin/conda
+++ export _CE_M=
+++ _CE_M=
+++ export _CE_CONDA=
+++ _CE_CONDA=
+++ export CONDA_PYTHON_EXE=/lustre/fshomisc/sup/pub/anaconda-py3/h100/2024.06/bin/python
+++ CONDA_PYTHON_EXE=/lustre/fshomisc/sup/pub/anaconda-py3/h100/2024.06/bin/python
+++ . /lustre/fshomisc/sup/pub/anaconda-py3/h100/2024.06/envs/pytorch-gpu-2.4.0+py3.11.9/etc/conda/activate.d/libglib_activate.sh
++++ export GSETTINGS_SCHEMA_DIR_CONDA_BACKUP=
++++ GSETTINGS_SCHEMA_DIR_CONDA_BACKUP=
++++ export GSETTINGS_SCHEMA_DIR=/lustre/fshomisc/sup/pub/anaconda-py3/h100/2024.06/envs/pytorch-gpu-2.4.0+py3.11.9/share/glib-2.0/schemas
++++ GSETTINGS_SCHEMA_DIR=/lustre/fshomisc/sup/pub/anaconda-py3/h100/2024.06/envs/pytorch-gpu-2.4.0+py3.11.9/share/glib-2.0/schemas
+++ . /lustre/fshomisc/sup/pub/anaconda-py3/h100/2024.06/envs/pytorch-gpu-2.4.0+py3.11.9/etc/conda/activate.d/proj4-activate.sh
++++ '[' -n '' ']'
++++ '[' -d /lustre/fshomisc/sup/pub/anaconda-py3/h100/2024.06/envs/pytorch-gpu-2.4.0+py3.11.9/share/proj ']'
++++ export PROJ_DATA=/lustre/fshomisc/sup/pub/anaconda-py3/h100/2024.06/envs/pytorch-gpu-2.4.0+py3.11.9/share/proj
++++ PROJ_DATA=/lustre/fshomisc/sup/pub/anaconda-py3/h100/2024.06/envs/pytorch-gpu-2.4.0+py3.11.9/share/proj
++++ '[' -f /lustre/fshomisc/sup/pub/anaconda-py3/h100/2024.06/envs/pytorch-gpu-2.4.0+py3.11.9/share/proj/copyright_and_licenses.csv ']'
++++ export PROJ_NETWORK=ON
++++ PROJ_NETWORK=ON
++ __conda_hashr
++ '[' -n '' ']'
++ '[' -n '' ']'
++ hash -r
++ test 0
+ _mlstatus=0
+ '[' -n x ']'
+ IFS=' 	
'
+ unset _mlre _mlv _mlrv _mlIFS
+ '[' -n '' ']'
+ unset _mlshdbg
+ return 0
+ module load miniforge/24.9.0
+ unset _mlshdbg
+ '[' 0 = 1 ']'
+ unset _mlre _mlIFS
+ '[' -n x ']'
+ _mlIFS=' 	
'
+ IFS=' '
+ for _mlv in ${MODULES_RUN_QUARANTINE:-}
+ '[' LD_LIBRARY_PATH = LD_LIBRARY_PATH -a LD_LIBRARY_PATH = LD_LIBRARY_PATH ']'
++ eval 'echo ${LD_LIBRARY_PATH+x}'
+++ echo x
+ '[' -n x ']'
++ eval 'echo ${LD_LIBRARY_PATH}'
+++ echo /lustre/fshomisc/sup/pub/anaconda-py3/h100/2024.06/envs/pytorch-gpu-2.4.0+py3.11.9/opencv/opencv-4.10.0/lib64/:/lustre/fshomisc/sup/spack_soft/ffmpeg/6.1.1/gcc-11.3.1-qiwdxtfnyolmjn6b6iivucbar3kuy27w/lib:/lustre/fshomisc/sup/spack_soft/libjpeg-turbo/2.1.3/gcc-11.3.1-kllvyzt5qynfyl6abf6k2d7h3j3k4fde/lib64:/lustre/fshomisc/sup/spack_soft/hdf5/1.12.0/gcc-11.4.1-jjsqd67hwparjhrar3onqygfcynzqfxp/lib:/lustre/fshomisc/sup/spack_soft/sox/14.4.2/gcc-11.3.1-bwjlqaxoxhuwne7m5xyhdj3qx5hkoxkt/lib:/lustre/fshomisc/sup/spack_soft/magma/2.8.0/gcc-11.3.1-tkvylffw2dlcubz4s2djq3ok2hcpp7vv/lib:/lustre/fshomisc/sys/intel/oneapi/2024.1/mkl/2024.1/lib/intel64:/lustre/fshomisc/sys/intel/oneapi/2024.1/compiler/2024.1/lib:/lustre/fshomisc/sup/spack_soft/openmpi/4.1.5/gcc-11.4.1-6ymlsrmwi27hevtasblzlk44qgx2cpvd/lib:/lustre/fshomisc/sup/spack_soft/cudnn/9.2.0.82-12/gcc-11.3.1-v6phuyxmgp323kqpncv3ockz6zdst6dl/lib:/lustre/fshomisc/sup/spack_soft/nccl/2.21.5-1/gcc-11.4.1-7w64gfngrqkyq7nzwxirlv6rnqvqjhi4/lib:/lustre/fshomisc/sys/cuda/12.4.1/nvvm/lib64:/lustre/fshomisc/sys/cuda/12.4.1/extras/CUPTI/lib64:/lustre/fshomisc/sys/cuda/12.4.1/lib64:/lustre/fshomisc/sys/cuda/12.4.1/samples/common/lib/linux/x86_64:/lustre/fshomisc/sys/cuda/12.4.1/targets/x86_64-linux/lib:/lib64/slurm
+ _mlre='LD_LIBRARY_PATH_modquar='\''/lustre/fshomisc/sup/pub/anaconda-py3/h100/2024.06/envs/pytorch-gpu-2.4.0+py3.11.9/opencv/opencv-4.10.0/lib64/:/lustre/fshomisc/sup/spack_soft/ffmpeg/6.1.1/gcc-11.3.1-qiwdxtfnyolmjn6b6iivucbar3kuy27w/lib:/lustre/fshomisc/sup/spack_soft/libjpeg-turbo/2.1.3/gcc-11.3.1-kllvyzt5qynfyl6abf6k2d7h3j3k4fde/lib64:/lustre/fshomisc/sup/spack_soft/hdf5/1.12.0/gcc-11.4.1-jjsqd67hwparjhrar3onqygfcynzqfxp/lib:/lustre/fshomisc/sup/spack_soft/sox/14.4.2/gcc-11.3.1-bwjlqaxoxhuwne7m5xyhdj3qx5hkoxkt/lib:/lustre/fshomisc/sup/spack_soft/magma/2.8.0/gcc-11.3.1-tkvylffw2dlcubz4s2djq3ok2hcpp7vv/lib:/lustre/fshomisc/sys/intel/oneapi/2024.1/mkl/2024.1/lib/intel64:/lustre/fshomisc/sys/intel/oneapi/2024.1/compiler/2024.1/lib:/lustre/fshomisc/sup/spack_soft/openmpi/4.1.5/gcc-11.4.1-6ymlsrmwi27hevtasblzlk44qgx2cpvd/lib:/lustre/fshomisc/sup/spack_soft/cudnn/9.2.0.82-12/gcc-11.3.1-v6phuyxmgp323kqpncv3ockz6zdst6dl/lib:/lustre/fshomisc/sup/spack_soft/nccl/2.21.5-1/gcc-11.4.1-7w64gfngrqkyq7nzwxirlv6rnqvqjhi4/lib:/lustre/fshomisc/sys/cuda/12.4.1/nvvm/lib64:/lustre/fshomisc/sys/cuda/12.4.1/extras/CUPTI/lib64:/lustre/fshomisc/sys/cuda/12.4.1/lib64:/lustre/fshomisc/sys/cuda/12.4.1/samples/common/lib/linux/x86_64:/lustre/fshomisc/sys/cuda/12.4.1/targets/x86_64-linux/lib:/lib64/slurm'\'' '
+ _mlrv=MODULES_RUNENV_LD_LIBRARY_PATH
++ eval 'echo ${MODULES_RUNENV_LD_LIBRARY_PATH:-}'
+++ echo
+ _mlre='LD_LIBRARY_PATH_modquar='\''/lustre/fshomisc/sup/pub/anaconda-py3/h100/2024.06/envs/pytorch-gpu-2.4.0+py3.11.9/opencv/opencv-4.10.0/lib64/:/lustre/fshomisc/sup/spack_soft/ffmpeg/6.1.1/gcc-11.3.1-qiwdxtfnyolmjn6b6iivucbar3kuy27w/lib:/lustre/fshomisc/sup/spack_soft/libjpeg-turbo/2.1.3/gcc-11.3.1-kllvyzt5qynfyl6abf6k2d7h3j3k4fde/lib64:/lustre/fshomisc/sup/spack_soft/hdf5/1.12.0/gcc-11.4.1-jjsqd67hwparjhrar3onqygfcynzqfxp/lib:/lustre/fshomisc/sup/spack_soft/sox/14.4.2/gcc-11.3.1-bwjlqaxoxhuwne7m5xyhdj3qx5hkoxkt/lib:/lustre/fshomisc/sup/spack_soft/magma/2.8.0/gcc-11.3.1-tkvylffw2dlcubz4s2djq3ok2hcpp7vv/lib:/lustre/fshomisc/sys/intel/oneapi/2024.1/mkl/2024.1/lib/intel64:/lustre/fshomisc/sys/intel/oneapi/2024.1/compiler/2024.1/lib:/lustre/fshomisc/sup/spack_soft/openmpi/4.1.5/gcc-11.4.1-6ymlsrmwi27hevtasblzlk44qgx2cpvd/lib:/lustre/fshomisc/sup/spack_soft/cudnn/9.2.0.82-12/gcc-11.3.1-v6phuyxmgp323kqpncv3ockz6zdst6dl/lib:/lustre/fshomisc/sup/spack_soft/nccl/2.21.5-1/gcc-11.4.1-7w64gfngrqkyq7nzwxirlv6rnqvqjhi4/lib:/lustre/fshomisc/sys/cuda/12.4.1/nvvm/lib64:/lustre/fshomisc/sys/cuda/12.4.1/extras/CUPTI/lib64:/lustre/fshomisc/sys/cuda/12.4.1/lib64:/lustre/fshomisc/sys/cuda/12.4.1/samples/common/lib/linux/x86_64:/lustre/fshomisc/sys/cuda/12.4.1/targets/x86_64-linux/lib:/lib64/slurm'\'' LD_LIBRARY_PATH='\'''\'' '
+ for _mlv in ${MODULES_RUN_QUARANTINE:-}
+ '[' LD_PRELOAD = LD_PRELOAD -a LD_PRELOAD = LD_PRELOAD ']'
++ eval 'echo ${LD_PRELOAD+x}'
+++ echo
+ '[' -n '' ']'
+ _mlrv=MODULES_RUNENV_LD_PRELOAD
++ eval 'echo ${MODULES_RUNENV_LD_PRELOAD:-}'
+++ echo
+ _mlre='LD_LIBRARY_PATH_modquar='\''/lustre/fshomisc/sup/pub/anaconda-py3/h100/2024.06/envs/pytorch-gpu-2.4.0+py3.11.9/opencv/opencv-4.10.0/lib64/:/lustre/fshomisc/sup/spack_soft/ffmpeg/6.1.1/gcc-11.3.1-qiwdxtfnyolmjn6b6iivucbar3kuy27w/lib:/lustre/fshomisc/sup/spack_soft/libjpeg-turbo/2.1.3/gcc-11.3.1-kllvyzt5qynfyl6abf6k2d7h3j3k4fde/lib64:/lustre/fshomisc/sup/spack_soft/hdf5/1.12.0/gcc-11.4.1-jjsqd67hwparjhrar3onqygfcynzqfxp/lib:/lustre/fshomisc/sup/spack_soft/sox/14.4.2/gcc-11.3.1-bwjlqaxoxhuwne7m5xyhdj3qx5hkoxkt/lib:/lustre/fshomisc/sup/spack_soft/magma/2.8.0/gcc-11.3.1-tkvylffw2dlcubz4s2djq3ok2hcpp7vv/lib:/lustre/fshomisc/sys/intel/oneapi/2024.1/mkl/2024.1/lib/intel64:/lustre/fshomisc/sys/intel/oneapi/2024.1/compiler/2024.1/lib:/lustre/fshomisc/sup/spack_soft/openmpi/4.1.5/gcc-11.4.1-6ymlsrmwi27hevtasblzlk44qgx2cpvd/lib:/lustre/fshomisc/sup/spack_soft/cudnn/9.2.0.82-12/gcc-11.3.1-v6phuyxmgp323kqpncv3ockz6zdst6dl/lib:/lustre/fshomisc/sup/spack_soft/nccl/2.21.5-1/gcc-11.4.1-7w64gfngrqkyq7nzwxirlv6rnqvqjhi4/lib:/lustre/fshomisc/sys/cuda/12.4.1/nvvm/lib64:/lustre/fshomisc/sys/cuda/12.4.1/extras/CUPTI/lib64:/lustre/fshomisc/sys/cuda/12.4.1/lib64:/lustre/fshomisc/sys/cuda/12.4.1/samples/common/lib/linux/x86_64:/lustre/fshomisc/sys/cuda/12.4.1/targets/x86_64-linux/lib:/lib64/slurm'\'' LD_LIBRARY_PATH='\'''\'' LD_PRELOAD='\'''\'' '
+ '[' -n 'LD_LIBRARY_PATH_modquar='\''/lustre/fshomisc/sup/pub/anaconda-py3/h100/2024.06/envs/pytorch-gpu-2.4.0+py3.11.9/opencv/opencv-4.10.0/lib64/:/lustre/fshomisc/sup/spack_soft/ffmpeg/6.1.1/gcc-11.3.1-qiwdxtfnyolmjn6b6iivucbar3kuy27w/lib:/lustre/fshomisc/sup/spack_soft/libjpeg-turbo/2.1.3/gcc-11.3.1-kllvyzt5qynfyl6abf6k2d7h3j3k4fde/lib64:/lustre/fshomisc/sup/spack_soft/hdf5/1.12.0/gcc-11.4.1-jjsqd67hwparjhrar3onqygfcynzqfxp/lib:/lustre/fshomisc/sup/spack_soft/sox/14.4.2/gcc-11.3.1-bwjlqaxoxhuwne7m5xyhdj3qx5hkoxkt/lib:/lustre/fshomisc/sup/spack_soft/magma/2.8.0/gcc-11.3.1-tkvylffw2dlcubz4s2djq3ok2hcpp7vv/lib:/lustre/fshomisc/sys/intel/oneapi/2024.1/mkl/2024.1/lib/intel64:/lustre/fshomisc/sys/intel/oneapi/2024.1/compiler/2024.1/lib:/lustre/fshomisc/sup/spack_soft/openmpi/4.1.5/gcc-11.4.1-6ymlsrmwi27hevtasblzlk44qgx2cpvd/lib:/lustre/fshomisc/sup/spack_soft/cudnn/9.2.0.82-12/gcc-11.3.1-v6phuyxmgp323kqpncv3ockz6zdst6dl/lib:/lustre/fshomisc/sup/spack_soft/nccl/2.21.5-1/gcc-11.4.1-7w64gfngrqkyq7nzwxirlv6rnqvqjhi4/lib:/lustre/fshomisc/sys/cuda/12.4.1/nvvm/lib64:/lustre/fshomisc/sys/cuda/12.4.1/extras/CUPTI/lib64:/lustre/fshomisc/sys/cuda/12.4.1/lib64:/lustre/fshomisc/sys/cuda/12.4.1/samples/common/lib/linux/x86_64:/lustre/fshomisc/sys/cuda/12.4.1/targets/x86_64-linux/lib:/lib64/slurm'\'' LD_LIBRARY_PATH='\'''\'' LD_PRELOAD='\'''\'' ' ']'
++ eval 'LD_LIBRARY_PATH_modquar='\''/lustre/fshomisc/sup/pub/anaconda-py3/h100/2024.06/envs/pytorch-gpu-2.4.0+py3.11.9/opencv/opencv-4.10.0/lib64/:/lustre/fshomisc/sup/spack_soft/ffmpeg/6.1.1/gcc-11.3.1-qiwdxtfnyolmjn6b6iivucbar3kuy27w/lib:/lustre/fshomisc/sup/spack_soft/libjpeg-turbo/2.1.3/gcc-11.3.1-kllvyzt5qynfyl6abf6k2d7h3j3k4fde/lib64:/lustre/fshomisc/sup/spack_soft/hdf5/1.12.0/gcc-11.4.1-jjsqd67hwparjhrar3onqygfcynzqfxp/lib:/lustre/fshomisc/sup/spack_soft/sox/14.4.2/gcc-11.3.1-bwjlqaxoxhuwne7m5xyhdj3qx5hkoxkt/lib:/lustre/fshomisc/sup/spack_soft/magma/2.8.0/gcc-11.3.1-tkvylffw2dlcubz4s2djq3ok2hcpp7vv/lib:/lustre/fshomisc/sys/intel/oneapi/2024.1/mkl/2024.1/lib/intel64:/lustre/fshomisc/sys/intel/oneapi/2024.1/compiler/2024.1/lib:/lustre/fshomisc/sup/spack_soft/openmpi/4.1.5/gcc-11.4.1-6ymlsrmwi27hevtasblzlk44qgx2cpvd/lib:/lustre/fshomisc/sup/spack_soft/cudnn/9.2.0.82-12/gcc-11.3.1-v6phuyxmgp323kqpncv3ockz6zdst6dl/lib:/lustre/fshomisc/sup/spack_soft/nccl/2.21.5-1/gcc-11.4.1-7w64gfngrqkyq7nzwxirlv6rnqvqjhi4/lib:/lustre/fshomisc/sys/cuda/12.4.1/nvvm/lib64:/lustre/fshomisc/sys/cuda/12.4.1/extras/CUPTI/lib64:/lustre/fshomisc/sys/cuda/12.4.1/lib64:/lustre/fshomisc/sys/cuda/12.4.1/samples/common/lib/linux/x86_64:/lustre/fshomisc/sys/cuda/12.4.1/targets/x86_64-linux/lib:/lib64/slurm'\''' 'LD_LIBRARY_PATH='\'''\''' 'LD_PRELOAD='\'''\''' /lustre/fshomisc/sup/spack_soft/tcl/8.6.12/gcc-11.3.1-q2dfxcqelx36bbjbos7m22mn62tp5z2g/bin/tclsh /lustre/fshomisc/sup/spack_soft/environment-modules/4.3.1/gcc-11.3.1-wf7m7j6whgecysm2fm5n73sm4jg7txup/libexec/modulecmd.tcl bash '"$@"'
+++ LD_LIBRARY_PATH_modquar=/lustre/fshomisc/sup/pub/anaconda-py3/h100/2024.06/envs/pytorch-gpu-2.4.0+py3.11.9/opencv/opencv-4.10.0/lib64/:/lustre/fshomisc/sup/spack_soft/ffmpeg/6.1.1/gcc-11.3.1-qiwdxtfnyolmjn6b6iivucbar3kuy27w/lib:/lustre/fshomisc/sup/spack_soft/libjpeg-turbo/2.1.3/gcc-11.3.1-kllvyzt5qynfyl6abf6k2d7h3j3k4fde/lib64:/lustre/fshomisc/sup/spack_soft/hdf5/1.12.0/gcc-11.4.1-jjsqd67hwparjhrar3onqygfcynzqfxp/lib:/lustre/fshomisc/sup/spack_soft/sox/14.4.2/gcc-11.3.1-bwjlqaxoxhuwne7m5xyhdj3qx5hkoxkt/lib:/lustre/fshomisc/sup/spack_soft/magma/2.8.0/gcc-11.3.1-tkvylffw2dlcubz4s2djq3ok2hcpp7vv/lib:/lustre/fshomisc/sys/intel/oneapi/2024.1/mkl/2024.1/lib/intel64:/lustre/fshomisc/sys/intel/oneapi/2024.1/compiler/2024.1/lib:/lustre/fshomisc/sup/spack_soft/openmpi/4.1.5/gcc-11.4.1-6ymlsrmwi27hevtasblzlk44qgx2cpvd/lib:/lustre/fshomisc/sup/spack_soft/cudnn/9.2.0.82-12/gcc-11.3.1-v6phuyxmgp323kqpncv3ockz6zdst6dl/lib:/lustre/fshomisc/sup/spack_soft/nccl/2.21.5-1/gcc-11.4.1-7w64gfngrqkyq7nzwxirlv6rnqvqjhi4/lib:/lustre/fshomisc/sys/cuda/12.4.1/nvvm/lib64:/lustre/fshomisc/sys/cuda/12.4.1/extras/CUPTI/lib64:/lustre/fshomisc/sys/cuda/12.4.1/lib64:/lustre/fshomisc/sys/cuda/12.4.1/samples/common/lib/linux/x86_64:/lustre/fshomisc/sys/cuda/12.4.1/targets/x86_64-linux/lib:/lib64/slurm
+++ LD_LIBRARY_PATH=
+++ LD_PRELOAD=
+++ /lustre/fshomisc/sup/spack_soft/tcl/8.6.12/gcc-11.3.1-q2dfxcqelx36bbjbos7m22mn62tp5z2g/bin/tclsh /lustre/fshomisc/sup/spack_soft/environment-modules/4.3.1/gcc-11.3.1-wf7m7j6whgecysm2fm5n73sm4jg7txup/libexec/modulecmd.tcl bash load miniforge/24.9.0
+ eval '_LMFILES__modshare=/lustre/fshomisc/sup/pub/modules-rh/modulefiles/intel-oneapi-mkl/2024.1:1:/lustre/fshomisc/sup/pub/modules-idris-env4/modulefiles/linux-rhel9-sapphirerapids/gcc/11.4.1:1:/lustre/fshomisc/sup/pub/modules-idris-env4/modulefiles/linux-rhel9-sapphirerapids/libjpeg-turbo/2.1.3:1:/lustre/fshomisc/sup/hpe/pub/module-rh/modulefiles/arch/h100:1:/lustre/fshomisc/sup/pub/modules-rh/modulefiles/cuda/12.4.1:1:/lustre/fshomisc/sup/pub/modules-idris-env4/modulefiles/linux-rhel9-sapphirerapids/miniforge/24.9.0:1:/lustre/fshomisc/sup/pub/modules-idris-env4/modulefiles/linux-rhel9-sapphirerapids/nccl/2.21.5-1-cuda:1:/lustre/fshomisc/sup/pub/modules-idris-env4/modulefiles/linux-rhel9-sapphirerapids/pytorch-gpu/py3/2.4.0:1:/lustre/fshomisc/sup/pub/modules-idris-env4/modulefiles/linux-rhel9-sapphirerapids/openmpi/4.1.5-cuda:1:/lustre/fshomisc/sup/pub/modules-idris-env4/modulefiles/linux-rhel9-sapphirerapids/cudnn/9.2.0.82-cuda:1:/lustre/fshomisc/sup/pub/modules-idris-env4/modulefiles/linux-rhel9-sapphirerapids/sox/14.4.2:1:/lustre/fshomisc/sup/pub/modules-idris-env4/modulefiles/linux-rhel9-sapphirerapids/ffmpeg/6.1.1:1:/lustre/fshomisc/sup/pub/modules-idris-env4/modulefiles/linux-rhel9-sapphirerapids/magma/2.8.0-cuda:1:/lustre/fshomisc/sup/pub/modules-idris-env4/modulefiles/linux-rhel9-sapphirerapids/hdf5/1.12.0-mpi-cuda:1;' export '_LMFILES__modshare;
LOADEDMODULES_modshare=sox/14.4.2:1:ffmpeg/6.1.1:1:magma/2.8.0-cuda:1:hdf5/1.12.0-mpi-cuda:1:intel-oneapi-mkl/2024.1:1:pytorch-gpu/py3/2.4.0:1:arch/h100:1:gcc/11.4.1:1:cuda/12.4.1:1:cudnn/9.2.0.82-cuda:1:miniforge/24.9.0:1:nccl/2.21.5-1-cuda:1:libjpeg-turbo/2.1.3:1:openmpi/4.1.5-cuda:1;' export 'LOADEDMODULES_modshare;
MODULES_LMCONFLICT_modshare=intel-oneapi-mkl/2024.1\&intel-mkl\&intel-one-mkl:1:gcc/11.4.1\&gcc:1:openmpi/4.1.5-cuda\&openmpi\&intel-mpi:1:cuda/12.4.1\&cuda:1:nccl/2.21.5-1-cuda\&nccl:1:arch/h100\&arch\&cpuarch:1:sox/14.4.2\&sox:1:hdf5/1.12.0-mpi-cuda\&hdf5:1:pytorch-gpu/py3/2.4.0\&python\&tensorflow-gpu\&pytorch-gpu\&caffe\&anaconda-py2\&anaconda-py3:1:magma/2.8.0-cuda\&magma:1:libjpeg-turbo/2.1.3\&libjpeg-turbo:1:ffmpeg/6.1.1\&ffmpeg:1:miniforge/24.9.0\&anaconda-py3\&miniforge:1:cudnn/9.2.0.82-cuda\&cudnn:1;' export 'MODULES_LMCONFLICT_modshare;
_LMFILES_=/lustre/fshomisc/sup/hpe/pub/module-rh/modulefiles/arch/h100:/lustre/fshomisc/sup/pub/modules-rh/modulefiles/cuda/12.4.1:/lustre/fshomisc/sup/pub/modules-idris-env4/modulefiles/linux-rhel9-sapphirerapids/nccl/2.21.5-1-cuda:/lustre/fshomisc/sup/pub/modules-idris-env4/modulefiles/linux-rhel9-sapphirerapids/cudnn/9.2.0.82-cuda:/lustre/fshomisc/sup/pub/modules-idris-env4/modulefiles/linux-rhel9-sapphirerapids/gcc/11.4.1:/lustre/fshomisc/sup/pub/modules-idris-env4/modulefiles/linux-rhel9-sapphirerapids/openmpi/4.1.5-cuda:/lustre/fshomisc/sup/pub/modules-rh/modulefiles/intel-oneapi-mkl/2024.1:/lustre/fshomisc/sup/pub/modules-idris-env4/modulefiles/linux-rhel9-sapphirerapids/magma/2.8.0-cuda:/lustre/fshomisc/sup/pub/modules-idris-env4/modulefiles/linux-rhel9-sapphirerapids/sox/14.4.2:/lustre/fshomisc/sup/pub/modules-idris-env4/modulefiles/linux-rhel9-sapphirerapids/hdf5/1.12.0-mpi-cuda:/lustre/fshomisc/sup/pub/modules-idris-env4/modulefiles/linux-rhel9-sapphirerapids/libjpeg-turbo/2.1.3:/lustre/fshomisc/sup/pub/modules-idris-env4/modulefiles/linux-rhel9-sapphirerapids/ffmpeg/6.1.1:/lustre/fshomisc/sup/pub/modules-idris-env4/modulefiles/linux-rhel9-sapphirerapids/pytorch-gpu/py3/2.4.0:/lustre/fshomisc/sup/pub/modules-idris-env4/modulefiles/linux-rhel9-sapphirerapids/miniforge/24.9.0;' export '_LMFILES_;
LOADEDMODULES=arch/h100:cuda/12.4.1:nccl/2.21.5-1-cuda:cudnn/9.2.0.82-cuda:gcc/11.4.1:openmpi/4.1.5-cuda:intel-oneapi-mkl/2024.1:magma/2.8.0-cuda:sox/14.4.2:hdf5/1.12.0-mpi-cuda:libjpeg-turbo/2.1.3:ffmpeg/6.1.1:pytorch-gpu/py3/2.4.0:miniforge/24.9.0;' export 'LOADEDMODULES;
MODULES_LMCONFLICT=arch/h100\&arch\&cpuarch:cuda/12.4.1\&cuda:nccl/2.21.5-1-cuda\&nccl:cudnn/9.2.0.82-cuda\&cudnn:gcc/11.4.1\&gcc:openmpi/4.1.5-cuda\&openmpi\&intel-mpi:intel-oneapi-mkl/2024.1\&intel-mkl\&intel-one-mkl:magma/2.8.0-cuda\&magma:sox/14.4.2\&sox:hdf5/1.12.0-mpi-cuda\&hdf5:libjpeg-turbo/2.1.3\&libjpeg-turbo:ffmpeg/6.1.1\&ffmpeg:pytorch-gpu/py3/2.4.0\&python\&tensorflow-gpu\&pytorch-gpu\&caffe\&anaconda-py2\&anaconda-py3:miniforge/24.9.0\&anaconda-py3\&miniforge;' export 'MODULES_LMCONFLICT;
eval' '"$(/lustre/fshomisc/sup/pub/miniforge/24.9.0/bin/conda' shell.bash 'hook)"
test' '0;'
++ _LMFILES__modshare=/lustre/fshomisc/sup/pub/modules-rh/modulefiles/intel-oneapi-mkl/2024.1:1:/lustre/fshomisc/sup/pub/modules-idris-env4/modulefiles/linux-rhel9-sapphirerapids/gcc/11.4.1:1:/lustre/fshomisc/sup/pub/modules-idris-env4/modulefiles/linux-rhel9-sapphirerapids/libjpeg-turbo/2.1.3:1:/lustre/fshomisc/sup/hpe/pub/module-rh/modulefiles/arch/h100:1:/lustre/fshomisc/sup/pub/modules-rh/modulefiles/cuda/12.4.1:1:/lustre/fshomisc/sup/pub/modules-idris-env4/modulefiles/linux-rhel9-sapphirerapids/miniforge/24.9.0:1:/lustre/fshomisc/sup/pub/modules-idris-env4/modulefiles/linux-rhel9-sapphirerapids/nccl/2.21.5-1-cuda:1:/lustre/fshomisc/sup/pub/modules-idris-env4/modulefiles/linux-rhel9-sapphirerapids/pytorch-gpu/py3/2.4.0:1:/lustre/fshomisc/sup/pub/modules-idris-env4/modulefiles/linux-rhel9-sapphirerapids/openmpi/4.1.5-cuda:1:/lustre/fshomisc/sup/pub/modules-idris-env4/modulefiles/linux-rhel9-sapphirerapids/cudnn/9.2.0.82-cuda:1:/lustre/fshomisc/sup/pub/modules-idris-env4/modulefiles/linux-rhel9-sapphirerapids/sox/14.4.2:1:/lustre/fshomisc/sup/pub/modules-idris-env4/modulefiles/linux-rhel9-sapphirerapids/ffmpeg/6.1.1:1:/lustre/fshomisc/sup/pub/modules-idris-env4/modulefiles/linux-rhel9-sapphirerapids/magma/2.8.0-cuda:1:/lustre/fshomisc/sup/pub/modules-idris-env4/modulefiles/linux-rhel9-sapphirerapids/hdf5/1.12.0-mpi-cuda:1
++ export _LMFILES__modshare
++ LOADEDMODULES_modshare=sox/14.4.2:1:ffmpeg/6.1.1:1:magma/2.8.0-cuda:1:hdf5/1.12.0-mpi-cuda:1:intel-oneapi-mkl/2024.1:1:pytorch-gpu/py3/2.4.0:1:arch/h100:1:gcc/11.4.1:1:cuda/12.4.1:1:cudnn/9.2.0.82-cuda:1:miniforge/24.9.0:1:nccl/2.21.5-1-cuda:1:libjpeg-turbo/2.1.3:1:openmpi/4.1.5-cuda:1
++ export LOADEDMODULES_modshare
++ MODULES_LMCONFLICT_modshare='intel-oneapi-mkl/2024.1&intel-mkl&intel-one-mkl:1:gcc/11.4.1&gcc:1:openmpi/4.1.5-cuda&openmpi&intel-mpi:1:cuda/12.4.1&cuda:1:nccl/2.21.5-1-cuda&nccl:1:arch/h100&arch&cpuarch:1:sox/14.4.2&sox:1:hdf5/1.12.0-mpi-cuda&hdf5:1:pytorch-gpu/py3/2.4.0&python&tensorflow-gpu&pytorch-gpu&caffe&anaconda-py2&anaconda-py3:1:magma/2.8.0-cuda&magma:1:libjpeg-turbo/2.1.3&libjpeg-turbo:1:ffmpeg/6.1.1&ffmpeg:1:miniforge/24.9.0&anaconda-py3&miniforge:1:cudnn/9.2.0.82-cuda&cudnn:1'
++ export MODULES_LMCONFLICT_modshare
++ _LMFILES_=/lustre/fshomisc/sup/hpe/pub/module-rh/modulefiles/arch/h100:/lustre/fshomisc/sup/pub/modules-rh/modulefiles/cuda/12.4.1:/lustre/fshomisc/sup/pub/modules-idris-env4/modulefiles/linux-rhel9-sapphirerapids/nccl/2.21.5-1-cuda:/lustre/fshomisc/sup/pub/modules-idris-env4/modulefiles/linux-rhel9-sapphirerapids/cudnn/9.2.0.82-cuda:/lustre/fshomisc/sup/pub/modules-idris-env4/modulefiles/linux-rhel9-sapphirerapids/gcc/11.4.1:/lustre/fshomisc/sup/pub/modules-idris-env4/modulefiles/linux-rhel9-sapphirerapids/openmpi/4.1.5-cuda:/lustre/fshomisc/sup/pub/modules-rh/modulefiles/intel-oneapi-mkl/2024.1:/lustre/fshomisc/sup/pub/modules-idris-env4/modulefiles/linux-rhel9-sapphirerapids/magma/2.8.0-cuda:/lustre/fshomisc/sup/pub/modules-idris-env4/modulefiles/linux-rhel9-sapphirerapids/sox/14.4.2:/lustre/fshomisc/sup/pub/modules-idris-env4/modulefiles/linux-rhel9-sapphirerapids/hdf5/1.12.0-mpi-cuda:/lustre/fshomisc/sup/pub/modules-idris-env4/modulefiles/linux-rhel9-sapphirerapids/libjpeg-turbo/2.1.3:/lustre/fshomisc/sup/pub/modules-idris-env4/modulefiles/linux-rhel9-sapphirerapids/ffmpeg/6.1.1:/lustre/fshomisc/sup/pub/modules-idris-env4/modulefiles/linux-rhel9-sapphirerapids/pytorch-gpu/py3/2.4.0:/lustre/fshomisc/sup/pub/modules-idris-env4/modulefiles/linux-rhel9-sapphirerapids/miniforge/24.9.0
++ export _LMFILES_
++ LOADEDMODULES=arch/h100:cuda/12.4.1:nccl/2.21.5-1-cuda:cudnn/9.2.0.82-cuda:gcc/11.4.1:openmpi/4.1.5-cuda:intel-oneapi-mkl/2024.1:magma/2.8.0-cuda:sox/14.4.2:hdf5/1.12.0-mpi-cuda:libjpeg-turbo/2.1.3:ffmpeg/6.1.1:pytorch-gpu/py3/2.4.0:miniforge/24.9.0
++ export LOADEDMODULES
++ MODULES_LMCONFLICT='arch/h100&arch&cpuarch:cuda/12.4.1&cuda:nccl/2.21.5-1-cuda&nccl:cudnn/9.2.0.82-cuda&cudnn:gcc/11.4.1&gcc:openmpi/4.1.5-cuda&openmpi&intel-mpi:intel-oneapi-mkl/2024.1&intel-mkl&intel-one-mkl:magma/2.8.0-cuda&magma:sox/14.4.2&sox:hdf5/1.12.0-mpi-cuda&hdf5:libjpeg-turbo/2.1.3&libjpeg-turbo:ffmpeg/6.1.1&ffmpeg:pytorch-gpu/py3/2.4.0&python&tensorflow-gpu&pytorch-gpu&caffe&anaconda-py2&anaconda-py3:miniforge/24.9.0&anaconda-py3&miniforge'
++ export MODULES_LMCONFLICT
+++ /lustre/fshomisc/sup/pub/miniforge/24.9.0/bin/conda shell.bash hook
++ eval 'export CONDA_EXE='\''/lustre/fshomisc/sup/pub/miniforge/24.9.0/bin/conda'\''
export _CE_M='\'''\''
export _CE_CONDA='\'''\''
export CONDA_PYTHON_EXE='\''/lustre/fshomisc/sup/pub/miniforge/24.9.0/bin/python'\''

# Copyright (C) 2012 Anaconda, Inc
# SPDX-License-Identifier: BSD-3-Clause
__conda_exe() (
    "$CONDA_EXE" $_CE_M $_CE_CONDA "$@"
)

__conda_hashr() {
    if [ -n "${ZSH_VERSION:+x}" ]; then
        \rehash
    elif [ -n "${POSH_VERSION:+x}" ]; then
        :  # pass
    else
        \hash -r
    fi
}

__conda_activate() {
    if [ -n "${CONDA_PS1_BACKUP:+x}" ]; then
        # Handle transition from shell activated with conda <= 4.3 to a subsequent activation
        # after conda updated to >= 4.4. See issue #6173.
        PS1="$CONDA_PS1_BACKUP"
        \unset CONDA_PS1_BACKUP
    fi
    \local ask_conda
    ask_conda="$(PS1="${PS1:-}" __conda_exe shell.posix "$@")" || \return
    \eval "$ask_conda"
    __conda_hashr
}

__conda_reactivate() {
    \local ask_conda
    ask_conda="$(PS1="${PS1:-}" __conda_exe shell.posix reactivate)" || \return
    \eval "$ask_conda"
    __conda_hashr
}

conda() {
    \local cmd="${1-__missing__}"
    case "$cmd" in
        activate|deactivate)
            __conda_activate "$@"
            ;;
        install|update|upgrade|remove|uninstall)
            __conda_exe "$@" || \return
            __conda_reactivate
            ;;
        *)
            __conda_exe "$@"
            ;;
    esac
}

if [ -z "${CONDA_SHLVL+x}" ]; then
    \export CONDA_SHLVL=0
    # In dev-mode CONDA_EXE is python.exe and on Windows
    # it is in a different relative location to condabin.
    if [ -n "${_CE_CONDA:+x}" ] && [ -n "${WINDIR+x}" ]; then
        PATH="$(\dirname "$CONDA_EXE")/condabin${PATH:+":${PATH}"}"
    else
        PATH="$(\dirname "$(\dirname "$CONDA_EXE")")/condabin${PATH:+":${PATH}"}"
    fi
    \export PATH

    # We'\''re not allowing PS1 to be unbound. It must at least be set.
    # However, we'\''re not exporting it, which can cause problems when starting a second shell
    # via a first shell (i.e. starting zsh from bash).
    if [ -z "${PS1+x}" ]; then
        PS1=
    fi
fi

conda activate base'
+++ export CONDA_EXE=/lustre/fshomisc/sup/pub/miniforge/24.9.0/bin/conda
+++ CONDA_EXE=/lustre/fshomisc/sup/pub/miniforge/24.9.0/bin/conda
+++ export _CE_M=
+++ _CE_M=
+++ export _CE_CONDA=
+++ _CE_CONDA=
+++ export CONDA_PYTHON_EXE=/lustre/fshomisc/sup/pub/miniforge/24.9.0/bin/python
+++ CONDA_PYTHON_EXE=/lustre/fshomisc/sup/pub/miniforge/24.9.0/bin/python
+++ '[' -z x ']'
+++ conda activate base
+++ local cmd=activate
+++ case "$cmd" in
+++ __conda_activate activate base
+++ '[' -n '' ']'
+++ local ask_conda
++++ PS1='(pytorch-gpu-2.4.0+py3.11.9) '
++++ __conda_exe shell.posix activate base
++++ /lustre/fshomisc/sup/pub/miniforge/24.9.0/bin/conda shell.posix activate base
+++ ask_conda='. "/lustre/fshomisc/sup/pub/anaconda-py3/h100/2024.06/envs/pytorch-gpu-2.4.0+py3.11.9/etc/conda/deactivate.d/proj4-deactivate.sh"
. "/lustre/fshomisc/sup/pub/anaconda-py3/h100/2024.06/envs/pytorch-gpu-2.4.0+py3.11.9/etc/conda/deactivate.d/libglib_deactivate.sh"
PS1='\''(base) '\''
export PATH='\''/lustre/fshomisc/sup/pub/miniforge/24.9.0/bin:/lustre/fshomisc/sup/pub/anaconda-py3/h100/2024.06/condabin:/lustre/fshomisc/sup/pub/anaconda-py3/h100/2024.06/envs/pytorch-gpu-2.4.0+py3.11.9/opencv/opencv-4.10.0/bin:/lustre/fshomisc/sup/spack_soft/ffmpeg/6.1.1/gcc-11.3.1-qiwdxtfnyolmjn6b6iivucbar3kuy27w/bin:/lustre/fshomisc/sup/spack_soft/libjpeg-turbo/2.1.3/gcc-11.3.1-kllvyzt5qynfyl6abf6k2d7h3j3k4fde/bin:/lustre/fshomisc/sup/spack_soft/hdf5/1.12.0/gcc-11.4.1-jjsqd67hwparjhrar3onqygfcynzqfxp/bin:/lustre/fshomisc/sup/spack_soft/sox/14.4.2/gcc-11.3.1-bwjlqaxoxhuwne7m5xyhdj3qx5hkoxkt/bin:/lustre/fshomisc/sup/spack_soft/openmpi/4.1.5/gcc-11.4.1-6ymlsrmwi27hevtasblzlk44qgx2cpvd/bin:/lustre/fshomisc/sys/cuda/12.4.1/samples:/lustre/fshomisc/sys/cuda/12.4.1/nvvm/bin:/lustre/fshomisc/sys/cuda/12.4.1/bin:/lustre/fshomisc/sup/spack_soft/environment-modules/4.3.1/gcc-11.3.1-wf7m7j6whgecysm2fm5n73sm4jg7txup/bin:/opt/clmgr/sbin:/opt/clmgr/bin:/opt/sgi/sbin:/opt/sgi/bin:/usr/local/bin:/usr/bin:/usr/local/sbin:/usr/sbin:/opt/c3/bin:/gpfslocalsup/bin:/gpfslocalsys/bin'\''
export CONDA_PREFIX='\''/lustre/fshomisc/sup/pub/miniforge/24.9.0'\''
export CONDA_SHLVL='\''2'\''
export CONDA_DEFAULT_ENV='\''base'\''
export CONDA_PROMPT_MODIFIER='\''(base) '\''
export CONDA_PREFIX_1='\''/lustre/fshomisc/sup/pub/anaconda-py3/h100/2024.06/envs/pytorch-gpu-2.4.0+py3.11.9'\''
export CONDA_EXE='\''/lustre/fshomisc/sup/pub/miniforge/24.9.0/bin/conda'\''
export _CE_M='\'''\''
export _CE_CONDA='\'''\''
export CONDA_PYTHON_EXE='\''/lustre/fshomisc/sup/pub/miniforge/24.9.0/bin/python'\''
. "/lustre/fshomisc/sup/pub/miniforge/24.9.0/etc/conda/activate.d/libxml2_activate.sh"'
+++ eval '. "/lustre/fshomisc/sup/pub/anaconda-py3/h100/2024.06/envs/pytorch-gpu-2.4.0+py3.11.9/etc/conda/deactivate.d/proj4-deactivate.sh"
. "/lustre/fshomisc/sup/pub/anaconda-py3/h100/2024.06/envs/pytorch-gpu-2.4.0+py3.11.9/etc/conda/deactivate.d/libglib_deactivate.sh"
PS1='\''(base) '\''
export PATH='\''/lustre/fshomisc/sup/pub/miniforge/24.9.0/bin:/lustre/fshomisc/sup/pub/anaconda-py3/h100/2024.06/condabin:/lustre/fshomisc/sup/pub/anaconda-py3/h100/2024.06/envs/pytorch-gpu-2.4.0+py3.11.9/opencv/opencv-4.10.0/bin:/lustre/fshomisc/sup/spack_soft/ffmpeg/6.1.1/gcc-11.3.1-qiwdxtfnyolmjn6b6iivucbar3kuy27w/bin:/lustre/fshomisc/sup/spack_soft/libjpeg-turbo/2.1.3/gcc-11.3.1-kllvyzt5qynfyl6abf6k2d7h3j3k4fde/bin:/lustre/fshomisc/sup/spack_soft/hdf5/1.12.0/gcc-11.4.1-jjsqd67hwparjhrar3onqygfcynzqfxp/bin:/lustre/fshomisc/sup/spack_soft/sox/14.4.2/gcc-11.3.1-bwjlqaxoxhuwne7m5xyhdj3qx5hkoxkt/bin:/lustre/fshomisc/sup/spack_soft/openmpi/4.1.5/gcc-11.4.1-6ymlsrmwi27hevtasblzlk44qgx2cpvd/bin:/lustre/fshomisc/sys/cuda/12.4.1/samples:/lustre/fshomisc/sys/cuda/12.4.1/nvvm/bin:/lustre/fshomisc/sys/cuda/12.4.1/bin:/lustre/fshomisc/sup/spack_soft/environment-modules/4.3.1/gcc-11.3.1-wf7m7j6whgecysm2fm5n73sm4jg7txup/bin:/opt/clmgr/sbin:/opt/clmgr/bin:/opt/sgi/sbin:/opt/sgi/bin:/usr/local/bin:/usr/bin:/usr/local/sbin:/usr/sbin:/opt/c3/bin:/gpfslocalsup/bin:/gpfslocalsys/bin'\''
export CONDA_PREFIX='\''/lustre/fshomisc/sup/pub/miniforge/24.9.0'\''
export CONDA_SHLVL='\''2'\''
export CONDA_DEFAULT_ENV='\''base'\''
export CONDA_PROMPT_MODIFIER='\''(base) '\''
export CONDA_PREFIX_1='\''/lustre/fshomisc/sup/pub/anaconda-py3/h100/2024.06/envs/pytorch-gpu-2.4.0+py3.11.9'\''
export CONDA_EXE='\''/lustre/fshomisc/sup/pub/miniforge/24.9.0/bin/conda'\''
export _CE_M='\'''\''
export _CE_CONDA='\'''\''
export CONDA_PYTHON_EXE='\''/lustre/fshomisc/sup/pub/miniforge/24.9.0/bin/python'\''
. "/lustre/fshomisc/sup/pub/miniforge/24.9.0/etc/conda/activate.d/libxml2_activate.sh"'
++++ . /lustre/fshomisc/sup/pub/anaconda-py3/h100/2024.06/envs/pytorch-gpu-2.4.0+py3.11.9/etc/conda/deactivate.d/proj4-deactivate.sh
+++++ unset PROJ_DATA
+++++ unset PROJ_NETWORK
+++++ '[' -n '' ']'
++++ . /lustre/fshomisc/sup/pub/anaconda-py3/h100/2024.06/envs/pytorch-gpu-2.4.0+py3.11.9/etc/conda/deactivate.d/libglib_deactivate.sh
+++++ export GSETTINGS_SCHEMA_DIR=
+++++ GSETTINGS_SCHEMA_DIR=
+++++ unset GSETTINGS_SCHEMA_DIR_CONDA_BACKUP
+++++ '[' -z ']'
+++++ unset GSETTINGS_SCHEMA_DIR
++++ PS1='(base) '
++++ export PATH=/lustre/fshomisc/sup/pub/miniforge/24.9.0/bin:/lustre/fshomisc/sup/pub/anaconda-py3/h100/2024.06/condabin:/lustre/fshomisc/sup/pub/anaconda-py3/h100/2024.06/envs/pytorch-gpu-2.4.0+py3.11.9/opencv/opencv-4.10.0/bin:/lustre/fshomisc/sup/spack_soft/ffmpeg/6.1.1/gcc-11.3.1-qiwdxtfnyolmjn6b6iivucbar3kuy27w/bin:/lustre/fshomisc/sup/spack_soft/libjpeg-turbo/2.1.3/gcc-11.3.1-kllvyzt5qynfyl6abf6k2d7h3j3k4fde/bin:/lustre/fshomisc/sup/spack_soft/hdf5/1.12.0/gcc-11.4.1-jjsqd67hwparjhrar3onqygfcynzqfxp/bin:/lustre/fshomisc/sup/spack_soft/sox/14.4.2/gcc-11.3.1-bwjlqaxoxhuwne7m5xyhdj3qx5hkoxkt/bin:/lustre/fshomisc/sup/spack_soft/openmpi/4.1.5/gcc-11.4.1-6ymlsrmwi27hevtasblzlk44qgx2cpvd/bin:/lustre/fshomisc/sys/cuda/12.4.1/samples:/lustre/fshomisc/sys/cuda/12.4.1/nvvm/bin:/lustre/fshomisc/sys/cuda/12.4.1/bin:/lustre/fshomisc/sup/spack_soft/environment-modules/4.3.1/gcc-11.3.1-wf7m7j6whgecysm2fm5n73sm4jg7txup/bin:/opt/clmgr/sbin:/opt/clmgr/bin:/opt/sgi/sbin:/opt/sgi/bin:/usr/local/bin:/usr/bin:/usr/local/sbin:/usr/sbin:/opt/c3/bin:/gpfslocalsup/bin:/gpfslocalsys/bin
++++ PATH=/lustre/fshomisc/sup/pub/miniforge/24.9.0/bin:/lustre/fshomisc/sup/pub/anaconda-py3/h100/2024.06/condabin:/lustre/fshomisc/sup/pub/anaconda-py3/h100/2024.06/envs/pytorch-gpu-2.4.0+py3.11.9/opencv/opencv-4.10.0/bin:/lustre/fshomisc/sup/spack_soft/ffmpeg/6.1.1/gcc-11.3.1-qiwdxtfnyolmjn6b6iivucbar3kuy27w/bin:/lustre/fshomisc/sup/spack_soft/libjpeg-turbo/2.1.3/gcc-11.3.1-kllvyzt5qynfyl6abf6k2d7h3j3k4fde/bin:/lustre/fshomisc/sup/spack_soft/hdf5/1.12.0/gcc-11.4.1-jjsqd67hwparjhrar3onqygfcynzqfxp/bin:/lustre/fshomisc/sup/spack_soft/sox/14.4.2/gcc-11.3.1-bwjlqaxoxhuwne7m5xyhdj3qx5hkoxkt/bin:/lustre/fshomisc/sup/spack_soft/openmpi/4.1.5/gcc-11.4.1-6ymlsrmwi27hevtasblzlk44qgx2cpvd/bin:/lustre/fshomisc/sys/cuda/12.4.1/samples:/lustre/fshomisc/sys/cuda/12.4.1/nvvm/bin:/lustre/fshomisc/sys/cuda/12.4.1/bin:/lustre/fshomisc/sup/spack_soft/environment-modules/4.3.1/gcc-11.3.1-wf7m7j6whgecysm2fm5n73sm4jg7txup/bin:/opt/clmgr/sbin:/opt/clmgr/bin:/opt/sgi/sbin:/opt/sgi/bin:/usr/local/bin:/usr/bin:/usr/local/sbin:/usr/sbin:/opt/c3/bin:/gpfslocalsup/bin:/gpfslocalsys/bin
++++ export CONDA_PREFIX=/lustre/fshomisc/sup/pub/miniforge/24.9.0
++++ CONDA_PREFIX=/lustre/fshomisc/sup/pub/miniforge/24.9.0
++++ export CONDA_SHLVL=2
++++ CONDA_SHLVL=2
++++ export CONDA_DEFAULT_ENV=base
++++ CONDA_DEFAULT_ENV=base
++++ export 'CONDA_PROMPT_MODIFIER=(base) '
++++ CONDA_PROMPT_MODIFIER='(base) '
++++ export CONDA_PREFIX_1=/lustre/fshomisc/sup/pub/anaconda-py3/h100/2024.06/envs/pytorch-gpu-2.4.0+py3.11.9
++++ CONDA_PREFIX_1=/lustre/fshomisc/sup/pub/anaconda-py3/h100/2024.06/envs/pytorch-gpu-2.4.0+py3.11.9
++++ export CONDA_EXE=/lustre/fshomisc/sup/pub/miniforge/24.9.0/bin/conda
++++ CONDA_EXE=/lustre/fshomisc/sup/pub/miniforge/24.9.0/bin/conda
++++ export _CE_M=
++++ _CE_M=
++++ export _CE_CONDA=
++++ _CE_CONDA=
++++ export CONDA_PYTHON_EXE=/lustre/fshomisc/sup/pub/miniforge/24.9.0/bin/python
++++ CONDA_PYTHON_EXE=/lustre/fshomisc/sup/pub/miniforge/24.9.0/bin/python
++++ . /lustre/fshomisc/sup/pub/miniforge/24.9.0/etc/conda/activate.d/libxml2_activate.sh
+++++ test -n ''
+++++ xml_catalog_files_libxml2=
+++++ XML_CATALOG_FILES=
+++++ conda_catalog_files=
+++++ ifs_libxml2=' '
+++++ IFS=' '
+++++ rem=/lustre/fshomisc/sup/pub/miniforge/24.9.0
+++++ for pre in ${rem}
+++++ test '' = /lustre/fshomisc/sup/pub/miniforge/24.9.0
+++++ conda_catalog_files=/lustre/fshomisc/sup/pub/miniforge/24.9.0
+++++ rem=
+++++ IFS=' '
+++++ conda_catalog_files='file:///lustre/fshomisc/sup/pub/miniforge/24.9.0/etc/xml/catalog file:///etc/xml/catalog'
+++++ export 'XML_CATALOG_FILES=file:///lustre/fshomisc/sup/pub/miniforge/24.9.0/etc/xml/catalog file:///etc/xml/catalog'
+++++ XML_CATALOG_FILES='file:///lustre/fshomisc/sup/pub/miniforge/24.9.0/etc/xml/catalog file:///etc/xml/catalog'
+++++ unset conda_catalog_files ifs_libxml2 rem
+++ __conda_hashr
+++ '[' -n '' ']'
+++ '[' -n '' ']'
+++ hash -r
++ test 0
+ _mlstatus=0
+ '[' -n x ']'
+ IFS=' 	
'
+ unset _mlre _mlv _mlrv _mlIFS
+ '[' -n '' ']'
+ unset _mlshdbg
+ return 0
+ conda activate cophylo
+ local cmd=activate
+ case "$cmd" in
+ __conda_activate activate cophylo
+ '[' -n '' ']'
+ local ask_conda
++ PS1='(base) '
++ __conda_exe shell.posix activate cophylo
++ /lustre/fshomisc/sup/pub/miniforge/24.9.0/bin/conda shell.posix activate cophylo
+ ask_conda='. "/lustre/fshomisc/sup/pub/miniforge/24.9.0/etc/conda/deactivate.d/libxml2_deactivate.sh"
PS1='\''(cophylo) '\''
export PATH='\''/linkhome/rech/genewd01/ulf51vy/.conda/envs/cophylo/bin:/lustre/fshomisc/sup/pub/anaconda-py3/h100/2024.06/condabin:/lustre/fshomisc/sup/pub/anaconda-py3/h100/2024.06/envs/pytorch-gpu-2.4.0+py3.11.9/opencv/opencv-4.10.0/bin:/lustre/fshomisc/sup/spack_soft/ffmpeg/6.1.1/gcc-11.3.1-qiwdxtfnyolmjn6b6iivucbar3kuy27w/bin:/lustre/fshomisc/sup/spack_soft/libjpeg-turbo/2.1.3/gcc-11.3.1-kllvyzt5qynfyl6abf6k2d7h3j3k4fde/bin:/lustre/fshomisc/sup/spack_soft/hdf5/1.12.0/gcc-11.4.1-jjsqd67hwparjhrar3onqygfcynzqfxp/bin:/lustre/fshomisc/sup/spack_soft/sox/14.4.2/gcc-11.3.1-bwjlqaxoxhuwne7m5xyhdj3qx5hkoxkt/bin:/lustre/fshomisc/sup/spack_soft/openmpi/4.1.5/gcc-11.4.1-6ymlsrmwi27hevtasblzlk44qgx2cpvd/bin:/lustre/fshomisc/sys/cuda/12.4.1/samples:/lustre/fshomisc/sys/cuda/12.4.1/nvvm/bin:/lustre/fshomisc/sys/cuda/12.4.1/bin:/lustre/fshomisc/sup/spack_soft/environment-modules/4.3.1/gcc-11.3.1-wf7m7j6whgecysm2fm5n73sm4jg7txup/bin:/opt/clmgr/sbin:/opt/clmgr/bin:/opt/sgi/sbin:/opt/sgi/bin:/usr/local/bin:/usr/bin:/usr/local/sbin:/usr/sbin:/opt/c3/bin:/gpfslocalsup/bin:/gpfslocalsys/bin'\''
export CONDA_PREFIX='\''/linkhome/rech/genewd01/ulf51vy/.conda/envs/cophylo'\''
export CONDA_SHLVL='\''3'\''
export CONDA_DEFAULT_ENV='\''cophylo'\''
export CONDA_PROMPT_MODIFIER='\''(cophylo) '\''
export CONDA_PREFIX_2='\''/lustre/fshomisc/sup/pub/miniforge/24.9.0'\''
export CONDA_EXE='\''/lustre/fshomisc/sup/pub/miniforge/24.9.0/bin/conda'\''
export _CE_M='\'''\''
export _CE_CONDA='\'''\''
export CONDA_PYTHON_EXE='\''/lustre/fshomisc/sup/pub/miniforge/24.9.0/bin/python'\'''
+ eval '. "/lustre/fshomisc/sup/pub/miniforge/24.9.0/etc/conda/deactivate.d/libxml2_deactivate.sh"
PS1='\''(cophylo) '\''
export PATH='\''/linkhome/rech/genewd01/ulf51vy/.conda/envs/cophylo/bin:/lustre/fshomisc/sup/pub/anaconda-py3/h100/2024.06/condabin:/lustre/fshomisc/sup/pub/anaconda-py3/h100/2024.06/envs/pytorch-gpu-2.4.0+py3.11.9/opencv/opencv-4.10.0/bin:/lustre/fshomisc/sup/spack_soft/ffmpeg/6.1.1/gcc-11.3.1-qiwdxtfnyolmjn6b6iivucbar3kuy27w/bin:/lustre/fshomisc/sup/spack_soft/libjpeg-turbo/2.1.3/gcc-11.3.1-kllvyzt5qynfyl6abf6k2d7h3j3k4fde/bin:/lustre/fshomisc/sup/spack_soft/hdf5/1.12.0/gcc-11.4.1-jjsqd67hwparjhrar3onqygfcynzqfxp/bin:/lustre/fshomisc/sup/spack_soft/sox/14.4.2/gcc-11.3.1-bwjlqaxoxhuwne7m5xyhdj3qx5hkoxkt/bin:/lustre/fshomisc/sup/spack_soft/openmpi/4.1.5/gcc-11.4.1-6ymlsrmwi27hevtasblzlk44qgx2cpvd/bin:/lustre/fshomisc/sys/cuda/12.4.1/samples:/lustre/fshomisc/sys/cuda/12.4.1/nvvm/bin:/lustre/fshomisc/sys/cuda/12.4.1/bin:/lustre/fshomisc/sup/spack_soft/environment-modules/4.3.1/gcc-11.3.1-wf7m7j6whgecysm2fm5n73sm4jg7txup/bin:/opt/clmgr/sbin:/opt/clmgr/bin:/opt/sgi/sbin:/opt/sgi/bin:/usr/local/bin:/usr/bin:/usr/local/sbin:/usr/sbin:/opt/c3/bin:/gpfslocalsup/bin:/gpfslocalsys/bin'\''
export CONDA_PREFIX='\''/linkhome/rech/genewd01/ulf51vy/.conda/envs/cophylo'\''
export CONDA_SHLVL='\''3'\''
export CONDA_DEFAULT_ENV='\''cophylo'\''
export CONDA_PROMPT_MODIFIER='\''(cophylo) '\''
export CONDA_PREFIX_2='\''/lustre/fshomisc/sup/pub/miniforge/24.9.0'\''
export CONDA_EXE='\''/lustre/fshomisc/sup/pub/miniforge/24.9.0/bin/conda'\''
export _CE_M='\'''\''
export _CE_CONDA='\'''\''
export CONDA_PYTHON_EXE='\''/lustre/fshomisc/sup/pub/miniforge/24.9.0/bin/python'\'''
++ . /lustre/fshomisc/sup/pub/miniforge/24.9.0/etc/conda/deactivate.d/libxml2_deactivate.sh
+++ test -n ''
+++ unset XML_CATALOG_FILES
+++ unset xml_catalog_files_libxml2
++ PS1='(cophylo) '
++ export PATH=/linkhome/rech/genewd01/ulf51vy/.conda/envs/cophylo/bin:/lustre/fshomisc/sup/pub/anaconda-py3/h100/2024.06/condabin:/lustre/fshomisc/sup/pub/anaconda-py3/h100/2024.06/envs/pytorch-gpu-2.4.0+py3.11.9/opencv/opencv-4.10.0/bin:/lustre/fshomisc/sup/spack_soft/ffmpeg/6.1.1/gcc-11.3.1-qiwdxtfnyolmjn6b6iivucbar3kuy27w/bin:/lustre/fshomisc/sup/spack_soft/libjpeg-turbo/2.1.3/gcc-11.3.1-kllvyzt5qynfyl6abf6k2d7h3j3k4fde/bin:/lustre/fshomisc/sup/spack_soft/hdf5/1.12.0/gcc-11.4.1-jjsqd67hwparjhrar3onqygfcynzqfxp/bin:/lustre/fshomisc/sup/spack_soft/sox/14.4.2/gcc-11.3.1-bwjlqaxoxhuwne7m5xyhdj3qx5hkoxkt/bin:/lustre/fshomisc/sup/spack_soft/openmpi/4.1.5/gcc-11.4.1-6ymlsrmwi27hevtasblzlk44qgx2cpvd/bin:/lustre/fshomisc/sys/cuda/12.4.1/samples:/lustre/fshomisc/sys/cuda/12.4.1/nvvm/bin:/lustre/fshomisc/sys/cuda/12.4.1/bin:/lustre/fshomisc/sup/spack_soft/environment-modules/4.3.1/gcc-11.3.1-wf7m7j6whgecysm2fm5n73sm4jg7txup/bin:/opt/clmgr/sbin:/opt/clmgr/bin:/opt/sgi/sbin:/opt/sgi/bin:/usr/local/bin:/usr/bin:/usr/local/sbin:/usr/sbin:/opt/c3/bin:/gpfslocalsup/bin:/gpfslocalsys/bin
++ PATH=/linkhome/rech/genewd01/ulf51vy/.conda/envs/cophylo/bin:/lustre/fshomisc/sup/pub/anaconda-py3/h100/2024.06/condabin:/lustre/fshomisc/sup/pub/anaconda-py3/h100/2024.06/envs/pytorch-gpu-2.4.0+py3.11.9/opencv/opencv-4.10.0/bin:/lustre/fshomisc/sup/spack_soft/ffmpeg/6.1.1/gcc-11.3.1-qiwdxtfnyolmjn6b6iivucbar3kuy27w/bin:/lustre/fshomisc/sup/spack_soft/libjpeg-turbo/2.1.3/gcc-11.3.1-kllvyzt5qynfyl6abf6k2d7h3j3k4fde/bin:/lustre/fshomisc/sup/spack_soft/hdf5/1.12.0/gcc-11.4.1-jjsqd67hwparjhrar3onqygfcynzqfxp/bin:/lustre/fshomisc/sup/spack_soft/sox/14.4.2/gcc-11.3.1-bwjlqaxoxhuwne7m5xyhdj3qx5hkoxkt/bin:/lustre/fshomisc/sup/spack_soft/openmpi/4.1.5/gcc-11.4.1-6ymlsrmwi27hevtasblzlk44qgx2cpvd/bin:/lustre/fshomisc/sys/cuda/12.4.1/samples:/lustre/fshomisc/sys/cuda/12.4.1/nvvm/bin:/lustre/fshomisc/sys/cuda/12.4.1/bin:/lustre/fshomisc/sup/spack_soft/environment-modules/4.3.1/gcc-11.3.1-wf7m7j6whgecysm2fm5n73sm4jg7txup/bin:/opt/clmgr/sbin:/opt/clmgr/bin:/opt/sgi/sbin:/opt/sgi/bin:/usr/local/bin:/usr/bin:/usr/local/sbin:/usr/sbin:/opt/c3/bin:/gpfslocalsup/bin:/gpfslocalsys/bin
++ export CONDA_PREFIX=/linkhome/rech/genewd01/ulf51vy/.conda/envs/cophylo
++ CONDA_PREFIX=/linkhome/rech/genewd01/ulf51vy/.conda/envs/cophylo
++ export CONDA_SHLVL=3
++ CONDA_SHLVL=3
++ export CONDA_DEFAULT_ENV=cophylo
++ CONDA_DEFAULT_ENV=cophylo
++ export 'CONDA_PROMPT_MODIFIER=(cophylo) '
++ CONDA_PROMPT_MODIFIER='(cophylo) '
++ export CONDA_PREFIX_2=/lustre/fshomisc/sup/pub/miniforge/24.9.0
++ CONDA_PREFIX_2=/lustre/fshomisc/sup/pub/miniforge/24.9.0
++ export CONDA_EXE=/lustre/fshomisc/sup/pub/miniforge/24.9.0/bin/conda
++ CONDA_EXE=/lustre/fshomisc/sup/pub/miniforge/24.9.0/bin/conda
++ export _CE_M=
++ _CE_M=
++ export _CE_CONDA=
++ _CE_CONDA=
++ export CONDA_PYTHON_EXE=/lustre/fshomisc/sup/pub/miniforge/24.9.0/bin/python
++ CONDA_PYTHON_EXE=/lustre/fshomisc/sup/pub/miniforge/24.9.0/bin/python
+ __conda_hashr
+ '[' -n '' ']'
+ '[' -n '' ']'
+ hash -r
+ python analyze_labels.py --tgl_dir /lustre/fsn1/projects/rech/vcu/commun/Co-Phyloformer/generate_treeducken/generated_trees/Dataset_final --out_dir /lustre/fswork/projects/rech/vcu/commun/Co-Phyloformer/generate_treeducken/generated_trees/label_analysis/ --workers 20 --bins 20
Matplotlib created a temporary cache directory at /tmp/matplotlib-pz77u3p7 because the default path (/linkhome/rech/genewd01/ulf51vy/.cache/matplotlib) is not a writable directory; it is highly recommended to set the MPLCONFIGDIR environment variable to a writable directory, in particular to speed up the import of Matplotlib and to better support multiprocessing.
