path,type,taxa,p99_threshold
/lustre/fsn1/projects/rech/vcu/commun/Co-Phyloformer/generate_treeducken/generated_trees/Datasets/Dataset70055.tgl,host,2369,938
/lustre/fsn1/projects/rech/vcu/commun/Co-Phyloformer/generate_treeducken/generated_trees/Datasets/Dataset31564.tgl,host,1264,938
/lustre/fsn1/projects/rech/vcu/commun/Co-Phyloformer/generate_treeducken/generated_trees/Datasets/Dataset52729.tgl,host,1602,938
/lustre/fsn1/projects/rech/vcu/commun/Co-Phyloformer/generate_treeducken/generated_trees/Datasets/Dataset44910.tgl,host,1272,938
/lustre/fsn1/projects/rech/vcu/commun/Co-Phyloformer/generate_treeducken/generated_trees/Datasets/Dataset41890.tgl,host,1309,938
/lustre/fsn1/projects/rech/vcu/commun/Co-Phyloformer/generate_treeducken/generated_trees/Datasets/Dataset53900.tgl,host,1164,938
/lustre/fsn1/projects/rech/vcu/commun/Co-Phyloformer/generate_treeducken/generated_trees/Datasets/Dataset76970.tgl,host,981,938
/lustre/fsn1/projects/rech/vcu/commun/Co-Phyloformer/generate_treeducken/generated_trees/Datasets/Dataset97814.tgl,host,2601,938
/lustre/fsn1/projects/rech/vcu/commun/Co-Phyloformer/generate_treeducken/generated_trees/Datasets/Dataset91500.tgl,host,1077,938
/lustre/fsn1/projects/rech/vcu/commun/Co-Phyloformer/generate_treeducken/generated_trees/Datasets/Dataset77290.tgl,host,964,938
/lustre/fsn1/projects/rech/vcu/commun/Co-Phyloformer/generate_treeducken/generated_trees/Datasets/Dataset3815.tgl,host,1391,938
/lustre/fsn1/projects/rech/vcu/commun/Co-Phyloformer/generate_treeducken/generated_trees/Datasets/Dataset93630.tgl,host,1354,938
/lustre/fsn1/projects/rech/vcu/commun/Co-Phyloformer/generate_treeducken/generated_trees/Datasets/Dataset54065.tgl,host,2664,938
/lustre/fsn1/projects/rech/vcu/commun/Co-Phyloformer/generate_treeducken/generated_trees/Datasets/Dataset94075.tgl,host,1038,938
/lustre/fsn1/projects/rech/vcu/commun/Co-Phyloformer/generate_treeducken/generated_trees/Datasets/Dataset44705.tgl,host,2098,938
/lustre/fsn1/projects/rech/vcu/commun/Co-Phyloformer/generate_treeducken/generated_trees/Datasets/Dataset92295.tgl,host,1194,938
/lustre/fsn1/projects/rech/vcu/commun/Co-Phyloformer/generate_treeducken/generated_trees/Datasets/Dataset69965.tgl,host,984,938
/lustre/fsn1/projects/rech/vcu/commun/Co-Phyloformer/generate_treeducken/generated_trees/Datasets/Dataset97520.tgl,host,1083,938
/lustre/fsn1/projects/rech/vcu/commun/Co-Phyloformer/generate_treeducken/generated_trees/Datasets/Dataset80405.tgl,host,1458,938
/lustre/fsn1/projects/rech/vcu/commun/Co-Phyloformer/generate_treeducken/generated_trees/Datasets/Dataset94695.tgl,host,1082,938
/lustre/fsn1/projects/rech/vcu/commun/Co-Phyloformer/generate_treeducken/generated_trees/Datasets/Dataset66015.tgl,host,2025,938
/lustre/fsn1/projects/rech/vcu/commun/Co-Phyloformer/generate_treeducken/generated_trees/Datasets/Dataset7170.tgl,host,1578,938
/lustre/fsn1/projects/rech/vcu/commun/Co-Phyloformer/generate_treeducken/generated_trees/Datasets/Dataset99530.tgl,host,1482,938
/lustre/fsn1/projects/rech/vcu/commun/Co-Phyloformer/generate_treeducken/generated_trees/Datasets/Dataset72090.tgl,host,1260,938
/lustre/fsn1/projects/rech/vcu/commun/Co-Phyloformer/generate_treeducken/generated_trees/Datasets/Dataset59210.tgl,host,972,938
/lustre/fsn1/projects/rech/vcu/commun/Co-Phyloformer/generate_treeducken/generated_trees/Datasets/Dataset13120.tgl,host,1921,938
/lustre/fsn1/projects/rech/vcu/commun/Co-Phyloformer/generate_treeducken/generated_trees/Datasets/Dataset87440.tgl,host,980,938
/lustre/fsn1/projects/rech/vcu/commun/Co-Phyloformer/generate_treeducken/generated_trees/Datasets/Dataset71895.tgl,host,1740,938
/lustre/fsn1/projects/rech/vcu/commun/Co-Phyloformer/generate_treeducken/generated_trees/Datasets/Dataset3790.tgl,host,1192,938
/lustre/fsn1/projects/rech/vcu/commun/Co-Phyloformer/generate_treeducken/generated_trees/Datasets/Dataset81654.tgl,host,988,938
/lustre/fsn1/projects/rech/vcu/commun/Co-Phyloformer/generate_treeducken/generated_trees/Datasets/Dataset43275.tgl,host,1560,938
/lustre/fsn1/projects/rech/vcu/commun/Co-Phyloformer/generate_treeducken/generated_trees/Datasets/Dataset36760.tgl,host,948,938
/lustre/fsn1/projects/rech/vcu/commun/Co-Phyloformer/generate_treeducken/generated_trees/Datasets/Dataset94450.tgl,host,2884,938
/lustre/fsn1/projects/rech/vcu/commun/Co-Phyloformer/generate_treeducken/generated_trees/Datasets/Dataset14640.tgl,host,1479,938
/lustre/fsn1/projects/rech/vcu/commun/Co-Phyloformer/generate_treeducken/generated_trees/Datasets/Dataset37085.tgl,host,2728,938
/lustre/fsn1/projects/rech/vcu/commun/Co-Phyloformer/generate_treeducken/generated_trees/Datasets/Dataset55640.tgl,host,2106,938
/lustre/fsn1/projects/rech/vcu/commun/Co-Phyloformer/generate_treeducken/generated_trees/Datasets/Dataset66705.tgl,host,1040,938
/lustre/fsn1/projects/rech/vcu/commun/Co-Phyloformer/generate_treeducken/generated_trees/Datasets/Dataset91140.tgl,host,1017,938
/lustre/fsn1/projects/rech/vcu/commun/Co-Phyloformer/generate_treeducken/generated_trees/Datasets/Dataset73589.tgl,host,1408,938
/lustre/fsn1/projects/rech/vcu/commun/Co-Phyloformer/generate_treeducken/generated_trees/Datasets/Dataset68800.tgl,host,1683,938
/lustre/fsn1/projects/rech/vcu/commun/Co-Phyloformer/generate_treeducken/generated_trees/Datasets/Dataset32035.tgl,host,1260,938
/lustre/fsn1/projects/rech/vcu/commun/Co-Phyloformer/generate_treeducken/generated_trees/Datasets/Dataset26265.tgl,host,1005,938
/lustre/fsn1/projects/rech/vcu/commun/Co-Phyloformer/generate_treeducken/generated_trees/Datasets/Dataset16335.tgl,host,2002,938
/lustre/fsn1/projects/rech/vcu/commun/Co-Phyloformer/generate_treeducken/generated_trees/Datasets/Dataset14189.tgl,host,1050,938
/lustre/fsn1/projects/rech/vcu/commun/Co-Phyloformer/generate_treeducken/generated_trees/Datasets/Dataset11570.tgl,host,2980,938
/lustre/fsn1/projects/rech/vcu/commun/Co-Phyloformer/generate_treeducken/generated_trees/Datasets/Dataset46285.tgl,host,1086,938
/lustre/fsn1/projects/rech/vcu/commun/Co-Phyloformer/generate_treeducken/generated_trees/Datasets/Dataset23355.tgl,host,3422,938
/lustre/fsn1/projects/rech/vcu/commun/Co-Phyloformer/generate_treeducken/generated_trees/Datasets/Dataset78154.tgl,host,1027,938
/lustre/fsn1/projects/rech/vcu/commun/Co-Phyloformer/generate_treeducken/generated_trees/Datasets/Dataset48950.tgl,host,1418,938
/lustre/fsn1/projects/rech/vcu/commun/Co-Phyloformer/generate_treeducken/generated_trees/Datasets/Dataset13145.tgl,host,969,938
/lustre/fsn1/projects/rech/vcu/commun/Co-Phyloformer/generate_treeducken/generated_trees/Datasets/Dataset60445.tgl,host,983,938
/lustre/fsn1/projects/rech/vcu/commun/Co-Phyloformer/generate_treeducken/generated_trees/Datasets/Dataset72165.tgl,host,1651,938
/lustre/fsn1/projects/rech/vcu/commun/Co-Phyloformer/generate_treeducken/generated_trees/Datasets/Dataset5190.tgl,host,3449,938
/lustre/fsn1/projects/rech/vcu/commun/Co-Phyloformer/generate_treeducken/generated_trees/Datasets/Dataset84059.tgl,host,1407,938
/lustre/fsn1/projects/rech/vcu/commun/Co-Phyloformer/generate_treeducken/generated_trees/Datasets/Dataset55015.tgl,host,1033,938
/lustre/fsn1/projects/rech/vcu/commun/Co-Phyloformer/generate_treeducken/generated_trees/Datasets/Dataset95875.tgl,host,1149,938
/lustre/fsn1/projects/rech/vcu/commun/Co-Phyloformer/generate_treeducken/generated_trees/Datasets/Dataset16120.tgl,host,1329,938
/lustre/fsn1/projects/rech/vcu/commun/Co-Phyloformer/generate_treeducken/generated_trees/Datasets/Dataset90940.tgl,host,1086,938
/lustre/fsn1/projects/rech/vcu/commun/Co-Phyloformer/generate_treeducken/generated_trees/Datasets/Dataset6140.tgl,host,1113,938
/lustre/fsn1/projects/rech/vcu/commun/Co-Phyloformer/generate_treeducken/generated_trees/Datasets/Dataset85995.tgl,host,980,938
/lustre/fsn1/projects/rech/vcu/commun/Co-Phyloformer/generate_treeducken/generated_trees/Datasets/Dataset2335.tgl,host,1024,938
/lustre/fsn1/projects/rech/vcu/commun/Co-Phyloformer/generate_treeducken/generated_trees/Datasets/Dataset86675.tgl,host,3274,938
/lustre/fsn1/projects/rech/vcu/commun/Co-Phyloformer/generate_treeducken/generated_trees/Datasets/Dataset89455.tgl,host,1166,938
/lustre/fsn1/projects/rech/vcu/commun/Co-Phyloformer/generate_treeducken/generated_trees/Datasets/Dataset38295.tgl,host,1170,938
/lustre/fsn1/projects/rech/vcu/commun/Co-Phyloformer/generate_treeducken/generated_trees/Datasets/Dataset14150.tgl,host,3774,938
/lustre/fsn1/projects/rech/vcu/commun/Co-Phyloformer/generate_treeducken/generated_trees/Datasets/Dataset23849.tgl,host,1053,938
/lustre/fsn1/projects/rech/vcu/commun/Co-Phyloformer/generate_treeducken/generated_trees/Datasets/Dataset15020.tgl,host,1458,938
/lustre/fsn1/projects/rech/vcu/commun/Co-Phyloformer/generate_treeducken/generated_trees/Datasets/Dataset97960.tgl,host,1177,938
/lustre/fsn1/projects/rech/vcu/commun/Co-Phyloformer/generate_treeducken/generated_trees/Datasets/Dataset38249.tgl,host,1131,938
/lustre/fsn1/projects/rech/vcu/commun/Co-Phyloformer/generate_treeducken/generated_trees/Datasets/Dataset60219.tgl,host,1024,938
/lustre/fsn1/projects/rech/vcu/commun/Co-Phyloformer/generate_treeducken/generated_trees/Datasets/Dataset40300.tgl,host,2608,938
/lustre/fsn1/projects/rech/vcu/commun/Co-Phyloformer/generate_treeducken/generated_trees/Datasets/Dataset85795.tgl,host,2752,938
/lustre/fsn1/projects/rech/vcu/commun/Co-Phyloformer/generate_treeducken/generated_trees/Datasets/Dataset79395.tgl,host,1088,938
/lustre/fsn1/projects/rech/vcu/commun/Co-Phyloformer/generate_treeducken/generated_trees/Datasets/Dataset8825.tgl,host,1114,938
/lustre/fsn1/projects/rech/vcu/commun/Co-Phyloformer/generate_treeducken/generated_trees/Datasets/Dataset68125.tgl,host,1662,938
/lustre/fsn1/projects/rech/vcu/commun/Co-Phyloformer/generate_treeducken/generated_trees/Datasets/Dataset9510.tgl,host,1076,938
/lustre/fsn1/projects/rech/vcu/commun/Co-Phyloformer/generate_treeducken/generated_trees/Datasets/Dataset92745.tgl,host,989,938
/lustre/fsn1/projects/rech/vcu/commun/Co-Phyloformer/generate_treeducken/generated_trees/Datasets/Dataset4340.tgl,host,1727,938
/lustre/fsn1/projects/rech/vcu/commun/Co-Phyloformer/generate_treeducken/generated_trees/Datasets/Dataset63415.tgl,host,1037,938
/lustre/fsn1/projects/rech/vcu/commun/Co-Phyloformer/generate_treeducken/generated_trees/Datasets/Dataset24279.tgl,host,1379,938
/lustre/fsn1/projects/rech/vcu/commun/Co-Phyloformer/generate_treeducken/generated_trees/Datasets/Dataset85540.tgl,host,1587,938
/lustre/fsn1/projects/rech/vcu/commun/Co-Phyloformer/generate_treeducken/generated_trees/Datasets/Dataset55820.tgl,host,970,938
/lustre/fsn1/projects/rech/vcu/commun/Co-Phyloformer/generate_treeducken/generated_trees/Datasets/Dataset40535.tgl,host,1048,938
/lustre/fsn1/projects/rech/vcu/commun/Co-Phyloformer/generate_treeducken/generated_trees/Datasets/Dataset56210.tgl,host,1839,938
/lustre/fsn1/projects/rech/vcu/commun/Co-Phyloformer/generate_treeducken/generated_trees/Datasets/Dataset64765.tgl,host,1552,938
/lustre/fsn1/projects/rech/vcu/commun/Co-Phyloformer/generate_treeducken/generated_trees/Datasets/Dataset77534.tgl,host,1076,938
/lustre/fsn1/projects/rech/vcu/commun/Co-Phyloformer/generate_treeducken/generated_trees/Datasets/Dataset23890.tgl,host,1095,938
/lustre/fsn1/projects/rech/vcu/commun/Co-Phyloformer/generate_treeducken/generated_trees/Datasets/Dataset45560.tgl,host,2295,938
/lustre/fsn1/projects/rech/vcu/commun/Co-Phyloformer/generate_treeducken/generated_trees/Datasets/Dataset72220.tgl,host,1744,938
/lustre/fsn1/projects/rech/vcu/commun/Co-Phyloformer/generate_treeducken/generated_trees/Datasets/Dataset61885.tgl,host,1034,938
/lustre/fsn1/projects/rech/vcu/commun/Co-Phyloformer/generate_treeducken/generated_trees/Datasets/Dataset18910.tgl,host,1406,938
/lustre/fsn1/projects/rech/vcu/commun/Co-Phyloformer/generate_treeducken/generated_trees/Datasets/Dataset37495.tgl,host,1048,938
/lustre/fsn1/projects/rech/vcu/commun/Co-Phyloformer/generate_treeducken/generated_trees/Datasets/Dataset41190.tgl,host,1082,938
/lustre/fsn1/projects/rech/vcu/commun/Co-Phyloformer/generate_treeducken/generated_trees/Datasets/Dataset15745.tgl,host,1142,938
/lustre/fsn1/projects/rech/vcu/commun/Co-Phyloformer/generate_treeducken/generated_trees/Datasets/Dataset16415.tgl,host,1870,938
/lustre/fsn1/projects/rech/vcu/commun/Co-Phyloformer/generate_treeducken/generated_trees/Datasets/Dataset33470.tgl,host,2658,938
/lustre/fsn1/projects/rech/vcu/commun/Co-Phyloformer/generate_treeducken/generated_trees/Datasets/Dataset75584.tgl,host,1458,938
/lustre/fsn1/projects/rech/vcu/commun/Co-Phyloformer/generate_treeducken/generated_trees/Datasets/Dataset82975.tgl,host,1110,938
/lustre/fsn1/projects/rech/vcu/commun/Co-Phyloformer/generate_treeducken/generated_trees/Datasets/Dataset53445.tgl,host,1185,938
/lustre/fsn1/projects/rech/vcu/commun/Co-Phyloformer/generate_treeducken/generated_trees/Datasets/Dataset20100.tgl,host,1722,938
/lustre/fsn1/projects/rech/vcu/commun/Co-Phyloformer/generate_treeducken/generated_trees/Datasets/Dataset58550.tgl,host,979,938
/lustre/fsn1/projects/rech/vcu/commun/Co-Phyloformer/generate_treeducken/generated_trees/Datasets/Dataset95495.tgl,host,954,938
/lustre/fsn1/projects/rech/vcu/commun/Co-Phyloformer/generate_treeducken/generated_trees/Datasets/Dataset7054.tgl,host,1442,938
/lustre/fsn1/projects/rech/vcu/commun/Co-Phyloformer/generate_treeducken/generated_trees/Datasets/Dataset55405.tgl,host,1540,938
/lustre/fsn1/projects/rech/vcu/commun/Co-Phyloformer/generate_treeducken/generated_trees/Datasets/Dataset41140.tgl,host,1256,938
/lustre/fsn1/projects/rech/vcu/commun/Co-Phyloformer/generate_treeducken/generated_trees/Datasets/Dataset13694.tgl,host,1114,938
/lustre/fsn1/projects/rech/vcu/commun/Co-Phyloformer/generate_treeducken/generated_trees/Datasets/Dataset56760.tgl,host,1000,938
/lustre/fsn1/projects/rech/vcu/commun/Co-Phyloformer/generate_treeducken/generated_trees/Datasets/Dataset21215.tgl,host,1059,938
/lustre/fsn1/projects/rech/vcu/commun/Co-Phyloformer/generate_treeducken/generated_trees/Datasets/Dataset41930.tgl,host,1282,938
/lustre/fsn1/projects/rech/vcu/commun/Co-Phyloformer/generate_treeducken/generated_trees/Datasets/Dataset35840.tgl,host,1360,938
/lustre/fsn1/projects/rech/vcu/commun/Co-Phyloformer/generate_treeducken/generated_trees/Datasets/Dataset75330.tgl,host,2032,938
/lustre/fsn1/projects/rech/vcu/commun/Co-Phyloformer/generate_treeducken/generated_trees/Datasets/Dataset90905.tgl,host,1891,938
/lustre/fsn1/projects/rech/vcu/commun/Co-Phyloformer/generate_treeducken/generated_trees/Datasets/Dataset47960.tgl,host,1255,938
/lustre/fsn1/projects/rech/vcu/commun/Co-Phyloformer/generate_treeducken/generated_trees/Datasets/Dataset82130.tgl,host,1200,938
/lustre/fsn1/projects/rech/vcu/commun/Co-Phyloformer/generate_treeducken/generated_trees/Datasets/Dataset86740.tgl,host,2790,938
/lustre/fsn1/projects/rech/vcu/commun/Co-Phyloformer/generate_treeducken/generated_trees/Datasets/Dataset67870.tgl,host,975,938
/lustre/fsn1/projects/rech/vcu/commun/Co-Phyloformer/generate_treeducken/generated_trees/Datasets/Dataset86679.tgl,host,1231,938
/lustre/fsn1/projects/rech/vcu/commun/Co-Phyloformer/generate_treeducken/generated_trees/Datasets/Dataset58840.tgl,host,1284,938
/lustre/fsn1/projects/rech/vcu/commun/Co-Phyloformer/generate_treeducken/generated_trees/Datasets/Dataset65854.tgl,host,1059,938
/lustre/fsn1/projects/rech/vcu/commun/Co-Phyloformer/generate_treeducken/generated_trees/Datasets/Dataset36115.tgl,host,1472,938
/lustre/fsn1/projects/rech/vcu/commun/Co-Phyloformer/generate_treeducken/generated_trees/Datasets/Dataset47620.tgl,host,1661,938
/lustre/fsn1/projects/rech/vcu/commun/Co-Phyloformer/generate_treeducken/generated_trees/Datasets/Dataset97340.tgl,host,979,938
/lustre/fsn1/projects/rech/vcu/commun/Co-Phyloformer/generate_treeducken/generated_trees/Datasets/Dataset69785.tgl,host,1321,938
/lustre/fsn1/projects/rech/vcu/commun/Co-Phyloformer/generate_treeducken/generated_trees/Datasets/Dataset70510.tgl,host,2713,938
/lustre/fsn1/projects/rech/vcu/commun/Co-Phyloformer/generate_treeducken/generated_trees/Datasets/Dataset65590.tgl,host,1521,938
/lustre/fsn1/projects/rech/vcu/commun/Co-Phyloformer/generate_treeducken/generated_trees/Datasets/Dataset59395.tgl,host,1192,938
/lustre/fsn1/projects/rech/vcu/commun/Co-Phyloformer/generate_treeducken/generated_trees/Datasets/Dataset6770.tgl,host,1254,938
/lustre/fsn1/projects/rech/vcu/commun/Co-Phyloformer/generate_treeducken/generated_trees/Datasets/Dataset72560.tgl,host,1045,938
/lustre/fsn1/projects/rech/vcu/commun/Co-Phyloformer/generate_treeducken/generated_trees/Datasets/Dataset8315.tgl,host,1037,938
/lustre/fsn1/projects/rech/vcu/commun/Co-Phyloformer/generate_treeducken/generated_trees/Datasets/Dataset45235.tgl,host,987,938
/lustre/fsn1/projects/rech/vcu/commun/Co-Phyloformer/generate_treeducken/generated_trees/Datasets/Dataset79405.tgl,host,2010,938
/lustre/fsn1/projects/rech/vcu/commun/Co-Phyloformer/generate_treeducken/generated_trees/Datasets/Dataset28870.tgl,host,1275,938
/lustre/fsn1/projects/rech/vcu/commun/Co-Phyloformer/generate_treeducken/generated_trees/Datasets/Dataset2009.tgl,host,951,938
/lustre/fsn1/projects/rech/vcu/commun/Co-Phyloformer/generate_treeducken/generated_trees/Datasets/Dataset46415.tgl,host,940,938
/lustre/fsn1/projects/rech/vcu/commun/Co-Phyloformer/generate_treeducken/generated_trees/Datasets/Dataset66315.tgl,host,1326,938
/lustre/fsn1/projects/rech/vcu/commun/Co-Phyloformer/generate_treeducken/generated_trees/Datasets/Dataset93090.tgl,host,1310,938
/lustre/fsn1/projects/rech/vcu/commun/Co-Phyloformer/generate_treeducken/generated_trees/Datasets/Dataset32600.tgl,host,1774,938
/lustre/fsn1/projects/rech/vcu/commun/Co-Phyloformer/generate_treeducken/generated_trees/Datasets/Dataset70270.tgl,host,1056,938
/lustre/fsn1/projects/rech/vcu/commun/Co-Phyloformer/generate_treeducken/generated_trees/Datasets/Dataset89235.tgl,host,1478,938
/lustre/fsn1/projects/rech/vcu/commun/Co-Phyloformer/generate_treeducken/generated_trees/Datasets/Dataset6155.tgl,host,1032,938
/lustre/fsn1/projects/rech/vcu/commun/Co-Phyloformer/generate_treeducken/generated_trees/Datasets/Dataset76765.tgl,host,1172,938
/lustre/fsn1/projects/rech/vcu/commun/Co-Phyloformer/generate_treeducken/generated_trees/Datasets/Dataset98175.tgl,host,2573,938
/lustre/fsn1/projects/rech/vcu/commun/Co-Phyloformer/generate_treeducken/generated_trees/Datasets/Dataset20360.tgl,host,1150,938
/lustre/fsn1/projects/rech/vcu/commun/Co-Phyloformer/generate_treeducken/generated_trees/Datasets/Dataset97280.tgl,host,1426,938
/lustre/fsn1/projects/rech/vcu/commun/Co-Phyloformer/generate_treeducken/generated_trees/Datasets/Dataset55315.tgl,host,2781,938
/lustre/fsn1/projects/rech/vcu/commun/Co-Phyloformer/generate_treeducken/generated_trees/Datasets/Dataset86660.tgl,host,2425,938
/lustre/fsn1/projects/rech/vcu/commun/Co-Phyloformer/generate_treeducken/generated_trees/Datasets/Dataset84155.tgl,host,1705,938
/lustre/fsn1/projects/rech/vcu/commun/Co-Phyloformer/generate_treeducken/generated_trees/Datasets/Dataset26975.tgl,host,961,938
/lustre/fsn1/projects/rech/vcu/commun/Co-Phyloformer/generate_treeducken/generated_trees/Datasets/Dataset67890.tgl,host,1348,938
/lustre/fsn1/projects/rech/vcu/commun/Co-Phyloformer/generate_treeducken/generated_trees/Datasets/Dataset41880.tgl,host,1429,938
/lustre/fsn1/projects/rech/vcu/commun/Co-Phyloformer/generate_treeducken/generated_trees/Datasets/Dataset78145.tgl,host,1576,938
/lustre/fsn1/projects/rech/vcu/commun/Co-Phyloformer/generate_treeducken/generated_trees/Datasets/Dataset55719.tgl,host,1095,938
/lustre/fsn1/projects/rech/vcu/commun/Co-Phyloformer/generate_treeducken/generated_trees/Datasets/Dataset34964.tgl,host,1554,938
/lustre/fsn1/projects/rech/vcu/commun/Co-Phyloformer/generate_treeducken/generated_trees/Datasets/Dataset15834.tgl,host,1837,938
/lustre/fsn1/projects/rech/vcu/commun/Co-Phyloformer/generate_treeducken/generated_trees/Datasets/Dataset60440.tgl,host,1373,938
/lustre/fsn1/projects/rech/vcu/commun/Co-Phyloformer/generate_treeducken/generated_trees/Datasets/Dataset85873.tgl,host,1130,938
/lustre/fsn1/projects/rech/vcu/commun/Co-Phyloformer/generate_treeducken/generated_trees/Datasets/Dataset33035.tgl,host,1031,938
/lustre/fsn1/projects/rech/vcu/commun/Co-Phyloformer/generate_treeducken/generated_trees/Datasets/Dataset72184.tgl,host,960,938
/lustre/fsn1/projects/rech/vcu/commun/Co-Phyloformer/generate_treeducken/generated_trees/Datasets/Dataset44975.tgl,host,1129,938
/lustre/fsn1/projects/rech/vcu/commun/Co-Phyloformer/generate_treeducken/generated_trees/Datasets/Dataset79135.tgl,host,1044,938
/lustre/fsn1/projects/rech/vcu/commun/Co-Phyloformer/generate_treeducken/generated_trees/Datasets/Dataset95485.tgl,host,2889,938
/lustre/fsn1/projects/rech/vcu/commun/Co-Phyloformer/generate_treeducken/generated_trees/Datasets/Dataset83270.tgl,host,1859,938
/lustre/fsn1/projects/rech/vcu/commun/Co-Phyloformer/generate_treeducken/generated_trees/Datasets/Dataset85255.tgl,host,1259,938
/lustre/fsn1/projects/rech/vcu/commun/Co-Phyloformer/generate_treeducken/generated_trees/Datasets/Dataset73050.tgl,host,1794,938
/lustre/fsn1/projects/rech/vcu/commun/Co-Phyloformer/generate_treeducken/generated_trees/Datasets/Dataset42725.tgl,host,1072,938
/lustre/fsn1/projects/rech/vcu/commun/Co-Phyloformer/generate_treeducken/generated_trees/Datasets/Dataset59960.tgl,host,1085,938
/lustre/fsn1/projects/rech/vcu/commun/Co-Phyloformer/generate_treeducken/generated_trees/Datasets/Dataset61015.tgl,host,1216,938
/lustre/fsn1/projects/rech/vcu/commun/Co-Phyloformer/generate_treeducken/generated_trees/Datasets/Dataset18155.tgl,host,985,938
/lustre/fsn1/projects/rech/vcu/commun/Co-Phyloformer/generate_treeducken/generated_trees/Datasets/Dataset32080.tgl,host,1088,938
/lustre/fsn1/projects/rech/vcu/commun/Co-Phyloformer/generate_treeducken/generated_trees/Datasets/Dataset76450.tgl,host,1010,938
/lustre/fsn1/projects/rech/vcu/commun/Co-Phyloformer/generate_treeducken/generated_trees/Datasets/Dataset32840.tgl,host,1675,938
/lustre/fsn1/projects/rech/vcu/commun/Co-Phyloformer/generate_treeducken/generated_trees/Datasets/Dataset95690.tgl,host,1088,938
/lustre/fsn1/projects/rech/vcu/commun/Co-Phyloformer/generate_treeducken/generated_trees/Datasets/Dataset10535.tgl,host,1101,938
/lustre/fsn1/projects/rech/vcu/commun/Co-Phyloformer/generate_treeducken/generated_trees/Datasets/Dataset72324.tgl,host,1218,938
/lustre/fsn1/projects/rech/vcu/commun/Co-Phyloformer/generate_treeducken/generated_trees/Datasets/Dataset34714.tgl,host,946,938
/lustre/fsn1/projects/rech/vcu/commun/Co-Phyloformer/generate_treeducken/generated_trees/Datasets/Dataset95820.tgl,host,3344,938
/lustre/fsn1/projects/rech/vcu/commun/Co-Phyloformer/generate_treeducken/generated_trees/Datasets/Dataset81540.tgl,host,991,938
/lustre/fsn1/projects/rech/vcu/commun/Co-Phyloformer/generate_treeducken/generated_trees/Datasets/Dataset77100.tgl,host,949,938
/lustre/fsn1/projects/rech/vcu/commun/Co-Phyloformer/generate_treeducken/generated_trees/Datasets/Dataset25150.tgl,host,969,938
/lustre/fsn1/projects/rech/vcu/commun/Co-Phyloformer/generate_treeducken/generated_trees/Datasets/Dataset2695.tgl,host,1066,938
/lustre/fsn1/projects/rech/vcu/commun/Co-Phyloformer/generate_treeducken/generated_trees/Datasets/Dataset20930.tgl,host,1911,938
/lustre/fsn1/projects/rech/vcu/commun/Co-Phyloformer/generate_treeducken/generated_trees/Datasets/Dataset56645.tgl,host,1170,938
/lustre/fsn1/projects/rech/vcu/commun/Co-Phyloformer/generate_treeducken/generated_trees/Datasets/Dataset42315.tgl,host,1097,938
/lustre/fsn1/projects/rech/vcu/commun/Co-Phyloformer/generate_treeducken/generated_trees/Datasets/Dataset7280.tgl,host,1385,938
/lustre/fsn1/projects/rech/vcu/commun/Co-Phyloformer/generate_treeducken/generated_trees/Datasets/Dataset99660.tgl,host,1612,938
/lustre/fsn1/projects/rech/vcu/commun/Co-Phyloformer/generate_treeducken/generated_trees/Datasets/Dataset50370.tgl,host,989,938
/lustre/fsn1/projects/rech/vcu/commun/Co-Phyloformer/generate_treeducken/generated_trees/Datasets/Dataset21565.tgl,host,1215,938
/lustre/fsn1/projects/rech/vcu/commun/Co-Phyloformer/generate_treeducken/generated_trees/Datasets/Dataset75579.tgl,host,1061,938
/lustre/fsn1/projects/rech/vcu/commun/Co-Phyloformer/generate_treeducken/generated_trees/Datasets/Dataset65750.tgl,host,939,938
/lustre/fsn1/projects/rech/vcu/commun/Co-Phyloformer/generate_treeducken/generated_trees/Datasets/Dataset4460.tgl,host,1125,938
/lustre/fsn1/projects/rech/vcu/commun/Co-Phyloformer/generate_treeducken/generated_trees/Datasets/Dataset58965.tgl,host,1139,938
/lustre/fsn1/projects/rech/vcu/commun/Co-Phyloformer/generate_treeducken/generated_trees/Datasets/Dataset28365.tgl,host,1039,938
/lustre/fsn1/projects/rech/vcu/commun/Co-Phyloformer/generate_treeducken/generated_trees/Datasets/Dataset53970.tgl,host,1367,938
/lustre/fsn1/projects/rech/vcu/commun/Co-Phyloformer/generate_treeducken/generated_trees/Datasets/Dataset70325.tgl,host,1266,938
/lustre/fsn1/projects/rech/vcu/commun/Co-Phyloformer/generate_treeducken/generated_trees/Datasets/Dataset5645.tgl,host,1310,938
/lustre/fsn1/projects/rech/vcu/commun/Co-Phyloformer/generate_treeducken/generated_trees/Datasets/Dataset50429.tgl,host,1003,938
/lustre/fsn1/projects/rech/vcu/commun/Co-Phyloformer/generate_treeducken/generated_trees/Datasets/Dataset51200.tgl,host,1090,938
/lustre/fsn1/projects/rech/vcu/commun/Co-Phyloformer/generate_treeducken/generated_trees/Datasets/Dataset66615.tgl,host,2631,938
/lustre/fsn1/projects/rech/vcu/commun/Co-Phyloformer/generate_treeducken/generated_trees/Datasets/Dataset97380.tgl,host,1827,938
/lustre/fsn1/projects/rech/vcu/commun/Co-Phyloformer/generate_treeducken/generated_trees/Datasets/Dataset61260.tgl,host,1398,938
/lustre/fsn1/projects/rech/vcu/commun/Co-Phyloformer/generate_treeducken/generated_trees/Datasets/Dataset85325.tgl,host,971,938
/lustre/fsn1/projects/rech/vcu/commun/Co-Phyloformer/generate_treeducken/generated_trees/Datasets/Dataset56934.tgl,host,1335,938
/lustre/fsn1/projects/rech/vcu/commun/Co-Phyloformer/generate_treeducken/generated_trees/Datasets/Dataset57055.tgl,host,2222,938
/lustre/fsn1/projects/rech/vcu/commun/Co-Phyloformer/generate_treeducken/generated_trees/Datasets/Dataset24124.tgl,host,1188,938
/lustre/fsn1/projects/rech/vcu/commun/Co-Phyloformer/generate_treeducken/generated_trees/Datasets/Dataset59430.tgl,host,1276,938
/lustre/fsn1/projects/rech/vcu/commun/Co-Phyloformer/generate_treeducken/generated_trees/Datasets/Dataset4920.tgl,host,2114,938
/lustre/fsn1/projects/rech/vcu/commun/Co-Phyloformer/generate_treeducken/generated_trees/Datasets/Dataset33040.tgl,host,1496,938
/lustre/fsn1/projects/rech/vcu/commun/Co-Phyloformer/generate_treeducken/generated_trees/Datasets/Dataset775.tgl,host,1038,938
/lustre/fsn1/projects/rech/vcu/commun/Co-Phyloformer/generate_treeducken/generated_trees/Datasets/Dataset47614.tgl,host,979,938
/lustre/fsn1/projects/rech/vcu/commun/Co-Phyloformer/generate_treeducken/generated_trees/Datasets/Dataset26569.tgl,host,1063,938
/lustre/fsn1/projects/rech/vcu/commun/Co-Phyloformer/generate_treeducken/generated_trees/Datasets/Dataset88295.tgl,host,1057,938
/lustre/fsn1/projects/rech/vcu/commun/Co-Phyloformer/generate_treeducken/generated_trees/Datasets/Dataset73680.tgl,host,1249,938
/lustre/fsn1/projects/rech/vcu/commun/Co-Phyloformer/generate_treeducken/generated_trees/Datasets/Dataset38455.tgl,host,1097,938
/lustre/fsn1/projects/rech/vcu/commun/Co-Phyloformer/generate_treeducken/generated_trees/Datasets/Dataset91515.tgl,host,939,938
/lustre/fsn1/projects/rech/vcu/commun/Co-Phyloformer/generate_treeducken/generated_trees/Datasets/Dataset28810.tgl,host,1421,938
/lustre/fsn1/projects/rech/vcu/commun/Co-Phyloformer/generate_treeducken/generated_trees/Datasets/Dataset92979.tgl,host,1156,938
/lustre/fsn1/projects/rech/vcu/commun/Co-Phyloformer/generate_treeducken/generated_trees/Datasets/Dataset74629.tgl,host,968,938
/lustre/fsn1/projects/rech/vcu/commun/Co-Phyloformer/generate_treeducken/generated_trees/Datasets/Dataset41240.tgl,host,1372,938
/lustre/fsn1/projects/rech/vcu/commun/Co-Phyloformer/generate_treeducken/generated_trees/Datasets/Dataset75055.tgl,host,1144,938
/lustre/fsn1/projects/rech/vcu/commun/Co-Phyloformer/generate_treeducken/generated_trees/Datasets/Dataset16090.tgl,host,2296,938
/lustre/fsn1/projects/rech/vcu/commun/Co-Phyloformer/generate_treeducken/generated_trees/Datasets/Dataset42424.tgl,host,1483,938
/lustre/fsn1/projects/rech/vcu/commun/Co-Phyloformer/generate_treeducken/generated_trees/Datasets/Dataset48000.tgl,host,1445,938
/lustre/fsn1/projects/rech/vcu/commun/Co-Phyloformer/generate_treeducken/generated_trees/Datasets/Dataset50635.tgl,host,2117,938
/lustre/fsn1/projects/rech/vcu/commun/Co-Phyloformer/generate_treeducken/generated_trees/Datasets/Dataset71995.tgl,host,1004,938
/lustre/fsn1/projects/rech/vcu/commun/Co-Phyloformer/generate_treeducken/generated_trees/Datasets/Dataset51660.tgl,host,2244,938
/lustre/fsn1/projects/rech/vcu/commun/Co-Phyloformer/generate_treeducken/generated_trees/Datasets/Dataset38955.tgl,host,1021,938
/lustre/fsn1/projects/rech/vcu/commun/Co-Phyloformer/generate_treeducken/generated_trees/Datasets/Dataset1960.tgl,host,1397,938
/lustre/fsn1/projects/rech/vcu/commun/Co-Phyloformer/generate_treeducken/generated_trees/Datasets/Dataset94895.tgl,host,1016,938
/lustre/fsn1/projects/rech/vcu/commun/Co-Phyloformer/generate_treeducken/generated_trees/Datasets/Dataset69740.tgl,host,1949,938
/lustre/fsn1/projects/rech/vcu/commun/Co-Phyloformer/generate_treeducken/generated_trees/Datasets/Dataset90865.tgl,host,1151,938
/lustre/fsn1/projects/rech/vcu/commun/Co-Phyloformer/generate_treeducken/generated_trees/Datasets/Dataset57090.tgl,host,1149,938
/lustre/fsn1/projects/rech/vcu/commun/Co-Phyloformer/generate_treeducken/generated_trees/Datasets/Dataset94860.tgl,host,1166,938
/lustre/fsn1/projects/rech/vcu/commun/Co-Phyloformer/generate_treeducken/generated_trees/Datasets/Dataset65520.tgl,host,1970,938
/lustre/fsn1/projects/rech/vcu/commun/Co-Phyloformer/generate_treeducken/generated_trees/Datasets/Dataset91884.tgl,host,960,938
/lustre/fsn1/projects/rech/vcu/commun/Co-Phyloformer/generate_treeducken/generated_trees/Datasets/Dataset41645.tgl,host,1334,938
/lustre/fsn1/projects/rech/vcu/commun/Co-Phyloformer/generate_treeducken/generated_trees/Datasets/Dataset95885.tgl,host,1648,938
/lustre/fsn1/projects/rech/vcu/commun/Co-Phyloformer/generate_treeducken/generated_trees/Datasets/Dataset43685.tgl,host,1032,938
/lustre/fsn1/projects/rech/vcu/commun/Co-Phyloformer/generate_treeducken/generated_trees/Datasets/Dataset19570.tgl,host,1977,938
/lustre/fsn1/projects/rech/vcu/commun/Co-Phyloformer/generate_treeducken/generated_trees/Datasets/Dataset23895.tgl,host,4539,938
/lustre/fsn1/projects/rech/vcu/commun/Co-Phyloformer/generate_treeducken/generated_trees/Datasets/Dataset14940.tgl,host,2128,938
/lustre/fsn1/projects/rech/vcu/commun/Co-Phyloformer/generate_treeducken/generated_trees/Datasets/Dataset19050.tgl,host,1285,938
/lustre/fsn1/projects/rech/vcu/commun/Co-Phyloformer/generate_treeducken/generated_trees/Datasets/Dataset24125.tgl,host,2040,938
/lustre/fsn1/projects/rech/vcu/commun/Co-Phyloformer/generate_treeducken/generated_trees/Datasets/Dataset39470.tgl,host,1193,938
/lustre/fsn1/projects/rech/vcu/commun/Co-Phyloformer/generate_treeducken/generated_trees/Datasets/Dataset28000.tgl,host,1291,938
/lustre/fsn1/projects/rech/vcu/commun/Co-Phyloformer/generate_treeducken/generated_trees/Datasets/Dataset57260.tgl,host,1021,938
/lustre/fsn1/projects/rech/vcu/commun/Co-Phyloformer/generate_treeducken/generated_trees/Datasets/Dataset7125.tgl,host,1166,938
/lustre/fsn1/projects/rech/vcu/commun/Co-Phyloformer/generate_treeducken/generated_trees/Datasets/Dataset67760.tgl,host,1941,938
/lustre/fsn1/projects/rech/vcu/commun/Co-Phyloformer/generate_treeducken/generated_trees/Datasets/Dataset9195.tgl,host,1276,938
/lustre/fsn1/projects/rech/vcu/commun/Co-Phyloformer/generate_treeducken/generated_trees/Datasets/Dataset41785.tgl,host,1247,938
/lustre/fsn1/projects/rech/vcu/commun/Co-Phyloformer/generate_treeducken/generated_trees/Datasets/Dataset72819.tgl,host,1375,938
/lustre/fsn1/projects/rech/vcu/commun/Co-Phyloformer/generate_treeducken/generated_trees/Datasets/Dataset54909.tgl,host,1605,938
/lustre/fsn1/projects/rech/vcu/commun/Co-Phyloformer/generate_treeducken/generated_trees/Datasets/Dataset97350.tgl,host,1880,938
/lustre/fsn1/projects/rech/vcu/commun/Co-Phyloformer/generate_treeducken/generated_trees/Datasets/Dataset62075.tgl,host,1577,938
/lustre/fsn1/projects/rech/vcu/commun/Co-Phyloformer/generate_treeducken/generated_trees/Datasets/Dataset99825.tgl,host,1720,938
/lustre/fsn1/projects/rech/vcu/commun/Co-Phyloformer/generate_treeducken/generated_trees/Datasets/Dataset94585.tgl,host,1361,938
/lustre/fsn1/projects/rech/vcu/commun/Co-Phyloformer/generate_treeducken/generated_trees/Datasets/Dataset1904.tgl,host,1215,938
/lustre/fsn1/projects/rech/vcu/commun/Co-Phyloformer/generate_treeducken/generated_trees/Datasets/Dataset12675.tgl,host,3112,938
/lustre/fsn1/projects/rech/vcu/commun/Co-Phyloformer/generate_treeducken/generated_trees/Datasets/Dataset97835.tgl,host,1861,938
/lustre/fsn1/projects/rech/vcu/commun/Co-Phyloformer/generate_treeducken/generated_trees/Datasets/Dataset72255.tgl,host,940,938
/lustre/fsn1/projects/rech/vcu/commun/Co-Phyloformer/generate_treeducken/generated_trees/Datasets/Dataset28450.tgl,host,1546,938
/lustre/fsn1/projects/rech/vcu/commun/Co-Phyloformer/generate_treeducken/generated_trees/Datasets/Dataset5954.tgl,host,1202,938
/lustre/fsn1/projects/rech/vcu/commun/Co-Phyloformer/generate_treeducken/generated_trees/Datasets/Dataset34965.tgl,host,1166,938
/lustre/fsn1/projects/rech/vcu/commun/Co-Phyloformer/generate_treeducken/generated_trees/Datasets/Dataset42249.tgl,host,1011,938
/lustre/fsn1/projects/rech/vcu/commun/Co-Phyloformer/generate_treeducken/generated_trees/Datasets/Dataset64295.tgl,host,1128,938
/lustre/fsn1/projects/rech/vcu/commun/Co-Phyloformer/generate_treeducken/generated_trees/Datasets/Dataset86309.tgl,host,993,938
/lustre/fsn1/projects/rech/vcu/commun/Co-Phyloformer/generate_treeducken/generated_trees/Datasets/Dataset99904.tgl,host,1005,938
/lustre/fsn1/projects/rech/vcu/commun/Co-Phyloformer/generate_treeducken/generated_trees/Datasets/Dataset15395.tgl,host,1228,938
/lustre/fsn1/projects/rech/vcu/commun/Co-Phyloformer/generate_treeducken/generated_trees/Datasets/Dataset46995.tgl,host,1227,938
/lustre/fsn1/projects/rech/vcu/commun/Co-Phyloformer/generate_treeducken/generated_trees/Datasets/Dataset86080.tgl,host,3710,938
/lustre/fsn1/projects/rech/vcu/commun/Co-Phyloformer/generate_treeducken/generated_trees/Datasets/Dataset31995.tgl,host,1437,938
/lustre/fsn1/projects/rech/vcu/commun/Co-Phyloformer/generate_treeducken/generated_trees/Datasets/Dataset58330.tgl,host,1095,938
/lustre/fsn1/projects/rech/vcu/commun/Co-Phyloformer/generate_treeducken/generated_trees/Datasets/Dataset13895.tgl,host,1521,938
/lustre/fsn1/projects/rech/vcu/commun/Co-Phyloformer/generate_treeducken/generated_trees/Datasets/Dataset51170.tgl,host,1033,938
/lustre/fsn1/projects/rech/vcu/commun/Co-Phyloformer/generate_treeducken/generated_trees/Datasets/Dataset80215.tgl,host,2070,938
/lustre/fsn1/projects/rech/vcu/commun/Co-Phyloformer/generate_treeducken/generated_trees/Datasets/Dataset83720.tgl,host,990,938
/lustre/fsn1/projects/rech/vcu/commun/Co-Phyloformer/generate_treeducken/generated_trees/Datasets/Dataset88214.tgl,host,994,938
/lustre/fsn1/projects/rech/vcu/commun/Co-Phyloformer/generate_treeducken/generated_trees/Datasets/Dataset44305.tgl,host,1396,938
/lustre/fsn1/projects/rech/vcu/commun/Co-Phyloformer/generate_treeducken/generated_trees/Datasets/Dataset72125.tgl,host,1740,938
/lustre/fsn1/projects/rech/vcu/commun/Co-Phyloformer/generate_treeducken/generated_trees/Datasets/Dataset56935.tgl,host,1163,938
/lustre/fsn1/projects/rech/vcu/commun/Co-Phyloformer/generate_treeducken/generated_trees/Datasets/Dataset74204.tgl,host,1375,938
/lustre/fsn1/projects/rech/vcu/commun/Co-Phyloformer/generate_treeducken/generated_trees/Datasets/Dataset54705.tgl,host,1156,938
/lustre/fsn1/projects/rech/vcu/commun/Co-Phyloformer/generate_treeducken/generated_trees/Datasets/Dataset83710.tgl,host,1022,938
/lustre/fsn1/projects/rech/vcu/commun/Co-Phyloformer/generate_treeducken/generated_trees/Datasets/Dataset19745.tgl,host,1858,938
/lustre/fsn1/projects/rech/vcu/commun/Co-Phyloformer/generate_treeducken/generated_trees/Datasets/Dataset43610.tgl,host,3399,938
/lustre/fsn1/projects/rech/vcu/commun/Co-Phyloformer/generate_treeducken/generated_trees/Datasets/Dataset20430.tgl,host,1115,938
/lustre/fsn1/projects/rech/vcu/commun/Co-Phyloformer/generate_treeducken/generated_trees/Datasets/Dataset19265.tgl,host,1011,938
/lustre/fsn1/projects/rech/vcu/commun/Co-Phyloformer/generate_treeducken/generated_trees/Datasets/Dataset96720.tgl,host,2141,938
/lustre/fsn1/projects/rech/vcu/commun/Co-Phyloformer/generate_treeducken/generated_trees/Datasets/Dataset73905.tgl,host,1174,938
/lustre/fsn1/projects/rech/vcu/commun/Co-Phyloformer/generate_treeducken/generated_trees/Datasets/Dataset50925.tgl,host,2009,938
/lustre/fsn1/projects/rech/vcu/commun/Co-Phyloformer/generate_treeducken/generated_trees/Datasets/Dataset75580.tgl,host,1546,938
/lustre/fsn1/projects/rech/vcu/commun/Co-Phyloformer/generate_treeducken/generated_trees/Datasets/Dataset62950.tgl,host,1268,938
/lustre/fsn1/projects/rech/vcu/commun/Co-Phyloformer/generate_treeducken/generated_trees/Datasets/Dataset89525.tgl,host,1338,938
/lustre/fsn1/projects/rech/vcu/commun/Co-Phyloformer/generate_treeducken/generated_trees/Datasets/Dataset17420.tgl,host,946,938
/lustre/fsn1/projects/rech/vcu/commun/Co-Phyloformer/generate_treeducken/generated_trees/Datasets/Dataset1560.tgl,host,1361,938
/lustre/fsn1/projects/rech/vcu/commun/Co-Phyloformer/generate_treeducken/generated_trees/Datasets/Dataset42130.tgl,host,1046,938
/lustre/fsn1/projects/rech/vcu/commun/Co-Phyloformer/generate_treeducken/generated_trees/Datasets/Dataset77410.tgl,host,1275,938
/lustre/fsn1/projects/rech/vcu/commun/Co-Phyloformer/generate_treeducken/generated_trees/Datasets/Dataset69295.tgl,host,1281,938
/lustre/fsn1/projects/rech/vcu/commun/Co-Phyloformer/generate_treeducken/generated_trees/Datasets/Dataset24319.tgl,host,1363,938
/lustre/fsn1/projects/rech/vcu/commun/Co-Phyloformer/generate_treeducken/generated_trees/Datasets/Dataset60940.tgl,host,1123,938
/lustre/fsn1/projects/rech/vcu/commun/Co-Phyloformer/generate_treeducken/generated_trees/Datasets/Dataset68360.tgl,host,986,938
/lustre/fsn1/projects/rech/vcu/commun/Co-Phyloformer/generate_treeducken/generated_trees/Datasets/Dataset77480.tgl,host,1641,938
/lustre/fsn1/projects/rech/vcu/commun/Co-Phyloformer/generate_treeducken/generated_trees/Datasets/Dataset21870.tgl,host,3019,938
/lustre/fsn1/projects/rech/vcu/commun/Co-Phyloformer/generate_treeducken/generated_trees/Datasets/Dataset61315.tgl,host,1511,938
/lustre/fsn1/projects/rech/vcu/commun/Co-Phyloformer/generate_treeducken/generated_trees/Datasets/Dataset99550.tgl,host,1248,938
/lustre/fsn1/projects/rech/vcu/commun/Co-Phyloformer/generate_treeducken/generated_trees/Datasets/Dataset40435.tgl,host,952,938
/lustre/fsn1/projects/rech/vcu/commun/Co-Phyloformer/generate_treeducken/generated_trees/Datasets/Dataset3850.tgl,host,1049,938
/lustre/fsn1/projects/rech/vcu/commun/Co-Phyloformer/generate_treeducken/generated_trees/Datasets/Dataset96310.tgl,host,1357,938
/lustre/fsn1/projects/rech/vcu/commun/Co-Phyloformer/generate_treeducken/generated_trees/Datasets/Dataset99230.tgl,host,942,938
/lustre/fsn1/projects/rech/vcu/commun/Co-Phyloformer/generate_treeducken/generated_trees/Datasets/Dataset11655.tgl,host,1162,938
/lustre/fsn1/projects/rech/vcu/commun/Co-Phyloformer/generate_treeducken/generated_trees/Datasets/Dataset32605.tgl,host,1393,938
/lustre/fsn1/projects/rech/vcu/commun/Co-Phyloformer/generate_treeducken/generated_trees/Datasets/Dataset70164.tgl,host,1125,938
/lustre/fsn1/projects/rech/vcu/commun/Co-Phyloformer/generate_treeducken/generated_trees/Datasets/Dataset82760.tgl,host,1330,938
/lustre/fsn1/projects/rech/vcu/commun/Co-Phyloformer/generate_treeducken/generated_trees/Datasets/Dataset36865.tgl,host,1881,938
/lustre/fsn1/projects/rech/vcu/commun/Co-Phyloformer/generate_treeducken/generated_trees/Datasets/Dataset65529.tgl,host,1639,938
/lustre/fsn1/projects/rech/vcu/commun/Co-Phyloformer/generate_treeducken/generated_trees/Datasets/Dataset8175.tgl,host,2309,938
/lustre/fsn1/projects/rech/vcu/commun/Co-Phyloformer/generate_treeducken/generated_trees/Datasets/Dataset43045.tgl,host,2160,938
/lustre/fsn1/projects/rech/vcu/commun/Co-Phyloformer/generate_treeducken/generated_trees/Datasets/Dataset53855.tgl,host,1871,938
/lustre/fsn1/projects/rech/vcu/commun/Co-Phyloformer/generate_treeducken/generated_trees/Datasets/Dataset66139.tgl,host,995,938
/lustre/fsn1/projects/rech/vcu/commun/Co-Phyloformer/generate_treeducken/generated_trees/Datasets/Dataset62935.tgl,host,1624,938
/lustre/fsn1/projects/rech/vcu/commun/Co-Phyloformer/generate_treeducken/generated_trees/Datasets/Dataset23145.tgl,host,1132,938
/lustre/fsn1/projects/rech/vcu/commun/Co-Phyloformer/generate_treeducken/generated_trees/Datasets/Dataset97379.tgl,host,995,938
/lustre/fsn1/projects/rech/vcu/commun/Co-Phyloformer/generate_treeducken/generated_trees/Datasets/Dataset83439.tgl,host,1234,938
/lustre/fsn1/projects/rech/vcu/commun/Co-Phyloformer/generate_treeducken/generated_trees/Datasets/Dataset52370.tgl,host,1051,938
/lustre/fsn1/projects/rech/vcu/commun/Co-Phyloformer/generate_treeducken/generated_trees/Datasets/Dataset99059.tgl,host,1352,938
/lustre/fsn1/projects/rech/vcu/commun/Co-Phyloformer/generate_treeducken/generated_trees/Datasets/Dataset54050.tgl,host,1020,938
/lustre/fsn1/projects/rech/vcu/commun/Co-Phyloformer/generate_treeducken/generated_trees/Datasets/Dataset11460.tgl,host,1919,938
/lustre/fsn1/projects/rech/vcu/commun/Co-Phyloformer/generate_treeducken/generated_trees/Datasets/Dataset82140.tgl,host,1219,938
/lustre/fsn1/projects/rech/vcu/commun/Co-Phyloformer/generate_treeducken/generated_trees/Datasets/Dataset1795.tgl,host,1085,938
/lustre/fsn1/projects/rech/vcu/commun/Co-Phyloformer/generate_treeducken/generated_trees/Datasets/Dataset59834.tgl,host,1169,938
/lustre/fsn1/projects/rech/vcu/commun/Co-Phyloformer/generate_treeducken/generated_trees/Datasets/Dataset48775.tgl,host,1449,938
/lustre/fsn1/projects/rech/vcu/commun/Co-Phyloformer/generate_treeducken/generated_trees/Datasets/Dataset91900.tgl,host,957,938
/lustre/fsn1/projects/rech/vcu/commun/Co-Phyloformer/generate_treeducken/generated_trees/Datasets/Dataset95249.tgl,host,1029,938
/lustre/fsn1/projects/rech/vcu/commun/Co-Phyloformer/generate_treeducken/generated_trees/Datasets/Dataset51940.tgl,host,2446,938
/lustre/fsn1/projects/rech/vcu/commun/Co-Phyloformer/generate_treeducken/generated_trees/Datasets/Dataset68465.tgl,host,1075,938
/lustre/fsn1/projects/rech/vcu/commun/Co-Phyloformer/generate_treeducken/generated_trees/Datasets/Dataset29920.tgl,host,1068,938
/lustre/fsn1/projects/rech/vcu/commun/Co-Phyloformer/generate_treeducken/generated_trees/Datasets/Dataset33795.tgl,host,1205,938
/lustre/fsn1/projects/rech/vcu/commun/Co-Phyloformer/generate_treeducken/generated_trees/Datasets/Dataset39925.tgl,host,1687,938
/lustre/fsn1/projects/rech/vcu/commun/Co-Phyloformer/generate_treeducken/generated_trees/Datasets/Dataset94480.tgl,host,1058,938
/lustre/fsn1/projects/rech/vcu/commun/Co-Phyloformer/generate_treeducken/generated_trees/Datasets/Dataset48795.tgl,host,1015,938
/lustre/fsn1/projects/rech/vcu/commun/Co-Phyloformer/generate_treeducken/generated_trees/Datasets/Dataset37995.tgl,host,3279,938
/lustre/fsn1/projects/rech/vcu/commun/Co-Phyloformer/generate_treeducken/generated_trees/Datasets/Dataset50710.tgl,host,1331,938
/lustre/fsn1/projects/rech/vcu/commun/Co-Phyloformer/generate_treeducken/generated_trees/Datasets/Dataset76144.tgl,host,983,938
/lustre/fsn1/projects/rech/vcu/commun/Co-Phyloformer/generate_treeducken/generated_trees/Datasets/Dataset28540.tgl,host,1013,938
/lustre/fsn1/projects/rech/vcu/commun/Co-Phyloformer/generate_treeducken/generated_trees/Datasets/Dataset1684.tgl,host,1159,938
/lustre/fsn1/projects/rech/vcu/commun/Co-Phyloformer/generate_treeducken/generated_trees/Datasets/Dataset23850.tgl,host,1409,938
/lustre/fsn1/projects/rech/vcu/commun/Co-Phyloformer/generate_treeducken/generated_trees/Datasets/Dataset47070.tgl,host,2842,938
/lustre/fsn1/projects/rech/vcu/commun/Co-Phyloformer/generate_treeducken/generated_trees/Datasets/Dataset85745.tgl,host,1100,938
/lustre/fsn1/projects/rech/vcu/commun/Co-Phyloformer/generate_treeducken/generated_trees/Datasets/Dataset63684.tgl,host,954,938
/lustre/fsn1/projects/rech/vcu/commun/Co-Phyloformer/generate_treeducken/generated_trees/Datasets/Dataset96600.tgl,host,1378,938
/lustre/fsn1/projects/rech/vcu/commun/Co-Phyloformer/generate_treeducken/generated_trees/Datasets/Dataset15295.tgl,host,1587,938
/lustre/fsn1/projects/rech/vcu/commun/Co-Phyloformer/generate_treeducken/generated_trees/Datasets/Dataset10140.tgl,host,1234,938
/lustre/fsn1/projects/rech/vcu/commun/Co-Phyloformer/generate_treeducken/generated_trees/Datasets/Dataset82320.tgl,host,1930,938
/lustre/fsn1/projects/rech/vcu/commun/Co-Phyloformer/generate_treeducken/generated_trees/Datasets/Dataset98680.tgl,host,1474,938
/lustre/fsn1/projects/rech/vcu/commun/Co-Phyloformer/generate_treeducken/generated_trees/Datasets/Dataset23965.tgl,host,2430,938
/lustre/fsn1/projects/rech/vcu/commun/Co-Phyloformer/generate_treeducken/generated_trees/Datasets/Dataset26245.tgl,host,2540,938
/lustre/fsn1/projects/rech/vcu/commun/Co-Phyloformer/generate_treeducken/generated_trees/Datasets/Dataset70310.tgl,host,3425,938
/lustre/fsn1/projects/rech/vcu/commun/Co-Phyloformer/generate_treeducken/generated_trees/Datasets/Dataset29660.tgl,host,1153,938
/lustre/fsn1/projects/rech/vcu/commun/Co-Phyloformer/generate_treeducken/generated_trees/Datasets/Dataset11265.tgl,host,1009,938
/lustre/fsn1/projects/rech/vcu/commun/Co-Phyloformer/generate_treeducken/generated_trees/Datasets/Dataset2585.tgl,host,1468,938
/lustre/fsn1/projects/rech/vcu/commun/Co-Phyloformer/generate_treeducken/generated_trees/Datasets/Dataset67855.tgl,host,1340,938
/lustre/fsn1/projects/rech/vcu/commun/Co-Phyloformer/generate_treeducken/generated_trees/Datasets/Dataset68185.tgl,host,970,938
/lustre/fsn1/projects/rech/vcu/commun/Co-Phyloformer/generate_treeducken/generated_trees/Datasets/Dataset77445.tgl,host,1060,938
/lustre/fsn1/projects/rech/vcu/commun/Co-Phyloformer/generate_treeducken/generated_trees/Datasets/Dataset47940.tgl,host,1557,938
/lustre/fsn1/projects/rech/vcu/commun/Co-Phyloformer/generate_treeducken/generated_trees/Datasets/Dataset55980.tgl,host,1687,938
/lustre/fsn1/projects/rech/vcu/commun/Co-Phyloformer/generate_treeducken/generated_trees/Datasets/Dataset35700.tgl,host,2515,938
/lustre/fsn1/projects/rech/vcu/commun/Co-Phyloformer/generate_treeducken/generated_trees/Datasets/Dataset35675.tgl,host,1632,938
/lustre/fsn1/projects/rech/vcu/commun/Co-Phyloformer/generate_treeducken/generated_trees/Datasets/Dataset27705.tgl,host,1110,938
/lustre/fsn1/projects/rech/vcu/commun/Co-Phyloformer/generate_treeducken/generated_trees/Datasets/Dataset955.tgl,host,993,938
/lustre/fsn1/projects/rech/vcu/commun/Co-Phyloformer/generate_treeducken/generated_trees/Datasets/Dataset6045.tgl,host,1344,938
/lustre/fsn1/projects/rech/vcu/commun/Co-Phyloformer/generate_treeducken/generated_trees/Datasets/Dataset78124.tgl,host,1242,938
/lustre/fsn1/projects/rech/vcu/commun/Co-Phyloformer/generate_treeducken/generated_trees/Datasets/Dataset49835.tgl,host,1221,938
/lustre/fsn1/projects/rech/vcu/commun/Co-Phyloformer/generate_treeducken/generated_trees/Datasets/Dataset79115.tgl,host,1946,938
/lustre/fsn1/projects/rech/vcu/commun/Co-Phyloformer/generate_treeducken/generated_trees/Datasets/Dataset22075.tgl,host,997,938
/lustre/fsn1/projects/rech/vcu/commun/Co-Phyloformer/generate_treeducken/generated_trees/Datasets/Dataset94624.tgl,host,1306,938
/lustre/fsn1/projects/rech/vcu/commun/Co-Phyloformer/generate_treeducken/generated_trees/Datasets/Dataset6765.tgl,host,1078,938
/lustre/fsn1/projects/rech/vcu/commun/Co-Phyloformer/generate_treeducken/generated_trees/Datasets/Dataset8205.tgl,host,1191,938
/lustre/fsn1/projects/rech/vcu/commun/Co-Phyloformer/generate_treeducken/generated_trees/Datasets/Dataset69655.tgl,host,1377,938
/lustre/fsn1/projects/rech/vcu/commun/Co-Phyloformer/generate_treeducken/generated_trees/Datasets/Dataset45025.tgl,host,975,938
/lustre/fsn1/projects/rech/vcu/commun/Co-Phyloformer/generate_treeducken/generated_trees/Datasets/Dataset35650.tgl,host,1253,938
/lustre/fsn1/projects/rech/vcu/commun/Co-Phyloformer/generate_treeducken/generated_trees/Datasets/Dataset53520.tgl,host,1334,938
/lustre/fsn1/projects/rech/vcu/commun/Co-Phyloformer/generate_treeducken/generated_trees/Datasets/Dataset46150.tgl,host,1712,938
/lustre/fsn1/projects/rech/vcu/commun/Co-Phyloformer/generate_treeducken/generated_trees/Datasets/Dataset45445.tgl,host,941,938
/lustre/fsn1/projects/rech/vcu/commun/Co-Phyloformer/generate_treeducken/generated_trees/Datasets/Dataset79435.tgl,host,1228,938
/lustre/fsn1/projects/rech/vcu/commun/Co-Phyloformer/generate_treeducken/generated_trees/Datasets/Dataset605.tgl,host,969,938
/lustre/fsn1/projects/rech/vcu/commun/Co-Phyloformer/generate_treeducken/generated_trees/Datasets/Dataset26190.tgl,host,2544,938
/lustre/fsn1/projects/rech/vcu/commun/Co-Phyloformer/generate_treeducken/generated_trees/Datasets/Dataset32645.tgl,host,2190,938
/lustre/fsn1/projects/rech/vcu/commun/Co-Phyloformer/generate_treeducken/generated_trees/Datasets/Dataset26080.tgl,host,1109,938
/lustre/fsn1/projects/rech/vcu/commun/Co-Phyloformer/generate_treeducken/generated_trees/Datasets/Dataset67690.tgl,host,1307,938
/lustre/fsn1/projects/rech/vcu/commun/Co-Phyloformer/generate_treeducken/generated_trees/Datasets/Dataset41780.tgl,host,3673,938
/lustre/fsn1/projects/rech/vcu/commun/Co-Phyloformer/generate_treeducken/generated_trees/Datasets/Dataset33785.tgl,host,1063,938
/lustre/fsn1/projects/rech/vcu/commun/Co-Phyloformer/generate_treeducken/generated_trees/Datasets/Dataset70744.tgl,host,1160,938
/lustre/fsn1/projects/rech/vcu/commun/Co-Phyloformer/generate_treeducken/generated_trees/Datasets/Dataset91000.tgl,host,2197,938
/lustre/fsn1/projects/rech/vcu/commun/Co-Phyloformer/generate_treeducken/generated_trees/Datasets/Dataset32705.tgl,host,1478,938
/lustre/fsn1/projects/rech/vcu/commun/Co-Phyloformer/generate_treeducken/generated_trees/Datasets/Dataset15294.tgl,host,1025,938
/lustre/fsn1/projects/rech/vcu/commun/Co-Phyloformer/generate_treeducken/generated_trees/Datasets/Dataset22820.tgl,host,1226,938
/lustre/fsn1/projects/rech/vcu/commun/Co-Phyloformer/generate_treeducken/generated_trees/Datasets/Dataset65785.tgl,host,2129,938
/lustre/fsn1/projects/rech/vcu/commun/Co-Phyloformer/generate_treeducken/generated_trees/Datasets/Dataset35839.tgl,host,1127,938
/lustre/fsn1/projects/rech/vcu/commun/Co-Phyloformer/generate_treeducken/generated_trees/Datasets/Dataset74005.tgl,host,1698,938
/lustre/fsn1/projects/rech/vcu/commun/Co-Phyloformer/generate_treeducken/generated_trees/Datasets/Dataset90980.tgl,host,1047,938
/lustre/fsn1/projects/rech/vcu/commun/Co-Phyloformer/generate_treeducken/generated_trees/Datasets/Dataset56925.tgl,host,1430,938
/lustre/fsn1/projects/rech/vcu/commun/Co-Phyloformer/generate_treeducken/generated_trees/Datasets/Dataset15415.tgl,host,1508,938
/lustre/fsn1/projects/rech/vcu/commun/Co-Phyloformer/generate_treeducken/generated_trees/Datasets/Dataset69660.tgl,host,1162,938
/lustre/fsn1/projects/rech/vcu/commun/Co-Phyloformer/generate_treeducken/generated_trees/Datasets/Dataset96605.tgl,host,1325,938
/lustre/fsn1/projects/rech/vcu/commun/Co-Phyloformer/generate_treeducken/generated_trees/Datasets/Dataset28230.tgl,host,967,938
/lustre/fsn1/projects/rech/vcu/commun/Co-Phyloformer/generate_treeducken/generated_trees/Datasets/Dataset30100.tgl,host,1608,938
/lustre/fsn1/projects/rech/vcu/commun/Co-Phyloformer/generate_treeducken/generated_trees/Datasets/Dataset72780.tgl,host,2437,938
/lustre/fsn1/projects/rech/vcu/commun/Co-Phyloformer/generate_treeducken/generated_trees/Datasets/Dataset86414.tgl,host,1057,938
/lustre/fsn1/projects/rech/vcu/commun/Co-Phyloformer/generate_treeducken/generated_trees/Datasets/Dataset38000.tgl,host,1066,938
/lustre/fsn1/projects/rech/vcu/commun/Co-Phyloformer/generate_treeducken/generated_trees/Datasets/Dataset78170.tgl,host,1847,938
/lustre/fsn1/projects/rech/vcu/commun/Co-Phyloformer/generate_treeducken/generated_trees/Datasets/Dataset20460.tgl,host,1496,938
/lustre/fsn1/projects/rech/vcu/commun/Co-Phyloformer/generate_treeducken/generated_trees/Datasets/Dataset40265.tgl,host,2636,938
/lustre/fsn1/projects/rech/vcu/commun/Co-Phyloformer/generate_treeducken/generated_trees/Datasets/Dataset40795.tgl,host,1382,938
/lustre/fsn1/projects/rech/vcu/commun/Co-Phyloformer/generate_treeducken/generated_trees/Datasets/Dataset31060.tgl,host,1345,938
/lustre/fsn1/projects/rech/vcu/commun/Co-Phyloformer/generate_treeducken/generated_trees/Datasets/Dataset39985.tgl,host,1609,938
/lustre/fsn1/projects/rech/vcu/commun/Co-Phyloformer/generate_treeducken/generated_trees/Datasets/Dataset71635.tgl,host,1084,938
/lustre/fsn1/projects/rech/vcu/commun/Co-Phyloformer/generate_treeducken/generated_trees/Datasets/Dataset1695.tgl,host,2320,938
/lustre/fsn1/projects/rech/vcu/commun/Co-Phyloformer/generate_treeducken/generated_trees/Datasets/Dataset18770.tgl,host,1677,938
/lustre/fsn1/projects/rech/vcu/commun/Co-Phyloformer/generate_treeducken/generated_trees/Datasets/Dataset40670.tgl,host,1237,938
/lustre/fsn1/projects/rech/vcu/commun/Co-Phyloformer/generate_treeducken/generated_trees/Datasets/Dataset99084.tgl,host,1931,938
/lustre/fsn1/projects/rech/vcu/commun/Co-Phyloformer/generate_treeducken/generated_trees/Datasets/Dataset7665.tgl,host,1188,938
/lustre/fsn1/projects/rech/vcu/commun/Co-Phyloformer/generate_treeducken/generated_trees/Datasets/Dataset54410.tgl,host,1478,938
/lustre/fsn1/projects/rech/vcu/commun/Co-Phyloformer/generate_treeducken/generated_trees/Datasets/Dataset36880.tgl,host,1267,938
/lustre/fsn1/projects/rech/vcu/commun/Co-Phyloformer/generate_treeducken/generated_trees/Datasets/Dataset7140.tgl,host,959,938
/lustre/fsn1/projects/rech/vcu/commun/Co-Phyloformer/generate_treeducken/generated_trees/Datasets/Dataset97129.tgl,host,1210,938
/lustre/fsn1/projects/rech/vcu/commun/Co-Phyloformer/generate_treeducken/generated_trees/Datasets/Dataset25095.tgl,host,940,938
/lustre/fsn1/projects/rech/vcu/commun/Co-Phyloformer/generate_treeducken/generated_trees/Datasets/Dataset26610.tgl,host,1162,938
/lustre/fsn1/projects/rech/vcu/commun/Co-Phyloformer/generate_treeducken/generated_trees/Datasets/Dataset82135.tgl,host,1944,938
/lustre/fsn1/projects/rech/vcu/commun/Co-Phyloformer/generate_treeducken/generated_trees/Datasets/Dataset1645.tgl,host,1010,938
/lustre/fsn1/projects/rech/vcu/commun/Co-Phyloformer/generate_treeducken/generated_trees/Datasets/Dataset15775.tgl,host,1497,938
/lustre/fsn1/projects/rech/vcu/commun/Co-Phyloformer/generate_treeducken/generated_trees/Datasets/Dataset56420.tgl,host,1057,938
/lustre/fsn1/projects/rech/vcu/commun/Co-Phyloformer/generate_treeducken/generated_trees/Datasets/Dataset20535.tgl,host,2298,938
/lustre/fsn1/projects/rech/vcu/commun/Co-Phyloformer/generate_treeducken/generated_trees/Datasets/Dataset61314.tgl,host,1933,938
/lustre/fsn1/projects/rech/vcu/commun/Co-Phyloformer/generate_treeducken/generated_trees/Datasets/Dataset5225.tgl,host,1209,938
/lustre/fsn1/projects/rech/vcu/commun/Co-Phyloformer/generate_treeducken/generated_trees/Datasets/Dataset83675.tgl,host,1348,938
/lustre/fsn1/projects/rech/vcu/commun/Co-Phyloformer/generate_treeducken/generated_trees/Datasets/Dataset9475.tgl,host,965,938
/lustre/fsn1/projects/rech/vcu/commun/Co-Phyloformer/generate_treeducken/generated_trees/Datasets/Dataset6579.tgl,host,1020,938
/lustre/fsn1/projects/rech/vcu/commun/Co-Phyloformer/generate_treeducken/generated_trees/Datasets/Dataset94050.tgl,host,5207,938
/lustre/fsn1/projects/rech/vcu/commun/Co-Phyloformer/generate_treeducken/generated_trees/Datasets/Dataset13280.tgl,host,1577,938
/lustre/fsn1/projects/rech/vcu/commun/Co-Phyloformer/generate_treeducken/generated_trees/Datasets/Dataset71900.tgl,host,1209,938
/lustre/fsn1/projects/rech/vcu/commun/Co-Phyloformer/generate_treeducken/generated_trees/Datasets/Dataset74690.tgl,host,1622,938
/lustre/fsn1/projects/rech/vcu/commun/Co-Phyloformer/generate_treeducken/generated_trees/Datasets/Dataset47805.tgl,host,3608,938
/lustre/fsn1/projects/rech/vcu/commun/Co-Phyloformer/generate_treeducken/generated_trees/Datasets/Dataset48155.tgl,host,3317,938
/lustre/fsn1/projects/rech/vcu/commun/Co-Phyloformer/generate_treeducken/generated_trees/Datasets/Dataset58055.tgl,host,2659,938
/lustre/fsn1/projects/rech/vcu/commun/Co-Phyloformer/generate_treeducken/generated_trees/Datasets/Dataset62059.tgl,host,943,938
/lustre/fsn1/projects/rech/vcu/commun/Co-Phyloformer/generate_treeducken/generated_trees/Datasets/Dataset49135.tgl,host,1885,938
/lustre/fsn1/projects/rech/vcu/commun/Co-Phyloformer/generate_treeducken/generated_trees/Datasets/Dataset82365.tgl,host,1150,938
/lustre/fsn1/projects/rech/vcu/commun/Co-Phyloformer/generate_treeducken/generated_trees/Datasets/Dataset30830.tgl,host,1049,938
/lustre/fsn1/projects/rech/vcu/commun/Co-Phyloformer/generate_treeducken/generated_trees/Datasets/Dataset6530.tgl,host,1180,938
/lustre/fsn1/projects/rech/vcu/commun/Co-Phyloformer/generate_treeducken/generated_trees/Datasets/Dataset19445.tgl,host,959,938
/lustre/fsn1/projects/rech/vcu/commun/Co-Phyloformer/generate_treeducken/generated_trees/Datasets/Dataset90910.tgl,host,2519,938
/lustre/fsn1/projects/rech/vcu/commun/Co-Phyloformer/generate_treeducken/generated_trees/Datasets/Dataset20484.tgl,host,1927,938
/lustre/fsn1/projects/rech/vcu/commun/Co-Phyloformer/generate_treeducken/generated_trees/Datasets/Dataset6700.tgl,host,1328,938
/lustre/fsn1/projects/rech/vcu/commun/Co-Phyloformer/generate_treeducken/generated_trees/Datasets/Dataset39845.tgl,host,1362,938
/lustre/fsn1/projects/rech/vcu/commun/Co-Phyloformer/generate_treeducken/generated_trees/Datasets/Dataset12674.tgl,host,2189,938
/lustre/fsn1/projects/rech/vcu/commun/Co-Phyloformer/generate_treeducken/generated_trees/Datasets/Dataset95780.tgl,host,1608,938
/lustre/fsn1/projects/rech/vcu/commun/Co-Phyloformer/generate_treeducken/generated_trees/Datasets/Dataset29375.tgl,host,1062,938
/lustre/fsn1/projects/rech/vcu/commun/Co-Phyloformer/generate_treeducken/generated_trees/Datasets/Dataset52214.tgl,host,1492,938
/lustre/fsn1/projects/rech/vcu/commun/Co-Phyloformer/generate_treeducken/generated_trees/Datasets/Dataset71159.tgl,host,1245,938
/lustre/fsn1/projects/rech/vcu/commun/Co-Phyloformer/generate_treeducken/generated_trees/Datasets/Dataset29695.tgl,host,1284,938
/lustre/fsn1/projects/rech/vcu/commun/Co-Phyloformer/generate_treeducken/generated_trees/Datasets/Dataset50000.tgl,host,968,938
/lustre/fsn1/projects/rech/vcu/commun/Co-Phyloformer/generate_treeducken/generated_trees/Datasets/Dataset57380.tgl,host,1896,938
/lustre/fsn1/projects/rech/vcu/commun/Co-Phyloformer/generate_treeducken/generated_trees/Datasets/Dataset44670.tgl,host,2611,938
/lustre/fsn1/projects/rech/vcu/commun/Co-Phyloformer/generate_treeducken/generated_trees/Datasets/Dataset82134.tgl,host,1074,938
/lustre/fsn1/projects/rech/vcu/commun/Co-Phyloformer/generate_treeducken/generated_trees/Datasets/Dataset34735.tgl,host,1925,938
/lustre/fsn1/projects/rech/vcu/commun/Co-Phyloformer/generate_treeducken/generated_trees/Datasets/Dataset41390.tgl,host,1620,938
/lustre/fsn1/projects/rech/vcu/commun/Co-Phyloformer/generate_treeducken/generated_trees/Datasets/Dataset63459.tgl,host,1267,938
/lustre/fsn1/projects/rech/vcu/commun/Co-Phyloformer/generate_treeducken/generated_trees/Datasets/Dataset22310.tgl,host,1097,938
/lustre/fsn1/projects/rech/vcu/commun/Co-Phyloformer/generate_treeducken/generated_trees/Datasets/Dataset82955.tgl,host,4010,938
/lustre/fsn1/projects/rech/vcu/commun/Co-Phyloformer/generate_treeducken/generated_trees/Datasets/Dataset84054.tgl,host,959,938
/lustre/fsn1/projects/rech/vcu/commun/Co-Phyloformer/generate_treeducken/generated_trees/Datasets/Dataset14014.tgl,host,987,938
/lustre/fsn1/projects/rech/vcu/commun/Co-Phyloformer/generate_treeducken/generated_trees/Datasets/Dataset20085.tgl,host,1082,938
/lustre/fsn1/projects/rech/vcu/commun/Co-Phyloformer/generate_treeducken/generated_trees/Datasets/Dataset4655.tgl,host,1825,938
/lustre/fsn1/projects/rech/vcu/commun/Co-Phyloformer/generate_treeducken/generated_trees/Datasets/Dataset46390.tgl,host,1461,938
/lustre/fsn1/projects/rech/vcu/commun/Co-Phyloformer/generate_treeducken/generated_trees/Datasets/Dataset43600.tgl,host,1252,938
/lustre/fsn1/projects/rech/vcu/commun/Co-Phyloformer/generate_treeducken/generated_trees/Datasets/Dataset75020.tgl,host,1519,938
/lustre/fsn1/projects/rech/vcu/commun/Co-Phyloformer/generate_treeducken/generated_trees/Datasets/Dataset84870.tgl,host,1088,938
/lustre/fsn1/projects/rech/vcu/commun/Co-Phyloformer/generate_treeducken/generated_trees/Datasets/Dataset48425.tgl,host,1266,938
/lustre/fsn1/projects/rech/vcu/commun/Co-Phyloformer/generate_treeducken/generated_trees/Datasets/Dataset42415.tgl,host,1477,938
/lustre/fsn1/projects/rech/vcu/commun/Co-Phyloformer/generate_treeducken/generated_trees/Datasets/Dataset82635.tgl,host,1836,938
/lustre/fsn1/projects/rech/vcu/commun/Co-Phyloformer/generate_treeducken/generated_trees/Datasets/Dataset77340.tgl,host,1152,938
/lustre/fsn1/projects/rech/vcu/commun/Co-Phyloformer/generate_treeducken/generated_trees/Datasets/Dataset11034.tgl,host,1067,938
/lustre/fsn1/projects/rech/vcu/commun/Co-Phyloformer/generate_treeducken/generated_trees/Datasets/Dataset61965.tgl,host,2148,938
/lustre/fsn1/projects/rech/vcu/commun/Co-Phyloformer/generate_treeducken/generated_trees/Datasets/Dataset33165.tgl,host,946,938
/lustre/fsn1/projects/rech/vcu/commun/Co-Phyloformer/generate_treeducken/generated_trees/Datasets/Dataset16510.tgl,host,1387,938
/lustre/fsn1/projects/rech/vcu/commun/Co-Phyloformer/generate_treeducken/generated_trees/Datasets/Dataset32910.tgl,host,1747,938
/lustre/fsn1/projects/rech/vcu/commun/Co-Phyloformer/generate_treeducken/generated_trees/Datasets/Dataset24585.tgl,host,992,938
/lustre/fsn1/projects/rech/vcu/commun/Co-Phyloformer/generate_treeducken/generated_trees/Datasets/Dataset900.tgl,host,1170,938
/lustre/fsn1/projects/rech/vcu/commun/Co-Phyloformer/generate_treeducken/generated_trees/Datasets/Dataset2595.tgl,host,1097,938
/lustre/fsn1/projects/rech/vcu/commun/Co-Phyloformer/generate_treeducken/generated_trees/Datasets/Dataset88659.tgl,host,1549,938
/lustre/fsn1/projects/rech/vcu/commun/Co-Phyloformer/generate_treeducken/generated_trees/Datasets/Dataset36000.tgl,host,1202,938
/lustre/fsn1/projects/rech/vcu/commun/Co-Phyloformer/generate_treeducken/generated_trees/Datasets/Dataset28970.tgl,host,949,938
/lustre/fsn1/projects/rech/vcu/commun/Co-Phyloformer/generate_treeducken/generated_trees/Datasets/Dataset56840.tgl,host,2010,938
/lustre/fsn1/projects/rech/vcu/commun/Co-Phyloformer/generate_treeducken/generated_trees/Datasets/Dataset54165.tgl,host,1035,938
/lustre/fsn1/projects/rech/vcu/commun/Co-Phyloformer/generate_treeducken/generated_trees/Datasets/Dataset44935.tgl,host,1084,938
/lustre/fsn1/projects/rech/vcu/commun/Co-Phyloformer/generate_treeducken/generated_trees/Datasets/Dataset41410.tgl,host,3180,938
/lustre/fsn1/projects/rech/vcu/commun/Co-Phyloformer/generate_treeducken/generated_trees/Datasets/Dataset63990.tgl,host,1143,938
/lustre/fsn1/projects/rech/vcu/commun/Co-Phyloformer/generate_treeducken/generated_trees/Datasets/Dataset97815.tgl,host,3590,938
/lustre/fsn1/projects/rech/vcu/commun/Co-Phyloformer/generate_treeducken/generated_trees/Datasets/Dataset76200.tgl,host,1226,938
/lustre/fsn1/projects/rech/vcu/commun/Co-Phyloformer/generate_treeducken/generated_trees/Datasets/Dataset99575.tgl,host,1998,938
/lustre/fsn1/projects/rech/vcu/commun/Co-Phyloformer/generate_treeducken/generated_trees/Datasets/Dataset79560.tgl,host,2403,938
/lustre/fsn1/projects/rech/vcu/commun/Co-Phyloformer/generate_treeducken/generated_trees/Datasets/Dataset15690.tgl,host,2332,938
/lustre/fsn1/projects/rech/vcu/commun/Co-Phyloformer/generate_treeducken/generated_trees/Datasets/Dataset79030.tgl,host,1029,938
/lustre/fsn1/projects/rech/vcu/commun/Co-Phyloformer/generate_treeducken/generated_trees/Datasets/Dataset7335.tgl,host,1652,938
/lustre/fsn1/projects/rech/vcu/commun/Co-Phyloformer/generate_treeducken/generated_trees/Datasets/Dataset74360.tgl,host,1587,938
/lustre/fsn1/projects/rech/vcu/commun/Co-Phyloformer/generate_treeducken/generated_trees/Datasets/Dataset11369.tgl,host,1102,938
/lustre/fsn1/projects/rech/vcu/commun/Co-Phyloformer/generate_treeducken/generated_trees/Datasets/Dataset5040.tgl,host,2156,938
/lustre/fsn1/projects/rech/vcu/commun/Co-Phyloformer/generate_treeducken/generated_trees/Datasets/Dataset545.tgl,host,1529,938
/lustre/fsn1/projects/rech/vcu/commun/Co-Phyloformer/generate_treeducken/generated_trees/Datasets/Dataset84365.tgl,host,4286,938
/lustre/fsn1/projects/rech/vcu/commun/Co-Phyloformer/generate_treeducken/generated_trees/Datasets/Dataset56205.tgl,host,2505,938
/lustre/fsn1/projects/rech/vcu/commun/Co-Phyloformer/generate_treeducken/generated_trees/Datasets/Dataset5690.tgl,host,1219,938
/lustre/fsn1/projects/rech/vcu/commun/Co-Phyloformer/generate_treeducken/generated_trees/Datasets/Dataset68354.tgl,host,1184,938
/lustre/fsn1/projects/rech/vcu/commun/Co-Phyloformer/generate_treeducken/generated_trees/Datasets/Dataset17295.tgl,host,950,938
/lustre/fsn1/projects/rech/vcu/commun/Co-Phyloformer/generate_treeducken/generated_trees/Datasets/Dataset4510.tgl,host,1119,938
/lustre/fsn1/projects/rech/vcu/commun/Co-Phyloformer/generate_treeducken/generated_trees/Datasets/Dataset20240.tgl,host,2647,938
/lustre/fsn1/projects/rech/vcu/commun/Co-Phyloformer/generate_treeducken/generated_trees/Datasets/Dataset80980.tgl,host,2243,938
/lustre/fsn1/projects/rech/vcu/commun/Co-Phyloformer/generate_treeducken/generated_trees/Datasets/Dataset20844.tgl,host,1259,938
/lustre/fsn1/projects/rech/vcu/commun/Co-Phyloformer/generate_treeducken/generated_trees/Datasets/Dataset81220.tgl,host,960,938
/lustre/fsn1/projects/rech/vcu/commun/Co-Phyloformer/generate_treeducken/generated_trees/Datasets/Dataset76775.tgl,host,1041,938
/lustre/fsn1/projects/rech/vcu/commun/Co-Phyloformer/generate_treeducken/generated_trees/Datasets/Dataset69715.tgl,host,1625,938
/lustre/fsn1/projects/rech/vcu/commun/Co-Phyloformer/generate_treeducken/generated_trees/Datasets/Dataset98450.tgl,host,942,938
/lustre/fsn1/projects/rech/vcu/commun/Co-Phyloformer/generate_treeducken/generated_trees/Datasets/Dataset77490.tgl,host,1211,938
/lustre/fsn1/projects/rech/vcu/commun/Co-Phyloformer/generate_treeducken/generated_trees/Datasets/Dataset13065.tgl,host,1297,938
/lustre/fsn1/projects/rech/vcu/commun/Co-Phyloformer/generate_treeducken/generated_trees/Datasets/Dataset93070.tgl,host,951,938
/lustre/fsn1/projects/rech/vcu/commun/Co-Phyloformer/generate_treeducken/generated_trees/Datasets/Dataset33230.tgl,host,1740,938
/lustre/fsn1/projects/rech/vcu/commun/Co-Phyloformer/generate_treeducken/generated_trees/Datasets/Dataset84940.tgl,host,1057,938
/lustre/fsn1/projects/rech/vcu/commun/Co-Phyloformer/generate_treeducken/generated_trees/Datasets/Dataset60970.tgl,host,1099,938
/lustre/fsn1/projects/rech/vcu/commun/Co-Phyloformer/generate_treeducken/generated_trees/Datasets/Dataset30865.tgl,host,1021,938
/lustre/fsn1/projects/rech/vcu/commun/Co-Phyloformer/generate_treeducken/generated_trees/Datasets/Dataset5650.tgl,host,1200,938
/lustre/fsn1/projects/rech/vcu/commun/Co-Phyloformer/generate_treeducken/generated_trees/Datasets/Dataset98985.tgl,host,1076,938
/lustre/fsn1/projects/rech/vcu/commun/Co-Phyloformer/generate_treeducken/generated_trees/Datasets/Dataset99380.tgl,host,1832,938
/lustre/fsn1/projects/rech/vcu/commun/Co-Phyloformer/generate_treeducken/generated_trees/Datasets/Dataset69470.tgl,host,1613,938
/lustre/fsn1/projects/rech/vcu/commun/Co-Phyloformer/generate_treeducken/generated_trees/Datasets/Dataset2225.tgl,host,3494,938
/lustre/fsn1/projects/rech/vcu/commun/Co-Phyloformer/generate_treeducken/generated_trees/Datasets/Dataset95925.tgl,host,960,938
/lustre/fsn1/projects/rech/vcu/commun/Co-Phyloformer/generate_treeducken/generated_trees/Datasets/Dataset46700.tgl,host,1490,938
/lustre/fsn1/projects/rech/vcu/commun/Co-Phyloformer/generate_treeducken/generated_trees/Datasets/Dataset7160.tgl,host,4668,938
/lustre/fsn1/projects/rech/vcu/commun/Co-Phyloformer/generate_treeducken/generated_trees/Datasets/Dataset81185.tgl,host,1955,938
/lustre/fsn1/projects/rech/vcu/commun/Co-Phyloformer/generate_treeducken/generated_trees/Datasets/Dataset1480.tgl,host,1270,938
/lustre/fsn1/projects/rech/vcu/commun/Co-Phyloformer/generate_treeducken/generated_trees/Datasets/Dataset91815.tgl,host,1157,938
/lustre/fsn1/projects/rech/vcu/commun/Co-Phyloformer/generate_treeducken/generated_trees/Datasets/Dataset36375.tgl,host,1745,938
/lustre/fsn1/projects/rech/vcu/commun/Co-Phyloformer/generate_treeducken/generated_trees/Datasets/Dataset24749.tgl,host,1217,938
/lustre/fsn1/projects/rech/vcu/commun/Co-Phyloformer/generate_treeducken/generated_trees/Datasets/Dataset3880.tgl,host,994,938
/lustre/fsn1/projects/rech/vcu/commun/Co-Phyloformer/generate_treeducken/generated_trees/Datasets/Dataset23354.tgl,host,1658,938
/lustre/fsn1/projects/rech/vcu/commun/Co-Phyloformer/generate_treeducken/generated_trees/Datasets/Dataset7225.tgl,host,2501,938
/lustre/fsn1/projects/rech/vcu/commun/Co-Phyloformer/generate_treeducken/generated_trees/Datasets/Dataset21825.tgl,host,1182,938
/lustre/fsn1/projects/rech/vcu/commun/Co-Phyloformer/generate_treeducken/generated_trees/Datasets/Dataset45074.tgl,host,985,938
/lustre/fsn1/projects/rech/vcu/commun/Co-Phyloformer/generate_treeducken/generated_trees/Datasets/Dataset24123.tgl,host,955,938
/lustre/fsn1/projects/rech/vcu/commun/Co-Phyloformer/generate_treeducken/generated_trees/Datasets/Dataset33969.tgl,host,1141,938
/lustre/fsn1/projects/rech/vcu/commun/Co-Phyloformer/generate_treeducken/generated_trees/Datasets/Dataset11845.tgl,host,2346,938
/lustre/fsn1/projects/rech/vcu/commun/Co-Phyloformer/generate_treeducken/generated_trees/Datasets/Dataset96115.tgl,host,1123,938
/lustre/fsn1/projects/rech/vcu/commun/Co-Phyloformer/generate_treeducken/generated_trees/Datasets/Dataset6444.tgl,host,971,938
/lustre/fsn1/projects/rech/vcu/commun/Co-Phyloformer/generate_treeducken/generated_trees/Datasets/Dataset29330.tgl,host,2678,938
/lustre/fsn1/projects/rech/vcu/commun/Co-Phyloformer/generate_treeducken/generated_trees/Datasets/Dataset65740.tgl,host,1023,938
/lustre/fsn1/projects/rech/vcu/commun/Co-Phyloformer/generate_treeducken/generated_trees/Datasets/Dataset61215.tgl,host,963,938
/lustre/fsn1/projects/rech/vcu/commun/Co-Phyloformer/generate_treeducken/generated_trees/Datasets/Dataset36790.tgl,host,1725,938
/lustre/fsn1/projects/rech/vcu/commun/Co-Phyloformer/generate_treeducken/generated_trees/Datasets/Dataset40900.tgl,host,1371,938
/lustre/fsn1/projects/rech/vcu/commun/Co-Phyloformer/generate_treeducken/generated_trees/Datasets/Dataset19004.tgl,host,1016,938
/lustre/fsn1/projects/rech/vcu/commun/Co-Phyloformer/generate_treeducken/generated_trees/Datasets/Dataset23499.tgl,host,948,938
/lustre/fsn1/projects/rech/vcu/commun/Co-Phyloformer/generate_treeducken/generated_trees/Datasets/Dataset27775.tgl,host,1159,938
/lustre/fsn1/projects/rech/vcu/commun/Co-Phyloformer/generate_treeducken/generated_trees/Datasets/Dataset43555.tgl,host,1584,938
/lustre/fsn1/projects/rech/vcu/commun/Co-Phyloformer/generate_treeducken/generated_trees/Datasets/Dataset82210.tgl,host,1091,938
/lustre/fsn1/projects/rech/vcu/commun/Co-Phyloformer/generate_treeducken/generated_trees/Datasets/Dataset16805.tgl,host,2120,938
/lustre/fsn1/projects/rech/vcu/commun/Co-Phyloformer/generate_treeducken/generated_trees/Datasets/Dataset92315.tgl,host,948,938
/lustre/fsn1/projects/rech/vcu/commun/Co-Phyloformer/generate_treeducken/generated_trees/Datasets/Dataset3555.tgl,host,1406,938
/lustre/fsn1/projects/rech/vcu/commun/Co-Phyloformer/generate_treeducken/generated_trees/Datasets/Dataset83404.tgl,host,1161,938
/lustre/fsn1/projects/rech/vcu/commun/Co-Phyloformer/generate_treeducken/generated_trees/Datasets/Dataset82705.tgl,host,1288,938
/lustre/fsn1/projects/rech/vcu/commun/Co-Phyloformer/generate_treeducken/generated_trees/Datasets/Dataset18010.tgl,host,5575,938
/lustre/fsn1/projects/rech/vcu/commun/Co-Phyloformer/generate_treeducken/generated_trees/Datasets/Dataset46870.tgl,host,1883,938
/lustre/fsn1/projects/rech/vcu/commun/Co-Phyloformer/generate_treeducken/generated_trees/Datasets/Dataset88405.tgl,host,1015,938
/lustre/fsn1/projects/rech/vcu/commun/Co-Phyloformer/generate_treeducken/generated_trees/Datasets/Dataset90904.tgl,host,1246,938
/lustre/fsn1/projects/rech/vcu/commun/Co-Phyloformer/generate_treeducken/generated_trees/Datasets/Dataset69820.tgl,host,1313,938
/lustre/fsn1/projects/rech/vcu/commun/Co-Phyloformer/generate_treeducken/generated_trees/Datasets/Dataset84580.tgl,host,1224,938
/lustre/fsn1/projects/rech/vcu/commun/Co-Phyloformer/generate_treeducken/generated_trees/Datasets/Dataset53990.tgl,host,1026,938
/lustre/fsn1/projects/rech/vcu/commun/Co-Phyloformer/generate_treeducken/generated_trees/Datasets/Dataset44900.tgl,host,1362,938
/lustre/fsn1/projects/rech/vcu/commun/Co-Phyloformer/generate_treeducken/generated_trees/Datasets/Dataset1410.tgl,host,1102,938
/lustre/fsn1/projects/rech/vcu/commun/Co-Phyloformer/generate_treeducken/generated_trees/Datasets/Dataset15150.tgl,host,7740,938
/lustre/fsn1/projects/rech/vcu/commun/Co-Phyloformer/generate_treeducken/generated_trees/Datasets/Dataset24160.tgl,host,1093,938
/lustre/fsn1/projects/rech/vcu/commun/Co-Phyloformer/generate_treeducken/generated_trees/Datasets/Dataset14000.tgl,host,1232,938
/lustre/fsn1/projects/rech/vcu/commun/Co-Phyloformer/generate_treeducken/generated_trees/Datasets/Dataset22130.tgl,host,1088,938
/lustre/fsn1/projects/rech/vcu/commun/Co-Phyloformer/generate_treeducken/generated_trees/Datasets/Dataset91330.tgl,host,1057,938
/lustre/fsn1/projects/rech/vcu/commun/Co-Phyloformer/generate_treeducken/generated_trees/Datasets/Dataset8775.tgl,host,5565,938
/lustre/fsn1/projects/rech/vcu/commun/Co-Phyloformer/generate_treeducken/generated_trees/Datasets/Dataset28955.tgl,host,1052,938
/lustre/fsn1/projects/rech/vcu/commun/Co-Phyloformer/generate_treeducken/generated_trees/Datasets/Dataset32575.tgl,host,957,938
/lustre/fsn1/projects/rech/vcu/commun/Co-Phyloformer/generate_treeducken/generated_trees/Datasets/Dataset72175.tgl,host,1062,938
/lustre/fsn1/projects/rech/vcu/commun/Co-Phyloformer/generate_treeducken/generated_trees/Datasets/Dataset30605.tgl,host,3576,938
/lustre/fsn1/projects/rech/vcu/commun/Co-Phyloformer/generate_treeducken/generated_trees/Datasets/Dataset17100.tgl,host,1504,938
/lustre/fsn1/projects/rech/vcu/commun/Co-Phyloformer/generate_treeducken/generated_trees/Datasets/Dataset99600.tgl,host,947,938
/lustre/fsn1/projects/rech/vcu/commun/Co-Phyloformer/generate_treeducken/generated_trees/Datasets/Dataset13195.tgl,host,1161,938
/lustre/fsn1/projects/rech/vcu/commun/Co-Phyloformer/generate_treeducken/generated_trees/Datasets/Dataset48829.tgl,host,1282,938
/lustre/fsn1/projects/rech/vcu/commun/Co-Phyloformer/generate_treeducken/generated_trees/Datasets/Dataset95240.tgl,host,1011,938
/lustre/fsn1/projects/rech/vcu/commun/Co-Phyloformer/generate_treeducken/generated_trees/Datasets/Dataset14240.tgl,host,996,938
/lustre/fsn1/projects/rech/vcu/commun/Co-Phyloformer/generate_treeducken/generated_trees/Datasets/Dataset86580.tgl,host,1572,938
/lustre/fsn1/projects/rech/vcu/commun/Co-Phyloformer/generate_treeducken/generated_trees/Datasets/Dataset4790.tgl,host,1473,938
/lustre/fsn1/projects/rech/vcu/commun/Co-Phyloformer/generate_treeducken/generated_trees/Datasets/Dataset99060.tgl,host,1924,938
/lustre/fsn1/projects/rech/vcu/commun/Co-Phyloformer/generate_treeducken/generated_trees/Datasets/Dataset28710.tgl,host,1042,938
/lustre/fsn1/projects/rech/vcu/commun/Co-Phyloformer/generate_treeducken/generated_trees/Datasets/Dataset38595.tgl,host,1036,938
/lustre/fsn1/projects/rech/vcu/commun/Co-Phyloformer/generate_treeducken/generated_trees/Datasets/Dataset26025.tgl,host,1828,938
/lustre/fsn1/projects/rech/vcu/commun/Co-Phyloformer/generate_treeducken/generated_trees/Datasets/Dataset55675.tgl,host,1647,938
/lustre/fsn1/projects/rech/vcu/commun/Co-Phyloformer/generate_treeducken/generated_trees/Datasets/Dataset23370.tgl,host,1427,938
/lustre/fsn1/projects/rech/vcu/commun/Co-Phyloformer/generate_treeducken/generated_trees/Datasets/Dataset15435.tgl,host,1262,938
/lustre/fsn1/projects/rech/vcu/commun/Co-Phyloformer/generate_treeducken/generated_trees/Datasets/Dataset20065.tgl,host,1155,938
/lustre/fsn1/projects/rech/vcu/commun/Co-Phyloformer/generate_treeducken/generated_trees/Datasets/Dataset46475.tgl,host,1080,938
/lustre/fsn1/projects/rech/vcu/commun/Co-Phyloformer/generate_treeducken/generated_trees/Datasets/Dataset78255.tgl,host,2168,938
/lustre/fsn1/projects/rech/vcu/commun/Co-Phyloformer/generate_treeducken/generated_trees/Datasets/Dataset62040.tgl,host,1516,938
/lustre/fsn1/projects/rech/vcu/commun/Co-Phyloformer/generate_treeducken/generated_trees/Datasets/Dataset1345.tgl,host,960,938
/lustre/fsn1/projects/rech/vcu/commun/Co-Phyloformer/generate_treeducken/generated_trees/Datasets/Dataset64575.tgl,host,1076,938
/lustre/fsn1/projects/rech/vcu/commun/Co-Phyloformer/generate_treeducken/generated_trees/Datasets/Dataset97305.tgl,host,1960,938
/lustre/fsn1/projects/rech/vcu/commun/Co-Phyloformer/generate_treeducken/generated_trees/Datasets/Dataset21450.tgl,host,3060,938
/lustre/fsn1/projects/rech/vcu/commun/Co-Phyloformer/generate_treeducken/generated_trees/Datasets/Dataset19000.tgl,host,2056,938
/lustre/fsn1/projects/rech/vcu/commun/Co-Phyloformer/generate_treeducken/generated_trees/Datasets/Dataset33295.tgl,host,1131,938
/lustre/fsn1/projects/rech/vcu/commun/Co-Phyloformer/generate_treeducken/generated_trees/Datasets/Dataset30105.tgl,host,1010,938
/lustre/fsn1/projects/rech/vcu/commun/Co-Phyloformer/generate_treeducken/generated_trees/Datasets/Dataset80180.tgl,host,1121,938
/lustre/fsn1/projects/rech/vcu/commun/Co-Phyloformer/generate_treeducken/generated_trees/Datasets/Dataset29740.tgl,host,2047,938
/lustre/fsn1/projects/rech/vcu/commun/Co-Phyloformer/generate_treeducken/generated_trees/Datasets/Dataset22915.tgl,host,1026,938
/lustre/fsn1/projects/rech/vcu/commun/Co-Phyloformer/generate_treeducken/generated_trees/Datasets/Dataset54499.tgl,host,1197,938
/lustre/fsn1/projects/rech/vcu/commun/Co-Phyloformer/generate_treeducken/generated_trees/Datasets/Dataset3015.tgl,host,2605,938
/lustre/fsn1/projects/rech/vcu/commun/Co-Phyloformer/generate_treeducken/generated_trees/Datasets/Dataset54470.tgl,host,3472,938
/lustre/fsn1/projects/rech/vcu/commun/Co-Phyloformer/generate_treeducken/generated_trees/Datasets/Dataset67735.tgl,host,1052,938
/lustre/fsn1/projects/rech/vcu/commun/Co-Phyloformer/generate_treeducken/generated_trees/Datasets/Dataset38654.tgl,host,1240,938
/lustre/fsn1/projects/rech/vcu/commun/Co-Phyloformer/generate_treeducken/generated_trees/Datasets/Dataset32545.tgl,host,1078,938
/lustre/fsn1/projects/rech/vcu/commun/Co-Phyloformer/generate_treeducken/generated_trees/Datasets/Dataset82020.tgl,host,1316,938
/lustre/fsn1/projects/rech/vcu/commun/Co-Phyloformer/generate_treeducken/generated_trees/Datasets/Dataset29475.tgl,host,2056,938
/lustre/fsn1/projects/rech/vcu/commun/Co-Phyloformer/generate_treeducken/generated_trees/Datasets/Dataset44775.tgl,host,1813,938
/lustre/fsn1/projects/rech/vcu/commun/Co-Phyloformer/generate_treeducken/generated_trees/Datasets/Dataset24750.tgl,host,1941,938
/lustre/fsn1/projects/rech/vcu/commun/Co-Phyloformer/generate_treeducken/generated_trees/Datasets/Dataset77950.tgl,host,4711,938
/lustre/fsn1/projects/rech/vcu/commun/Co-Phyloformer/generate_treeducken/generated_trees/Datasets/Dataset14450.tgl,host,3205,938
/lustre/fsn1/projects/rech/vcu/commun/Co-Phyloformer/generate_treeducken/generated_trees/Datasets/Dataset57250.tgl,host,1315,938
/lustre/fsn1/projects/rech/vcu/commun/Co-Phyloformer/generate_treeducken/generated_trees/Datasets/Dataset87195.tgl,host,1011,938
/lustre/fsn1/projects/rech/vcu/commun/Co-Phyloformer/generate_treeducken/generated_trees/Datasets/Dataset31265.tgl,host,1596,938
/lustre/fsn1/projects/rech/vcu/commun/Co-Phyloformer/generate_treeducken/generated_trees/Datasets/Dataset13335.tgl,host,1028,938
/lustre/fsn1/projects/rech/vcu/commun/Co-Phyloformer/generate_treeducken/generated_trees/Datasets/Dataset63075.tgl,host,1932,938
/lustre/fsn1/projects/rech/vcu/commun/Co-Phyloformer/generate_treeducken/generated_trees/Datasets/Dataset66140.tgl,host,1505,938
/lustre/fsn1/projects/rech/vcu/commun/Co-Phyloformer/generate_treeducken/generated_trees/Datasets/Dataset95639.tgl,host,1077,938
/lustre/fsn1/projects/rech/vcu/commun/Co-Phyloformer/generate_treeducken/generated_trees/Datasets/Dataset54500.tgl,host,982,938
/lustre/fsn1/projects/rech/vcu/commun/Co-Phyloformer/generate_treeducken/generated_trees/Datasets/Dataset94265.tgl,host,2526,938
/lustre/fsn1/projects/rech/vcu/commun/Co-Phyloformer/generate_treeducken/generated_trees/Datasets/Dataset18300.tgl,host,1314,938
/lustre/fsn1/projects/rech/vcu/commun/Co-Phyloformer/generate_treeducken/generated_trees/Datasets/Dataset82564.tgl,host,1212,938
/lustre/fsn1/projects/rech/vcu/commun/Co-Phyloformer/generate_treeducken/generated_trees/Datasets/Dataset75505.tgl,host,1017,938
/lustre/fsn1/projects/rech/vcu/commun/Co-Phyloformer/generate_treeducken/generated_trees/Datasets/Dataset72730.tgl,host,2153,938
/lustre/fsn1/projects/rech/vcu/commun/Co-Phyloformer/generate_treeducken/generated_trees/Datasets/Dataset52249.tgl,host,991,938
/lustre/fsn1/projects/rech/vcu/commun/Co-Phyloformer/generate_treeducken/generated_trees/Datasets/Dataset50165.tgl,host,1249,938
/lustre/fsn1/projects/rech/vcu/commun/Co-Phyloformer/generate_treeducken/generated_trees/Datasets/Dataset73260.tgl,host,1271,938
/lustre/fsn1/projects/rech/vcu/commun/Co-Phyloformer/generate_treeducken/generated_trees/Datasets/Dataset4469.tgl,host,1038,938
/lustre/fsn1/projects/rech/vcu/commun/Co-Phyloformer/generate_treeducken/generated_trees/Datasets/Dataset45530.tgl,host,1303,938
/lustre/fsn1/projects/rech/vcu/commun/Co-Phyloformer/generate_treeducken/generated_trees/Datasets/Dataset18480.tgl,host,1520,938
/lustre/fsn1/projects/rech/vcu/commun/Co-Phyloformer/generate_treeducken/generated_trees/Datasets/Dataset11000.tgl,host,3099,938
/lustre/fsn1/projects/rech/vcu/commun/Co-Phyloformer/generate_treeducken/generated_trees/Datasets/Dataset97105.tgl,host,1561,938
/lustre/fsn1/projects/rech/vcu/commun/Co-Phyloformer/generate_treeducken/generated_trees/Datasets/Dataset26965.tgl,host,965,938
/lustre/fsn1/projects/rech/vcu/commun/Co-Phyloformer/generate_treeducken/generated_trees/Datasets/Dataset43035.tgl,host,1165,938
/lustre/fsn1/projects/rech/vcu/commun/Co-Phyloformer/generate_treeducken/generated_trees/Datasets/Dataset53554.tgl,host,1714,938
/lustre/fsn1/projects/rech/vcu/commun/Co-Phyloformer/generate_treeducken/generated_trees/Datasets/Dataset77630.tgl,host,1725,938
/lustre/fsn1/projects/rech/vcu/commun/Co-Phyloformer/generate_treeducken/generated_trees/Datasets/Dataset53320.tgl,host,1265,938
/lustre/fsn1/projects/rech/vcu/commun/Co-Phyloformer/generate_treeducken/generated_trees/Datasets/Dataset65415.tgl,host,1020,938
/lustre/fsn1/projects/rech/vcu/commun/Co-Phyloformer/generate_treeducken/generated_trees/Datasets/Dataset33685.tgl,host,982,938
/lustre/fsn1/projects/rech/vcu/commun/Co-Phyloformer/generate_treeducken/generated_trees/Datasets/Dataset45515.tgl,host,1358,938
/lustre/fsn1/projects/rech/vcu/commun/Co-Phyloformer/generate_treeducken/generated_trees/Datasets/Dataset45404.tgl,host,1268,938
/lustre/fsn1/projects/rech/vcu/commun/Co-Phyloformer/generate_treeducken/generated_trees/Datasets/Dataset36840.tgl,host,992,938
/lustre/fsn1/projects/rech/vcu/commun/Co-Phyloformer/generate_treeducken/generated_trees/Datasets/Dataset38345.tgl,host,1048,938
/lustre/fsn1/projects/rech/vcu/commun/Co-Phyloformer/generate_treeducken/generated_trees/Datasets/Dataset70465.tgl,host,1367,938
/lustre/fsn1/projects/rech/vcu/commun/Co-Phyloformer/generate_treeducken/generated_trees/Datasets/Dataset33850.tgl,host,2183,938
/lustre/fsn1/projects/rech/vcu/commun/Co-Phyloformer/generate_treeducken/generated_trees/Datasets/Dataset41205.tgl,host,977,938
/lustre/fsn1/projects/rech/vcu/commun/Co-Phyloformer/generate_treeducken/generated_trees/Datasets/Dataset41040.tgl,host,1339,938
/lustre/fsn1/projects/rech/vcu/commun/Co-Phyloformer/generate_treeducken/generated_trees/Datasets/Dataset89785.tgl,host,1711,938
/lustre/fsn1/projects/rech/vcu/commun/Co-Phyloformer/generate_treeducken/generated_trees/Datasets/Dataset58825.tgl,host,960,938
/lustre/fsn1/projects/rech/vcu/commun/Co-Phyloformer/generate_treeducken/generated_trees/Datasets/Dataset92084.tgl,host,1019,938
/lustre/fsn1/projects/rech/vcu/commun/Co-Phyloformer/generate_treeducken/generated_trees/Datasets/Dataset86699.tgl,host,1086,938
/lustre/fsn1/projects/rech/vcu/commun/Co-Phyloformer/generate_treeducken/generated_trees/Datasets/Dataset32250.tgl,host,1445,938
/lustre/fsn1/projects/rech/vcu/commun/Co-Phyloformer/generate_treeducken/generated_trees/Datasets/Dataset28485.tgl,host,1715,938
/lustre/fsn1/projects/rech/vcu/commun/Co-Phyloformer/generate_treeducken/generated_trees/Datasets/Dataset18200.tgl,host,1257,938
/lustre/fsn1/projects/rech/vcu/commun/Co-Phyloformer/generate_treeducken/generated_trees/Datasets/Dataset77540.tgl,host,1143,938
/lustre/fsn1/projects/rech/vcu/commun/Co-Phyloformer/generate_treeducken/generated_trees/Datasets/Dataset50950.tgl,host,1065,938
/lustre/fsn1/projects/rech/vcu/commun/Co-Phyloformer/generate_treeducken/generated_trees/Datasets/Dataset4820.tgl,host,958,938
/lustre/fsn1/projects/rech/vcu/commun/Co-Phyloformer/generate_treeducken/generated_trees/Datasets/Dataset4410.tgl,host,1175,938
/lustre/fsn1/projects/rech/vcu/commun/Co-Phyloformer/generate_treeducken/generated_trees/Datasets/Dataset270.tgl,host,1007,938
/lustre/fsn1/projects/rech/vcu/commun/Co-Phyloformer/generate_treeducken/generated_trees/Datasets/Dataset84364.tgl,host,983,938
/lustre/fsn1/projects/rech/vcu/commun/Co-Phyloformer/generate_treeducken/generated_trees/Datasets/Dataset37480.tgl,host,1436,938
/lustre/fsn1/projects/rech/vcu/commun/Co-Phyloformer/generate_treeducken/generated_trees/Datasets/Dataset81325.tgl,host,4828,938
/lustre/fsn1/projects/rech/vcu/commun/Co-Phyloformer/generate_treeducken/generated_trees/Datasets/Dataset83205.tgl,host,980,938
/lustre/fsn1/projects/rech/vcu/commun/Co-Phyloformer/generate_treeducken/generated_trees/Datasets/Dataset69760.tgl,host,1012,938
/lustre/fsn1/projects/rech/vcu/commun/Co-Phyloformer/generate_treeducken/generated_trees/Datasets/Dataset30215.tgl,host,1146,938
/lustre/fsn1/projects/rech/vcu/commun/Co-Phyloformer/generate_treeducken/generated_trees/Datasets/Dataset18095.tgl,host,1226,938
/lustre/fsn1/projects/rech/vcu/commun/Co-Phyloformer/generate_treeducken/generated_trees/Datasets/Dataset87745.tgl,host,1187,938
/lustre/fsn1/projects/rech/vcu/commun/Co-Phyloformer/generate_treeducken/generated_trees/Datasets/Dataset60875.tgl,host,2270,938
/lustre/fsn1/projects/rech/vcu/commun/Co-Phyloformer/generate_treeducken/generated_trees/Datasets/Dataset62055.tgl,host,1219,938
/lustre/fsn1/projects/rech/vcu/commun/Co-Phyloformer/generate_treeducken/generated_trees/Datasets/Dataset47775.tgl,host,1372,938
/lustre/fsn1/projects/rech/vcu/commun/Co-Phyloformer/generate_treeducken/generated_trees/Datasets/Dataset89939.tgl,host,1050,938
/lustre/fsn1/projects/rech/vcu/commun/Co-Phyloformer/generate_treeducken/generated_trees/Datasets/Dataset40420.tgl,host,1792,938
/lustre/fsn1/projects/rech/vcu/commun/Co-Phyloformer/generate_treeducken/generated_trees/Datasets/Dataset10725.tgl,host,1058,938
/lustre/fsn1/projects/rech/vcu/commun/Co-Phyloformer/generate_treeducken/generated_trees/Datasets/Dataset29260.tgl,host,1863,938
/lustre/fsn1/projects/rech/vcu/commun/Co-Phyloformer/generate_treeducken/generated_trees/Datasets/Dataset37835.tgl,host,1246,938
/lustre/fsn1/projects/rech/vcu/commun/Co-Phyloformer/generate_treeducken/generated_trees/Datasets/Dataset42610.tgl,host,1028,938
/lustre/fsn1/projects/rech/vcu/commun/Co-Phyloformer/generate_treeducken/generated_trees/Datasets/Dataset41600.tgl,host,1844,938
/lustre/fsn1/projects/rech/vcu/commun/Co-Phyloformer/generate_treeducken/generated_trees/Datasets/Dataset10080.tgl,host,2570,938
/lustre/fsn1/projects/rech/vcu/commun/Co-Phyloformer/generate_treeducken/generated_trees/Datasets/Dataset14110.tgl,host,4370,938
/lustre/fsn1/projects/rech/vcu/commun/Co-Phyloformer/generate_treeducken/generated_trees/Datasets/Dataset27040.tgl,host,3020,938
/lustre/fsn1/projects/rech/vcu/commun/Co-Phyloformer/generate_treeducken/generated_trees/Datasets/Dataset71460.tgl,host,1222,938
/lustre/fsn1/projects/rech/vcu/commun/Co-Phyloformer/generate_treeducken/generated_trees/Datasets/Dataset96625.tgl,host,1469,938
/lustre/fsn1/projects/rech/vcu/commun/Co-Phyloformer/generate_treeducken/generated_trees/Datasets/Dataset69714.tgl,host,1708,938
/lustre/fsn1/projects/rech/vcu/commun/Co-Phyloformer/generate_treeducken/generated_trees/Datasets/Dataset37860.tgl,host,1383,938
/lustre/fsn1/projects/rech/vcu/commun/Co-Phyloformer/generate_treeducken/generated_trees/Datasets/Dataset33315.tgl,host,1958,938
/lustre/fsn1/projects/rech/vcu/commun/Co-Phyloformer/generate_treeducken/generated_trees/Datasets/Dataset55835.tgl,host,1029,938
/lustre/fsn1/projects/rech/vcu/commun/Co-Phyloformer/generate_treeducken/generated_trees/Datasets/Dataset19770.tgl,host,1569,938
/lustre/fsn1/projects/rech/vcu/commun/Co-Phyloformer/generate_treeducken/generated_trees/Datasets/Dataset8135.tgl,host,1019,938
/lustre/fsn1/projects/rech/vcu/commun/Co-Phyloformer/generate_treeducken/generated_trees/Datasets/Dataset42150.tgl,host,1427,938
/lustre/fsn1/projects/rech/vcu/commun/Co-Phyloformer/generate_treeducken/generated_trees/Datasets/Dataset88660.tgl,host,1420,938
/lustre/fsn1/projects/rech/vcu/commun/Co-Phyloformer/generate_treeducken/generated_trees/Datasets/Dataset62115.tgl,host,1206,938
/lustre/fsn1/projects/rech/vcu/commun/Co-Phyloformer/generate_treeducken/generated_trees/Datasets/Dataset74694.tgl,host,2090,938
/lustre/fsn1/projects/rech/vcu/commun/Co-Phyloformer/generate_treeducken/generated_trees/Datasets/Dataset86515.tgl,host,1202,938
/lustre/fsn1/projects/rech/vcu/commun/Co-Phyloformer/generate_treeducken/generated_trees/Datasets/Dataset57769.tgl,host,1321,938
/lustre/fsn1/projects/rech/vcu/commun/Co-Phyloformer/generate_treeducken/generated_trees/Datasets/Dataset25240.tgl,host,1157,938
/lustre/fsn1/projects/rech/vcu/commun/Co-Phyloformer/generate_treeducken/generated_trees/Datasets/Dataset31530.tgl,host,967,938
/lustre/fsn1/projects/rech/vcu/commun/Co-Phyloformer/generate_treeducken/generated_trees/Datasets/Dataset43005.tgl,host,1079,938
/lustre/fsn1/projects/rech/vcu/commun/Co-Phyloformer/generate_treeducken/generated_trees/Datasets/Dataset75775.tgl,host,2786,938
/lustre/fsn1/projects/rech/vcu/commun/Co-Phyloformer/generate_treeducken/generated_trees/Datasets/Dataset49555.tgl,host,1472,938
/lustre/fsn1/projects/rech/vcu/commun/Co-Phyloformer/generate_treeducken/generated_trees/Datasets/Dataset24680.tgl,host,1824,938
/lustre/fsn1/projects/rech/vcu/commun/Co-Phyloformer/generate_treeducken/generated_trees/Datasets/Dataset33010.tgl,host,992,938
/lustre/fsn1/projects/rech/vcu/commun/Co-Phyloformer/generate_treeducken/generated_trees/Datasets/Dataset91089.tgl,host,1157,938
/lustre/fsn1/projects/rech/vcu/commun/Co-Phyloformer/generate_treeducken/generated_trees/Datasets/Dataset78075.tgl,host,947,938
/lustre/fsn1/projects/rech/vcu/commun/Co-Phyloformer/generate_treeducken/generated_trees/Datasets/Dataset78440.tgl,host,1976,938
/lustre/fsn1/projects/rech/vcu/commun/Co-Phyloformer/generate_treeducken/generated_trees/Datasets/Dataset84620.tgl,host,965,938
/lustre/fsn1/projects/rech/vcu/commun/Co-Phyloformer/generate_treeducken/generated_trees/Datasets/Dataset71050.tgl,host,1138,938
/lustre/fsn1/projects/rech/vcu/commun/Co-Phyloformer/generate_treeducken/generated_trees/Datasets/Dataset28335.tgl,host,1315,938
/lustre/fsn1/projects/rech/vcu/commun/Co-Phyloformer/generate_treeducken/generated_trees/Datasets/Dataset67610.tgl,host,1378,938
/lustre/fsn1/projects/rech/vcu/commun/Co-Phyloformer/generate_treeducken/generated_trees/Datasets/Dataset89710.tgl,host,1498,938
/lustre/fsn1/projects/rech/vcu/commun/Co-Phyloformer/generate_treeducken/generated_trees/Datasets/Dataset95760.tgl,host,2614,938
/lustre/fsn1/projects/rech/vcu/commun/Co-Phyloformer/generate_treeducken/generated_trees/Datasets/Dataset90300.tgl,host,4187,938
/lustre/fsn1/projects/rech/vcu/commun/Co-Phyloformer/generate_treeducken/generated_trees/Datasets/Dataset66340.tgl,host,1025,938
/lustre/fsn1/projects/rech/vcu/commun/Co-Phyloformer/generate_treeducken/generated_trees/Datasets/Dataset58855.tgl,host,1005,938
/lustre/fsn1/projects/rech/vcu/commun/Co-Phyloformer/generate_treeducken/generated_trees/Datasets/Dataset21564.tgl,host,1152,938
/lustre/fsn1/projects/rech/vcu/commun/Co-Phyloformer/generate_treeducken/generated_trees/Datasets/Dataset82425.tgl,host,977,938
/lustre/fsn1/projects/rech/vcu/commun/Co-Phyloformer/generate_treeducken/generated_trees/Datasets/Dataset4560.tgl,host,1289,938
/lustre/fsn1/projects/rech/vcu/commun/Co-Phyloformer/generate_treeducken/generated_trees/Datasets/Dataset37655.tgl,host,2802,938
/lustre/fsn1/projects/rech/vcu/commun/Co-Phyloformer/generate_treeducken/generated_trees/Datasets/Dataset96705.tgl,host,2144,938
/lustre/fsn1/projects/rech/vcu/commun/Co-Phyloformer/generate_treeducken/generated_trees/Datasets/Dataset68850.tgl,host,1432,938
/lustre/fsn1/projects/rech/vcu/commun/Co-Phyloformer/generate_treeducken/generated_trees/Datasets/Dataset29485.tgl,host,1820,938
/lustre/fsn1/projects/rech/vcu/commun/Co-Phyloformer/generate_treeducken/generated_trees/Datasets/Dataset53700.tgl,host,1003,938
/lustre/fsn1/projects/rech/vcu/commun/Co-Phyloformer/generate_treeducken/generated_trees/Datasets/Dataset85220.tgl,host,1877,938
/lustre/fsn1/projects/rech/vcu/commun/Co-Phyloformer/generate_treeducken/generated_trees/Datasets/Dataset73380.tgl,host,1060,938
/lustre/fsn1/projects/rech/vcu/commun/Co-Phyloformer/generate_treeducken/generated_trees/Datasets/Dataset46990.tgl,host,1290,938
/lustre/fsn1/projects/rech/vcu/commun/Co-Phyloformer/generate_treeducken/generated_trees/Datasets/Dataset50980.tgl,host,1133,938
/lustre/fsn1/projects/rech/vcu/commun/Co-Phyloformer/generate_treeducken/generated_trees/Datasets/Dataset83865.tgl,host,1146,938
/lustre/fsn1/projects/rech/vcu/commun/Co-Phyloformer/generate_treeducken/generated_trees/Datasets/Dataset36374.tgl,host,1027,938
/lustre/fsn1/projects/rech/vcu/commun/Co-Phyloformer/generate_treeducken/generated_trees/Datasets/Dataset91335.tgl,host,1182,938
/lustre/fsn1/projects/rech/vcu/commun/Co-Phyloformer/generate_treeducken/generated_trees/Datasets/Dataset65190.tgl,host,1899,938
/lustre/fsn1/projects/rech/vcu/commun/Co-Phyloformer/generate_treeducken/generated_trees/Datasets/Dataset62160.tgl,host,1458,938
/lustre/fsn1/projects/rech/vcu/commun/Co-Phyloformer/generate_treeducken/generated_trees/Datasets/Dataset79750.tgl,host,987,938
/lustre/fsn1/projects/rech/vcu/commun/Co-Phyloformer/generate_treeducken/generated_trees/Datasets/Dataset63564.tgl,host,1077,938
/lustre/fsn1/projects/rech/vcu/commun/Co-Phyloformer/generate_treeducken/generated_trees/Datasets/Dataset96005.tgl,host,1175,938
/lustre/fsn1/projects/rech/vcu/commun/Co-Phyloformer/generate_treeducken/generated_trees/Datasets/Dataset30780.tgl,host,993,938
/lustre/fsn1/projects/rech/vcu/commun/Co-Phyloformer/generate_treeducken/generated_trees/Datasets/Dataset4285.tgl,host,1192,938
/lustre/fsn1/projects/rech/vcu/commun/Co-Phyloformer/generate_treeducken/generated_trees/Datasets/Dataset9060.tgl,host,1509,938
/lustre/fsn1/projects/rech/vcu/commun/Co-Phyloformer/generate_treeducken/generated_trees/Datasets/Dataset89520.tgl,host,1882,938
/lustre/fsn1/projects/rech/vcu/commun/Co-Phyloformer/generate_treeducken/generated_trees/Datasets/Dataset65985.tgl,host,3326,938
/lustre/fsn1/projects/rech/vcu/commun/Co-Phyloformer/generate_treeducken/generated_trees/Datasets/Dataset67525.tgl,host,1871,938
/lustre/fsn1/projects/rech/vcu/commun/Co-Phyloformer/generate_treeducken/generated_trees/Datasets/Dataset70750.tgl,host,2286,938
/lustre/fsn1/projects/rech/vcu/commun/Co-Phyloformer/generate_treeducken/generated_trees/Datasets/Dataset62859.tgl,host,1511,938
/lustre/fsn1/projects/rech/vcu/commun/Co-Phyloformer/generate_treeducken/generated_trees/Datasets/Dataset98630.tgl,host,1302,938
/lustre/fsn1/projects/rech/vcu/commun/Co-Phyloformer/generate_treeducken/generated_trees/Datasets/Dataset3859.tgl,host,1150,938
/lustre/fsn1/projects/rech/vcu/commun/Co-Phyloformer/generate_treeducken/generated_trees/Datasets/Dataset15835.tgl,host,1312,938
/lustre/fsn1/projects/rech/vcu/commun/Co-Phyloformer/generate_treeducken/generated_trees/Datasets/Dataset40470.tgl,host,982,938
/lustre/fsn1/projects/rech/vcu/commun/Co-Phyloformer/generate_treeducken/generated_trees/Datasets/Dataset6115.tgl,host,2404,938
/lustre/fsn1/projects/rech/vcu/commun/Co-Phyloformer/generate_treeducken/generated_trees/Datasets/Dataset19505.tgl,host,2180,938
/lustre/fsn1/projects/rech/vcu/commun/Co-Phyloformer/generate_treeducken/generated_trees/Datasets/Dataset87570.tgl,host,1354,938
/lustre/fsn1/projects/rech/vcu/commun/Co-Phyloformer/generate_treeducken/generated_trees/Datasets/Dataset34315.tgl,host,1517,938
/lustre/fsn1/projects/rech/vcu/commun/Co-Phyloformer/generate_treeducken/generated_trees/Datasets/Dataset90835.tgl,host,1065,938
/lustre/fsn1/projects/rech/vcu/commun/Co-Phyloformer/generate_treeducken/generated_trees/Datasets/Dataset40960.tgl,host,1594,938
/lustre/fsn1/projects/rech/vcu/commun/Co-Phyloformer/generate_treeducken/generated_trees/Datasets/Dataset49920.tgl,host,2318,938
/lustre/fsn1/projects/rech/vcu/commun/Co-Phyloformer/generate_treeducken/generated_trees/Datasets/Dataset11885.tgl,host,1498,938
/lustre/fsn1/projects/rech/vcu/commun/Co-Phyloformer/generate_treeducken/generated_trees/Datasets/Dataset13400.tgl,host,1494,938
/lustre/fsn1/projects/rech/vcu/commun/Co-Phyloformer/generate_treeducken/generated_trees/Datasets/Dataset48779.tgl,host,1797,938
/lustre/fsn1/projects/rech/vcu/commun/Co-Phyloformer/generate_treeducken/generated_trees/Datasets/Dataset85615.tgl,host,1813,938
/lustre/fsn1/projects/rech/vcu/commun/Co-Phyloformer/generate_treeducken/generated_trees/Datasets/Dataset2960.tgl,host,1146,938
/lustre/fsn1/projects/rech/vcu/commun/Co-Phyloformer/generate_treeducken/generated_trees/Datasets/Dataset32904.tgl,host,1216,938
/lustre/fsn1/projects/rech/vcu/commun/Co-Phyloformer/generate_treeducken/generated_trees/Datasets/Dataset61274.tgl,host,1103,938
/lustre/fsn1/projects/rech/vcu/commun/Co-Phyloformer/generate_treeducken/generated_trees/Datasets/Dataset87230.tgl,host,1858,938
/lustre/fsn1/projects/rech/vcu/commun/Co-Phyloformer/generate_treeducken/generated_trees/Datasets/Dataset46960.tgl,host,1068,938
/lustre/fsn1/projects/rech/vcu/commun/Co-Phyloformer/generate_treeducken/generated_trees/Datasets/Dataset98230.tgl,host,2523,938
/lustre/fsn1/projects/rech/vcu/commun/Co-Phyloformer/generate_treeducken/generated_trees/Datasets/Dataset80140.tgl,host,2172,938
/lustre/fsn1/projects/rech/vcu/commun/Co-Phyloformer/generate_treeducken/generated_trees/Datasets/Dataset39385.tgl,host,1992,938
/lustre/fsn1/projects/rech/vcu/commun/Co-Phyloformer/generate_treeducken/generated_trees/Datasets/Dataset74555.tgl,host,2688,938
/lustre/fsn1/projects/rech/vcu/commun/Co-Phyloformer/generate_treeducken/generated_trees/Datasets/Dataset22805.tgl,host,1613,938
/lustre/fsn1/projects/rech/vcu/commun/Co-Phyloformer/generate_treeducken/generated_trees/Datasets/Dataset41505.tgl,host,1660,938
/lustre/fsn1/projects/rech/vcu/commun/Co-Phyloformer/generate_treeducken/generated_trees/Datasets/Dataset26365.tgl,host,1077,938
/lustre/fsn1/projects/rech/vcu/commun/Co-Phyloformer/generate_treeducken/generated_trees/Datasets/Dataset8020.tgl,host,1101,938
/lustre/fsn1/projects/rech/vcu/commun/Co-Phyloformer/generate_treeducken/generated_trees/Datasets/Dataset98764.tgl,host,1008,938
/lustre/fsn1/projects/rech/vcu/commun/Co-Phyloformer/generate_treeducken/generated_trees/Datasets/Dataset94795.tgl,host,1052,938
/lustre/fsn1/projects/rech/vcu/commun/Co-Phyloformer/generate_treeducken/generated_trees/Datasets/Dataset50890.tgl,host,2568,938
/lustre/fsn1/projects/rech/vcu/commun/Co-Phyloformer/generate_treeducken/generated_trees/Datasets/Dataset73565.tgl,host,1017,938
/lustre/fsn1/projects/rech/vcu/commun/Co-Phyloformer/generate_treeducken/generated_trees/Datasets/Dataset63800.tgl,host,2080,938
/lustre/fsn1/projects/rech/vcu/commun/Co-Phyloformer/generate_treeducken/generated_trees/Datasets/Dataset52230.tgl,host,1057,938
/lustre/fsn1/projects/rech/vcu/commun/Co-Phyloformer/generate_treeducken/generated_trees/Datasets/Dataset2530.tgl,host,3304,938
/lustre/fsn1/projects/rech/vcu/commun/Co-Phyloformer/generate_treeducken/generated_trees/Datasets/Dataset74670.tgl,host,1002,938
/lustre/fsn1/projects/rech/vcu/commun/Co-Phyloformer/generate_treeducken/generated_trees/Datasets/Dataset20925.tgl,host,1185,938
/lustre/fsn1/projects/rech/vcu/commun/Co-Phyloformer/generate_treeducken/generated_trees/Datasets/Dataset74375.tgl,host,1330,938
/lustre/fsn1/projects/rech/vcu/commun/Co-Phyloformer/generate_treeducken/generated_trees/Datasets/Dataset61214.tgl,host,1051,938
/lustre/fsn1/projects/rech/vcu/commun/Co-Phyloformer/generate_treeducken/generated_trees/Datasets/Dataset95290.tgl,host,1164,938
/lustre/fsn1/projects/rech/vcu/commun/Co-Phyloformer/generate_treeducken/generated_trees/Datasets/Dataset21100.tgl,host,1145,938
/lustre/fsn1/projects/rech/vcu/commun/Co-Phyloformer/generate_treeducken/generated_trees/Datasets/Dataset82950.tgl,host,1758,938
/lustre/fsn1/projects/rech/vcu/commun/Co-Phyloformer/generate_treeducken/generated_trees/Datasets/Dataset23025.tgl,host,1722,938
/lustre/fsn1/projects/rech/vcu/commun/Co-Phyloformer/generate_treeducken/generated_trees/Datasets/Dataset72135.tgl,host,1211,938
/lustre/fsn1/projects/rech/vcu/commun/Co-Phyloformer/generate_treeducken/generated_trees/Datasets/Dataset85245.tgl,host,1013,938
/lustre/fsn1/projects/rech/vcu/commun/Co-Phyloformer/generate_treeducken/generated_trees/Datasets/Dataset68595.tgl,host,947,938
/lustre/fsn1/projects/rech/vcu/commun/Co-Phyloformer/generate_treeducken/generated_trees/Datasets/Dataset36830.tgl,host,3156,938
/lustre/fsn1/projects/rech/vcu/commun/Co-Phyloformer/generate_treeducken/generated_trees/Datasets/Dataset31855.tgl,host,2536,938
/lustre/fsn1/projects/rech/vcu/commun/Co-Phyloformer/generate_treeducken/generated_trees/Datasets/Dataset13289.tgl,host,985,938
/lustre/fsn1/projects/rech/vcu/commun/Co-Phyloformer/generate_treeducken/generated_trees/Datasets/Dataset29940.tgl,host,1453,938
/lustre/fsn1/projects/rech/vcu/commun/Co-Phyloformer/generate_treeducken/generated_trees/Datasets/Dataset29945.tgl,host,2310,938
/lustre/fsn1/projects/rech/vcu/commun/Co-Phyloformer/generate_treeducken/generated_trees/Datasets/Dataset32370.tgl,host,1380,938
/lustre/fsn1/projects/rech/vcu/commun/Co-Phyloformer/generate_treeducken/generated_trees/Datasets/Dataset3500.tgl,host,980,938
/lustre/fsn1/projects/rech/vcu/commun/Co-Phyloformer/generate_treeducken/generated_trees/Datasets/Dataset99330.tgl,host,1403,938
/lustre/fsn1/projects/rech/vcu/commun/Co-Phyloformer/generate_treeducken/generated_trees/Datasets/Dataset18665.tgl,host,1575,938
/lustre/fsn1/projects/rech/vcu/commun/Co-Phyloformer/generate_treeducken/generated_trees/Datasets/Dataset89740.tgl,host,1556,938
/lustre/fsn1/projects/rech/vcu/commun/Co-Phyloformer/generate_treeducken/generated_trees/Datasets/Dataset14265.tgl,host,1788,938
/lustre/fsn1/projects/rech/vcu/commun/Co-Phyloformer/generate_treeducken/generated_trees/Datasets/Dataset95120.tgl,host,1446,938
/lustre/fsn1/projects/rech/vcu/commun/Co-Phyloformer/generate_treeducken/generated_trees/Datasets/Dataset34025.tgl,host,1883,938
/lustre/fsn1/projects/rech/vcu/commun/Co-Phyloformer/generate_treeducken/generated_trees/Datasets/Dataset84175.tgl,host,3219,938
/lustre/fsn1/projects/rech/vcu/commun/Co-Phyloformer/generate_treeducken/generated_trees/Datasets/Dataset58715.tgl,host,1226,938
/lustre/fsn1/projects/rech/vcu/commun/Co-Phyloformer/generate_treeducken/generated_trees/Datasets/Dataset73370.tgl,host,1320,938
/lustre/fsn1/projects/rech/vcu/commun/Co-Phyloformer/generate_treeducken/generated_trees/Datasets/Dataset90030.tgl,host,946,938
/lustre/fsn1/projects/rech/vcu/commun/Co-Phyloformer/generate_treeducken/generated_trees/Datasets/Dataset73430.tgl,host,953,938
/lustre/fsn1/projects/rech/vcu/commun/Co-Phyloformer/generate_treeducken/generated_trees/Datasets/Dataset53660.tgl,host,1135,938
/lustre/fsn1/projects/rech/vcu/commun/Co-Phyloformer/generate_treeducken/generated_trees/Datasets/Dataset19100.tgl,host,1346,938
/lustre/fsn1/projects/rech/vcu/commun/Co-Phyloformer/generate_treeducken/generated_trees/Datasets/Dataset35585.tgl,host,1140,938
/lustre/fsn1/projects/rech/vcu/commun/Co-Phyloformer/generate_treeducken/generated_trees/Datasets/Dataset48870.tgl,host,1253,938
/lustre/fsn1/projects/rech/vcu/commun/Co-Phyloformer/generate_treeducken/generated_trees/Datasets/Dataset93645.tgl,host,1779,938
/lustre/fsn1/projects/rech/vcu/commun/Co-Phyloformer/generate_treeducken/generated_trees/Datasets/Dataset34750.tgl,host,1158,938
/lustre/fsn1/projects/rech/vcu/commun/Co-Phyloformer/generate_treeducken/generated_trees/Datasets/Dataset77855.tgl,host,4868,938
/lustre/fsn1/projects/rech/vcu/commun/Co-Phyloformer/generate_treeducken/generated_trees/Datasets/Dataset28305.tgl,host,2114,938
/lustre/fsn1/projects/rech/vcu/commun/Co-Phyloformer/generate_treeducken/generated_trees/Datasets/Dataset32140.tgl,host,1456,938
/lustre/fsn1/projects/rech/vcu/commun/Co-Phyloformer/generate_treeducken/generated_trees/Datasets/Dataset75355.tgl,host,1258,938
/lustre/fsn1/projects/rech/vcu/commun/Co-Phyloformer/generate_treeducken/generated_trees/Datasets/Dataset97750.tgl,host,957,938
/lustre/fsn1/projects/rech/vcu/commun/Co-Phyloformer/generate_treeducken/generated_trees/Datasets/Dataset63304.tgl,host,1232,938
/lustre/fsn1/projects/rech/vcu/commun/Co-Phyloformer/generate_treeducken/generated_trees/Datasets/Dataset3879.tgl,host,961,938
/lustre/fsn1/projects/rech/vcu/commun/Co-Phyloformer/generate_treeducken/generated_trees/Datasets/Dataset95610.tgl,host,1418,938
/lustre/fsn1/projects/rech/vcu/commun/Co-Phyloformer/generate_treeducken/generated_trees/Datasets/Dataset29410.tgl,host,1696,938
/lustre/fsn1/projects/rech/vcu/commun/Co-Phyloformer/generate_treeducken/generated_trees/Datasets/Dataset55815.tgl,host,2127,938
/lustre/fsn1/projects/rech/vcu/commun/Co-Phyloformer/generate_treeducken/generated_trees/Datasets/Dataset18355.tgl,host,1000,938
/lustre/fsn1/projects/rech/vcu/commun/Co-Phyloformer/generate_treeducken/generated_trees/Datasets/Dataset88450.tgl,host,1345,938
/lustre/fsn1/projects/rech/vcu/commun/Co-Phyloformer/generate_treeducken/generated_trees/Datasets/Dataset45355.tgl,host,1181,938
/lustre/fsn1/projects/rech/vcu/commun/Co-Phyloformer/generate_treeducken/generated_trees/Datasets/Dataset85704.tgl,host,993,938
/lustre/fsn1/projects/rech/vcu/commun/Co-Phyloformer/generate_treeducken/generated_trees/Datasets/Dataset82270.tgl,host,963,938
/lustre/fsn1/projects/rech/vcu/commun/Co-Phyloformer/generate_treeducken/generated_trees/Datasets/Dataset6175.tgl,host,1098,938
/lustre/fsn1/projects/rech/vcu/commun/Co-Phyloformer/generate_treeducken/generated_trees/Datasets/Dataset41239.tgl,host,2034,938
/lustre/fsn1/projects/rech/vcu/commun/Co-Phyloformer/generate_treeducken/generated_trees/Datasets/Dataset4680.tgl,host,1758,938
/lustre/fsn1/projects/rech/vcu/commun/Co-Phyloformer/generate_treeducken/generated_trees/Datasets/Dataset4940.tgl,host,1053,938
/lustre/fsn1/projects/rech/vcu/commun/Co-Phyloformer/generate_treeducken/generated_trees/Datasets/Dataset61815.tgl,host,4032,938
/lustre/fsn1/projects/rech/vcu/commun/Co-Phyloformer/generate_treeducken/generated_trees/Datasets/Dataset86835.tgl,host,1374,938
/lustre/fsn1/projects/rech/vcu/commun/Co-Phyloformer/generate_treeducken/generated_trees/Datasets/Dataset10845.tgl,host,980,938
/lustre/fsn1/projects/rech/vcu/commun/Co-Phyloformer/generate_treeducken/generated_trees/Datasets/Dataset23195.tgl,host,1359,938
/lustre/fsn1/projects/rech/vcu/commun/Co-Phyloformer/generate_treeducken/generated_trees/Datasets/Dataset95205.tgl,host,1554,938
/lustre/fsn1/projects/rech/vcu/commun/Co-Phyloformer/generate_treeducken/generated_trees/Datasets/Dataset78495.tgl,host,998,938
/lustre/fsn1/projects/rech/vcu/commun/Co-Phyloformer/generate_treeducken/generated_trees/Datasets/Dataset86670.tgl,host,2032,938
/lustre/fsn1/projects/rech/vcu/commun/Co-Phyloformer/generate_treeducken/generated_trees/Datasets/Dataset47919.tgl,host,1329,938
/lustre/fsn1/projects/rech/vcu/commun/Co-Phyloformer/generate_treeducken/generated_trees/Datasets/Dataset78740.tgl,host,1342,938
/lustre/fsn1/projects/rech/vcu/commun/Co-Phyloformer/generate_treeducken/generated_trees/Datasets/Dataset24659.tgl,host,1272,938
/lustre/fsn1/projects/rech/vcu/commun/Co-Phyloformer/generate_treeducken/generated_trees/Datasets/Dataset95250.tgl,host,4088,938
/lustre/fsn1/projects/rech/vcu/commun/Co-Phyloformer/generate_treeducken/generated_trees/Datasets/Dataset48605.tgl,host,1839,938
/lustre/fsn1/projects/rech/vcu/commun/Co-Phyloformer/generate_treeducken/generated_trees/Datasets/Dataset34984.tgl,host,1070,938
/lustre/fsn1/projects/rech/vcu/commun/Co-Phyloformer/generate_treeducken/generated_trees/Datasets/Dataset44060.tgl,host,1296,938
/lustre/fsn1/projects/rech/vcu/commun/Co-Phyloformer/generate_treeducken/generated_trees/Datasets/Dataset68615.tgl,host,1106,938
/lustre/fsn1/projects/rech/vcu/commun/Co-Phyloformer/generate_treeducken/generated_trees/Datasets/Dataset32650.tgl,host,2412,938
/lustre/fsn1/projects/rech/vcu/commun/Co-Phyloformer/generate_treeducken/generated_trees/Datasets/Dataset32185.tgl,host,1536,938
/lustre/fsn1/projects/rech/vcu/commun/Co-Phyloformer/generate_treeducken/generated_trees/Datasets/Dataset37365.tgl,host,2329,938
/lustre/fsn1/projects/rech/vcu/commun/Co-Phyloformer/generate_treeducken/generated_trees/Datasets/Dataset92480.tgl,host,1232,938
/lustre/fsn1/projects/rech/vcu/commun/Co-Phyloformer/generate_treeducken/generated_trees/Datasets/Dataset42425.tgl,host,2502,938
/lustre/fsn1/projects/rech/vcu/commun/Co-Phyloformer/generate_treeducken/generated_trees/Datasets/Dataset54320.tgl,host,1045,938
/lustre/fsn1/projects/rech/vcu/commun/Co-Phyloformer/generate_treeducken/generated_trees/Datasets/Dataset83850.tgl,host,1591,938
/lustre/fsn1/projects/rech/vcu/commun/Co-Phyloformer/generate_treeducken/generated_trees/Datasets/Dataset83665.tgl,host,1690,938
/lustre/fsn1/projects/rech/vcu/commun/Co-Phyloformer/generate_treeducken/generated_trees/Datasets/Dataset64605.tgl,host,1426,938
/lustre/fsn1/projects/rech/vcu/commun/Co-Phyloformer/generate_treeducken/generated_trees/Datasets/Dataset83170.tgl,host,1331,938
/lustre/fsn1/projects/rech/vcu/commun/Co-Phyloformer/generate_treeducken/generated_trees/Datasets/Dataset59285.tgl,host,1056,938
/lustre/fsn1/projects/rech/vcu/commun/Co-Phyloformer/generate_treeducken/generated_trees/Datasets/Dataset55485.tgl,host,1002,938
/lustre/fsn1/projects/rech/vcu/commun/Co-Phyloformer/generate_treeducken/generated_trees/Datasets/Dataset15610.tgl,host,1022,938
/lustre/fsn1/projects/rech/vcu/commun/Co-Phyloformer/generate_treeducken/generated_trees/Datasets/Dataset97490.tgl,host,1078,938
/lustre/fsn1/projects/rech/vcu/commun/Co-Phyloformer/generate_treeducken/generated_trees/Datasets/Dataset96760.tgl,host,1475,938
/lustre/fsn1/projects/rech/vcu/commun/Co-Phyloformer/generate_treeducken/generated_trees/Datasets/Dataset40400.tgl,host,1217,938
/lustre/fsn1/projects/rech/vcu/commun/Co-Phyloformer/generate_treeducken/generated_trees/Datasets/Dataset67625.tgl,host,1026,938
/lustre/fsn1/projects/rech/vcu/commun/Co-Phyloformer/generate_treeducken/generated_trees/Datasets/Dataset65760.tgl,host,1366,938
/lustre/fsn1/projects/rech/vcu/commun/Co-Phyloformer/generate_treeducken/generated_trees/Datasets/Dataset72405.tgl,host,1058,938
/lustre/fsn1/projects/rech/vcu/commun/Co-Phyloformer/generate_treeducken/generated_trees/Datasets/Dataset49985.tgl,host,955,938
/lustre/fsn1/projects/rech/vcu/commun/Co-Phyloformer/generate_treeducken/generated_trees/Datasets/Dataset41970.tgl,host,1338,938
/lustre/fsn1/projects/rech/vcu/commun/Co-Phyloformer/generate_treeducken/generated_trees/Datasets/Dataset26789.tgl,host,1131,938
/lustre/fsn1/projects/rech/vcu/commun/Co-Phyloformer/generate_treeducken/generated_trees/Datasets/Dataset29335.tgl,host,2946,938
/lustre/fsn1/projects/rech/vcu/commun/Co-Phyloformer/generate_treeducken/generated_trees/Datasets/Dataset65610.tgl,host,2194,938
/lustre/fsn1/projects/rech/vcu/commun/Co-Phyloformer/generate_treeducken/generated_trees/Datasets/Dataset89709.tgl,host,1521,938
/lustre/fsn1/projects/rech/vcu/commun/Co-Phyloformer/generate_treeducken/generated_trees/Datasets/Dataset20060.tgl,host,1124,938
/lustre/fsn1/projects/rech/vcu/commun/Co-Phyloformer/generate_treeducken/generated_trees/Datasets/Dataset53365.tgl,host,972,938
/lustre/fsn1/projects/rech/vcu/commun/Co-Phyloformer/generate_treeducken/generated_trees/Datasets/Dataset81655.tgl,host,1216,938
/lustre/fsn1/projects/rech/vcu/commun/Co-Phyloformer/generate_treeducken/generated_trees/Datasets/Dataset29610.tgl,host,2480,938
/lustre/fsn1/projects/rech/vcu/commun/Co-Phyloformer/generate_treeducken/generated_trees/Datasets/Dataset61790.tgl,host,1104,938
/lustre/fsn1/projects/rech/vcu/commun/Co-Phyloformer/generate_treeducken/generated_trees/Datasets/Dataset73590.tgl,host,2107,938
/lustre/fsn1/projects/rech/vcu/commun/Co-Phyloformer/generate_treeducken/generated_trees/Datasets/Dataset28820.tgl,host,2038,938
/lustre/fsn1/projects/rech/vcu/commun/Co-Phyloformer/generate_treeducken/generated_trees/Datasets/Dataset42165.tgl,host,1033,938
/lustre/fsn1/projects/rech/vcu/commun/Co-Phyloformer/generate_treeducken/generated_trees/Datasets/Dataset95770.tgl,host,1059,938
/lustre/fsn1/projects/rech/vcu/commun/Co-Phyloformer/generate_treeducken/generated_trees/Datasets/Dataset99185.tgl,host,1488,938
/lustre/fsn1/projects/rech/vcu/commun/Co-Phyloformer/generate_treeducken/generated_trees/Datasets/Dataset61955.tgl,host,1218,938
/lustre/fsn1/projects/rech/vcu/commun/Co-Phyloformer/generate_treeducken/generated_trees/Datasets/Dataset64434.tgl,host,966,938
/lustre/fsn1/projects/rech/vcu/commun/Co-Phyloformer/generate_treeducken/generated_trees/Datasets/Dataset34760.tgl,host,2309,938
/lustre/fsn1/projects/rech/vcu/commun/Co-Phyloformer/generate_treeducken/generated_trees/Datasets/Dataset11780.tgl,host,1104,938
/lustre/fsn1/projects/rech/vcu/commun/Co-Phyloformer/generate_treeducken/generated_trees/Datasets/Dataset10005.tgl,host,964,938
/lustre/fsn1/projects/rech/vcu/commun/Co-Phyloformer/generate_treeducken/generated_trees/Datasets/Dataset14190.tgl,host,1543,938
/lustre/fsn1/projects/rech/vcu/commun/Co-Phyloformer/generate_treeducken/generated_trees/Datasets/Dataset50175.tgl,host,994,938
/lustre/fsn1/projects/rech/vcu/commun/Co-Phyloformer/generate_treeducken/generated_trees/Datasets/Dataset66075.tgl,host,1039,938
/lustre/fsn1/projects/rech/vcu/commun/Co-Phyloformer/generate_treeducken/generated_trees/Datasets/Dataset18244.tgl,host,1098,938
/lustre/fsn1/projects/rech/vcu/commun/Co-Phyloformer/generate_treeducken/generated_trees/Datasets/Dataset28725.tgl,host,3354,938
/lustre/fsn1/projects/rech/vcu/commun/Co-Phyloformer/generate_treeducken/generated_trees/Datasets/Dataset95750.tgl,host,1366,938
/lustre/fsn1/projects/rech/vcu/commun/Co-Phyloformer/generate_treeducken/generated_trees/Datasets/Dataset74165.tgl,host,1580,938
/lustre/fsn1/projects/rech/vcu/commun/Co-Phyloformer/generate_treeducken/generated_trees/Datasets/Dataset65400.tgl,host,968,938
/lustre/fsn1/projects/rech/vcu/commun/Co-Phyloformer/generate_treeducken/generated_trees/Datasets/Dataset34115.tgl,host,1773,938
/lustre/fsn1/projects/rech/vcu/commun/Co-Phyloformer/generate_treeducken/generated_trees/Datasets/Dataset40405.tgl,host,1559,938
/lustre/fsn1/projects/rech/vcu/commun/Co-Phyloformer/generate_treeducken/generated_trees/Datasets/Dataset42815.tgl,host,1362,938
/lustre/fsn1/projects/rech/vcu/commun/Co-Phyloformer/generate_treeducken/generated_trees/Datasets/Dataset62350.tgl,host,1374,938
/lustre/fsn1/projects/rech/vcu/commun/Co-Phyloformer/generate_treeducken/generated_trees/Datasets/Dataset84585.tgl,host,1526,938
/lustre/fsn1/projects/rech/vcu/commun/Co-Phyloformer/generate_treeducken/generated_trees/Datasets/Dataset7124.tgl,host,1084,938
/lustre/fsn1/projects/rech/vcu/commun/Co-Phyloformer/generate_treeducken/generated_trees/Datasets/Dataset20825.tgl,host,2884,938
/lustre/fsn1/projects/rech/vcu/commun/Co-Phyloformer/generate_treeducken/generated_trees/Datasets/Dataset57594.tgl,host,2049,938
/lustre/fsn1/projects/rech/vcu/commun/Co-Phyloformer/generate_treeducken/generated_trees/Datasets/Dataset33125.tgl,host,2388,938
/lustre/fsn1/projects/rech/vcu/commun/Co-Phyloformer/generate_treeducken/generated_trees/Datasets/Dataset1485.tgl,host,1282,938
/lustre/fsn1/projects/rech/vcu/commun/Co-Phyloformer/generate_treeducken/generated_trees/Datasets/Dataset38805.tgl,host,3861,938
/lustre/fsn1/projects/rech/vcu/commun/Co-Phyloformer/generate_treeducken/generated_trees/Datasets/Dataset16430.tgl,host,960,938
/lustre/fsn1/projects/rech/vcu/commun/Co-Phyloformer/generate_treeducken/generated_trees/Datasets/Dataset85990.tgl,host,1301,938
/lustre/fsn1/projects/rech/vcu/commun/Co-Phyloformer/generate_treeducken/generated_trees/Datasets/Dataset58375.tgl,host,993,938
/lustre/fsn1/projects/rech/vcu/commun/Co-Phyloformer/generate_treeducken/generated_trees/Datasets/Dataset57270.tgl,host,1855,938
/lustre/fsn1/projects/rech/vcu/commun/Co-Phyloformer/generate_treeducken/generated_trees/Datasets/Dataset74940.tgl,host,992,938
/lustre/fsn1/projects/rech/vcu/commun/Co-Phyloformer/generate_treeducken/generated_trees/Datasets/Dataset81125.tgl,host,1006,938
/lustre/fsn1/projects/rech/vcu/commun/Co-Phyloformer/generate_treeducken/generated_trees/Datasets/Dataset55674.tgl,host,1360,938
/lustre/fsn1/projects/rech/vcu/commun/Co-Phyloformer/generate_treeducken/generated_trees/Datasets/Dataset90860.tgl,host,1360,938
/lustre/fsn1/projects/rech/vcu/commun/Co-Phyloformer/generate_treeducken/generated_trees/Datasets/Dataset26264.tgl,host,962,938
/lustre/fsn1/projects/rech/vcu/commun/Co-Phyloformer/generate_treeducken/generated_trees/Datasets/Dataset89130.tgl,host,2021,938
/lustre/fsn1/projects/rech/vcu/commun/Co-Phyloformer/generate_treeducken/generated_trees/Datasets/Dataset82410.tgl,host,2350,938
/lustre/fsn1/projects/rech/vcu/commun/Co-Phyloformer/generate_treeducken/generated_trees/Datasets/Dataset47205.tgl,host,1070,938
/lustre/fsn1/projects/rech/vcu/commun/Co-Phyloformer/generate_treeducken/generated_trees/Datasets/Dataset25589.tgl,host,1022,938
/lustre/fsn1/projects/rech/vcu/commun/Co-Phyloformer/generate_treeducken/generated_trees/Datasets/Dataset20485.tgl,host,1023,938
/lustre/fsn1/projects/rech/vcu/commun/Co-Phyloformer/generate_treeducken/generated_trees/Datasets/Dataset94495.tgl,host,1001,938
/lustre/fsn1/projects/rech/vcu/commun/Co-Phyloformer/generate_treeducken/generated_trees/Datasets/Dataset96260.tgl,host,957,938
/lustre/fsn1/projects/rech/vcu/commun/Co-Phyloformer/generate_treeducken/generated_trees/Datasets/Dataset66310.tgl,host,1207,938
/lustre/fsn1/projects/rech/vcu/commun/Co-Phyloformer/generate_treeducken/generated_trees/Datasets/Dataset65905.tgl,host,1095,938
/lustre/fsn1/projects/rech/vcu/commun/Co-Phyloformer/generate_treeducken/generated_trees/Datasets/Dataset77940.tgl,host,1435,938
/lustre/fsn1/projects/rech/vcu/commun/Co-Phyloformer/generate_treeducken/generated_trees/Datasets/Dataset40250.tgl,host,1126,938
/lustre/fsn1/projects/rech/vcu/commun/Co-Phyloformer/generate_treeducken/generated_trees/Datasets/Dataset20885.tgl,host,2057,938
/lustre/fsn1/projects/rech/vcu/commun/Co-Phyloformer/generate_treeducken/generated_trees/Datasets/Dataset94590.tgl,host,962,938
/lustre/fsn1/projects/rech/vcu/commun/Co-Phyloformer/generate_treeducken/generated_trees/Datasets/Dataset55770.tgl,host,941,938
/lustre/fsn1/projects/rech/vcu/commun/Co-Phyloformer/generate_treeducken/generated_trees/Datasets/Dataset10135.tgl,host,1262,938
/lustre/fsn1/projects/rech/vcu/commun/Co-Phyloformer/generate_treeducken/generated_trees/Datasets/Dataset25239.tgl,host,1066,938
/lustre/fsn1/projects/rech/vcu/commun/Co-Phyloformer/generate_treeducken/generated_trees/Datasets/Dataset36640.tgl,host,2048,938
/lustre/fsn1/projects/rech/vcu/commun/Co-Phyloformer/generate_treeducken/generated_trees/Datasets/Dataset52935.tgl,host,1948,938
/lustre/fsn1/projects/rech/vcu/commun/Co-Phyloformer/generate_treeducken/generated_trees/Datasets/Dataset38655.tgl,host,1008,938
/lustre/fsn1/projects/rech/vcu/commun/Co-Phyloformer/generate_treeducken/generated_trees/Datasets/Dataset7165.tgl,host,2048,938
/lustre/fsn1/projects/rech/vcu/commun/Co-Phyloformer/generate_treeducken/generated_trees/Datasets/Dataset64460.tgl,host,2838,938
/lustre/fsn1/projects/rech/vcu/commun/Co-Phyloformer/generate_treeducken/generated_trees/Datasets/Dataset19700.tgl,host,1278,938
/lustre/fsn1/projects/rech/vcu/commun/Co-Phyloformer/generate_treeducken/generated_trees/Datasets/Dataset16530.tgl,host,2863,938
/lustre/fsn1/projects/rech/vcu/commun/Co-Phyloformer/generate_treeducken/generated_trees/Datasets/Dataset85875.tgl,host,2825,938
/lustre/fsn1/projects/rech/vcu/commun/Co-Phyloformer/generate_treeducken/generated_trees/Datasets/Dataset72520.tgl,host,1751,938
/lustre/fsn1/projects/rech/vcu/commun/Co-Phyloformer/generate_treeducken/generated_trees/Datasets/Dataset91885.tgl,host,1406,938
/lustre/fsn1/projects/rech/vcu/commun/Co-Phyloformer/generate_treeducken/generated_trees/Datasets/Dataset72210.tgl,host,996,938
/lustre/fsn1/projects/rech/vcu/commun/Co-Phyloformer/generate_treeducken/generated_trees/Datasets/Dataset44824.tgl,host,1032,938
/lustre/fsn1/projects/rech/vcu/commun/Co-Phyloformer/generate_treeducken/generated_trees/Datasets/Dataset15135.tgl,host,1209,938
/lustre/fsn1/projects/rech/vcu/commun/Co-Phyloformer/generate_treeducken/generated_trees/Datasets/Dataset11884.tgl,host,985,938
/lustre/fsn1/projects/rech/vcu/commun/Co-Phyloformer/generate_treeducken/generated_trees/Datasets/Dataset24280.tgl,host,1222,938
/lustre/fsn1/projects/rech/vcu/commun/Co-Phyloformer/generate_treeducken/generated_trees/Datasets/Dataset82085.tgl,host,1444,938
/lustre/fsn1/projects/rech/vcu/commun/Co-Phyloformer/generate_treeducken/generated_trees/Datasets/Dataset84650.tgl,host,2011,938
/lustre/fsn1/projects/rech/vcu/commun/Co-Phyloformer/generate_treeducken/generated_trees/Datasets/Dataset51340.tgl,host,1002,938
/lustre/fsn1/projects/rech/vcu/commun/Co-Phyloformer/generate_treeducken/generated_trees/Datasets/Dataset99714.tgl,host,975,938
/lustre/fsn1/projects/rech/vcu/commun/Co-Phyloformer/generate_treeducken/generated_trees/Datasets/Dataset73845.tgl,host,1421,938
/lustre/fsn1/projects/rech/vcu/commun/Co-Phyloformer/generate_treeducken/generated_trees/Datasets/Dataset4550.tgl,host,2630,938
/lustre/fsn1/projects/rech/vcu/commun/Co-Phyloformer/generate_treeducken/generated_trees/Datasets/Dataset56510.tgl,host,2597,938
/lustre/fsn1/projects/rech/vcu/commun/Co-Phyloformer/generate_treeducken/generated_trees/Datasets/Dataset49670.tgl,host,1455,938
/lustre/fsn1/projects/rech/vcu/commun/Co-Phyloformer/generate_treeducken/generated_trees/Datasets/Dataset36155.tgl,host,1102,938
/lustre/fsn1/projects/rech/vcu/commun/Co-Phyloformer/generate_treeducken/generated_trees/Datasets/Dataset12520.tgl,host,1421,938
/lustre/fsn1/projects/rech/vcu/commun/Co-Phyloformer/generate_treeducken/generated_trees/Datasets/Dataset91495.tgl,host,1567,938
/lustre/fsn1/projects/rech/vcu/commun/Co-Phyloformer/generate_treeducken/generated_trees/Datasets/Dataset75405.tgl,host,1053,938
/lustre/fsn1/projects/rech/vcu/commun/Co-Phyloformer/generate_treeducken/generated_trees/Datasets/Dataset63900.tgl,host,3251,938
/lustre/fsn1/projects/rech/vcu/commun/Co-Phyloformer/generate_treeducken/generated_trees/Datasets/Dataset92155.tgl,host,996,938
/lustre/fsn1/projects/rech/vcu/commun/Co-Phyloformer/generate_treeducken/generated_trees/Datasets/Dataset71415.tgl,host,1114,938
/lustre/fsn1/projects/rech/vcu/commun/Co-Phyloformer/generate_treeducken/generated_trees/Datasets/Dataset71180.tgl,host,948,938
/lustre/fsn1/projects/rech/vcu/commun/Co-Phyloformer/generate_treeducken/generated_trees/Datasets/Dataset92405.tgl,host,3290,938
/lustre/fsn1/projects/rech/vcu/commun/Co-Phyloformer/generate_treeducken/generated_trees/Datasets/Dataset75705.tgl,host,2664,938
/lustre/fsn1/projects/rech/vcu/commun/Co-Phyloformer/generate_treeducken/generated_trees/Datasets/Dataset44920.tgl,host,1267,938
/lustre/fsn1/projects/rech/vcu/commun/Co-Phyloformer/generate_treeducken/generated_trees/Datasets/Dataset55635.tgl,host,1141,938
/lustre/fsn1/projects/rech/vcu/commun/Co-Phyloformer/generate_treeducken/generated_trees/Datasets/Dataset97595.tgl,host,1496,938
/lustre/fsn1/projects/rech/vcu/commun/Co-Phyloformer/generate_treeducken/generated_trees/Datasets/Dataset56389.tgl,host,1271,938
/lustre/fsn1/projects/rech/vcu/commun/Co-Phyloformer/generate_treeducken/generated_trees/Datasets/Dataset88175.tgl,host,1001,938
/lustre/fsn1/projects/rech/vcu/commun/Co-Phyloformer/generate_treeducken/generated_trees/Datasets/Dataset75015.tgl,host,1015,938
/lustre/fsn1/projects/rech/vcu/commun/Co-Phyloformer/generate_treeducken/generated_trees/Datasets/Dataset98940.tgl,host,1137,938
/lustre/fsn1/projects/rech/vcu/commun/Co-Phyloformer/generate_treeducken/generated_trees/Datasets/Dataset39495.tgl,host,3679,938
/lustre/fsn1/projects/rech/vcu/commun/Co-Phyloformer/generate_treeducken/generated_trees/Datasets/Dataset83519.tgl,host,1451,938
/lustre/fsn1/projects/rech/vcu/commun/Co-Phyloformer/generate_treeducken/generated_trees/Datasets/Dataset80214.tgl,host,1577,938
/lustre/fsn1/projects/rech/vcu/commun/Co-Phyloformer/generate_treeducken/generated_trees/Datasets/Dataset7990.tgl,host,1843,938
/lustre/fsn1/projects/rech/vcu/commun/Co-Phyloformer/generate_treeducken/generated_trees/Datasets/Dataset26509.tgl,host,1833,938
/lustre/fsn1/projects/rech/vcu/commun/Co-Phyloformer/generate_treeducken/generated_trees/Datasets/Dataset26005.tgl,host,1165,938
/lustre/fsn1/projects/rech/vcu/commun/Co-Phyloformer/generate_treeducken/generated_trees/Datasets/Dataset57595.tgl,host,1667,938
/lustre/fsn1/projects/rech/vcu/commun/Co-Phyloformer/generate_treeducken/generated_trees/Datasets/Dataset22724.tgl,host,1091,938
/lustre/fsn1/projects/rech/vcu/commun/Co-Phyloformer/generate_treeducken/generated_trees/Datasets/Dataset97730.tgl,host,1669,938
/lustre/fsn1/projects/rech/vcu/commun/Co-Phyloformer/generate_treeducken/generated_trees/Datasets/Dataset23369.tgl,host,1647,938
/lustre/fsn1/projects/rech/vcu/commun/Co-Phyloformer/generate_treeducken/generated_trees/Datasets/Dataset79180.tgl,host,1512,938
/lustre/fsn1/projects/rech/vcu/commun/Co-Phyloformer/generate_treeducken/generated_trees/Datasets/Dataset20560.tgl,host,1471,938
/lustre/fsn1/projects/rech/vcu/commun/Co-Phyloformer/generate_treeducken/generated_trees/Datasets/Dataset70870.tgl,host,1463,938
/lustre/fsn1/projects/rech/vcu/commun/Co-Phyloformer/generate_treeducken/generated_trees/Datasets/Dataset36040.tgl,host,2123,938
/lustre/fsn1/projects/rech/vcu/commun/Co-Phyloformer/generate_treeducken/generated_trees/Datasets/Dataset47920.tgl,host,1038,938
/lustre/fsn1/projects/rech/vcu/commun/Co-Phyloformer/generate_treeducken/generated_trees/Datasets/Dataset35130.tgl,host,1142,938
/lustre/fsn1/projects/rech/vcu/commun/Co-Phyloformer/generate_treeducken/generated_trees/Datasets/Dataset70055.tgl,parasite,2402,987
/lustre/fsn1/projects/rech/vcu/commun/Co-Phyloformer/generate_treeducken/generated_trees/Datasets/Dataset31564.tgl,parasite,1176,987
/lustre/fsn1/projects/rech/vcu/commun/Co-Phyloformer/generate_treeducken/generated_trees/Datasets/Dataset52729.tgl,parasite,1673,987
/lustre/fsn1/projects/rech/vcu/commun/Co-Phyloformer/generate_treeducken/generated_trees/Datasets/Dataset44910.tgl,parasite,1314,987
/lustre/fsn1/projects/rech/vcu/commun/Co-Phyloformer/generate_treeducken/generated_trees/Datasets/Dataset41890.tgl,parasite,1409,987
/lustre/fsn1/projects/rech/vcu/commun/Co-Phyloformer/generate_treeducken/generated_trees/Datasets/Dataset53900.tgl,parasite,1171,987
/lustre/fsn1/projects/rech/vcu/commun/Co-Phyloformer/generate_treeducken/generated_trees/Datasets/Dataset97814.tgl,parasite,2861,987
/lustre/fsn1/projects/rech/vcu/commun/Co-Phyloformer/generate_treeducken/generated_trees/Datasets/Dataset91500.tgl,parasite,1171,987
/lustre/fsn1/projects/rech/vcu/commun/Co-Phyloformer/generate_treeducken/generated_trees/Datasets/Dataset77290.tgl,parasite,1090,987
/lustre/fsn1/projects/rech/vcu/commun/Co-Phyloformer/generate_treeducken/generated_trees/Datasets/Dataset3815.tgl,parasite,1309,987
/lustre/fsn1/projects/rech/vcu/commun/Co-Phyloformer/generate_treeducken/generated_trees/Datasets/Dataset93630.tgl,parasite,1637,987
/lustre/fsn1/projects/rech/vcu/commun/Co-Phyloformer/generate_treeducken/generated_trees/Datasets/Dataset54065.tgl,parasite,2525,987
/lustre/fsn1/projects/rech/vcu/commun/Co-Phyloformer/generate_treeducken/generated_trees/Datasets/Dataset44705.tgl,parasite,2006,987
/lustre/fsn1/projects/rech/vcu/commun/Co-Phyloformer/generate_treeducken/generated_trees/Datasets/Dataset92295.tgl,parasite,1241,987
/lustre/fsn1/projects/rech/vcu/commun/Co-Phyloformer/generate_treeducken/generated_trees/Datasets/Dataset69965.tgl,parasite,1149,987
/lustre/fsn1/projects/rech/vcu/commun/Co-Phyloformer/generate_treeducken/generated_trees/Datasets/Dataset31985.tgl,parasite,1044,987
/lustre/fsn1/projects/rech/vcu/commun/Co-Phyloformer/generate_treeducken/generated_trees/Datasets/Dataset97520.tgl,parasite,1181,987
/lustre/fsn1/projects/rech/vcu/commun/Co-Phyloformer/generate_treeducken/generated_trees/Datasets/Dataset80405.tgl,parasite,1536,987
/lustre/fsn1/projects/rech/vcu/commun/Co-Phyloformer/generate_treeducken/generated_trees/Datasets/Dataset94695.tgl,parasite,1078,987
/lustre/fsn1/projects/rech/vcu/commun/Co-Phyloformer/generate_treeducken/generated_trees/Datasets/Dataset66015.tgl,parasite,2278,987
/lustre/fsn1/projects/rech/vcu/commun/Co-Phyloformer/generate_treeducken/generated_trees/Datasets/Dataset7170.tgl,parasite,1973,987
/lustre/fsn1/projects/rech/vcu/commun/Co-Phyloformer/generate_treeducken/generated_trees/Datasets/Dataset99530.tgl,parasite,1332,987
/lustre/fsn1/projects/rech/vcu/commun/Co-Phyloformer/generate_treeducken/generated_trees/Datasets/Dataset72090.tgl,parasite,1468,987
/lustre/fsn1/projects/rech/vcu/commun/Co-Phyloformer/generate_treeducken/generated_trees/Datasets/Dataset59210.tgl,parasite,1128,987
/lustre/fsn1/projects/rech/vcu/commun/Co-Phyloformer/generate_treeducken/generated_trees/Datasets/Dataset13120.tgl,parasite,2090,987
/lustre/fsn1/projects/rech/vcu/commun/Co-Phyloformer/generate_treeducken/generated_trees/Datasets/Dataset71895.tgl,parasite,2333,987
/lustre/fsn1/projects/rech/vcu/commun/Co-Phyloformer/generate_treeducken/generated_trees/Datasets/Dataset3790.tgl,parasite,1053,987
/lustre/fsn1/projects/rech/vcu/commun/Co-Phyloformer/generate_treeducken/generated_trees/Datasets/Dataset43275.tgl,parasite,1327,987
/lustre/fsn1/projects/rech/vcu/commun/Co-Phyloformer/generate_treeducken/generated_trees/Datasets/Dataset94450.tgl,parasite,2368,987
/lustre/fsn1/projects/rech/vcu/commun/Co-Phyloformer/generate_treeducken/generated_trees/Datasets/Dataset14640.tgl,parasite,1301,987
/lustre/fsn1/projects/rech/vcu/commun/Co-Phyloformer/generate_treeducken/generated_trees/Datasets/Dataset37085.tgl,parasite,2730,987
/lustre/fsn1/projects/rech/vcu/commun/Co-Phyloformer/generate_treeducken/generated_trees/Datasets/Dataset55640.tgl,parasite,1867,987
/lustre/fsn1/projects/rech/vcu/commun/Co-Phyloformer/generate_treeducken/generated_trees/Datasets/Dataset66705.tgl,parasite,1040,987
/lustre/fsn1/projects/rech/vcu/commun/Co-Phyloformer/generate_treeducken/generated_trees/Datasets/Dataset91140.tgl,parasite,1112,987
/lustre/fsn1/projects/rech/vcu/commun/Co-Phyloformer/generate_treeducken/generated_trees/Datasets/Dataset73589.tgl,parasite,1279,987
/lustre/fsn1/projects/rech/vcu/commun/Co-Phyloformer/generate_treeducken/generated_trees/Datasets/Dataset1270.tgl,parasite,1083,987
/lustre/fsn1/projects/rech/vcu/commun/Co-Phyloformer/generate_treeducken/generated_trees/Datasets/Dataset68800.tgl,parasite,1803,987
/lustre/fsn1/projects/rech/vcu/commun/Co-Phyloformer/generate_treeducken/generated_trees/Datasets/Dataset32035.tgl,parasite,1131,987
/lustre/fsn1/projects/rech/vcu/commun/Co-Phyloformer/generate_treeducken/generated_trees/Datasets/Dataset26265.tgl,parasite,1061,987
/lustre/fsn1/projects/rech/vcu/commun/Co-Phyloformer/generate_treeducken/generated_trees/Datasets/Dataset2605.tgl,parasite,1172,987
/lustre/fsn1/projects/rech/vcu/commun/Co-Phyloformer/generate_treeducken/generated_trees/Datasets/Dataset16335.tgl,parasite,2328,987
/lustre/fsn1/projects/rech/vcu/commun/Co-Phyloformer/generate_treeducken/generated_trees/Datasets/Dataset14189.tgl,parasite,1092,987
/lustre/fsn1/projects/rech/vcu/commun/Co-Phyloformer/generate_treeducken/generated_trees/Datasets/Dataset51815.tgl,parasite,1027,987
/lustre/fsn1/projects/rech/vcu/commun/Co-Phyloformer/generate_treeducken/generated_trees/Datasets/Dataset11570.tgl,parasite,3144,987
/lustre/fsn1/projects/rech/vcu/commun/Co-Phyloformer/generate_treeducken/generated_trees/Datasets/Dataset23355.tgl,parasite,3567,987
/lustre/fsn1/projects/rech/vcu/commun/Co-Phyloformer/generate_treeducken/generated_trees/Datasets/Dataset78154.tgl,parasite,1000,987
/lustre/fsn1/projects/rech/vcu/commun/Co-Phyloformer/generate_treeducken/generated_trees/Datasets/Dataset48950.tgl,parasite,1743,987
/lustre/fsn1/projects/rech/vcu/commun/Co-Phyloformer/generate_treeducken/generated_trees/Datasets/Dataset13145.tgl,parasite,1178,987
/lustre/fsn1/projects/rech/vcu/commun/Co-Phyloformer/generate_treeducken/generated_trees/Datasets/Dataset60445.tgl,parasite,1122,987
/lustre/fsn1/projects/rech/vcu/commun/Co-Phyloformer/generate_treeducken/generated_trees/Datasets/Dataset72165.tgl,parasite,1456,987
/lustre/fsn1/projects/rech/vcu/commun/Co-Phyloformer/generate_treeducken/generated_trees/Datasets/Dataset5190.tgl,parasite,4181,987
/lustre/fsn1/projects/rech/vcu/commun/Co-Phyloformer/generate_treeducken/generated_trees/Datasets/Dataset84059.tgl,parasite,1434,987
/lustre/fsn1/projects/rech/vcu/commun/Co-Phyloformer/generate_treeducken/generated_trees/Datasets/Dataset55015.tgl,parasite,1178,987
/lustre/fsn1/projects/rech/vcu/commun/Co-Phyloformer/generate_treeducken/generated_trees/Datasets/Dataset95875.tgl,parasite,996,987
/lustre/fsn1/projects/rech/vcu/commun/Co-Phyloformer/generate_treeducken/generated_trees/Datasets/Dataset16120.tgl,parasite,1446,987
/lustre/fsn1/projects/rech/vcu/commun/Co-Phyloformer/generate_treeducken/generated_trees/Datasets/Dataset90940.tgl,parasite,1220,987
/lustre/fsn1/projects/rech/vcu/commun/Co-Phyloformer/generate_treeducken/generated_trees/Datasets/Dataset6140.tgl,parasite,1427,987
/lustre/fsn1/projects/rech/vcu/commun/Co-Phyloformer/generate_treeducken/generated_trees/Datasets/Dataset35235.tgl,parasite,1075,987
/lustre/fsn1/projects/rech/vcu/commun/Co-Phyloformer/generate_treeducken/generated_trees/Datasets/Dataset85995.tgl,parasite,1116,987
/lustre/fsn1/projects/rech/vcu/commun/Co-Phyloformer/generate_treeducken/generated_trees/Datasets/Dataset86675.tgl,parasite,3493,987
/lustre/fsn1/projects/rech/vcu/commun/Co-Phyloformer/generate_treeducken/generated_trees/Datasets/Dataset89455.tgl,parasite,1067,987
/lustre/fsn1/projects/rech/vcu/commun/Co-Phyloformer/generate_treeducken/generated_trees/Datasets/Dataset38295.tgl,parasite,1096,987
/lustre/fsn1/projects/rech/vcu/commun/Co-Phyloformer/generate_treeducken/generated_trees/Datasets/Dataset14150.tgl,parasite,3220,987
/lustre/fsn1/projects/rech/vcu/commun/Co-Phyloformer/generate_treeducken/generated_trees/Datasets/Dataset50430.tgl,parasite,1014,987
/lustre/fsn1/projects/rech/vcu/commun/Co-Phyloformer/generate_treeducken/generated_trees/Datasets/Dataset15020.tgl,parasite,1638,987
/lustre/fsn1/projects/rech/vcu/commun/Co-Phyloformer/generate_treeducken/generated_trees/Datasets/Dataset97960.tgl,parasite,1207,987
/lustre/fsn1/projects/rech/vcu/commun/Co-Phyloformer/generate_treeducken/generated_trees/Datasets/Dataset38249.tgl,parasite,1019,987
/lustre/fsn1/projects/rech/vcu/commun/Co-Phyloformer/generate_treeducken/generated_trees/Datasets/Dataset60219.tgl,parasite,1075,987
/lustre/fsn1/projects/rech/vcu/commun/Co-Phyloformer/generate_treeducken/generated_trees/Datasets/Dataset40300.tgl,parasite,2357,987
/lustre/fsn1/projects/rech/vcu/commun/Co-Phyloformer/generate_treeducken/generated_trees/Datasets/Dataset85795.tgl,parasite,2522,987
/lustre/fsn1/projects/rech/vcu/commun/Co-Phyloformer/generate_treeducken/generated_trees/Datasets/Dataset8825.tgl,parasite,1077,987
/lustre/fsn1/projects/rech/vcu/commun/Co-Phyloformer/generate_treeducken/generated_trees/Datasets/Dataset68125.tgl,parasite,2159,987
/lustre/fsn1/projects/rech/vcu/commun/Co-Phyloformer/generate_treeducken/generated_trees/Datasets/Dataset9510.tgl,parasite,1144,987
/lustre/fsn1/projects/rech/vcu/commun/Co-Phyloformer/generate_treeducken/generated_trees/Datasets/Dataset4340.tgl,parasite,1763,987
/lustre/fsn1/projects/rech/vcu/commun/Co-Phyloformer/generate_treeducken/generated_trees/Datasets/Dataset63415.tgl,parasite,1205,987
/lustre/fsn1/projects/rech/vcu/commun/Co-Phyloformer/generate_treeducken/generated_trees/Datasets/Dataset44025.tgl,parasite,999,987
/lustre/fsn1/projects/rech/vcu/commun/Co-Phyloformer/generate_treeducken/generated_trees/Datasets/Dataset68345.tgl,parasite,1049,987
/lustre/fsn1/projects/rech/vcu/commun/Co-Phyloformer/generate_treeducken/generated_trees/Datasets/Dataset24279.tgl,parasite,1831,987
/lustre/fsn1/projects/rech/vcu/commun/Co-Phyloformer/generate_treeducken/generated_trees/Datasets/Dataset85540.tgl,parasite,1527,987
/lustre/fsn1/projects/rech/vcu/commun/Co-Phyloformer/generate_treeducken/generated_trees/Datasets/Dataset55820.tgl,parasite,1166,987
/lustre/fsn1/projects/rech/vcu/commun/Co-Phyloformer/generate_treeducken/generated_trees/Datasets/Dataset40535.tgl,parasite,1082,987
/lustre/fsn1/projects/rech/vcu/commun/Co-Phyloformer/generate_treeducken/generated_trees/Datasets/Dataset56210.tgl,parasite,1766,987
/lustre/fsn1/projects/rech/vcu/commun/Co-Phyloformer/generate_treeducken/generated_trees/Datasets/Dataset64765.tgl,parasite,1860,987
/lustre/fsn1/projects/rech/vcu/commun/Co-Phyloformer/generate_treeducken/generated_trees/Datasets/Dataset77534.tgl,parasite,1175,987
/lustre/fsn1/projects/rech/vcu/commun/Co-Phyloformer/generate_treeducken/generated_trees/Datasets/Dataset45560.tgl,parasite,2740,987
/lustre/fsn1/projects/rech/vcu/commun/Co-Phyloformer/generate_treeducken/generated_trees/Datasets/Dataset72220.tgl,parasite,1872,987
/lustre/fsn1/projects/rech/vcu/commun/Co-Phyloformer/generate_treeducken/generated_trees/Datasets/Dataset35625.tgl,parasite,1054,987
/lustre/fsn1/projects/rech/vcu/commun/Co-Phyloformer/generate_treeducken/generated_trees/Datasets/Dataset61885.tgl,parasite,1309,987
/lustre/fsn1/projects/rech/vcu/commun/Co-Phyloformer/generate_treeducken/generated_trees/Datasets/Dataset18910.tgl,parasite,1271,987
/lustre/fsn1/projects/rech/vcu/commun/Co-Phyloformer/generate_treeducken/generated_trees/Datasets/Dataset37495.tgl,parasite,1125,987
/lustre/fsn1/projects/rech/vcu/commun/Co-Phyloformer/generate_treeducken/generated_trees/Datasets/Dataset41190.tgl,parasite,1147,987
/lustre/fsn1/projects/rech/vcu/commun/Co-Phyloformer/generate_treeducken/generated_trees/Datasets/Dataset15745.tgl,parasite,1038,987
/lustre/fsn1/projects/rech/vcu/commun/Co-Phyloformer/generate_treeducken/generated_trees/Datasets/Dataset16415.tgl,parasite,2410,987
/lustre/fsn1/projects/rech/vcu/commun/Co-Phyloformer/generate_treeducken/generated_trees/Datasets/Dataset33470.tgl,parasite,2602,987
/lustre/fsn1/projects/rech/vcu/commun/Co-Phyloformer/generate_treeducken/generated_trees/Datasets/Dataset75584.tgl,parasite,1609,987
/lustre/fsn1/projects/rech/vcu/commun/Co-Phyloformer/generate_treeducken/generated_trees/Datasets/Dataset53445.tgl,parasite,1251,987
/lustre/fsn1/projects/rech/vcu/commun/Co-Phyloformer/generate_treeducken/generated_trees/Datasets/Dataset20100.tgl,parasite,1723,987
/lustre/fsn1/projects/rech/vcu/commun/Co-Phyloformer/generate_treeducken/generated_trees/Datasets/Dataset58550.tgl,parasite,1166,987
/lustre/fsn1/projects/rech/vcu/commun/Co-Phyloformer/generate_treeducken/generated_trees/Datasets/Dataset89395.tgl,parasite,1031,987
/lustre/fsn1/projects/rech/vcu/commun/Co-Phyloformer/generate_treeducken/generated_trees/Datasets/Dataset7054.tgl,parasite,1419,987
/lustre/fsn1/projects/rech/vcu/commun/Co-Phyloformer/generate_treeducken/generated_trees/Datasets/Dataset55405.tgl,parasite,2276,987
/lustre/fsn1/projects/rech/vcu/commun/Co-Phyloformer/generate_treeducken/generated_trees/Datasets/Dataset41140.tgl,parasite,1087,987
/lustre/fsn1/projects/rech/vcu/commun/Co-Phyloformer/generate_treeducken/generated_trees/Datasets/Dataset13694.tgl,parasite,1180,987
/lustre/fsn1/projects/rech/vcu/commun/Co-Phyloformer/generate_treeducken/generated_trees/Datasets/Dataset56760.tgl,parasite,1111,987
/lustre/fsn1/projects/rech/vcu/commun/Co-Phyloformer/generate_treeducken/generated_trees/Datasets/Dataset21215.tgl,parasite,1240,987
/lustre/fsn1/projects/rech/vcu/commun/Co-Phyloformer/generate_treeducken/generated_trees/Datasets/Dataset41930.tgl,parasite,1387,987
/lustre/fsn1/projects/rech/vcu/commun/Co-Phyloformer/generate_treeducken/generated_trees/Datasets/Dataset35840.tgl,parasite,1413,987
/lustre/fsn1/projects/rech/vcu/commun/Co-Phyloformer/generate_treeducken/generated_trees/Datasets/Dataset75330.tgl,parasite,1979,987
/lustre/fsn1/projects/rech/vcu/commun/Co-Phyloformer/generate_treeducken/generated_trees/Datasets/Dataset90905.tgl,parasite,2126,987
/lustre/fsn1/projects/rech/vcu/commun/Co-Phyloformer/generate_treeducken/generated_trees/Datasets/Dataset47960.tgl,parasite,1415,987
/lustre/fsn1/projects/rech/vcu/commun/Co-Phyloformer/generate_treeducken/generated_trees/Datasets/Dataset82130.tgl,parasite,1013,987
/lustre/fsn1/projects/rech/vcu/commun/Co-Phyloformer/generate_treeducken/generated_trees/Datasets/Dataset86740.tgl,parasite,3168,987
/lustre/fsn1/projects/rech/vcu/commun/Co-Phyloformer/generate_treeducken/generated_trees/Datasets/Dataset12179.tgl,parasite,1010,987
/lustre/fsn1/projects/rech/vcu/commun/Co-Phyloformer/generate_treeducken/generated_trees/Datasets/Dataset86679.tgl,parasite,1063,987
/lustre/fsn1/projects/rech/vcu/commun/Co-Phyloformer/generate_treeducken/generated_trees/Datasets/Dataset58840.tgl,parasite,1091,987
/lustre/fsn1/projects/rech/vcu/commun/Co-Phyloformer/generate_treeducken/generated_trees/Datasets/Dataset36115.tgl,parasite,1589,987
/lustre/fsn1/projects/rech/vcu/commun/Co-Phyloformer/generate_treeducken/generated_trees/Datasets/Dataset47620.tgl,parasite,1651,987
/lustre/fsn1/projects/rech/vcu/commun/Co-Phyloformer/generate_treeducken/generated_trees/Datasets/Dataset97340.tgl,parasite,1178,987
/lustre/fsn1/projects/rech/vcu/commun/Co-Phyloformer/generate_treeducken/generated_trees/Datasets/Dataset69785.tgl,parasite,1321,987
/lustre/fsn1/projects/rech/vcu/commun/Co-Phyloformer/generate_treeducken/generated_trees/Datasets/Dataset72155.tgl,parasite,998,987
/lustre/fsn1/projects/rech/vcu/commun/Co-Phyloformer/generate_treeducken/generated_trees/Datasets/Dataset70510.tgl,parasite,3103,987
/lustre/fsn1/projects/rech/vcu/commun/Co-Phyloformer/generate_treeducken/generated_trees/Datasets/Dataset65590.tgl,parasite,1337,987
/lustre/fsn1/projects/rech/vcu/commun/Co-Phyloformer/generate_treeducken/generated_trees/Datasets/Dataset59395.tgl,parasite,1173,987
/lustre/fsn1/projects/rech/vcu/commun/Co-Phyloformer/generate_treeducken/generated_trees/Datasets/Dataset6770.tgl,parasite,1560,987
/lustre/fsn1/projects/rech/vcu/commun/Co-Phyloformer/generate_treeducken/generated_trees/Datasets/Dataset45235.tgl,parasite,1009,987
/lustre/fsn1/projects/rech/vcu/commun/Co-Phyloformer/generate_treeducken/generated_trees/Datasets/Dataset79405.tgl,parasite,1925,987
/lustre/fsn1/projects/rech/vcu/commun/Co-Phyloformer/generate_treeducken/generated_trees/Datasets/Dataset28870.tgl,parasite,1185,987
/lustre/fsn1/projects/rech/vcu/commun/Co-Phyloformer/generate_treeducken/generated_trees/Datasets/Dataset96540.tgl,parasite,1023,987
/lustre/fsn1/projects/rech/vcu/commun/Co-Phyloformer/generate_treeducken/generated_trees/Datasets/Dataset2009.tgl,parasite,1087,987
/lustre/fsn1/projects/rech/vcu/commun/Co-Phyloformer/generate_treeducken/generated_trees/Datasets/Dataset66315.tgl,parasite,1391,987
/lustre/fsn1/projects/rech/vcu/commun/Co-Phyloformer/generate_treeducken/generated_trees/Datasets/Dataset93090.tgl,parasite,1409,987
/lustre/fsn1/projects/rech/vcu/commun/Co-Phyloformer/generate_treeducken/generated_trees/Datasets/Dataset32600.tgl,parasite,2035,987
/lustre/fsn1/projects/rech/vcu/commun/Co-Phyloformer/generate_treeducken/generated_trees/Datasets/Dataset70270.tgl,parasite,1071,987
/lustre/fsn1/projects/rech/vcu/commun/Co-Phyloformer/generate_treeducken/generated_trees/Datasets/Dataset59075.tgl,parasite,1007,987
/lustre/fsn1/projects/rech/vcu/commun/Co-Phyloformer/generate_treeducken/generated_trees/Datasets/Dataset89235.tgl,parasite,1242,987
/lustre/fsn1/projects/rech/vcu/commun/Co-Phyloformer/generate_treeducken/generated_trees/Datasets/Dataset6155.tgl,parasite,1320,987
/lustre/fsn1/projects/rech/vcu/commun/Co-Phyloformer/generate_treeducken/generated_trees/Datasets/Dataset81885.tgl,parasite,1112,987
/lustre/fsn1/projects/rech/vcu/commun/Co-Phyloformer/generate_treeducken/generated_trees/Datasets/Dataset76765.tgl,parasite,1548,987
/lustre/fsn1/projects/rech/vcu/commun/Co-Phyloformer/generate_treeducken/generated_trees/Datasets/Dataset98175.tgl,parasite,2564,987
/lustre/fsn1/projects/rech/vcu/commun/Co-Phyloformer/generate_treeducken/generated_trees/Datasets/Dataset20360.tgl,parasite,1164,987
/lustre/fsn1/projects/rech/vcu/commun/Co-Phyloformer/generate_treeducken/generated_trees/Datasets/Dataset97280.tgl,parasite,1462,987
/lustre/fsn1/projects/rech/vcu/commun/Co-Phyloformer/generate_treeducken/generated_trees/Datasets/Dataset55315.tgl,parasite,3077,987
/lustre/fsn1/projects/rech/vcu/commun/Co-Phyloformer/generate_treeducken/generated_trees/Datasets/Dataset86660.tgl,parasite,2582,987
/lustre/fsn1/projects/rech/vcu/commun/Co-Phyloformer/generate_treeducken/generated_trees/Datasets/Dataset86340.tgl,parasite,1278,987
/lustre/fsn1/projects/rech/vcu/commun/Co-Phyloformer/generate_treeducken/generated_trees/Datasets/Dataset84155.tgl,parasite,1600,987
/lustre/fsn1/projects/rech/vcu/commun/Co-Phyloformer/generate_treeducken/generated_trees/Datasets/Dataset26975.tgl,parasite,1155,987
/lustre/fsn1/projects/rech/vcu/commun/Co-Phyloformer/generate_treeducken/generated_trees/Datasets/Dataset67890.tgl,parasite,1403,987
/lustre/fsn1/projects/rech/vcu/commun/Co-Phyloformer/generate_treeducken/generated_trees/Datasets/Dataset41880.tgl,parasite,1509,987
/lustre/fsn1/projects/rech/vcu/commun/Co-Phyloformer/generate_treeducken/generated_trees/Datasets/Dataset78145.tgl,parasite,1474,987
/lustre/fsn1/projects/rech/vcu/commun/Co-Phyloformer/generate_treeducken/generated_trees/Datasets/Dataset55719.tgl,parasite,1263,987
/lustre/fsn1/projects/rech/vcu/commun/Co-Phyloformer/generate_treeducken/generated_trees/Datasets/Dataset89490.tgl,parasite,989,987
/lustre/fsn1/projects/rech/vcu/commun/Co-Phyloformer/generate_treeducken/generated_trees/Datasets/Dataset34964.tgl,parasite,1361,987
/lustre/fsn1/projects/rech/vcu/commun/Co-Phyloformer/generate_treeducken/generated_trees/Datasets/Dataset15834.tgl,parasite,1509,987
/lustre/fsn1/projects/rech/vcu/commun/Co-Phyloformer/generate_treeducken/generated_trees/Datasets/Dataset60440.tgl,parasite,1297,987
/lustre/fsn1/projects/rech/vcu/commun/Co-Phyloformer/generate_treeducken/generated_trees/Datasets/Dataset85873.tgl,parasite,1108,987
/lustre/fsn1/projects/rech/vcu/commun/Co-Phyloformer/generate_treeducken/generated_trees/Datasets/Dataset44975.tgl,parasite,1563,987
/lustre/fsn1/projects/rech/vcu/commun/Co-Phyloformer/generate_treeducken/generated_trees/Datasets/Dataset95485.tgl,parasite,2747,987
/lustre/fsn1/projects/rech/vcu/commun/Co-Phyloformer/generate_treeducken/generated_trees/Datasets/Dataset83270.tgl,parasite,1952,987
/lustre/fsn1/projects/rech/vcu/commun/Co-Phyloformer/generate_treeducken/generated_trees/Datasets/Dataset85255.tgl,parasite,1448,987
/lustre/fsn1/projects/rech/vcu/commun/Co-Phyloformer/generate_treeducken/generated_trees/Datasets/Dataset73050.tgl,parasite,1941,987
/lustre/fsn1/projects/rech/vcu/commun/Co-Phyloformer/generate_treeducken/generated_trees/Datasets/Dataset42725.tgl,parasite,1100,987
/lustre/fsn1/projects/rech/vcu/commun/Co-Phyloformer/generate_treeducken/generated_trees/Datasets/Dataset61015.tgl,parasite,1227,987
/lustre/fsn1/projects/rech/vcu/commun/Co-Phyloformer/generate_treeducken/generated_trees/Datasets/Dataset32080.tgl,parasite,1193,987
/lustre/fsn1/projects/rech/vcu/commun/Co-Phyloformer/generate_treeducken/generated_trees/Datasets/Dataset76450.tgl,parasite,1059,987
/lustre/fsn1/projects/rech/vcu/commun/Co-Phyloformer/generate_treeducken/generated_trees/Datasets/Dataset32840.tgl,parasite,2153,987
/lustre/fsn1/projects/rech/vcu/commun/Co-Phyloformer/generate_treeducken/generated_trees/Datasets/Dataset95690.tgl,parasite,1099,987
/lustre/fsn1/projects/rech/vcu/commun/Co-Phyloformer/generate_treeducken/generated_trees/Datasets/Dataset10535.tgl,parasite,1315,987
/lustre/fsn1/projects/rech/vcu/commun/Co-Phyloformer/generate_treeducken/generated_trees/Datasets/Dataset52570.tgl,parasite,1051,987
/lustre/fsn1/projects/rech/vcu/commun/Co-Phyloformer/generate_treeducken/generated_trees/Datasets/Dataset72324.tgl,parasite,1373,987
/lustre/fsn1/projects/rech/vcu/commun/Co-Phyloformer/generate_treeducken/generated_trees/Datasets/Dataset14355.tgl,parasite,1118,987
/lustre/fsn1/projects/rech/vcu/commun/Co-Phyloformer/generate_treeducken/generated_trees/Datasets/Dataset95820.tgl,parasite,3054,987
/lustre/fsn1/projects/rech/vcu/commun/Co-Phyloformer/generate_treeducken/generated_trees/Datasets/Dataset77100.tgl,parasite,1064,987
/lustre/fsn1/projects/rech/vcu/commun/Co-Phyloformer/generate_treeducken/generated_trees/Datasets/Dataset25150.tgl,parasite,1106,987
/lustre/fsn1/projects/rech/vcu/commun/Co-Phyloformer/generate_treeducken/generated_trees/Datasets/Dataset2695.tgl,parasite,1203,987
/lustre/fsn1/projects/rech/vcu/commun/Co-Phyloformer/generate_treeducken/generated_trees/Datasets/Dataset20930.tgl,parasite,1934,987
/lustre/fsn1/projects/rech/vcu/commun/Co-Phyloformer/generate_treeducken/generated_trees/Datasets/Dataset44140.tgl,parasite,1059,987
/lustre/fsn1/projects/rech/vcu/commun/Co-Phyloformer/generate_treeducken/generated_trees/Datasets/Dataset56645.tgl,parasite,1260,987
/lustre/fsn1/projects/rech/vcu/commun/Co-Phyloformer/generate_treeducken/generated_trees/Datasets/Dataset42315.tgl,parasite,1460,987
/lustre/fsn1/projects/rech/vcu/commun/Co-Phyloformer/generate_treeducken/generated_trees/Datasets/Dataset7280.tgl,parasite,1653,987
/lustre/fsn1/projects/rech/vcu/commun/Co-Phyloformer/generate_treeducken/generated_trees/Datasets/Dataset99660.tgl,parasite,1610,987
/lustre/fsn1/projects/rech/vcu/commun/Co-Phyloformer/generate_treeducken/generated_trees/Datasets/Dataset21565.tgl,parasite,1272,987
/lustre/fsn1/projects/rech/vcu/commun/Co-Phyloformer/generate_treeducken/generated_trees/Datasets/Dataset75579.tgl,parasite,1109,987
/lustre/fsn1/projects/rech/vcu/commun/Co-Phyloformer/generate_treeducken/generated_trees/Datasets/Dataset4460.tgl,parasite,1055,987
/lustre/fsn1/projects/rech/vcu/commun/Co-Phyloformer/generate_treeducken/generated_trees/Datasets/Dataset25045.tgl,parasite,1028,987
/lustre/fsn1/projects/rech/vcu/commun/Co-Phyloformer/generate_treeducken/generated_trees/Datasets/Dataset58965.tgl,parasite,1045,987
/lustre/fsn1/projects/rech/vcu/commun/Co-Phyloformer/generate_treeducken/generated_trees/Datasets/Dataset28365.tgl,parasite,1031,987
/lustre/fsn1/projects/rech/vcu/commun/Co-Phyloformer/generate_treeducken/generated_trees/Datasets/Dataset53970.tgl,parasite,1276,987
/lustre/fsn1/projects/rech/vcu/commun/Co-Phyloformer/generate_treeducken/generated_trees/Datasets/Dataset70325.tgl,parasite,1166,987
/lustre/fsn1/projects/rech/vcu/commun/Co-Phyloformer/generate_treeducken/generated_trees/Datasets/Dataset5645.tgl,parasite,1414,987
/lustre/fsn1/projects/rech/vcu/commun/Co-Phyloformer/generate_treeducken/generated_trees/Datasets/Dataset50429.tgl,parasite,1161,987
/lustre/fsn1/projects/rech/vcu/commun/Co-Phyloformer/generate_treeducken/generated_trees/Datasets/Dataset51200.tgl,parasite,1239,987
/lustre/fsn1/projects/rech/vcu/commun/Co-Phyloformer/generate_treeducken/generated_trees/Datasets/Dataset66615.tgl,parasite,2697,987
/lustre/fsn1/projects/rech/vcu/commun/Co-Phyloformer/generate_treeducken/generated_trees/Datasets/Dataset97380.tgl,parasite,1890,987
/lustre/fsn1/projects/rech/vcu/commun/Co-Phyloformer/generate_treeducken/generated_trees/Datasets/Dataset61260.tgl,parasite,1177,987
/lustre/fsn1/projects/rech/vcu/commun/Co-Phyloformer/generate_treeducken/generated_trees/Datasets/Dataset56934.tgl,parasite,1531,987
/lustre/fsn1/projects/rech/vcu/commun/Co-Phyloformer/generate_treeducken/generated_trees/Datasets/Dataset57055.tgl,parasite,2174,987
/lustre/fsn1/projects/rech/vcu/commun/Co-Phyloformer/generate_treeducken/generated_trees/Datasets/Dataset24124.tgl,parasite,1108,987
/lustre/fsn1/projects/rech/vcu/commun/Co-Phyloformer/generate_treeducken/generated_trees/Datasets/Dataset59430.tgl,parasite,1060,987
/lustre/fsn1/projects/rech/vcu/commun/Co-Phyloformer/generate_treeducken/generated_trees/Datasets/Dataset4920.tgl,parasite,2162,987
/lustre/fsn1/projects/rech/vcu/commun/Co-Phyloformer/generate_treeducken/generated_trees/Datasets/Dataset18380.tgl,parasite,1087,987
/lustre/fsn1/projects/rech/vcu/commun/Co-Phyloformer/generate_treeducken/generated_trees/Datasets/Dataset33040.tgl,parasite,1743,987
/lustre/fsn1/projects/rech/vcu/commun/Co-Phyloformer/generate_treeducken/generated_trees/Datasets/Dataset775.tgl,parasite,1160,987
/lustre/fsn1/projects/rech/vcu/commun/Co-Phyloformer/generate_treeducken/generated_trees/Datasets/Dataset26569.tgl,parasite,1022,987
/lustre/fsn1/projects/rech/vcu/commun/Co-Phyloformer/generate_treeducken/generated_trees/Datasets/Dataset88295.tgl,parasite,1053,987
/lustre/fsn1/projects/rech/vcu/commun/Co-Phyloformer/generate_treeducken/generated_trees/Datasets/Dataset73680.tgl,parasite,1175,987
/lustre/fsn1/projects/rech/vcu/commun/Co-Phyloformer/generate_treeducken/generated_trees/Datasets/Dataset1925.tgl,parasite,1074,987
/lustre/fsn1/projects/rech/vcu/commun/Co-Phyloformer/generate_treeducken/generated_trees/Datasets/Dataset91515.tgl,parasite,1231,987
/lustre/fsn1/projects/rech/vcu/commun/Co-Phyloformer/generate_treeducken/generated_trees/Datasets/Dataset28810.tgl,parasite,1518,987
/lustre/fsn1/projects/rech/vcu/commun/Co-Phyloformer/generate_treeducken/generated_trees/Datasets/Dataset92979.tgl,parasite,1239,987
/lustre/fsn1/projects/rech/vcu/commun/Co-Phyloformer/generate_treeducken/generated_trees/Datasets/Dataset41240.tgl,parasite,1508,987
/lustre/fsn1/projects/rech/vcu/commun/Co-Phyloformer/generate_treeducken/generated_trees/Datasets/Dataset75055.tgl,parasite,1263,987
/lustre/fsn1/projects/rech/vcu/commun/Co-Phyloformer/generate_treeducken/generated_trees/Datasets/Dataset16090.tgl,parasite,2314,987
/lustre/fsn1/projects/rech/vcu/commun/Co-Phyloformer/generate_treeducken/generated_trees/Datasets/Dataset42424.tgl,parasite,1615,987
/lustre/fsn1/projects/rech/vcu/commun/Co-Phyloformer/generate_treeducken/generated_trees/Datasets/Dataset48000.tgl,parasite,1476,987
/lustre/fsn1/projects/rech/vcu/commun/Co-Phyloformer/generate_treeducken/generated_trees/Datasets/Dataset50635.tgl,parasite,1830,987
/lustre/fsn1/projects/rech/vcu/commun/Co-Phyloformer/generate_treeducken/generated_trees/Datasets/Dataset71995.tgl,parasite,1094,987
/lustre/fsn1/projects/rech/vcu/commun/Co-Phyloformer/generate_treeducken/generated_trees/Datasets/Dataset51660.tgl,parasite,2348,987
/lustre/fsn1/projects/rech/vcu/commun/Co-Phyloformer/generate_treeducken/generated_trees/Datasets/Dataset38955.tgl,parasite,1072,987
/lustre/fsn1/projects/rech/vcu/commun/Co-Phyloformer/generate_treeducken/generated_trees/Datasets/Dataset1960.tgl,parasite,1356,987
/lustre/fsn1/projects/rech/vcu/commun/Co-Phyloformer/generate_treeducken/generated_trees/Datasets/Dataset94895.tgl,parasite,1005,987
/lustre/fsn1/projects/rech/vcu/commun/Co-Phyloformer/generate_treeducken/generated_trees/Datasets/Dataset69740.tgl,parasite,1770,987
/lustre/fsn1/projects/rech/vcu/commun/Co-Phyloformer/generate_treeducken/generated_trees/Datasets/Dataset90865.tgl,parasite,1153,987
/lustre/fsn1/projects/rech/vcu/commun/Co-Phyloformer/generate_treeducken/generated_trees/Datasets/Dataset57090.tgl,parasite,1199,987
/lustre/fsn1/projects/rech/vcu/commun/Co-Phyloformer/generate_treeducken/generated_trees/Datasets/Dataset94860.tgl,parasite,1397,987
/lustre/fsn1/projects/rech/vcu/commun/Co-Phyloformer/generate_treeducken/generated_trees/Datasets/Dataset71245.tgl,parasite,1002,987
/lustre/fsn1/projects/rech/vcu/commun/Co-Phyloformer/generate_treeducken/generated_trees/Datasets/Dataset64885.tgl,parasite,1172,987
/lustre/fsn1/projects/rech/vcu/commun/Co-Phyloformer/generate_treeducken/generated_trees/Datasets/Dataset65520.tgl,parasite,2190,987
/lustre/fsn1/projects/rech/vcu/commun/Co-Phyloformer/generate_treeducken/generated_trees/Datasets/Dataset41645.tgl,parasite,1192,987
/lustre/fsn1/projects/rech/vcu/commun/Co-Phyloformer/generate_treeducken/generated_trees/Datasets/Dataset95885.tgl,parasite,1745,987
/lustre/fsn1/projects/rech/vcu/commun/Co-Phyloformer/generate_treeducken/generated_trees/Datasets/Dataset32610.tgl,parasite,1144,987
/lustre/fsn1/projects/rech/vcu/commun/Co-Phyloformer/generate_treeducken/generated_trees/Datasets/Dataset43685.tgl,parasite,1009,987
/lustre/fsn1/projects/rech/vcu/commun/Co-Phyloformer/generate_treeducken/generated_trees/Datasets/Dataset19570.tgl,parasite,2737,987
/lustre/fsn1/projects/rech/vcu/commun/Co-Phyloformer/generate_treeducken/generated_trees/Datasets/Dataset23895.tgl,parasite,4776,987
/lustre/fsn1/projects/rech/vcu/commun/Co-Phyloformer/generate_treeducken/generated_trees/Datasets/Dataset14940.tgl,parasite,1932,987
/lustre/fsn1/projects/rech/vcu/commun/Co-Phyloformer/generate_treeducken/generated_trees/Datasets/Dataset19050.tgl,parasite,1086,987
/lustre/fsn1/projects/rech/vcu/commun/Co-Phyloformer/generate_treeducken/generated_trees/Datasets/Dataset24125.tgl,parasite,1969,987
/lustre/fsn1/projects/rech/vcu/commun/Co-Phyloformer/generate_treeducken/generated_trees/Datasets/Dataset39470.tgl,parasite,1499,987
/lustre/fsn1/projects/rech/vcu/commun/Co-Phyloformer/generate_treeducken/generated_trees/Datasets/Dataset28000.tgl,parasite,1146,987
/lustre/fsn1/projects/rech/vcu/commun/Co-Phyloformer/generate_treeducken/generated_trees/Datasets/Dataset7125.tgl,parasite,1273,987
/lustre/fsn1/projects/rech/vcu/commun/Co-Phyloformer/generate_treeducken/generated_trees/Datasets/Dataset67760.tgl,parasite,1941,987
/lustre/fsn1/projects/rech/vcu/commun/Co-Phyloformer/generate_treeducken/generated_trees/Datasets/Dataset67300.tgl,parasite,1069,987
/lustre/fsn1/projects/rech/vcu/commun/Co-Phyloformer/generate_treeducken/generated_trees/Datasets/Dataset9195.tgl,parasite,1035,987
/lustre/fsn1/projects/rech/vcu/commun/Co-Phyloformer/generate_treeducken/generated_trees/Datasets/Dataset45319.tgl,parasite,1044,987
/lustre/fsn1/projects/rech/vcu/commun/Co-Phyloformer/generate_treeducken/generated_trees/Datasets/Dataset67734.tgl,parasite,1004,987
/lustre/fsn1/projects/rech/vcu/commun/Co-Phyloformer/generate_treeducken/generated_trees/Datasets/Dataset41785.tgl,parasite,1093,987
/lustre/fsn1/projects/rech/vcu/commun/Co-Phyloformer/generate_treeducken/generated_trees/Datasets/Dataset72819.tgl,parasite,1287,987
/lustre/fsn1/projects/rech/vcu/commun/Co-Phyloformer/generate_treeducken/generated_trees/Datasets/Dataset54909.tgl,parasite,1363,987
/lustre/fsn1/projects/rech/vcu/commun/Co-Phyloformer/generate_treeducken/generated_trees/Datasets/Dataset97350.tgl,parasite,2097,987
/lustre/fsn1/projects/rech/vcu/commun/Co-Phyloformer/generate_treeducken/generated_trees/Datasets/Dataset62075.tgl,parasite,1430,987
/lustre/fsn1/projects/rech/vcu/commun/Co-Phyloformer/generate_treeducken/generated_trees/Datasets/Dataset99825.tgl,parasite,2013,987
/lustre/fsn1/projects/rech/vcu/commun/Co-Phyloformer/generate_treeducken/generated_trees/Datasets/Dataset94585.tgl,parasite,1678,987
/lustre/fsn1/projects/rech/vcu/commun/Co-Phyloformer/generate_treeducken/generated_trees/Datasets/Dataset1904.tgl,parasite,1177,987
/lustre/fsn1/projects/rech/vcu/commun/Co-Phyloformer/generate_treeducken/generated_trees/Datasets/Dataset12675.tgl,parasite,2840,987
/lustre/fsn1/projects/rech/vcu/commun/Co-Phyloformer/generate_treeducken/generated_trees/Datasets/Dataset97835.tgl,parasite,1757,987
/lustre/fsn1/projects/rech/vcu/commun/Co-Phyloformer/generate_treeducken/generated_trees/Datasets/Dataset27905.tgl,parasite,1016,987
/lustre/fsn1/projects/rech/vcu/commun/Co-Phyloformer/generate_treeducken/generated_trees/Datasets/Dataset28450.tgl,parasite,2011,987
/lustre/fsn1/projects/rech/vcu/commun/Co-Phyloformer/generate_treeducken/generated_trees/Datasets/Dataset5954.tgl,parasite,1375,987
/lustre/fsn1/projects/rech/vcu/commun/Co-Phyloformer/generate_treeducken/generated_trees/Datasets/Dataset42249.tgl,parasite,1056,987
/lustre/fsn1/projects/rech/vcu/commun/Co-Phyloformer/generate_treeducken/generated_trees/Datasets/Dataset64295.tgl,parasite,1265,987
/lustre/fsn1/projects/rech/vcu/commun/Co-Phyloformer/generate_treeducken/generated_trees/Datasets/Dataset52185.tgl,parasite,1016,987
/lustre/fsn1/projects/rech/vcu/commun/Co-Phyloformer/generate_treeducken/generated_trees/Datasets/Dataset71645.tgl,parasite,1006,987
/lustre/fsn1/projects/rech/vcu/commun/Co-Phyloformer/generate_treeducken/generated_trees/Datasets/Dataset61275.tgl,parasite,1011,987
/lustre/fsn1/projects/rech/vcu/commun/Co-Phyloformer/generate_treeducken/generated_trees/Datasets/Dataset15395.tgl,parasite,1315,987
/lustre/fsn1/projects/rech/vcu/commun/Co-Phyloformer/generate_treeducken/generated_trees/Datasets/Dataset46995.tgl,parasite,1177,987
/lustre/fsn1/projects/rech/vcu/commun/Co-Phyloformer/generate_treeducken/generated_trees/Datasets/Dataset86080.tgl,parasite,4058,987
/lustre/fsn1/projects/rech/vcu/commun/Co-Phyloformer/generate_treeducken/generated_trees/Datasets/Dataset31995.tgl,parasite,1840,987
/lustre/fsn1/projects/rech/vcu/commun/Co-Phyloformer/generate_treeducken/generated_trees/Datasets/Dataset58330.tgl,parasite,1137,987
/lustre/fsn1/projects/rech/vcu/commun/Co-Phyloformer/generate_treeducken/generated_trees/Datasets/Dataset13895.tgl,parasite,1611,987
/lustre/fsn1/projects/rech/vcu/commun/Co-Phyloformer/generate_treeducken/generated_trees/Datasets/Dataset51170.tgl,parasite,1272,987
/lustre/fsn1/projects/rech/vcu/commun/Co-Phyloformer/generate_treeducken/generated_trees/Datasets/Dataset80215.tgl,parasite,1686,987
/lustre/fsn1/projects/rech/vcu/commun/Co-Phyloformer/generate_treeducken/generated_trees/Datasets/Dataset67725.tgl,parasite,1005,987
/lustre/fsn1/projects/rech/vcu/commun/Co-Phyloformer/generate_treeducken/generated_trees/Datasets/Dataset44305.tgl,parasite,1244,987
/lustre/fsn1/projects/rech/vcu/commun/Co-Phyloformer/generate_treeducken/generated_trees/Datasets/Dataset72125.tgl,parasite,1934,987
/lustre/fsn1/projects/rech/vcu/commun/Co-Phyloformer/generate_treeducken/generated_trees/Datasets/Dataset82565.tgl,parasite,1086,987
/lustre/fsn1/projects/rech/vcu/commun/Co-Phyloformer/generate_treeducken/generated_trees/Datasets/Dataset56935.tgl,parasite,1284,987
/lustre/fsn1/projects/rech/vcu/commun/Co-Phyloformer/generate_treeducken/generated_trees/Datasets/Dataset74204.tgl,parasite,1221,987
/lustre/fsn1/projects/rech/vcu/commun/Co-Phyloformer/generate_treeducken/generated_trees/Datasets/Dataset54705.tgl,parasite,1151,987
/lustre/fsn1/projects/rech/vcu/commun/Co-Phyloformer/generate_treeducken/generated_trees/Datasets/Dataset83710.tgl,parasite,1210,987
/lustre/fsn1/projects/rech/vcu/commun/Co-Phyloformer/generate_treeducken/generated_trees/Datasets/Dataset19745.tgl,parasite,2021,987
/lustre/fsn1/projects/rech/vcu/commun/Co-Phyloformer/generate_treeducken/generated_trees/Datasets/Dataset43610.tgl,parasite,3586,987
/lustre/fsn1/projects/rech/vcu/commun/Co-Phyloformer/generate_treeducken/generated_trees/Datasets/Dataset20430.tgl,parasite,1054,987
/lustre/fsn1/projects/rech/vcu/commun/Co-Phyloformer/generate_treeducken/generated_trees/Datasets/Dataset72524.tgl,parasite,1007,987
/lustre/fsn1/projects/rech/vcu/commun/Co-Phyloformer/generate_treeducken/generated_trees/Datasets/Dataset19265.tgl,parasite,1099,987
/lustre/fsn1/projects/rech/vcu/commun/Co-Phyloformer/generate_treeducken/generated_trees/Datasets/Dataset96720.tgl,parasite,2349,987
/lustre/fsn1/projects/rech/vcu/commun/Co-Phyloformer/generate_treeducken/generated_trees/Datasets/Dataset73905.tgl,parasite,1047,987
/lustre/fsn1/projects/rech/vcu/commun/Co-Phyloformer/generate_treeducken/generated_trees/Datasets/Dataset50925.tgl,parasite,1798,987
/lustre/fsn1/projects/rech/vcu/commun/Co-Phyloformer/generate_treeducken/generated_trees/Datasets/Dataset75580.tgl,parasite,1641,987
/lustre/fsn1/projects/rech/vcu/commun/Co-Phyloformer/generate_treeducken/generated_trees/Datasets/Dataset62950.tgl,parasite,1267,987
/lustre/fsn1/projects/rech/vcu/commun/Co-Phyloformer/generate_treeducken/generated_trees/Datasets/Dataset89525.tgl,parasite,1488,987
/lustre/fsn1/projects/rech/vcu/commun/Co-Phyloformer/generate_treeducken/generated_trees/Datasets/Dataset17420.tgl,parasite,1119,987
/lustre/fsn1/projects/rech/vcu/commun/Co-Phyloformer/generate_treeducken/generated_trees/Datasets/Dataset1560.tgl,parasite,1482,987
/lustre/fsn1/projects/rech/vcu/commun/Co-Phyloformer/generate_treeducken/generated_trees/Datasets/Dataset77410.tgl,parasite,1138,987
/lustre/fsn1/projects/rech/vcu/commun/Co-Phyloformer/generate_treeducken/generated_trees/Datasets/Dataset69295.tgl,parasite,1288,987
/lustre/fsn1/projects/rech/vcu/commun/Co-Phyloformer/generate_treeducken/generated_trees/Datasets/Dataset24319.tgl,parasite,1400,987
/lustre/fsn1/projects/rech/vcu/commun/Co-Phyloformer/generate_treeducken/generated_trees/Datasets/Dataset82965.tgl,parasite,1004,987
/lustre/fsn1/projects/rech/vcu/commun/Co-Phyloformer/generate_treeducken/generated_trees/Datasets/Dataset60940.tgl,parasite,1239,987
/lustre/fsn1/projects/rech/vcu/commun/Co-Phyloformer/generate_treeducken/generated_trees/Datasets/Dataset68360.tgl,parasite,1270,987
/lustre/fsn1/projects/rech/vcu/commun/Co-Phyloformer/generate_treeducken/generated_trees/Datasets/Dataset77480.tgl,parasite,1717,987
/lustre/fsn1/projects/rech/vcu/commun/Co-Phyloformer/generate_treeducken/generated_trees/Datasets/Dataset21870.tgl,parasite,3263,987
/lustre/fsn1/projects/rech/vcu/commun/Co-Phyloformer/generate_treeducken/generated_trees/Datasets/Dataset61315.tgl,parasite,1386,987
/lustre/fsn1/projects/rech/vcu/commun/Co-Phyloformer/generate_treeducken/generated_trees/Datasets/Dataset99550.tgl,parasite,1146,987
/lustre/fsn1/projects/rech/vcu/commun/Co-Phyloformer/generate_treeducken/generated_trees/Datasets/Dataset40435.tgl,parasite,1045,987
/lustre/fsn1/projects/rech/vcu/commun/Co-Phyloformer/generate_treeducken/generated_trees/Datasets/Dataset96310.tgl,parasite,1474,987
/lustre/fsn1/projects/rech/vcu/commun/Co-Phyloformer/generate_treeducken/generated_trees/Datasets/Dataset11655.tgl,parasite,1308,987
/lustre/fsn1/projects/rech/vcu/commun/Co-Phyloformer/generate_treeducken/generated_trees/Datasets/Dataset32605.tgl,parasite,1521,987
/lustre/fsn1/projects/rech/vcu/commun/Co-Phyloformer/generate_treeducken/generated_trees/Datasets/Dataset70164.tgl,parasite,1164,987
/lustre/fsn1/projects/rech/vcu/commun/Co-Phyloformer/generate_treeducken/generated_trees/Datasets/Dataset82760.tgl,parasite,1087,987
/lustre/fsn1/projects/rech/vcu/commun/Co-Phyloformer/generate_treeducken/generated_trees/Datasets/Dataset36865.tgl,parasite,2117,987
/lustre/fsn1/projects/rech/vcu/commun/Co-Phyloformer/generate_treeducken/generated_trees/Datasets/Dataset65529.tgl,parasite,1789,987
/lustre/fsn1/projects/rech/vcu/commun/Co-Phyloformer/generate_treeducken/generated_trees/Datasets/Dataset8175.tgl,parasite,2601,987
/lustre/fsn1/projects/rech/vcu/commun/Co-Phyloformer/generate_treeducken/generated_trees/Datasets/Dataset43045.tgl,parasite,2461,987
/lustre/fsn1/projects/rech/vcu/commun/Co-Phyloformer/generate_treeducken/generated_trees/Datasets/Dataset53855.tgl,parasite,1788,987
/lustre/fsn1/projects/rech/vcu/commun/Co-Phyloformer/generate_treeducken/generated_trees/Datasets/Dataset6685.tgl,parasite,1067,987
/lustre/fsn1/projects/rech/vcu/commun/Co-Phyloformer/generate_treeducken/generated_trees/Datasets/Dataset62935.tgl,parasite,1819,987
/lustre/fsn1/projects/rech/vcu/commun/Co-Phyloformer/generate_treeducken/generated_trees/Datasets/Dataset68314.tgl,parasite,1074,987
/lustre/fsn1/projects/rech/vcu/commun/Co-Phyloformer/generate_treeducken/generated_trees/Datasets/Dataset23145.tgl,parasite,1114,987
/lustre/fsn1/projects/rech/vcu/commun/Co-Phyloformer/generate_treeducken/generated_trees/Datasets/Dataset97379.tgl,parasite,1079,987
/lustre/fsn1/projects/rech/vcu/commun/Co-Phyloformer/generate_treeducken/generated_trees/Datasets/Dataset83439.tgl,parasite,1502,987
/lustre/fsn1/projects/rech/vcu/commun/Co-Phyloformer/generate_treeducken/generated_trees/Datasets/Dataset52370.tgl,parasite,1268,987
/lustre/fsn1/projects/rech/vcu/commun/Co-Phyloformer/generate_treeducken/generated_trees/Datasets/Dataset99059.tgl,parasite,1376,987
/lustre/fsn1/projects/rech/vcu/commun/Co-Phyloformer/generate_treeducken/generated_trees/Datasets/Dataset54050.tgl,parasite,1035,987
/lustre/fsn1/projects/rech/vcu/commun/Co-Phyloformer/generate_treeducken/generated_trees/Datasets/Dataset11460.tgl,parasite,1964,987
/lustre/fsn1/projects/rech/vcu/commun/Co-Phyloformer/generate_treeducken/generated_trees/Datasets/Dataset82140.tgl,parasite,1377,987
/lustre/fsn1/projects/rech/vcu/commun/Co-Phyloformer/generate_treeducken/generated_trees/Datasets/Dataset93455.tgl,parasite,999,987
/lustre/fsn1/projects/rech/vcu/commun/Co-Phyloformer/generate_treeducken/generated_trees/Datasets/Dataset1795.tgl,parasite,1155,987
/lustre/fsn1/projects/rech/vcu/commun/Co-Phyloformer/generate_treeducken/generated_trees/Datasets/Dataset35765.tgl,parasite,1010,987
/lustre/fsn1/projects/rech/vcu/commun/Co-Phyloformer/generate_treeducken/generated_trees/Datasets/Dataset59834.tgl,parasite,1140,987
/lustre/fsn1/projects/rech/vcu/commun/Co-Phyloformer/generate_treeducken/generated_trees/Datasets/Dataset48775.tgl,parasite,1598,987
/lustre/fsn1/projects/rech/vcu/commun/Co-Phyloformer/generate_treeducken/generated_trees/Datasets/Dataset51940.tgl,parasite,2709,987
/lustre/fsn1/projects/rech/vcu/commun/Co-Phyloformer/generate_treeducken/generated_trees/Datasets/Dataset68465.tgl,parasite,1230,987
/lustre/fsn1/projects/rech/vcu/commun/Co-Phyloformer/generate_treeducken/generated_trees/Datasets/Dataset51714.tgl,parasite,1073,987
/lustre/fsn1/projects/rech/vcu/commun/Co-Phyloformer/generate_treeducken/generated_trees/Datasets/Dataset29920.tgl,parasite,1079,987
/lustre/fsn1/projects/rech/vcu/commun/Co-Phyloformer/generate_treeducken/generated_trees/Datasets/Dataset33795.tgl,parasite,1096,987
/lustre/fsn1/projects/rech/vcu/commun/Co-Phyloformer/generate_treeducken/generated_trees/Datasets/Dataset54400.tgl,parasite,1132,987
/lustre/fsn1/projects/rech/vcu/commun/Co-Phyloformer/generate_treeducken/generated_trees/Datasets/Dataset39925.tgl,parasite,1675,987
/lustre/fsn1/projects/rech/vcu/commun/Co-Phyloformer/generate_treeducken/generated_trees/Datasets/Dataset99435.tgl,parasite,1080,987
/lustre/fsn1/projects/rech/vcu/commun/Co-Phyloformer/generate_treeducken/generated_trees/Datasets/Dataset94480.tgl,parasite,1079,987
/lustre/fsn1/projects/rech/vcu/commun/Co-Phyloformer/generate_treeducken/generated_trees/Datasets/Dataset48795.tgl,parasite,1044,987
/lustre/fsn1/projects/rech/vcu/commun/Co-Phyloformer/generate_treeducken/generated_trees/Datasets/Dataset37995.tgl,parasite,3285,987
/lustre/fsn1/projects/rech/vcu/commun/Co-Phyloformer/generate_treeducken/generated_trees/Datasets/Dataset69505.tgl,parasite,1107,987
/lustre/fsn1/projects/rech/vcu/commun/Co-Phyloformer/generate_treeducken/generated_trees/Datasets/Dataset50710.tgl,parasite,1422,987
/lustre/fsn1/projects/rech/vcu/commun/Co-Phyloformer/generate_treeducken/generated_trees/Datasets/Dataset28540.tgl,parasite,1177,987
/lustre/fsn1/projects/rech/vcu/commun/Co-Phyloformer/generate_treeducken/generated_trees/Datasets/Dataset51040.tgl,parasite,1038,987
/lustre/fsn1/projects/rech/vcu/commun/Co-Phyloformer/generate_treeducken/generated_trees/Datasets/Dataset78765.tgl,parasite,1010,987
/lustre/fsn1/projects/rech/vcu/commun/Co-Phyloformer/generate_treeducken/generated_trees/Datasets/Dataset23850.tgl,parasite,1213,987
/lustre/fsn1/projects/rech/vcu/commun/Co-Phyloformer/generate_treeducken/generated_trees/Datasets/Dataset47070.tgl,parasite,2954,987
/lustre/fsn1/projects/rech/vcu/commun/Co-Phyloformer/generate_treeducken/generated_trees/Datasets/Dataset50030.tgl,parasite,1018,987
/lustre/fsn1/projects/rech/vcu/commun/Co-Phyloformer/generate_treeducken/generated_trees/Datasets/Dataset96600.tgl,parasite,1841,987
/lustre/fsn1/projects/rech/vcu/commun/Co-Phyloformer/generate_treeducken/generated_trees/Datasets/Dataset15295.tgl,parasite,1455,987
/lustre/fsn1/projects/rech/vcu/commun/Co-Phyloformer/generate_treeducken/generated_trees/Datasets/Dataset10140.tgl,parasite,1230,987
/lustre/fsn1/projects/rech/vcu/commun/Co-Phyloformer/generate_treeducken/generated_trees/Datasets/Dataset82320.tgl,parasite,2235,987
/lustre/fsn1/projects/rech/vcu/commun/Co-Phyloformer/generate_treeducken/generated_trees/Datasets/Dataset14699.tgl,parasite,1063,987
/lustre/fsn1/projects/rech/vcu/commun/Co-Phyloformer/generate_treeducken/generated_trees/Datasets/Dataset98680.tgl,parasite,1555,987
/lustre/fsn1/projects/rech/vcu/commun/Co-Phyloformer/generate_treeducken/generated_trees/Datasets/Dataset23965.tgl,parasite,2370,987
/lustre/fsn1/projects/rech/vcu/commun/Co-Phyloformer/generate_treeducken/generated_trees/Datasets/Dataset26245.tgl,parasite,2384,987
/lustre/fsn1/projects/rech/vcu/commun/Co-Phyloformer/generate_treeducken/generated_trees/Datasets/Dataset70310.tgl,parasite,3768,987
/lustre/fsn1/projects/rech/vcu/commun/Co-Phyloformer/generate_treeducken/generated_trees/Datasets/Dataset29660.tgl,parasite,1437,987
/lustre/fsn1/projects/rech/vcu/commun/Co-Phyloformer/generate_treeducken/generated_trees/Datasets/Dataset17715.tgl,parasite,1063,987
/lustre/fsn1/projects/rech/vcu/commun/Co-Phyloformer/generate_treeducken/generated_trees/Datasets/Dataset11265.tgl,parasite,992,987
/lustre/fsn1/projects/rech/vcu/commun/Co-Phyloformer/generate_treeducken/generated_trees/Datasets/Dataset2585.tgl,parasite,1687,987
/lustre/fsn1/projects/rech/vcu/commun/Co-Phyloformer/generate_treeducken/generated_trees/Datasets/Dataset67855.tgl,parasite,1416,987
/lustre/fsn1/projects/rech/vcu/commun/Co-Phyloformer/generate_treeducken/generated_trees/Datasets/Dataset68185.tgl,parasite,1100,987
/lustre/fsn1/projects/rech/vcu/commun/Co-Phyloformer/generate_treeducken/generated_trees/Datasets/Dataset77445.tgl,parasite,1011,987
/lustre/fsn1/projects/rech/vcu/commun/Co-Phyloformer/generate_treeducken/generated_trees/Datasets/Dataset47940.tgl,parasite,1664,987
/lustre/fsn1/projects/rech/vcu/commun/Co-Phyloformer/generate_treeducken/generated_trees/Datasets/Dataset55980.tgl,parasite,2023,987
/lustre/fsn1/projects/rech/vcu/commun/Co-Phyloformer/generate_treeducken/generated_trees/Datasets/Dataset35700.tgl,parasite,3027,987
/lustre/fsn1/projects/rech/vcu/commun/Co-Phyloformer/generate_treeducken/generated_trees/Datasets/Dataset35675.tgl,parasite,2190,987
/lustre/fsn1/projects/rech/vcu/commun/Co-Phyloformer/generate_treeducken/generated_trees/Datasets/Dataset27705.tgl,parasite,1031,987
/lustre/fsn1/projects/rech/vcu/commun/Co-Phyloformer/generate_treeducken/generated_trees/Datasets/Dataset6045.tgl,parasite,1518,987
/lustre/fsn1/projects/rech/vcu/commun/Co-Phyloformer/generate_treeducken/generated_trees/Datasets/Dataset78124.tgl,parasite,1352,987
/lustre/fsn1/projects/rech/vcu/commun/Co-Phyloformer/generate_treeducken/generated_trees/Datasets/Dataset49835.tgl,parasite,1294,987
/lustre/fsn1/projects/rech/vcu/commun/Co-Phyloformer/generate_treeducken/generated_trees/Datasets/Dataset79115.tgl,parasite,1977,987
/lustre/fsn1/projects/rech/vcu/commun/Co-Phyloformer/generate_treeducken/generated_trees/Datasets/Dataset22075.tgl,parasite,1252,987
/lustre/fsn1/projects/rech/vcu/commun/Co-Phyloformer/generate_treeducken/generated_trees/Datasets/Dataset94624.tgl,parasite,1178,987
/lustre/fsn1/projects/rech/vcu/commun/Co-Phyloformer/generate_treeducken/generated_trees/Datasets/Dataset6765.tgl,parasite,1106,987
/lustre/fsn1/projects/rech/vcu/commun/Co-Phyloformer/generate_treeducken/generated_trees/Datasets/Dataset8205.tgl,parasite,1405,987
/lustre/fsn1/projects/rech/vcu/commun/Co-Phyloformer/generate_treeducken/generated_trees/Datasets/Dataset69655.tgl,parasite,1539,987
/lustre/fsn1/projects/rech/vcu/commun/Co-Phyloformer/generate_treeducken/generated_trees/Datasets/Dataset45025.tgl,parasite,1355,987
/lustre/fsn1/projects/rech/vcu/commun/Co-Phyloformer/generate_treeducken/generated_trees/Datasets/Dataset36070.tgl,parasite,1112,987
/lustre/fsn1/projects/rech/vcu/commun/Co-Phyloformer/generate_treeducken/generated_trees/Datasets/Dataset35650.tgl,parasite,1385,987
/lustre/fsn1/projects/rech/vcu/commun/Co-Phyloformer/generate_treeducken/generated_trees/Datasets/Dataset53520.tgl,parasite,1710,987
/lustre/fsn1/projects/rech/vcu/commun/Co-Phyloformer/generate_treeducken/generated_trees/Datasets/Dataset46150.tgl,parasite,1603,987
/lustre/fsn1/projects/rech/vcu/commun/Co-Phyloformer/generate_treeducken/generated_trees/Datasets/Dataset79435.tgl,parasite,1494,987
/lustre/fsn1/projects/rech/vcu/commun/Co-Phyloformer/generate_treeducken/generated_trees/Datasets/Dataset605.tgl,parasite,1022,987
/lustre/fsn1/projects/rech/vcu/commun/Co-Phyloformer/generate_treeducken/generated_trees/Datasets/Dataset26190.tgl,parasite,2680,987
/lustre/fsn1/projects/rech/vcu/commun/Co-Phyloformer/generate_treeducken/generated_trees/Datasets/Dataset32645.tgl,parasite,2339,987
/lustre/fsn1/projects/rech/vcu/commun/Co-Phyloformer/generate_treeducken/generated_trees/Datasets/Dataset78290.tgl,parasite,1077,987
/lustre/fsn1/projects/rech/vcu/commun/Co-Phyloformer/generate_treeducken/generated_trees/Datasets/Dataset26080.tgl,parasite,1079,987
/lustre/fsn1/projects/rech/vcu/commun/Co-Phyloformer/generate_treeducken/generated_trees/Datasets/Dataset67690.tgl,parasite,1157,987
/lustre/fsn1/projects/rech/vcu/commun/Co-Phyloformer/generate_treeducken/generated_trees/Datasets/Dataset41780.tgl,parasite,3004,987
/lustre/fsn1/projects/rech/vcu/commun/Co-Phyloformer/generate_treeducken/generated_trees/Datasets/Dataset33785.tgl,parasite,1094,987
/lustre/fsn1/projects/rech/vcu/commun/Co-Phyloformer/generate_treeducken/generated_trees/Datasets/Dataset70744.tgl,parasite,1047,987
/lustre/fsn1/projects/rech/vcu/commun/Co-Phyloformer/generate_treeducken/generated_trees/Datasets/Dataset91000.tgl,parasite,2077,987
/lustre/fsn1/projects/rech/vcu/commun/Co-Phyloformer/generate_treeducken/generated_trees/Datasets/Dataset32705.tgl,parasite,1417,987
/lustre/fsn1/projects/rech/vcu/commun/Co-Phyloformer/generate_treeducken/generated_trees/Datasets/Dataset22820.tgl,parasite,1084,987
/lustre/fsn1/projects/rech/vcu/commun/Co-Phyloformer/generate_treeducken/generated_trees/Datasets/Dataset65785.tgl,parasite,2117,987
/lustre/fsn1/projects/rech/vcu/commun/Co-Phyloformer/generate_treeducken/generated_trees/Datasets/Dataset35839.tgl,parasite,1205,987
/lustre/fsn1/projects/rech/vcu/commun/Co-Phyloformer/generate_treeducken/generated_trees/Datasets/Dataset74005.tgl,parasite,1461,987
/lustre/fsn1/projects/rech/vcu/commun/Co-Phyloformer/generate_treeducken/generated_trees/Datasets/Dataset90980.tgl,parasite,1340,987
/lustre/fsn1/projects/rech/vcu/commun/Co-Phyloformer/generate_treeducken/generated_trees/Datasets/Dataset56925.tgl,parasite,1765,987
/lustre/fsn1/projects/rech/vcu/commun/Co-Phyloformer/generate_treeducken/generated_trees/Datasets/Dataset15415.tgl,parasite,1512,987
/lustre/fsn1/projects/rech/vcu/commun/Co-Phyloformer/generate_treeducken/generated_trees/Datasets/Dataset69660.tgl,parasite,1205,987
/lustre/fsn1/projects/rech/vcu/commun/Co-Phyloformer/generate_treeducken/generated_trees/Datasets/Dataset96605.tgl,parasite,1624,987
/lustre/fsn1/projects/rech/vcu/commun/Co-Phyloformer/generate_treeducken/generated_trees/Datasets/Dataset28230.tgl,parasite,1013,987
/lustre/fsn1/projects/rech/vcu/commun/Co-Phyloformer/generate_treeducken/generated_trees/Datasets/Dataset30100.tgl,parasite,1652,987
/lustre/fsn1/projects/rech/vcu/commun/Co-Phyloformer/generate_treeducken/generated_trees/Datasets/Dataset72780.tgl,parasite,2786,987
/lustre/fsn1/projects/rech/vcu/commun/Co-Phyloformer/generate_treeducken/generated_trees/Datasets/Dataset86414.tgl,parasite,1130,987
/lustre/fsn1/projects/rech/vcu/commun/Co-Phyloformer/generate_treeducken/generated_trees/Datasets/Dataset38000.tgl,parasite,1048,987
/lustre/fsn1/projects/rech/vcu/commun/Co-Phyloformer/generate_treeducken/generated_trees/Datasets/Dataset78170.tgl,parasite,1872,987
/lustre/fsn1/projects/rech/vcu/commun/Co-Phyloformer/generate_treeducken/generated_trees/Datasets/Dataset20460.tgl,parasite,1591,987
/lustre/fsn1/projects/rech/vcu/commun/Co-Phyloformer/generate_treeducken/generated_trees/Datasets/Dataset40265.tgl,parasite,2726,987
/lustre/fsn1/projects/rech/vcu/commun/Co-Phyloformer/generate_treeducken/generated_trees/Datasets/Dataset40795.tgl,parasite,1401,987
/lustre/fsn1/projects/rech/vcu/commun/Co-Phyloformer/generate_treeducken/generated_trees/Datasets/Dataset31060.tgl,parasite,1698,987
/lustre/fsn1/projects/rech/vcu/commun/Co-Phyloformer/generate_treeducken/generated_trees/Datasets/Dataset39985.tgl,parasite,1404,987
/lustre/fsn1/projects/rech/vcu/commun/Co-Phyloformer/generate_treeducken/generated_trees/Datasets/Dataset1695.tgl,parasite,2051,987
/lustre/fsn1/projects/rech/vcu/commun/Co-Phyloformer/generate_treeducken/generated_trees/Datasets/Dataset18770.tgl,parasite,1823,987
/lustre/fsn1/projects/rech/vcu/commun/Co-Phyloformer/generate_treeducken/generated_trees/Datasets/Dataset40670.tgl,parasite,1313,987
/lustre/fsn1/projects/rech/vcu/commun/Co-Phyloformer/generate_treeducken/generated_trees/Datasets/Dataset99084.tgl,parasite,1892,987
/lustre/fsn1/projects/rech/vcu/commun/Co-Phyloformer/generate_treeducken/generated_trees/Datasets/Dataset7665.tgl,parasite,1419,987
/lustre/fsn1/projects/rech/vcu/commun/Co-Phyloformer/generate_treeducken/generated_trees/Datasets/Dataset54410.tgl,parasite,1476,987
/lustre/fsn1/projects/rech/vcu/commun/Co-Phyloformer/generate_treeducken/generated_trees/Datasets/Dataset36880.tgl,parasite,1378,987
/lustre/fsn1/projects/rech/vcu/commun/Co-Phyloformer/generate_treeducken/generated_trees/Datasets/Dataset7140.tgl,parasite,1155,987
/lustre/fsn1/projects/rech/vcu/commun/Co-Phyloformer/generate_treeducken/generated_trees/Datasets/Dataset97129.tgl,parasite,1340,987
/lustre/fsn1/projects/rech/vcu/commun/Co-Phyloformer/generate_treeducken/generated_trees/Datasets/Dataset26610.tgl,parasite,1220,987
/lustre/fsn1/projects/rech/vcu/commun/Co-Phyloformer/generate_treeducken/generated_trees/Datasets/Dataset82135.tgl,parasite,2016,987
/lustre/fsn1/projects/rech/vcu/commun/Co-Phyloformer/generate_treeducken/generated_trees/Datasets/Dataset1645.tgl,parasite,1266,987
/lustre/fsn1/projects/rech/vcu/commun/Co-Phyloformer/generate_treeducken/generated_trees/Datasets/Dataset15775.tgl,parasite,1378,987
/lustre/fsn1/projects/rech/vcu/commun/Co-Phyloformer/generate_treeducken/generated_trees/Datasets/Dataset56420.tgl,parasite,1047,987
/lustre/fsn1/projects/rech/vcu/commun/Co-Phyloformer/generate_treeducken/generated_trees/Datasets/Dataset20535.tgl,parasite,2044,987
/lustre/fsn1/projects/rech/vcu/commun/Co-Phyloformer/generate_treeducken/generated_trees/Datasets/Dataset61314.tgl,parasite,1723,987
/lustre/fsn1/projects/rech/vcu/commun/Co-Phyloformer/generate_treeducken/generated_trees/Datasets/Dataset5225.tgl,parasite,1449,987
/lustre/fsn1/projects/rech/vcu/commun/Co-Phyloformer/generate_treeducken/generated_trees/Datasets/Dataset83675.tgl,parasite,1334,987
/lustre/fsn1/projects/rech/vcu/commun/Co-Phyloformer/generate_treeducken/generated_trees/Datasets/Dataset6579.tgl,parasite,1000,987
/lustre/fsn1/projects/rech/vcu/commun/Co-Phyloformer/generate_treeducken/generated_trees/Datasets/Dataset94050.tgl,parasite,6094,987
/lustre/fsn1/projects/rech/vcu/commun/Co-Phyloformer/generate_treeducken/generated_trees/Datasets/Dataset28265.tgl,parasite,1126,987
/lustre/fsn1/projects/rech/vcu/commun/Co-Phyloformer/generate_treeducken/generated_trees/Datasets/Dataset13280.tgl,parasite,1541,987
/lustre/fsn1/projects/rech/vcu/commun/Co-Phyloformer/generate_treeducken/generated_trees/Datasets/Dataset71900.tgl,parasite,1148,987
/lustre/fsn1/projects/rech/vcu/commun/Co-Phyloformer/generate_treeducken/generated_trees/Datasets/Dataset74690.tgl,parasite,1838,987
/lustre/fsn1/projects/rech/vcu/commun/Co-Phyloformer/generate_treeducken/generated_trees/Datasets/Dataset47805.tgl,parasite,3053,987
/lustre/fsn1/projects/rech/vcu/commun/Co-Phyloformer/generate_treeducken/generated_trees/Datasets/Dataset48155.tgl,parasite,4033,987
/lustre/fsn1/projects/rech/vcu/commun/Co-Phyloformer/generate_treeducken/generated_trees/Datasets/Dataset58055.tgl,parasite,2685,987
/lustre/fsn1/projects/rech/vcu/commun/Co-Phyloformer/generate_treeducken/generated_trees/Datasets/Dataset49135.tgl,parasite,1822,987
/lustre/fsn1/projects/rech/vcu/commun/Co-Phyloformer/generate_treeducken/generated_trees/Datasets/Dataset82365.tgl,parasite,1553,987
/lustre/fsn1/projects/rech/vcu/commun/Co-Phyloformer/generate_treeducken/generated_trees/Datasets/Dataset30830.tgl,parasite,1254,987
/lustre/fsn1/projects/rech/vcu/commun/Co-Phyloformer/generate_treeducken/generated_trees/Datasets/Dataset6530.tgl,parasite,1213,987
/lustre/fsn1/projects/rech/vcu/commun/Co-Phyloformer/generate_treeducken/generated_trees/Datasets/Dataset19445.tgl,parasite,1048,987
/lustre/fsn1/projects/rech/vcu/commun/Co-Phyloformer/generate_treeducken/generated_trees/Datasets/Dataset81735.tgl,parasite,1124,987
/lustre/fsn1/projects/rech/vcu/commun/Co-Phyloformer/generate_treeducken/generated_trees/Datasets/Dataset90910.tgl,parasite,2120,987
/lustre/fsn1/projects/rech/vcu/commun/Co-Phyloformer/generate_treeducken/generated_trees/Datasets/Dataset20484.tgl,parasite,2024,987
/lustre/fsn1/projects/rech/vcu/commun/Co-Phyloformer/generate_treeducken/generated_trees/Datasets/Dataset6700.tgl,parasite,1107,987
/lustre/fsn1/projects/rech/vcu/commun/Co-Phyloformer/generate_treeducken/generated_trees/Datasets/Dataset75489.tgl,parasite,1042,987
/lustre/fsn1/projects/rech/vcu/commun/Co-Phyloformer/generate_treeducken/generated_trees/Datasets/Dataset39845.tgl,parasite,1433,987
/lustre/fsn1/projects/rech/vcu/commun/Co-Phyloformer/generate_treeducken/generated_trees/Datasets/Dataset46370.tgl,parasite,1028,987
/lustre/fsn1/projects/rech/vcu/commun/Co-Phyloformer/generate_treeducken/generated_trees/Datasets/Dataset12674.tgl,parasite,1955,987
/lustre/fsn1/projects/rech/vcu/commun/Co-Phyloformer/generate_treeducken/generated_trees/Datasets/Dataset95780.tgl,parasite,1545,987
/lustre/fsn1/projects/rech/vcu/commun/Co-Phyloformer/generate_treeducken/generated_trees/Datasets/Dataset52214.tgl,parasite,1501,987
/lustre/fsn1/projects/rech/vcu/commun/Co-Phyloformer/generate_treeducken/generated_trees/Datasets/Dataset71159.tgl,parasite,1213,987
/lustre/fsn1/projects/rech/vcu/commun/Co-Phyloformer/generate_treeducken/generated_trees/Datasets/Dataset29695.tgl,parasite,1449,987
/lustre/fsn1/projects/rech/vcu/commun/Co-Phyloformer/generate_treeducken/generated_trees/Datasets/Dataset50000.tgl,parasite,1059,987
/lustre/fsn1/projects/rech/vcu/commun/Co-Phyloformer/generate_treeducken/generated_trees/Datasets/Dataset57380.tgl,parasite,1781,987
/lustre/fsn1/projects/rech/vcu/commun/Co-Phyloformer/generate_treeducken/generated_trees/Datasets/Dataset44670.tgl,parasite,2528,987
/lustre/fsn1/projects/rech/vcu/commun/Co-Phyloformer/generate_treeducken/generated_trees/Datasets/Dataset82134.tgl,parasite,1112,987
/lustre/fsn1/projects/rech/vcu/commun/Co-Phyloformer/generate_treeducken/generated_trees/Datasets/Dataset34735.tgl,parasite,1790,987
/lustre/fsn1/projects/rech/vcu/commun/Co-Phyloformer/generate_treeducken/generated_trees/Datasets/Dataset41390.tgl,parasite,1758,987
/lustre/fsn1/projects/rech/vcu/commun/Co-Phyloformer/generate_treeducken/generated_trees/Datasets/Dataset63459.tgl,parasite,1485,987
/lustre/fsn1/projects/rech/vcu/commun/Co-Phyloformer/generate_treeducken/generated_trees/Datasets/Dataset22310.tgl,parasite,1410,987
/lustre/fsn1/projects/rech/vcu/commun/Co-Phyloformer/generate_treeducken/generated_trees/Datasets/Dataset82955.tgl,parasite,4493,987
/lustre/fsn1/projects/rech/vcu/commun/Co-Phyloformer/generate_treeducken/generated_trees/Datasets/Dataset20085.tgl,parasite,1028,987
/lustre/fsn1/projects/rech/vcu/commun/Co-Phyloformer/generate_treeducken/generated_trees/Datasets/Dataset79390.tgl,parasite,1017,987
/lustre/fsn1/projects/rech/vcu/commun/Co-Phyloformer/generate_treeducken/generated_trees/Datasets/Dataset4655.tgl,parasite,2081,987
/lustre/fsn1/projects/rech/vcu/commun/Co-Phyloformer/generate_treeducken/generated_trees/Datasets/Dataset46390.tgl,parasite,1169,987
/lustre/fsn1/projects/rech/vcu/commun/Co-Phyloformer/generate_treeducken/generated_trees/Datasets/Dataset43600.tgl,parasite,1487,987
/lustre/fsn1/projects/rech/vcu/commun/Co-Phyloformer/generate_treeducken/generated_trees/Datasets/Dataset88149.tgl,parasite,1018,987
/lustre/fsn1/projects/rech/vcu/commun/Co-Phyloformer/generate_treeducken/generated_trees/Datasets/Dataset75020.tgl,parasite,1695,987
/lustre/fsn1/projects/rech/vcu/commun/Co-Phyloformer/generate_treeducken/generated_trees/Datasets/Dataset84870.tgl,parasite,1257,987
/lustre/fsn1/projects/rech/vcu/commun/Co-Phyloformer/generate_treeducken/generated_trees/Datasets/Dataset48425.tgl,parasite,1493,987
/lustre/fsn1/projects/rech/vcu/commun/Co-Phyloformer/generate_treeducken/generated_trees/Datasets/Dataset42415.tgl,parasite,1342,987
/lustre/fsn1/projects/rech/vcu/commun/Co-Phyloformer/generate_treeducken/generated_trees/Datasets/Dataset21044.tgl,parasite,993,987
/lustre/fsn1/projects/rech/vcu/commun/Co-Phyloformer/generate_treeducken/generated_trees/Datasets/Dataset82635.tgl,parasite,1742,987
/lustre/fsn1/projects/rech/vcu/commun/Co-Phyloformer/generate_treeducken/generated_trees/Datasets/Dataset77340.tgl,parasite,1200,987
/lustre/fsn1/projects/rech/vcu/commun/Co-Phyloformer/generate_treeducken/generated_trees/Datasets/Dataset11034.tgl,parasite,1186,987
/lustre/fsn1/projects/rech/vcu/commun/Co-Phyloformer/generate_treeducken/generated_trees/Datasets/Dataset61965.tgl,parasite,2671,987
/lustre/fsn1/projects/rech/vcu/commun/Co-Phyloformer/generate_treeducken/generated_trees/Datasets/Dataset33165.tgl,parasite,1002,987
/lustre/fsn1/projects/rech/vcu/commun/Co-Phyloformer/generate_treeducken/generated_trees/Datasets/Dataset16510.tgl,parasite,1190,987
/lustre/fsn1/projects/rech/vcu/commun/Co-Phyloformer/generate_treeducken/generated_trees/Datasets/Dataset32910.tgl,parasite,1720,987
/lustre/fsn1/projects/rech/vcu/commun/Co-Phyloformer/generate_treeducken/generated_trees/Datasets/Dataset900.tgl,parasite,1235,987
/lustre/fsn1/projects/rech/vcu/commun/Co-Phyloformer/generate_treeducken/generated_trees/Datasets/Dataset2595.tgl,parasite,1205,987
/lustre/fsn1/projects/rech/vcu/commun/Co-Phyloformer/generate_treeducken/generated_trees/Datasets/Dataset88659.tgl,parasite,1735,987
/lustre/fsn1/projects/rech/vcu/commun/Co-Phyloformer/generate_treeducken/generated_trees/Datasets/Dataset36000.tgl,parasite,1544,987
/lustre/fsn1/projects/rech/vcu/commun/Co-Phyloformer/generate_treeducken/generated_trees/Datasets/Dataset28970.tgl,parasite,1199,987
/lustre/fsn1/projects/rech/vcu/commun/Co-Phyloformer/generate_treeducken/generated_trees/Datasets/Dataset56840.tgl,parasite,1855,987
/lustre/fsn1/projects/rech/vcu/commun/Co-Phyloformer/generate_treeducken/generated_trees/Datasets/Dataset54165.tgl,parasite,1274,987
/lustre/fsn1/projects/rech/vcu/commun/Co-Phyloformer/generate_treeducken/generated_trees/Datasets/Dataset44935.tgl,parasite,1055,987
/lustre/fsn1/projects/rech/vcu/commun/Co-Phyloformer/generate_treeducken/generated_trees/Datasets/Dataset15324.tgl,parasite,1090,987
/lustre/fsn1/projects/rech/vcu/commun/Co-Phyloformer/generate_treeducken/generated_trees/Datasets/Dataset41410.tgl,parasite,3089,987
/lustre/fsn1/projects/rech/vcu/commun/Co-Phyloformer/generate_treeducken/generated_trees/Datasets/Dataset63990.tgl,parasite,1088,987
/lustre/fsn1/projects/rech/vcu/commun/Co-Phyloformer/generate_treeducken/generated_trees/Datasets/Dataset26559.tgl,parasite,1106,987
/lustre/fsn1/projects/rech/vcu/commun/Co-Phyloformer/generate_treeducken/generated_trees/Datasets/Dataset97815.tgl,parasite,3945,987
/lustre/fsn1/projects/rech/vcu/commun/Co-Phyloformer/generate_treeducken/generated_trees/Datasets/Dataset76200.tgl,parasite,1199,987
/lustre/fsn1/projects/rech/vcu/commun/Co-Phyloformer/generate_treeducken/generated_trees/Datasets/Dataset99575.tgl,parasite,2532,987
/lustre/fsn1/projects/rech/vcu/commun/Co-Phyloformer/generate_treeducken/generated_trees/Datasets/Dataset57420.tgl,parasite,1005,987
/lustre/fsn1/projects/rech/vcu/commun/Co-Phyloformer/generate_treeducken/generated_trees/Datasets/Dataset79560.tgl,parasite,2193,987
/lustre/fsn1/projects/rech/vcu/commun/Co-Phyloformer/generate_treeducken/generated_trees/Datasets/Dataset15690.tgl,parasite,2379,987
/lustre/fsn1/projects/rech/vcu/commun/Co-Phyloformer/generate_treeducken/generated_trees/Datasets/Dataset79030.tgl,parasite,1021,987
/lustre/fsn1/projects/rech/vcu/commun/Co-Phyloformer/generate_treeducken/generated_trees/Datasets/Dataset7335.tgl,parasite,1691,987
/lustre/fsn1/projects/rech/vcu/commun/Co-Phyloformer/generate_treeducken/generated_trees/Datasets/Dataset74360.tgl,parasite,1534,987
/lustre/fsn1/projects/rech/vcu/commun/Co-Phyloformer/generate_treeducken/generated_trees/Datasets/Dataset11369.tgl,parasite,1037,987
/lustre/fsn1/projects/rech/vcu/commun/Co-Phyloformer/generate_treeducken/generated_trees/Datasets/Dataset6835.tgl,parasite,1105,987
/lustre/fsn1/projects/rech/vcu/commun/Co-Phyloformer/generate_treeducken/generated_trees/Datasets/Dataset42625.tgl,parasite,1125,987
/lustre/fsn1/projects/rech/vcu/commun/Co-Phyloformer/generate_treeducken/generated_trees/Datasets/Dataset5040.tgl,parasite,2353,987
/lustre/fsn1/projects/rech/vcu/commun/Co-Phyloformer/generate_treeducken/generated_trees/Datasets/Dataset545.tgl,parasite,1422,987
/lustre/fsn1/projects/rech/vcu/commun/Co-Phyloformer/generate_treeducken/generated_trees/Datasets/Dataset84365.tgl,parasite,4125,987
/lustre/fsn1/projects/rech/vcu/commun/Co-Phyloformer/generate_treeducken/generated_trees/Datasets/Dataset56205.tgl,parasite,2918,987
/lustre/fsn1/projects/rech/vcu/commun/Co-Phyloformer/generate_treeducken/generated_trees/Datasets/Dataset24110.tgl,parasite,1150,987
/lustre/fsn1/projects/rech/vcu/commun/Co-Phyloformer/generate_treeducken/generated_trees/Datasets/Dataset5690.tgl,parasite,1040,987
/lustre/fsn1/projects/rech/vcu/commun/Co-Phyloformer/generate_treeducken/generated_trees/Datasets/Dataset68354.tgl,parasite,1188,987
/lustre/fsn1/projects/rech/vcu/commun/Co-Phyloformer/generate_treeducken/generated_trees/Datasets/Dataset4510.tgl,parasite,1233,987
/lustre/fsn1/projects/rech/vcu/commun/Co-Phyloformer/generate_treeducken/generated_trees/Datasets/Dataset80365.tgl,parasite,1061,987
/lustre/fsn1/projects/rech/vcu/commun/Co-Phyloformer/generate_treeducken/generated_trees/Datasets/Dataset33520.tgl,parasite,1179,987
/lustre/fsn1/projects/rech/vcu/commun/Co-Phyloformer/generate_treeducken/generated_trees/Datasets/Dataset20240.tgl,parasite,2419,987
/lustre/fsn1/projects/rech/vcu/commun/Co-Phyloformer/generate_treeducken/generated_trees/Datasets/Dataset6525.tgl,parasite,1104,987
/lustre/fsn1/projects/rech/vcu/commun/Co-Phyloformer/generate_treeducken/generated_trees/Datasets/Dataset80980.tgl,parasite,2293,987
/lustre/fsn1/projects/rech/vcu/commun/Co-Phyloformer/generate_treeducken/generated_trees/Datasets/Dataset20844.tgl,parasite,1348,987
/lustre/fsn1/projects/rech/vcu/commun/Co-Phyloformer/generate_treeducken/generated_trees/Datasets/Dataset76775.tgl,parasite,1094,987
/lustre/fsn1/projects/rech/vcu/commun/Co-Phyloformer/generate_treeducken/generated_trees/Datasets/Dataset69715.tgl,parasite,1756,987
/lustre/fsn1/projects/rech/vcu/commun/Co-Phyloformer/generate_treeducken/generated_trees/Datasets/Dataset98450.tgl,parasite,1113,987
/lustre/fsn1/projects/rech/vcu/commun/Co-Phyloformer/generate_treeducken/generated_trees/Datasets/Dataset77490.tgl,parasite,1157,987
/lustre/fsn1/projects/rech/vcu/commun/Co-Phyloformer/generate_treeducken/generated_trees/Datasets/Dataset13065.tgl,parasite,1018,987
/lustre/fsn1/projects/rech/vcu/commun/Co-Phyloformer/generate_treeducken/generated_trees/Datasets/Dataset93070.tgl,parasite,1035,987
/lustre/fsn1/projects/rech/vcu/commun/Co-Phyloformer/generate_treeducken/generated_trees/Datasets/Dataset33230.tgl,parasite,1918,987
/lustre/fsn1/projects/rech/vcu/commun/Co-Phyloformer/generate_treeducken/generated_trees/Datasets/Dataset71535.tgl,parasite,1023,987
/lustre/fsn1/projects/rech/vcu/commun/Co-Phyloformer/generate_treeducken/generated_trees/Datasets/Dataset60970.tgl,parasite,1301,987
/lustre/fsn1/projects/rech/vcu/commun/Co-Phyloformer/generate_treeducken/generated_trees/Datasets/Dataset5650.tgl,parasite,1178,987
/lustre/fsn1/projects/rech/vcu/commun/Co-Phyloformer/generate_treeducken/generated_trees/Datasets/Dataset98985.tgl,parasite,1233,987
/lustre/fsn1/projects/rech/vcu/commun/Co-Phyloformer/generate_treeducken/generated_trees/Datasets/Dataset99380.tgl,parasite,1611,987
/lustre/fsn1/projects/rech/vcu/commun/Co-Phyloformer/generate_treeducken/generated_trees/Datasets/Dataset69470.tgl,parasite,1710,987
/lustre/fsn1/projects/rech/vcu/commun/Co-Phyloformer/generate_treeducken/generated_trees/Datasets/Dataset31845.tgl,parasite,1063,987
/lustre/fsn1/projects/rech/vcu/commun/Co-Phyloformer/generate_treeducken/generated_trees/Datasets/Dataset2225.tgl,parasite,3109,987
/lustre/fsn1/projects/rech/vcu/commun/Co-Phyloformer/generate_treeducken/generated_trees/Datasets/Dataset46700.tgl,parasite,1645,987
/lustre/fsn1/projects/rech/vcu/commun/Co-Phyloformer/generate_treeducken/generated_trees/Datasets/Dataset7160.tgl,parasite,4975,987
/lustre/fsn1/projects/rech/vcu/commun/Co-Phyloformer/generate_treeducken/generated_trees/Datasets/Dataset81185.tgl,parasite,1840,987
/lustre/fsn1/projects/rech/vcu/commun/Co-Phyloformer/generate_treeducken/generated_trees/Datasets/Dataset96470.tgl,parasite,1057,987
/lustre/fsn1/projects/rech/vcu/commun/Co-Phyloformer/generate_treeducken/generated_trees/Datasets/Dataset1480.tgl,parasite,1119,987
/lustre/fsn1/projects/rech/vcu/commun/Co-Phyloformer/generate_treeducken/generated_trees/Datasets/Dataset35999.tgl,parasite,1016,987
/lustre/fsn1/projects/rech/vcu/commun/Co-Phyloformer/generate_treeducken/generated_trees/Datasets/Dataset86514.tgl,parasite,1017,987
/lustre/fsn1/projects/rech/vcu/commun/Co-Phyloformer/generate_treeducken/generated_trees/Datasets/Dataset91815.tgl,parasite,1076,987
/lustre/fsn1/projects/rech/vcu/commun/Co-Phyloformer/generate_treeducken/generated_trees/Datasets/Dataset36375.tgl,parasite,1792,987
/lustre/fsn1/projects/rech/vcu/commun/Co-Phyloformer/generate_treeducken/generated_trees/Datasets/Dataset24749.tgl,parasite,1318,987
/lustre/fsn1/projects/rech/vcu/commun/Co-Phyloformer/generate_treeducken/generated_trees/Datasets/Dataset3880.tgl,parasite,1118,987
/lustre/fsn1/projects/rech/vcu/commun/Co-Phyloformer/generate_treeducken/generated_trees/Datasets/Dataset23354.tgl,parasite,1699,987
/lustre/fsn1/projects/rech/vcu/commun/Co-Phyloformer/generate_treeducken/generated_trees/Datasets/Dataset7225.tgl,parasite,2262,987
/lustre/fsn1/projects/rech/vcu/commun/Co-Phyloformer/generate_treeducken/generated_trees/Datasets/Dataset21825.tgl,parasite,1370,987
/lustre/fsn1/projects/rech/vcu/commun/Co-Phyloformer/generate_treeducken/generated_trees/Datasets/Dataset45074.tgl,parasite,996,987
/lustre/fsn1/projects/rech/vcu/commun/Co-Phyloformer/generate_treeducken/generated_trees/Datasets/Dataset33969.tgl,parasite,1030,987
/lustre/fsn1/projects/rech/vcu/commun/Co-Phyloformer/generate_treeducken/generated_trees/Datasets/Dataset11845.tgl,parasite,2642,987
/lustre/fsn1/projects/rech/vcu/commun/Co-Phyloformer/generate_treeducken/generated_trees/Datasets/Dataset96115.tgl,parasite,1258,987
/lustre/fsn1/projects/rech/vcu/commun/Co-Phyloformer/generate_treeducken/generated_trees/Datasets/Dataset29330.tgl,parasite,2733,987
/lustre/fsn1/projects/rech/vcu/commun/Co-Phyloformer/generate_treeducken/generated_trees/Datasets/Dataset65740.tgl,parasite,1032,987
/lustre/fsn1/projects/rech/vcu/commun/Co-Phyloformer/generate_treeducken/generated_trees/Datasets/Dataset61215.tgl,parasite,1094,987
/lustre/fsn1/projects/rech/vcu/commun/Co-Phyloformer/generate_treeducken/generated_trees/Datasets/Dataset36790.tgl,parasite,1772,987
/lustre/fsn1/projects/rech/vcu/commun/Co-Phyloformer/generate_treeducken/generated_trees/Datasets/Dataset40900.tgl,parasite,1442,987
/lustre/fsn1/projects/rech/vcu/commun/Co-Phyloformer/generate_treeducken/generated_trees/Datasets/Dataset23499.tgl,parasite,1023,987
/lustre/fsn1/projects/rech/vcu/commun/Co-Phyloformer/generate_treeducken/generated_trees/Datasets/Dataset43555.tgl,parasite,1986,987
/lustre/fsn1/projects/rech/vcu/commun/Co-Phyloformer/generate_treeducken/generated_trees/Datasets/Dataset82210.tgl,parasite,1023,987
/lustre/fsn1/projects/rech/vcu/commun/Co-Phyloformer/generate_treeducken/generated_trees/Datasets/Dataset16805.tgl,parasite,2395,987
/lustre/fsn1/projects/rech/vcu/commun/Co-Phyloformer/generate_treeducken/generated_trees/Datasets/Dataset3555.tgl,parasite,1357,987
/lustre/fsn1/projects/rech/vcu/commun/Co-Phyloformer/generate_treeducken/generated_trees/Datasets/Dataset49930.tgl,parasite,1013,987
/lustre/fsn1/projects/rech/vcu/commun/Co-Phyloformer/generate_treeducken/generated_trees/Datasets/Dataset94655.tgl,parasite,1271,987
/lustre/fsn1/projects/rech/vcu/commun/Co-Phyloformer/generate_treeducken/generated_trees/Datasets/Dataset82705.tgl,parasite,1342,987
/lustre/fsn1/projects/rech/vcu/commun/Co-Phyloformer/generate_treeducken/generated_trees/Datasets/Dataset18010.tgl,parasite,5902,987
/lustre/fsn1/projects/rech/vcu/commun/Co-Phyloformer/generate_treeducken/generated_trees/Datasets/Dataset46870.tgl,parasite,1976,987
/lustre/fsn1/projects/rech/vcu/commun/Co-Phyloformer/generate_treeducken/generated_trees/Datasets/Dataset49569.tgl,parasite,1021,987
/lustre/fsn1/projects/rech/vcu/commun/Co-Phyloformer/generate_treeducken/generated_trees/Datasets/Dataset88405.tgl,parasite,1116,987
/lustre/fsn1/projects/rech/vcu/commun/Co-Phyloformer/generate_treeducken/generated_trees/Datasets/Dataset90904.tgl,parasite,1397,987
/lustre/fsn1/projects/rech/vcu/commun/Co-Phyloformer/generate_treeducken/generated_trees/Datasets/Dataset69820.tgl,parasite,1308,987
/lustre/fsn1/projects/rech/vcu/commun/Co-Phyloformer/generate_treeducken/generated_trees/Datasets/Dataset84580.tgl,parasite,1342,987
/lustre/fsn1/projects/rech/vcu/commun/Co-Phyloformer/generate_treeducken/generated_trees/Datasets/Dataset53990.tgl,parasite,1062,987
/lustre/fsn1/projects/rech/vcu/commun/Co-Phyloformer/generate_treeducken/generated_trees/Datasets/Dataset44900.tgl,parasite,1232,987
/lustre/fsn1/projects/rech/vcu/commun/Co-Phyloformer/generate_treeducken/generated_trees/Datasets/Dataset1410.tgl,parasite,1146,987
/lustre/fsn1/projects/rech/vcu/commun/Co-Phyloformer/generate_treeducken/generated_trees/Datasets/Dataset15150.tgl,parasite,8035,987
/lustre/fsn1/projects/rech/vcu/commun/Co-Phyloformer/generate_treeducken/generated_trees/Datasets/Dataset24160.tgl,parasite,1454,987
/lustre/fsn1/projects/rech/vcu/commun/Co-Phyloformer/generate_treeducken/generated_trees/Datasets/Dataset14000.tgl,parasite,1100,987
/lustre/fsn1/projects/rech/vcu/commun/Co-Phyloformer/generate_treeducken/generated_trees/Datasets/Dataset22130.tgl,parasite,1272,987
/lustre/fsn1/projects/rech/vcu/commun/Co-Phyloformer/generate_treeducken/generated_trees/Datasets/Dataset8775.tgl,parasite,6206,987
/lustre/fsn1/projects/rech/vcu/commun/Co-Phyloformer/generate_treeducken/generated_trees/Datasets/Dataset28955.tgl,parasite,1024,987
/lustre/fsn1/projects/rech/vcu/commun/Co-Phyloformer/generate_treeducken/generated_trees/Datasets/Dataset32575.tgl,parasite,1018,987
/lustre/fsn1/projects/rech/vcu/commun/Co-Phyloformer/generate_treeducken/generated_trees/Datasets/Dataset30605.tgl,parasite,3828,987
/lustre/fsn1/projects/rech/vcu/commun/Co-Phyloformer/generate_treeducken/generated_trees/Datasets/Dataset17100.tgl,parasite,1590,987
/lustre/fsn1/projects/rech/vcu/commun/Co-Phyloformer/generate_treeducken/generated_trees/Datasets/Dataset13195.tgl,parasite,1247,987
/lustre/fsn1/projects/rech/vcu/commun/Co-Phyloformer/generate_treeducken/generated_trees/Datasets/Dataset48829.tgl,parasite,1422,987
/lustre/fsn1/projects/rech/vcu/commun/Co-Phyloformer/generate_treeducken/generated_trees/Datasets/Dataset95240.tgl,parasite,1206,987
/lustre/fsn1/projects/rech/vcu/commun/Co-Phyloformer/generate_treeducken/generated_trees/Datasets/Dataset86580.tgl,parasite,1552,987
/lustre/fsn1/projects/rech/vcu/commun/Co-Phyloformer/generate_treeducken/generated_trees/Datasets/Dataset4790.tgl,parasite,1378,987
/lustre/fsn1/projects/rech/vcu/commun/Co-Phyloformer/generate_treeducken/generated_trees/Datasets/Dataset99060.tgl,parasite,1968,987
/lustre/fsn1/projects/rech/vcu/commun/Co-Phyloformer/generate_treeducken/generated_trees/Datasets/Dataset28710.tgl,parasite,1271,987
/lustre/fsn1/projects/rech/vcu/commun/Co-Phyloformer/generate_treeducken/generated_trees/Datasets/Dataset90399.tgl,parasite,1065,987
/lustre/fsn1/projects/rech/vcu/commun/Co-Phyloformer/generate_treeducken/generated_trees/Datasets/Dataset9000.tgl,parasite,1075,987
/lustre/fsn1/projects/rech/vcu/commun/Co-Phyloformer/generate_treeducken/generated_trees/Datasets/Dataset26025.tgl,parasite,1872,987
/lustre/fsn1/projects/rech/vcu/commun/Co-Phyloformer/generate_treeducken/generated_trees/Datasets/Dataset55675.tgl,parasite,1426,987
/lustre/fsn1/projects/rech/vcu/commun/Co-Phyloformer/generate_treeducken/generated_trees/Datasets/Dataset23370.tgl,parasite,1516,987
/lustre/fsn1/projects/rech/vcu/commun/Co-Phyloformer/generate_treeducken/generated_trees/Datasets/Dataset15435.tgl,parasite,1401,987
/lustre/fsn1/projects/rech/vcu/commun/Co-Phyloformer/generate_treeducken/generated_trees/Datasets/Dataset20065.tgl,parasite,1334,987
/lustre/fsn1/projects/rech/vcu/commun/Co-Phyloformer/generate_treeducken/generated_trees/Datasets/Dataset48470.tgl,parasite,1091,987
/lustre/fsn1/projects/rech/vcu/commun/Co-Phyloformer/generate_treeducken/generated_trees/Datasets/Dataset46475.tgl,parasite,1287,987
/lustre/fsn1/projects/rech/vcu/commun/Co-Phyloformer/generate_treeducken/generated_trees/Datasets/Dataset78255.tgl,parasite,2099,987
/lustre/fsn1/projects/rech/vcu/commun/Co-Phyloformer/generate_treeducken/generated_trees/Datasets/Dataset62040.tgl,parasite,1660,987
/lustre/fsn1/projects/rech/vcu/commun/Co-Phyloformer/generate_treeducken/generated_trees/Datasets/Dataset1345.tgl,parasite,1064,987
/lustre/fsn1/projects/rech/vcu/commun/Co-Phyloformer/generate_treeducken/generated_trees/Datasets/Dataset64575.tgl,parasite,1060,987
/lustre/fsn1/projects/rech/vcu/commun/Co-Phyloformer/generate_treeducken/generated_trees/Datasets/Dataset97305.tgl,parasite,1919,987
/lustre/fsn1/projects/rech/vcu/commun/Co-Phyloformer/generate_treeducken/generated_trees/Datasets/Dataset21450.tgl,parasite,2896,987
/lustre/fsn1/projects/rech/vcu/commun/Co-Phyloformer/generate_treeducken/generated_trees/Datasets/Dataset19000.tgl,parasite,1984,987
/lustre/fsn1/projects/rech/vcu/commun/Co-Phyloformer/generate_treeducken/generated_trees/Datasets/Dataset33295.tgl,parasite,1284,987
/lustre/fsn1/projects/rech/vcu/commun/Co-Phyloformer/generate_treeducken/generated_trees/Datasets/Dataset30105.tgl,parasite,1182,987
/lustre/fsn1/projects/rech/vcu/commun/Co-Phyloformer/generate_treeducken/generated_trees/Datasets/Dataset80180.tgl,parasite,988,987
/lustre/fsn1/projects/rech/vcu/commun/Co-Phyloformer/generate_treeducken/generated_trees/Datasets/Dataset90400.tgl,parasite,1110,987
/lustre/fsn1/projects/rech/vcu/commun/Co-Phyloformer/generate_treeducken/generated_trees/Datasets/Dataset29740.tgl,parasite,2180,987
/lustre/fsn1/projects/rech/vcu/commun/Co-Phyloformer/generate_treeducken/generated_trees/Datasets/Dataset54499.tgl,parasite,1018,987
/lustre/fsn1/projects/rech/vcu/commun/Co-Phyloformer/generate_treeducken/generated_trees/Datasets/Dataset3015.tgl,parasite,2622,987
/lustre/fsn1/projects/rech/vcu/commun/Co-Phyloformer/generate_treeducken/generated_trees/Datasets/Dataset54470.tgl,parasite,3477,987
/lustre/fsn1/projects/rech/vcu/commun/Co-Phyloformer/generate_treeducken/generated_trees/Datasets/Dataset67735.tgl,parasite,1174,987
/lustre/fsn1/projects/rech/vcu/commun/Co-Phyloformer/generate_treeducken/generated_trees/Datasets/Dataset38654.tgl,parasite,1393,987
/lustre/fsn1/projects/rech/vcu/commun/Co-Phyloformer/generate_treeducken/generated_trees/Datasets/Dataset32545.tgl,parasite,1096,987
/lustre/fsn1/projects/rech/vcu/commun/Co-Phyloformer/generate_treeducken/generated_trees/Datasets/Dataset82020.tgl,parasite,1230,987
/lustre/fsn1/projects/rech/vcu/commun/Co-Phyloformer/generate_treeducken/generated_trees/Datasets/Dataset29475.tgl,parasite,1989,987
/lustre/fsn1/projects/rech/vcu/commun/Co-Phyloformer/generate_treeducken/generated_trees/Datasets/Dataset44775.tgl,parasite,2112,987
/lustre/fsn1/projects/rech/vcu/commun/Co-Phyloformer/generate_treeducken/generated_trees/Datasets/Dataset24750.tgl,parasite,2137,987
/lustre/fsn1/projects/rech/vcu/commun/Co-Phyloformer/generate_treeducken/generated_trees/Datasets/Dataset54495.tgl,parasite,1155,987
/lustre/fsn1/projects/rech/vcu/commun/Co-Phyloformer/generate_treeducken/generated_trees/Datasets/Dataset77950.tgl,parasite,5404,987
/lustre/fsn1/projects/rech/vcu/commun/Co-Phyloformer/generate_treeducken/generated_trees/Datasets/Dataset71830.tgl,parasite,1210,987
/lustre/fsn1/projects/rech/vcu/commun/Co-Phyloformer/generate_treeducken/generated_trees/Datasets/Dataset14450.tgl,parasite,2520,987
/lustre/fsn1/projects/rech/vcu/commun/Co-Phyloformer/generate_treeducken/generated_trees/Datasets/Dataset57250.tgl,parasite,1188,987
/lustre/fsn1/projects/rech/vcu/commun/Co-Phyloformer/generate_treeducken/generated_trees/Datasets/Dataset31265.tgl,parasite,1808,987
/lustre/fsn1/projects/rech/vcu/commun/Co-Phyloformer/generate_treeducken/generated_trees/Datasets/Dataset27290.tgl,parasite,1010,987
/lustre/fsn1/projects/rech/vcu/commun/Co-Phyloformer/generate_treeducken/generated_trees/Datasets/Dataset63075.tgl,parasite,1804,987
/lustre/fsn1/projects/rech/vcu/commun/Co-Phyloformer/generate_treeducken/generated_trees/Datasets/Dataset66140.tgl,parasite,1225,987
/lustre/fsn1/projects/rech/vcu/commun/Co-Phyloformer/generate_treeducken/generated_trees/Datasets/Dataset46255.tgl,parasite,1054,987
/lustre/fsn1/projects/rech/vcu/commun/Co-Phyloformer/generate_treeducken/generated_trees/Datasets/Dataset95639.tgl,parasite,1052,987
/lustre/fsn1/projects/rech/vcu/commun/Co-Phyloformer/generate_treeducken/generated_trees/Datasets/Dataset94265.tgl,parasite,2084,987
/lustre/fsn1/projects/rech/vcu/commun/Co-Phyloformer/generate_treeducken/generated_trees/Datasets/Dataset18300.tgl,parasite,1385,987
/lustre/fsn1/projects/rech/vcu/commun/Co-Phyloformer/generate_treeducken/generated_trees/Datasets/Dataset82564.tgl,parasite,1364,987
/lustre/fsn1/projects/rech/vcu/commun/Co-Phyloformer/generate_treeducken/generated_trees/Datasets/Dataset75505.tgl,parasite,1008,987
/lustre/fsn1/projects/rech/vcu/commun/Co-Phyloformer/generate_treeducken/generated_trees/Datasets/Dataset72730.tgl,parasite,1934,987
/lustre/fsn1/projects/rech/vcu/commun/Co-Phyloformer/generate_treeducken/generated_trees/Datasets/Dataset50165.tgl,parasite,1408,987
/lustre/fsn1/projects/rech/vcu/commun/Co-Phyloformer/generate_treeducken/generated_trees/Datasets/Dataset73260.tgl,parasite,1479,987
/lustre/fsn1/projects/rech/vcu/commun/Co-Phyloformer/generate_treeducken/generated_trees/Datasets/Dataset4469.tgl,parasite,1082,987
/lustre/fsn1/projects/rech/vcu/commun/Co-Phyloformer/generate_treeducken/generated_trees/Datasets/Dataset58290.tgl,parasite,1037,987
/lustre/fsn1/projects/rech/vcu/commun/Co-Phyloformer/generate_treeducken/generated_trees/Datasets/Dataset45530.tgl,parasite,1400,987
/lustre/fsn1/projects/rech/vcu/commun/Co-Phyloformer/generate_treeducken/generated_trees/Datasets/Dataset18480.tgl,parasite,1649,987
/lustre/fsn1/projects/rech/vcu/commun/Co-Phyloformer/generate_treeducken/generated_trees/Datasets/Dataset11000.tgl,parasite,3181,987
/lustre/fsn1/projects/rech/vcu/commun/Co-Phyloformer/generate_treeducken/generated_trees/Datasets/Dataset97105.tgl,parasite,1498,987
/lustre/fsn1/projects/rech/vcu/commun/Co-Phyloformer/generate_treeducken/generated_trees/Datasets/Dataset43035.tgl,parasite,1263,987
/lustre/fsn1/projects/rech/vcu/commun/Co-Phyloformer/generate_treeducken/generated_trees/Datasets/Dataset53554.tgl,parasite,1722,987
/lustre/fsn1/projects/rech/vcu/commun/Co-Phyloformer/generate_treeducken/generated_trees/Datasets/Dataset57795.tgl,parasite,1023,987
/lustre/fsn1/projects/rech/vcu/commun/Co-Phyloformer/generate_treeducken/generated_trees/Datasets/Dataset77630.tgl,parasite,1805,987
/lustre/fsn1/projects/rech/vcu/commun/Co-Phyloformer/generate_treeducken/generated_trees/Datasets/Dataset53320.tgl,parasite,1301,987
/lustre/fsn1/projects/rech/vcu/commun/Co-Phyloformer/generate_treeducken/generated_trees/Datasets/Dataset65415.tgl,parasite,1095,987
/lustre/fsn1/projects/rech/vcu/commun/Co-Phyloformer/generate_treeducken/generated_trees/Datasets/Dataset45515.tgl,parasite,1435,987
/lustre/fsn1/projects/rech/vcu/commun/Co-Phyloformer/generate_treeducken/generated_trees/Datasets/Dataset45404.tgl,parasite,1373,987
/lustre/fsn1/projects/rech/vcu/commun/Co-Phyloformer/generate_treeducken/generated_trees/Datasets/Dataset38345.tgl,parasite,1062,987
/lustre/fsn1/projects/rech/vcu/commun/Co-Phyloformer/generate_treeducken/generated_trees/Datasets/Dataset70465.tgl,parasite,1474,987
/lustre/fsn1/projects/rech/vcu/commun/Co-Phyloformer/generate_treeducken/generated_trees/Datasets/Dataset33850.tgl,parasite,2435,987
/lustre/fsn1/projects/rech/vcu/commun/Co-Phyloformer/generate_treeducken/generated_trees/Datasets/Dataset41040.tgl,parasite,1503,987
/lustre/fsn1/projects/rech/vcu/commun/Co-Phyloformer/generate_treeducken/generated_trees/Datasets/Dataset89785.tgl,parasite,1512,987
/lustre/fsn1/projects/rech/vcu/commun/Co-Phyloformer/generate_treeducken/generated_trees/Datasets/Dataset20765.tgl,parasite,1011,987
/lustre/fsn1/projects/rech/vcu/commun/Co-Phyloformer/generate_treeducken/generated_trees/Datasets/Dataset58825.tgl,parasite,1068,987
/lustre/fsn1/projects/rech/vcu/commun/Co-Phyloformer/generate_treeducken/generated_trees/Datasets/Dataset18795.tgl,parasite,999,987
/lustre/fsn1/projects/rech/vcu/commun/Co-Phyloformer/generate_treeducken/generated_trees/Datasets/Dataset86699.tgl,parasite,1047,987
/lustre/fsn1/projects/rech/vcu/commun/Co-Phyloformer/generate_treeducken/generated_trees/Datasets/Dataset32250.tgl,parasite,1538,987
/lustre/fsn1/projects/rech/vcu/commun/Co-Phyloformer/generate_treeducken/generated_trees/Datasets/Dataset28485.tgl,parasite,1887,987
/lustre/fsn1/projects/rech/vcu/commun/Co-Phyloformer/generate_treeducken/generated_trees/Datasets/Dataset18200.tgl,parasite,1260,987
/lustre/fsn1/projects/rech/vcu/commun/Co-Phyloformer/generate_treeducken/generated_trees/Datasets/Dataset77540.tgl,parasite,1248,987
/lustre/fsn1/projects/rech/vcu/commun/Co-Phyloformer/generate_treeducken/generated_trees/Datasets/Dataset50950.tgl,parasite,1046,987
/lustre/fsn1/projects/rech/vcu/commun/Co-Phyloformer/generate_treeducken/generated_trees/Datasets/Dataset4820.tgl,parasite,1223,987
/lustre/fsn1/projects/rech/vcu/commun/Co-Phyloformer/generate_treeducken/generated_trees/Datasets/Dataset4410.tgl,parasite,1210,987
/lustre/fsn1/projects/rech/vcu/commun/Co-Phyloformer/generate_treeducken/generated_trees/Datasets/Dataset37480.tgl,parasite,1628,987
/lustre/fsn1/projects/rech/vcu/commun/Co-Phyloformer/generate_treeducken/generated_trees/Datasets/Dataset81325.tgl,parasite,4125,987
/lustre/fsn1/projects/rech/vcu/commun/Co-Phyloformer/generate_treeducken/generated_trees/Datasets/Dataset83205.tgl,parasite,1304,987
/lustre/fsn1/projects/rech/vcu/commun/Co-Phyloformer/generate_treeducken/generated_trees/Datasets/Dataset69760.tgl,parasite,1058,987
/lustre/fsn1/projects/rech/vcu/commun/Co-Phyloformer/generate_treeducken/generated_trees/Datasets/Dataset30215.tgl,parasite,1353,987
/lustre/fsn1/projects/rech/vcu/commun/Co-Phyloformer/generate_treeducken/generated_trees/Datasets/Dataset33770.tgl,parasite,1024,987
/lustre/fsn1/projects/rech/vcu/commun/Co-Phyloformer/generate_treeducken/generated_trees/Datasets/Dataset18095.tgl,parasite,1639,987
/lustre/fsn1/projects/rech/vcu/commun/Co-Phyloformer/generate_treeducken/generated_trees/Datasets/Dataset87745.tgl,parasite,1148,987
/lustre/fsn1/projects/rech/vcu/commun/Co-Phyloformer/generate_treeducken/generated_trees/Datasets/Dataset60875.tgl,parasite,2232,987
/lustre/fsn1/projects/rech/vcu/commun/Co-Phyloformer/generate_treeducken/generated_trees/Datasets/Dataset10010.tgl,parasite,1037,987
/lustre/fsn1/projects/rech/vcu/commun/Co-Phyloformer/generate_treeducken/generated_trees/Datasets/Dataset62055.tgl,parasite,1220,987
/lustre/fsn1/projects/rech/vcu/commun/Co-Phyloformer/generate_treeducken/generated_trees/Datasets/Dataset47775.tgl,parasite,1424,987
/lustre/fsn1/projects/rech/vcu/commun/Co-Phyloformer/generate_treeducken/generated_trees/Datasets/Dataset89939.tgl,parasite,1043,987
/lustre/fsn1/projects/rech/vcu/commun/Co-Phyloformer/generate_treeducken/generated_trees/Datasets/Dataset40420.tgl,parasite,1915,987
/lustre/fsn1/projects/rech/vcu/commun/Co-Phyloformer/generate_treeducken/generated_trees/Datasets/Dataset10725.tgl,parasite,1328,987
/lustre/fsn1/projects/rech/vcu/commun/Co-Phyloformer/generate_treeducken/generated_trees/Datasets/Dataset29260.tgl,parasite,2012,987
/lustre/fsn1/projects/rech/vcu/commun/Co-Phyloformer/generate_treeducken/generated_trees/Datasets/Dataset37835.tgl,parasite,1167,987
/lustre/fsn1/projects/rech/vcu/commun/Co-Phyloformer/generate_treeducken/generated_trees/Datasets/Dataset42610.tgl,parasite,1047,987
/lustre/fsn1/projects/rech/vcu/commun/Co-Phyloformer/generate_treeducken/generated_trees/Datasets/Dataset41600.tgl,parasite,2178,987
/lustre/fsn1/projects/rech/vcu/commun/Co-Phyloformer/generate_treeducken/generated_trees/Datasets/Dataset10080.tgl,parasite,2866,987
/lustre/fsn1/projects/rech/vcu/commun/Co-Phyloformer/generate_treeducken/generated_trees/Datasets/Dataset14110.tgl,parasite,4195,987
/lustre/fsn1/projects/rech/vcu/commun/Co-Phyloformer/generate_treeducken/generated_trees/Datasets/Dataset43220.tgl,parasite,1066,987
/lustre/fsn1/projects/rech/vcu/commun/Co-Phyloformer/generate_treeducken/generated_trees/Datasets/Dataset27040.tgl,parasite,2701,987
/lustre/fsn1/projects/rech/vcu/commun/Co-Phyloformer/generate_treeducken/generated_trees/Datasets/Dataset71460.tgl,parasite,1361,987
/lustre/fsn1/projects/rech/vcu/commun/Co-Phyloformer/generate_treeducken/generated_trees/Datasets/Dataset96625.tgl,parasite,1654,987
/lustre/fsn1/projects/rech/vcu/commun/Co-Phyloformer/generate_treeducken/generated_trees/Datasets/Dataset69714.tgl,parasite,1916,987
/lustre/fsn1/projects/rech/vcu/commun/Co-Phyloformer/generate_treeducken/generated_trees/Datasets/Dataset37860.tgl,parasite,1839,987
/lustre/fsn1/projects/rech/vcu/commun/Co-Phyloformer/generate_treeducken/generated_trees/Datasets/Dataset33315.tgl,parasite,1911,987
/lustre/fsn1/projects/rech/vcu/commun/Co-Phyloformer/generate_treeducken/generated_trees/Datasets/Dataset55835.tgl,parasite,1095,987
/lustre/fsn1/projects/rech/vcu/commun/Co-Phyloformer/generate_treeducken/generated_trees/Datasets/Dataset19770.tgl,parasite,1734,987
/lustre/fsn1/projects/rech/vcu/commun/Co-Phyloformer/generate_treeducken/generated_trees/Datasets/Dataset8135.tgl,parasite,1019,987
/lustre/fsn1/projects/rech/vcu/commun/Co-Phyloformer/generate_treeducken/generated_trees/Datasets/Dataset42150.tgl,parasite,1650,987
/lustre/fsn1/projects/rech/vcu/commun/Co-Phyloformer/generate_treeducken/generated_trees/Datasets/Dataset88660.tgl,parasite,1573,987
/lustre/fsn1/projects/rech/vcu/commun/Co-Phyloformer/generate_treeducken/generated_trees/Datasets/Dataset62115.tgl,parasite,1333,987
/lustre/fsn1/projects/rech/vcu/commun/Co-Phyloformer/generate_treeducken/generated_trees/Datasets/Dataset74694.tgl,parasite,1768,987
/lustre/fsn1/projects/rech/vcu/commun/Co-Phyloformer/generate_treeducken/generated_trees/Datasets/Dataset86515.tgl,parasite,1293,987
/lustre/fsn1/projects/rech/vcu/commun/Co-Phyloformer/generate_treeducken/generated_trees/Datasets/Dataset57769.tgl,parasite,1436,987
/lustre/fsn1/projects/rech/vcu/commun/Co-Phyloformer/generate_treeducken/generated_trees/Datasets/Dataset25240.tgl,parasite,1086,987
/lustre/fsn1/projects/rech/vcu/commun/Co-Phyloformer/generate_treeducken/generated_trees/Datasets/Dataset15780.tgl,parasite,1010,987
/lustre/fsn1/projects/rech/vcu/commun/Co-Phyloformer/generate_treeducken/generated_trees/Datasets/Dataset44215.tgl,parasite,1090,987
/lustre/fsn1/projects/rech/vcu/commun/Co-Phyloformer/generate_treeducken/generated_trees/Datasets/Dataset43005.tgl,parasite,1123,987
/lustre/fsn1/projects/rech/vcu/commun/Co-Phyloformer/generate_treeducken/generated_trees/Datasets/Dataset75775.tgl,parasite,2461,987
/lustre/fsn1/projects/rech/vcu/commun/Co-Phyloformer/generate_treeducken/generated_trees/Datasets/Dataset49555.tgl,parasite,1309,987
/lustre/fsn1/projects/rech/vcu/commun/Co-Phyloformer/generate_treeducken/generated_trees/Datasets/Dataset24680.tgl,parasite,1620,987
/lustre/fsn1/projects/rech/vcu/commun/Co-Phyloformer/generate_treeducken/generated_trees/Datasets/Dataset33010.tgl,parasite,1133,987
/lustre/fsn1/projects/rech/vcu/commun/Co-Phyloformer/generate_treeducken/generated_trees/Datasets/Dataset8180.tgl,parasite,990,987
/lustre/fsn1/projects/rech/vcu/commun/Co-Phyloformer/generate_treeducken/generated_trees/Datasets/Dataset78075.tgl,parasite,1060,987
/lustre/fsn1/projects/rech/vcu/commun/Co-Phyloformer/generate_treeducken/generated_trees/Datasets/Dataset78440.tgl,parasite,1602,987
/lustre/fsn1/projects/rech/vcu/commun/Co-Phyloformer/generate_treeducken/generated_trees/Datasets/Dataset84620.tgl,parasite,1040,987
/lustre/fsn1/projects/rech/vcu/commun/Co-Phyloformer/generate_treeducken/generated_trees/Datasets/Dataset71050.tgl,parasite,1039,987
/lustre/fsn1/projects/rech/vcu/commun/Co-Phyloformer/generate_treeducken/generated_trees/Datasets/Dataset28335.tgl,parasite,1469,987
/lustre/fsn1/projects/rech/vcu/commun/Co-Phyloformer/generate_treeducken/generated_trees/Datasets/Dataset67610.tgl,parasite,1562,987
/lustre/fsn1/projects/rech/vcu/commun/Co-Phyloformer/generate_treeducken/generated_trees/Datasets/Dataset89710.tgl,parasite,1424,987
/lustre/fsn1/projects/rech/vcu/commun/Co-Phyloformer/generate_treeducken/generated_trees/Datasets/Dataset75305.tgl,parasite,1077,987
/lustre/fsn1/projects/rech/vcu/commun/Co-Phyloformer/generate_treeducken/generated_trees/Datasets/Dataset95760.tgl,parasite,2453,987
/lustre/fsn1/projects/rech/vcu/commun/Co-Phyloformer/generate_treeducken/generated_trees/Datasets/Dataset90300.tgl,parasite,3645,987
/lustre/fsn1/projects/rech/vcu/commun/Co-Phyloformer/generate_treeducken/generated_trees/Datasets/Dataset21564.tgl,parasite,1172,987
/lustre/fsn1/projects/rech/vcu/commun/Co-Phyloformer/generate_treeducken/generated_trees/Datasets/Dataset4560.tgl,parasite,1396,987
/lustre/fsn1/projects/rech/vcu/commun/Co-Phyloformer/generate_treeducken/generated_trees/Datasets/Dataset9300.tgl,parasite,1028,987
/lustre/fsn1/projects/rech/vcu/commun/Co-Phyloformer/generate_treeducken/generated_trees/Datasets/Dataset37655.tgl,parasite,2761,987
/lustre/fsn1/projects/rech/vcu/commun/Co-Phyloformer/generate_treeducken/generated_trees/Datasets/Dataset96705.tgl,parasite,2616,987
/lustre/fsn1/projects/rech/vcu/commun/Co-Phyloformer/generate_treeducken/generated_trees/Datasets/Dataset68850.tgl,parasite,1578,987
/lustre/fsn1/projects/rech/vcu/commun/Co-Phyloformer/generate_treeducken/generated_trees/Datasets/Dataset29485.tgl,parasite,1707,987
/lustre/fsn1/projects/rech/vcu/commun/Co-Phyloformer/generate_treeducken/generated_trees/Datasets/Dataset53700.tgl,parasite,1019,987
/lustre/fsn1/projects/rech/vcu/commun/Co-Phyloformer/generate_treeducken/generated_trees/Datasets/Dataset85220.tgl,parasite,2062,987
/lustre/fsn1/projects/rech/vcu/commun/Co-Phyloformer/generate_treeducken/generated_trees/Datasets/Dataset73380.tgl,parasite,1007,987
/lustre/fsn1/projects/rech/vcu/commun/Co-Phyloformer/generate_treeducken/generated_trees/Datasets/Dataset67325.tgl,parasite,1020,987
/lustre/fsn1/projects/rech/vcu/commun/Co-Phyloformer/generate_treeducken/generated_trees/Datasets/Dataset46990.tgl,parasite,1617,987
/lustre/fsn1/projects/rech/vcu/commun/Co-Phyloformer/generate_treeducken/generated_trees/Datasets/Dataset50980.tgl,parasite,1174,987
/lustre/fsn1/projects/rech/vcu/commun/Co-Phyloformer/generate_treeducken/generated_trees/Datasets/Dataset83865.tgl,parasite,1225,987
/lustre/fsn1/projects/rech/vcu/commun/Co-Phyloformer/generate_treeducken/generated_trees/Datasets/Dataset36374.tgl,parasite,1097,987
/lustre/fsn1/projects/rech/vcu/commun/Co-Phyloformer/generate_treeducken/generated_trees/Datasets/Dataset91335.tgl,parasite,1132,987
/lustre/fsn1/projects/rech/vcu/commun/Co-Phyloformer/generate_treeducken/generated_trees/Datasets/Dataset65190.tgl,parasite,2202,987
/lustre/fsn1/projects/rech/vcu/commun/Co-Phyloformer/generate_treeducken/generated_trees/Datasets/Dataset62160.tgl,parasite,1540,987
/lustre/fsn1/projects/rech/vcu/commun/Co-Phyloformer/generate_treeducken/generated_trees/Datasets/Dataset79750.tgl,parasite,1013,987
/lustre/fsn1/projects/rech/vcu/commun/Co-Phyloformer/generate_treeducken/generated_trees/Datasets/Dataset63564.tgl,parasite,1154,987
/lustre/fsn1/projects/rech/vcu/commun/Co-Phyloformer/generate_treeducken/generated_trees/Datasets/Dataset53115.tgl,parasite,1121,987
/lustre/fsn1/projects/rech/vcu/commun/Co-Phyloformer/generate_treeducken/generated_trees/Datasets/Dataset96005.tgl,parasite,1477,987
/lustre/fsn1/projects/rech/vcu/commun/Co-Phyloformer/generate_treeducken/generated_trees/Datasets/Dataset4285.tgl,parasite,1047,987
/lustre/fsn1/projects/rech/vcu/commun/Co-Phyloformer/generate_treeducken/generated_trees/Datasets/Dataset9060.tgl,parasite,1858,987
/lustre/fsn1/projects/rech/vcu/commun/Co-Phyloformer/generate_treeducken/generated_trees/Datasets/Dataset89520.tgl,parasite,1776,987
/lustre/fsn1/projects/rech/vcu/commun/Co-Phyloformer/generate_treeducken/generated_trees/Datasets/Dataset65985.tgl,parasite,2951,987
/lustre/fsn1/projects/rech/vcu/commun/Co-Phyloformer/generate_treeducken/generated_trees/Datasets/Dataset67525.tgl,parasite,1914,987
/lustre/fsn1/projects/rech/vcu/commun/Co-Phyloformer/generate_treeducken/generated_trees/Datasets/Dataset70750.tgl,parasite,2389,987
/lustre/fsn1/projects/rech/vcu/commun/Co-Phyloformer/generate_treeducken/generated_trees/Datasets/Dataset62859.tgl,parasite,1540,987
/lustre/fsn1/projects/rech/vcu/commun/Co-Phyloformer/generate_treeducken/generated_trees/Datasets/Dataset98630.tgl,parasite,1264,987
/lustre/fsn1/projects/rech/vcu/commun/Co-Phyloformer/generate_treeducken/generated_trees/Datasets/Dataset3859.tgl,parasite,1071,987
/lustre/fsn1/projects/rech/vcu/commun/Co-Phyloformer/generate_treeducken/generated_trees/Datasets/Dataset15835.tgl,parasite,1021,987
/lustre/fsn1/projects/rech/vcu/commun/Co-Phyloformer/generate_treeducken/generated_trees/Datasets/Dataset6115.tgl,parasite,1877,987
/lustre/fsn1/projects/rech/vcu/commun/Co-Phyloformer/generate_treeducken/generated_trees/Datasets/Dataset19505.tgl,parasite,2471,987
/lustre/fsn1/projects/rech/vcu/commun/Co-Phyloformer/generate_treeducken/generated_trees/Datasets/Dataset87570.tgl,parasite,1423,987
/lustre/fsn1/projects/rech/vcu/commun/Co-Phyloformer/generate_treeducken/generated_trees/Datasets/Dataset34315.tgl,parasite,1771,987
/lustre/fsn1/projects/rech/vcu/commun/Co-Phyloformer/generate_treeducken/generated_trees/Datasets/Dataset90835.tgl,parasite,1356,987
/lustre/fsn1/projects/rech/vcu/commun/Co-Phyloformer/generate_treeducken/generated_trees/Datasets/Dataset40960.tgl,parasite,1857,987
/lustre/fsn1/projects/rech/vcu/commun/Co-Phyloformer/generate_treeducken/generated_trees/Datasets/Dataset49920.tgl,parasite,2160,987
/lustre/fsn1/projects/rech/vcu/commun/Co-Phyloformer/generate_treeducken/generated_trees/Datasets/Dataset11885.tgl,parasite,1678,987
/lustre/fsn1/projects/rech/vcu/commun/Co-Phyloformer/generate_treeducken/generated_trees/Datasets/Dataset13400.tgl,parasite,1805,987
/lustre/fsn1/projects/rech/vcu/commun/Co-Phyloformer/generate_treeducken/generated_trees/Datasets/Dataset48779.tgl,parasite,1538,987
/lustre/fsn1/projects/rech/vcu/commun/Co-Phyloformer/generate_treeducken/generated_trees/Datasets/Dataset85615.tgl,parasite,2004,987
/lustre/fsn1/projects/rech/vcu/commun/Co-Phyloformer/generate_treeducken/generated_trees/Datasets/Dataset32904.tgl,parasite,1135,987
/lustre/fsn1/projects/rech/vcu/commun/Co-Phyloformer/generate_treeducken/generated_trees/Datasets/Dataset61274.tgl,parasite,1218,987
/lustre/fsn1/projects/rech/vcu/commun/Co-Phyloformer/generate_treeducken/generated_trees/Datasets/Dataset88275.tgl,parasite,1274,987
/lustre/fsn1/projects/rech/vcu/commun/Co-Phyloformer/generate_treeducken/generated_trees/Datasets/Dataset87230.tgl,parasite,1996,987
/lustre/fsn1/projects/rech/vcu/commun/Co-Phyloformer/generate_treeducken/generated_trees/Datasets/Dataset48909.tgl,parasite,1040,987
/lustre/fsn1/projects/rech/vcu/commun/Co-Phyloformer/generate_treeducken/generated_trees/Datasets/Dataset46960.tgl,parasite,1154,987
/lustre/fsn1/projects/rech/vcu/commun/Co-Phyloformer/generate_treeducken/generated_trees/Datasets/Dataset98230.tgl,parasite,2132,987
/lustre/fsn1/projects/rech/vcu/commun/Co-Phyloformer/generate_treeducken/generated_trees/Datasets/Dataset80140.tgl,parasite,2069,987
/lustre/fsn1/projects/rech/vcu/commun/Co-Phyloformer/generate_treeducken/generated_trees/Datasets/Dataset39385.tgl,parasite,1968,987
/lustre/fsn1/projects/rech/vcu/commun/Co-Phyloformer/generate_treeducken/generated_trees/Datasets/Dataset74555.tgl,parasite,2571,987
/lustre/fsn1/projects/rech/vcu/commun/Co-Phyloformer/generate_treeducken/generated_trees/Datasets/Dataset22805.tgl,parasite,1679,987
/lustre/fsn1/projects/rech/vcu/commun/Co-Phyloformer/generate_treeducken/generated_trees/Datasets/Dataset41505.tgl,parasite,1409,987
/lustre/fsn1/projects/rech/vcu/commun/Co-Phyloformer/generate_treeducken/generated_trees/Datasets/Dataset26365.tgl,parasite,995,987
/lustre/fsn1/projects/rech/vcu/commun/Co-Phyloformer/generate_treeducken/generated_trees/Datasets/Dataset94795.tgl,parasite,998,987
/lustre/fsn1/projects/rech/vcu/commun/Co-Phyloformer/generate_treeducken/generated_trees/Datasets/Dataset50890.tgl,parasite,2833,987
/lustre/fsn1/projects/rech/vcu/commun/Co-Phyloformer/generate_treeducken/generated_trees/Datasets/Dataset63800.tgl,parasite,1764,987
/lustre/fsn1/projects/rech/vcu/commun/Co-Phyloformer/generate_treeducken/generated_trees/Datasets/Dataset2530.tgl,parasite,2820,987
/lustre/fsn1/projects/rech/vcu/commun/Co-Phyloformer/generate_treeducken/generated_trees/Datasets/Dataset20925.tgl,parasite,1286,987
/lustre/fsn1/projects/rech/vcu/commun/Co-Phyloformer/generate_treeducken/generated_trees/Datasets/Dataset74375.tgl,parasite,1417,987
/lustre/fsn1/projects/rech/vcu/commun/Co-Phyloformer/generate_treeducken/generated_trees/Datasets/Dataset61214.tgl,parasite,1225,987
/lustre/fsn1/projects/rech/vcu/commun/Co-Phyloformer/generate_treeducken/generated_trees/Datasets/Dataset95290.tgl,parasite,1323,987
/lustre/fsn1/projects/rech/vcu/commun/Co-Phyloformer/generate_treeducken/generated_trees/Datasets/Dataset21100.tgl,parasite,1101,987
/lustre/fsn1/projects/rech/vcu/commun/Co-Phyloformer/generate_treeducken/generated_trees/Datasets/Dataset82950.tgl,parasite,2141,987
/lustre/fsn1/projects/rech/vcu/commun/Co-Phyloformer/generate_treeducken/generated_trees/Datasets/Dataset23025.tgl,parasite,1718,987
/lustre/fsn1/projects/rech/vcu/commun/Co-Phyloformer/generate_treeducken/generated_trees/Datasets/Dataset72135.tgl,parasite,1396,987
/lustre/fsn1/projects/rech/vcu/commun/Co-Phyloformer/generate_treeducken/generated_trees/Datasets/Dataset36830.tgl,parasite,2812,987
/lustre/fsn1/projects/rech/vcu/commun/Co-Phyloformer/generate_treeducken/generated_trees/Datasets/Dataset31855.tgl,parasite,2553,987
/lustre/fsn1/projects/rech/vcu/commun/Co-Phyloformer/generate_treeducken/generated_trees/Datasets/Dataset13289.tgl,parasite,1112,987
/lustre/fsn1/projects/rech/vcu/commun/Co-Phyloformer/generate_treeducken/generated_trees/Datasets/Dataset29940.tgl,parasite,1493,987
/lustre/fsn1/projects/rech/vcu/commun/Co-Phyloformer/generate_treeducken/generated_trees/Datasets/Dataset29945.tgl,parasite,2534,987
/lustre/fsn1/projects/rech/vcu/commun/Co-Phyloformer/generate_treeducken/generated_trees/Datasets/Dataset14700.tgl,parasite,1108,987
/lustre/fsn1/projects/rech/vcu/commun/Co-Phyloformer/generate_treeducken/generated_trees/Datasets/Dataset32370.tgl,parasite,1297,987
/lustre/fsn1/projects/rech/vcu/commun/Co-Phyloformer/generate_treeducken/generated_trees/Datasets/Dataset3500.tgl,parasite,1195,987
/lustre/fsn1/projects/rech/vcu/commun/Co-Phyloformer/generate_treeducken/generated_trees/Datasets/Dataset99330.tgl,parasite,1515,987
/lustre/fsn1/projects/rech/vcu/commun/Co-Phyloformer/generate_treeducken/generated_trees/Datasets/Dataset18665.tgl,parasite,1461,987
/lustre/fsn1/projects/rech/vcu/commun/Co-Phyloformer/generate_treeducken/generated_trees/Datasets/Dataset89740.tgl,parasite,1847,987
/lustre/fsn1/projects/rech/vcu/commun/Co-Phyloformer/generate_treeducken/generated_trees/Datasets/Dataset14265.tgl,parasite,1434,987
/lustre/fsn1/projects/rech/vcu/commun/Co-Phyloformer/generate_treeducken/generated_trees/Datasets/Dataset95120.tgl,parasite,1442,987
/lustre/fsn1/projects/rech/vcu/commun/Co-Phyloformer/generate_treeducken/generated_trees/Datasets/Dataset34025.tgl,parasite,2233,987
/lustre/fsn1/projects/rech/vcu/commun/Co-Phyloformer/generate_treeducken/generated_trees/Datasets/Dataset84175.tgl,parasite,3581,987
/lustre/fsn1/projects/rech/vcu/commun/Co-Phyloformer/generate_treeducken/generated_trees/Datasets/Dataset58715.tgl,parasite,1246,987
/lustre/fsn1/projects/rech/vcu/commun/Co-Phyloformer/generate_treeducken/generated_trees/Datasets/Dataset73370.tgl,parasite,1553,987
/lustre/fsn1/projects/rech/vcu/commun/Co-Phyloformer/generate_treeducken/generated_trees/Datasets/Dataset90030.tgl,parasite,1190,987
/lustre/fsn1/projects/rech/vcu/commun/Co-Phyloformer/generate_treeducken/generated_trees/Datasets/Dataset53660.tgl,parasite,1121,987
/lustre/fsn1/projects/rech/vcu/commun/Co-Phyloformer/generate_treeducken/generated_trees/Datasets/Dataset63450.tgl,parasite,1133,987
/lustre/fsn1/projects/rech/vcu/commun/Co-Phyloformer/generate_treeducken/generated_trees/Datasets/Dataset68945.tgl,parasite,1014,987
/lustre/fsn1/projects/rech/vcu/commun/Co-Phyloformer/generate_treeducken/generated_trees/Datasets/Dataset19100.tgl,parasite,1232,987
/lustre/fsn1/projects/rech/vcu/commun/Co-Phyloformer/generate_treeducken/generated_trees/Datasets/Dataset35585.tgl,parasite,1297,987
/lustre/fsn1/projects/rech/vcu/commun/Co-Phyloformer/generate_treeducken/generated_trees/Datasets/Dataset48870.tgl,parasite,1083,987
/lustre/fsn1/projects/rech/vcu/commun/Co-Phyloformer/generate_treeducken/generated_trees/Datasets/Dataset93645.tgl,parasite,2200,987
/lustre/fsn1/projects/rech/vcu/commun/Co-Phyloformer/generate_treeducken/generated_trees/Datasets/Dataset34750.tgl,parasite,1010,987
/lustre/fsn1/projects/rech/vcu/commun/Co-Phyloformer/generate_treeducken/generated_trees/Datasets/Dataset77855.tgl,parasite,5529,987
/lustre/fsn1/projects/rech/vcu/commun/Co-Phyloformer/generate_treeducken/generated_trees/Datasets/Dataset28305.tgl,parasite,2340,987
/lustre/fsn1/projects/rech/vcu/commun/Co-Phyloformer/generate_treeducken/generated_trees/Datasets/Dataset32140.tgl,parasite,1421,987
/lustre/fsn1/projects/rech/vcu/commun/Co-Phyloformer/generate_treeducken/generated_trees/Datasets/Dataset75355.tgl,parasite,1301,987
/lustre/fsn1/projects/rech/vcu/commun/Co-Phyloformer/generate_treeducken/generated_trees/Datasets/Dataset97750.tgl,parasite,1055,987
/lustre/fsn1/projects/rech/vcu/commun/Co-Phyloformer/generate_treeducken/generated_trees/Datasets/Dataset63304.tgl,parasite,1279,987
/lustre/fsn1/projects/rech/vcu/commun/Co-Phyloformer/generate_treeducken/generated_trees/Datasets/Dataset3879.tgl,parasite,1062,987
/lustre/fsn1/projects/rech/vcu/commun/Co-Phyloformer/generate_treeducken/generated_trees/Datasets/Dataset42484.tgl,parasite,1014,987
/lustre/fsn1/projects/rech/vcu/commun/Co-Phyloformer/generate_treeducken/generated_trees/Datasets/Dataset95610.tgl,parasite,1535,987
/lustre/fsn1/projects/rech/vcu/commun/Co-Phyloformer/generate_treeducken/generated_trees/Datasets/Dataset29410.tgl,parasite,1853,987
/lustre/fsn1/projects/rech/vcu/commun/Co-Phyloformer/generate_treeducken/generated_trees/Datasets/Dataset55815.tgl,parasite,1967,987
/lustre/fsn1/projects/rech/vcu/commun/Co-Phyloformer/generate_treeducken/generated_trees/Datasets/Dataset18355.tgl,parasite,1164,987
/lustre/fsn1/projects/rech/vcu/commun/Co-Phyloformer/generate_treeducken/generated_trees/Datasets/Dataset88450.tgl,parasite,1676,987
/lustre/fsn1/projects/rech/vcu/commun/Co-Phyloformer/generate_treeducken/generated_trees/Datasets/Dataset45355.tgl,parasite,1547,987
/lustre/fsn1/projects/rech/vcu/commun/Co-Phyloformer/generate_treeducken/generated_trees/Datasets/Dataset82270.tgl,parasite,1212,987
/lustre/fsn1/projects/rech/vcu/commun/Co-Phyloformer/generate_treeducken/generated_trees/Datasets/Dataset6175.tgl,parasite,1078,987
/lustre/fsn1/projects/rech/vcu/commun/Co-Phyloformer/generate_treeducken/generated_trees/Datasets/Dataset75360.tgl,parasite,1005,987
/lustre/fsn1/projects/rech/vcu/commun/Co-Phyloformer/generate_treeducken/generated_trees/Datasets/Dataset41239.tgl,parasite,2263,987
/lustre/fsn1/projects/rech/vcu/commun/Co-Phyloformer/generate_treeducken/generated_trees/Datasets/Dataset4680.tgl,parasite,1588,987
/lustre/fsn1/projects/rech/vcu/commun/Co-Phyloformer/generate_treeducken/generated_trees/Datasets/Dataset42785.tgl,parasite,990,987
/lustre/fsn1/projects/rech/vcu/commun/Co-Phyloformer/generate_treeducken/generated_trees/Datasets/Dataset4940.tgl,parasite,1081,987
/lustre/fsn1/projects/rech/vcu/commun/Co-Phyloformer/generate_treeducken/generated_trees/Datasets/Dataset61815.tgl,parasite,4047,987
/lustre/fsn1/projects/rech/vcu/commun/Co-Phyloformer/generate_treeducken/generated_trees/Datasets/Dataset86835.tgl,parasite,1515,987
/lustre/fsn1/projects/rech/vcu/commun/Co-Phyloformer/generate_treeducken/generated_trees/Datasets/Dataset10845.tgl,parasite,993,987
/lustre/fsn1/projects/rech/vcu/commun/Co-Phyloformer/generate_treeducken/generated_trees/Datasets/Dataset23195.tgl,parasite,1398,987
/lustre/fsn1/projects/rech/vcu/commun/Co-Phyloformer/generate_treeducken/generated_trees/Datasets/Dataset95205.tgl,parasite,1488,987
/lustre/fsn1/projects/rech/vcu/commun/Co-Phyloformer/generate_treeducken/generated_trees/Datasets/Dataset78495.tgl,parasite,1053,987
/lustre/fsn1/projects/rech/vcu/commun/Co-Phyloformer/generate_treeducken/generated_trees/Datasets/Dataset86670.tgl,parasite,2238,987
/lustre/fsn1/projects/rech/vcu/commun/Co-Phyloformer/generate_treeducken/generated_trees/Datasets/Dataset47919.tgl,parasite,1128,987
/lustre/fsn1/projects/rech/vcu/commun/Co-Phyloformer/generate_treeducken/generated_trees/Datasets/Dataset78740.tgl,parasite,1616,987
/lustre/fsn1/projects/rech/vcu/commun/Co-Phyloformer/generate_treeducken/generated_trees/Datasets/Dataset24659.tgl,parasite,1057,987
/lustre/fsn1/projects/rech/vcu/commun/Co-Phyloformer/generate_treeducken/generated_trees/Datasets/Dataset95250.tgl,parasite,3578,987
/lustre/fsn1/projects/rech/vcu/commun/Co-Phyloformer/generate_treeducken/generated_trees/Datasets/Dataset48605.tgl,parasite,1939,987
/lustre/fsn1/projects/rech/vcu/commun/Co-Phyloformer/generate_treeducken/generated_trees/Datasets/Dataset68494.tgl,parasite,1026,987
/lustre/fsn1/projects/rech/vcu/commun/Co-Phyloformer/generate_treeducken/generated_trees/Datasets/Dataset34984.tgl,parasite,1022,987
/lustre/fsn1/projects/rech/vcu/commun/Co-Phyloformer/generate_treeducken/generated_trees/Datasets/Dataset44060.tgl,parasite,1496,987
/lustre/fsn1/projects/rech/vcu/commun/Co-Phyloformer/generate_treeducken/generated_trees/Datasets/Dataset68615.tgl,parasite,1218,987
/lustre/fsn1/projects/rech/vcu/commun/Co-Phyloformer/generate_treeducken/generated_trees/Datasets/Dataset32650.tgl,parasite,2368,987
/lustre/fsn1/projects/rech/vcu/commun/Co-Phyloformer/generate_treeducken/generated_trees/Datasets/Dataset32185.tgl,parasite,1818,987
/lustre/fsn1/projects/rech/vcu/commun/Co-Phyloformer/generate_treeducken/generated_trees/Datasets/Dataset37365.tgl,parasite,2326,987
/lustre/fsn1/projects/rech/vcu/commun/Co-Phyloformer/generate_treeducken/generated_trees/Datasets/Dataset92480.tgl,parasite,1372,987
/lustre/fsn1/projects/rech/vcu/commun/Co-Phyloformer/generate_treeducken/generated_trees/Datasets/Dataset42425.tgl,parasite,2557,987
/lustre/fsn1/projects/rech/vcu/commun/Co-Phyloformer/generate_treeducken/generated_trees/Datasets/Dataset54320.tgl,parasite,1001,987
/lustre/fsn1/projects/rech/vcu/commun/Co-Phyloformer/generate_treeducken/generated_trees/Datasets/Dataset83850.tgl,parasite,1654,987
/lustre/fsn1/projects/rech/vcu/commun/Co-Phyloformer/generate_treeducken/generated_trees/Datasets/Dataset83665.tgl,parasite,1796,987
/lustre/fsn1/projects/rech/vcu/commun/Co-Phyloformer/generate_treeducken/generated_trees/Datasets/Dataset64605.tgl,parasite,1953,987
/lustre/fsn1/projects/rech/vcu/commun/Co-Phyloformer/generate_treeducken/generated_trees/Datasets/Dataset83170.tgl,parasite,1348,987
/lustre/fsn1/projects/rech/vcu/commun/Co-Phyloformer/generate_treeducken/generated_trees/Datasets/Dataset59285.tgl,parasite,1152,987
/lustre/fsn1/projects/rech/vcu/commun/Co-Phyloformer/generate_treeducken/generated_trees/Datasets/Dataset55485.tgl,parasite,1234,987
/lustre/fsn1/projects/rech/vcu/commun/Co-Phyloformer/generate_treeducken/generated_trees/Datasets/Dataset15890.tgl,parasite,995,987
/lustre/fsn1/projects/rech/vcu/commun/Co-Phyloformer/generate_treeducken/generated_trees/Datasets/Dataset97490.tgl,parasite,1062,987
/lustre/fsn1/projects/rech/vcu/commun/Co-Phyloformer/generate_treeducken/generated_trees/Datasets/Dataset96760.tgl,parasite,1410,987
/lustre/fsn1/projects/rech/vcu/commun/Co-Phyloformer/generate_treeducken/generated_trees/Datasets/Dataset40400.tgl,parasite,1264,987
/lustre/fsn1/projects/rech/vcu/commun/Co-Phyloformer/generate_treeducken/generated_trees/Datasets/Dataset67625.tgl,parasite,1048,987
/lustre/fsn1/projects/rech/vcu/commun/Co-Phyloformer/generate_treeducken/generated_trees/Datasets/Dataset65760.tgl,parasite,1438,987
/lustre/fsn1/projects/rech/vcu/commun/Co-Phyloformer/generate_treeducken/generated_trees/Datasets/Dataset72405.tgl,parasite,990,987
/lustre/fsn1/projects/rech/vcu/commun/Co-Phyloformer/generate_treeducken/generated_trees/Datasets/Dataset49985.tgl,parasite,1072,987
/lustre/fsn1/projects/rech/vcu/commun/Co-Phyloformer/generate_treeducken/generated_trees/Datasets/Dataset41970.tgl,parasite,1423,987
/lustre/fsn1/projects/rech/vcu/commun/Co-Phyloformer/generate_treeducken/generated_trees/Datasets/Dataset26789.tgl,parasite,1189,987
/lustre/fsn1/projects/rech/vcu/commun/Co-Phyloformer/generate_treeducken/generated_trees/Datasets/Dataset29335.tgl,parasite,3100,987
/lustre/fsn1/projects/rech/vcu/commun/Co-Phyloformer/generate_treeducken/generated_trees/Datasets/Dataset65610.tgl,parasite,2198,987
/lustre/fsn1/projects/rech/vcu/commun/Co-Phyloformer/generate_treeducken/generated_trees/Datasets/Dataset89709.tgl,parasite,1462,987
/lustre/fsn1/projects/rech/vcu/commun/Co-Phyloformer/generate_treeducken/generated_trees/Datasets/Dataset20060.tgl,parasite,1433,987
/lustre/fsn1/projects/rech/vcu/commun/Co-Phyloformer/generate_treeducken/generated_trees/Datasets/Dataset81655.tgl,parasite,1114,987
/lustre/fsn1/projects/rech/vcu/commun/Co-Phyloformer/generate_treeducken/generated_trees/Datasets/Dataset29610.tgl,parasite,3395,987
/lustre/fsn1/projects/rech/vcu/commun/Co-Phyloformer/generate_treeducken/generated_trees/Datasets/Dataset61790.tgl,parasite,1065,987
/lustre/fsn1/projects/rech/vcu/commun/Co-Phyloformer/generate_treeducken/generated_trees/Datasets/Dataset73590.tgl,parasite,1911,987
/lustre/fsn1/projects/rech/vcu/commun/Co-Phyloformer/generate_treeducken/generated_trees/Datasets/Dataset28820.tgl,parasite,2073,987
/lustre/fsn1/projects/rech/vcu/commun/Co-Phyloformer/generate_treeducken/generated_trees/Datasets/Dataset42165.tgl,parasite,1029,987
/lustre/fsn1/projects/rech/vcu/commun/Co-Phyloformer/generate_treeducken/generated_trees/Datasets/Dataset95770.tgl,parasite,1097,987
/lustre/fsn1/projects/rech/vcu/commun/Co-Phyloformer/generate_treeducken/generated_trees/Datasets/Dataset99185.tgl,parasite,1758,987
/lustre/fsn1/projects/rech/vcu/commun/Co-Phyloformer/generate_treeducken/generated_trees/Datasets/Dataset34760.tgl,parasite,2371,987
/lustre/fsn1/projects/rech/vcu/commun/Co-Phyloformer/generate_treeducken/generated_trees/Datasets/Dataset11780.tgl,parasite,1190,987
/lustre/fsn1/projects/rech/vcu/commun/Co-Phyloformer/generate_treeducken/generated_trees/Datasets/Dataset14190.tgl,parasite,1594,987
/lustre/fsn1/projects/rech/vcu/commun/Co-Phyloformer/generate_treeducken/generated_trees/Datasets/Dataset90220.tgl,parasite,1052,987
/lustre/fsn1/projects/rech/vcu/commun/Co-Phyloformer/generate_treeducken/generated_trees/Datasets/Dataset66075.tgl,parasite,1032,987
/lustre/fsn1/projects/rech/vcu/commun/Co-Phyloformer/generate_treeducken/generated_trees/Datasets/Dataset18244.tgl,parasite,1230,987
/lustre/fsn1/projects/rech/vcu/commun/Co-Phyloformer/generate_treeducken/generated_trees/Datasets/Dataset28725.tgl,parasite,3219,987
/lustre/fsn1/projects/rech/vcu/commun/Co-Phyloformer/generate_treeducken/generated_trees/Datasets/Dataset95750.tgl,parasite,1339,987
/lustre/fsn1/projects/rech/vcu/commun/Co-Phyloformer/generate_treeducken/generated_trees/Datasets/Dataset74165.tgl,parasite,1916,987
/lustre/fsn1/projects/rech/vcu/commun/Co-Phyloformer/generate_treeducken/generated_trees/Datasets/Dataset65400.tgl,parasite,1035,987
/lustre/fsn1/projects/rech/vcu/commun/Co-Phyloformer/generate_treeducken/generated_trees/Datasets/Dataset34115.tgl,parasite,1964,987
/lustre/fsn1/projects/rech/vcu/commun/Co-Phyloformer/generate_treeducken/generated_trees/Datasets/Dataset46060.tgl,parasite,1004,987
/lustre/fsn1/projects/rech/vcu/commun/Co-Phyloformer/generate_treeducken/generated_trees/Datasets/Dataset40405.tgl,parasite,2005,987
/lustre/fsn1/projects/rech/vcu/commun/Co-Phyloformer/generate_treeducken/generated_trees/Datasets/Dataset42815.tgl,parasite,1525,987
/lustre/fsn1/projects/rech/vcu/commun/Co-Phyloformer/generate_treeducken/generated_trees/Datasets/Dataset62350.tgl,parasite,1391,987
/lustre/fsn1/projects/rech/vcu/commun/Co-Phyloformer/generate_treeducken/generated_trees/Datasets/Dataset84585.tgl,parasite,1588,987
/lustre/fsn1/projects/rech/vcu/commun/Co-Phyloformer/generate_treeducken/generated_trees/Datasets/Dataset7124.tgl,parasite,1163,987
/lustre/fsn1/projects/rech/vcu/commun/Co-Phyloformer/generate_treeducken/generated_trees/Datasets/Dataset20825.tgl,parasite,3069,987
/lustre/fsn1/projects/rech/vcu/commun/Co-Phyloformer/generate_treeducken/generated_trees/Datasets/Dataset14275.tgl,parasite,1115,987
/lustre/fsn1/projects/rech/vcu/commun/Co-Phyloformer/generate_treeducken/generated_trees/Datasets/Dataset57594.tgl,parasite,2155,987
/lustre/fsn1/projects/rech/vcu/commun/Co-Phyloformer/generate_treeducken/generated_trees/Datasets/Dataset33125.tgl,parasite,2856,987
/lustre/fsn1/projects/rech/vcu/commun/Co-Phyloformer/generate_treeducken/generated_trees/Datasets/Dataset1485.tgl,parasite,1371,987
/lustre/fsn1/projects/rech/vcu/commun/Co-Phyloformer/generate_treeducken/generated_trees/Datasets/Dataset38805.tgl,parasite,3984,987
/lustre/fsn1/projects/rech/vcu/commun/Co-Phyloformer/generate_treeducken/generated_trees/Datasets/Dataset85990.tgl,parasite,1245,987
/lustre/fsn1/projects/rech/vcu/commun/Co-Phyloformer/generate_treeducken/generated_trees/Datasets/Dataset58375.tgl,parasite,1256,987
/lustre/fsn1/projects/rech/vcu/commun/Co-Phyloformer/generate_treeducken/generated_trees/Datasets/Dataset59715.tgl,parasite,1056,987
/lustre/fsn1/projects/rech/vcu/commun/Co-Phyloformer/generate_treeducken/generated_trees/Datasets/Dataset57270.tgl,parasite,1979,987
/lustre/fsn1/projects/rech/vcu/commun/Co-Phyloformer/generate_treeducken/generated_trees/Datasets/Dataset74940.tgl,parasite,1085,987
/lustre/fsn1/projects/rech/vcu/commun/Co-Phyloformer/generate_treeducken/generated_trees/Datasets/Dataset54865.tgl,parasite,1024,987
/lustre/fsn1/projects/rech/vcu/commun/Co-Phyloformer/generate_treeducken/generated_trees/Datasets/Dataset81125.tgl,parasite,1361,987
/lustre/fsn1/projects/rech/vcu/commun/Co-Phyloformer/generate_treeducken/generated_trees/Datasets/Dataset55674.tgl,parasite,1104,987
/lustre/fsn1/projects/rech/vcu/commun/Co-Phyloformer/generate_treeducken/generated_trees/Datasets/Dataset90860.tgl,parasite,1226,987
/lustre/fsn1/projects/rech/vcu/commun/Co-Phyloformer/generate_treeducken/generated_trees/Datasets/Dataset26264.tgl,parasite,1026,987
/lustre/fsn1/projects/rech/vcu/commun/Co-Phyloformer/generate_treeducken/generated_trees/Datasets/Dataset89130.tgl,parasite,2159,987
/lustre/fsn1/projects/rech/vcu/commun/Co-Phyloformer/generate_treeducken/generated_trees/Datasets/Dataset82410.tgl,parasite,2543,987
/lustre/fsn1/projects/rech/vcu/commun/Co-Phyloformer/generate_treeducken/generated_trees/Datasets/Dataset47205.tgl,parasite,1174,987
/lustre/fsn1/projects/rech/vcu/commun/Co-Phyloformer/generate_treeducken/generated_trees/Datasets/Dataset25589.tgl,parasite,1053,987
/lustre/fsn1/projects/rech/vcu/commun/Co-Phyloformer/generate_treeducken/generated_trees/Datasets/Dataset20485.tgl,parasite,1014,987
/lustre/fsn1/projects/rech/vcu/commun/Co-Phyloformer/generate_treeducken/generated_trees/Datasets/Dataset94495.tgl,parasite,1205,987
/lustre/fsn1/projects/rech/vcu/commun/Co-Phyloformer/generate_treeducken/generated_trees/Datasets/Dataset96260.tgl,parasite,1071,987
/lustre/fsn1/projects/rech/vcu/commun/Co-Phyloformer/generate_treeducken/generated_trees/Datasets/Dataset66310.tgl,parasite,1103,987
/lustre/fsn1/projects/rech/vcu/commun/Co-Phyloformer/generate_treeducken/generated_trees/Datasets/Dataset65905.tgl,parasite,1033,987
/lustre/fsn1/projects/rech/vcu/commun/Co-Phyloformer/generate_treeducken/generated_trees/Datasets/Dataset77940.tgl,parasite,1304,987
/lustre/fsn1/projects/rech/vcu/commun/Co-Phyloformer/generate_treeducken/generated_trees/Datasets/Dataset40250.tgl,parasite,1568,987
/lustre/fsn1/projects/rech/vcu/commun/Co-Phyloformer/generate_treeducken/generated_trees/Datasets/Dataset20885.tgl,parasite,2219,987
/lustre/fsn1/projects/rech/vcu/commun/Co-Phyloformer/generate_treeducken/generated_trees/Datasets/Dataset55770.tgl,parasite,1011,987
/lustre/fsn1/projects/rech/vcu/commun/Co-Phyloformer/generate_treeducken/generated_trees/Datasets/Dataset10135.tgl,parasite,1359,987
/lustre/fsn1/projects/rech/vcu/commun/Co-Phyloformer/generate_treeducken/generated_trees/Datasets/Dataset25239.tgl,parasite,991,987
/lustre/fsn1/projects/rech/vcu/commun/Co-Phyloformer/generate_treeducken/generated_trees/Datasets/Dataset36640.tgl,parasite,2198,987
/lustre/fsn1/projects/rech/vcu/commun/Co-Phyloformer/generate_treeducken/generated_trees/Datasets/Dataset52935.tgl,parasite,1844,987
/lustre/fsn1/projects/rech/vcu/commun/Co-Phyloformer/generate_treeducken/generated_trees/Datasets/Dataset38655.tgl,parasite,1132,987
/lustre/fsn1/projects/rech/vcu/commun/Co-Phyloformer/generate_treeducken/generated_trees/Datasets/Dataset7165.tgl,parasite,2375,987
/lustre/fsn1/projects/rech/vcu/commun/Co-Phyloformer/generate_treeducken/generated_trees/Datasets/Dataset64460.tgl,parasite,3568,987
/lustre/fsn1/projects/rech/vcu/commun/Co-Phyloformer/generate_treeducken/generated_trees/Datasets/Dataset19700.tgl,parasite,1109,987
/lustre/fsn1/projects/rech/vcu/commun/Co-Phyloformer/generate_treeducken/generated_trees/Datasets/Dataset16530.tgl,parasite,3157,987
/lustre/fsn1/projects/rech/vcu/commun/Co-Phyloformer/generate_treeducken/generated_trees/Datasets/Dataset85875.tgl,parasite,2879,987
/lustre/fsn1/projects/rech/vcu/commun/Co-Phyloformer/generate_treeducken/generated_trees/Datasets/Dataset72520.tgl,parasite,1939,987
/lustre/fsn1/projects/rech/vcu/commun/Co-Phyloformer/generate_treeducken/generated_trees/Datasets/Dataset91885.tgl,parasite,1228,987
/lustre/fsn1/projects/rech/vcu/commun/Co-Phyloformer/generate_treeducken/generated_trees/Datasets/Dataset72210.tgl,parasite,1109,987
/lustre/fsn1/projects/rech/vcu/commun/Co-Phyloformer/generate_treeducken/generated_trees/Datasets/Dataset44824.tgl,parasite,1253,987
/lustre/fsn1/projects/rech/vcu/commun/Co-Phyloformer/generate_treeducken/generated_trees/Datasets/Dataset15135.tgl,parasite,1292,987
/lustre/fsn1/projects/rech/vcu/commun/Co-Phyloformer/generate_treeducken/generated_trees/Datasets/Dataset11884.tgl,parasite,1020,987
/lustre/fsn1/projects/rech/vcu/commun/Co-Phyloformer/generate_treeducken/generated_trees/Datasets/Dataset24280.tgl,parasite,1635,987
/lustre/fsn1/projects/rech/vcu/commun/Co-Phyloformer/generate_treeducken/generated_trees/Datasets/Dataset82085.tgl,parasite,1664,987
/lustre/fsn1/projects/rech/vcu/commun/Co-Phyloformer/generate_treeducken/generated_trees/Datasets/Dataset84650.tgl,parasite,1674,987
/lustre/fsn1/projects/rech/vcu/commun/Co-Phyloformer/generate_treeducken/generated_trees/Datasets/Dataset73845.tgl,parasite,1663,987
/lustre/fsn1/projects/rech/vcu/commun/Co-Phyloformer/generate_treeducken/generated_trees/Datasets/Dataset4550.tgl,parasite,2536,987
/lustre/fsn1/projects/rech/vcu/commun/Co-Phyloformer/generate_treeducken/generated_trees/Datasets/Dataset56510.tgl,parasite,2299,987
/lustre/fsn1/projects/rech/vcu/commun/Co-Phyloformer/generate_treeducken/generated_trees/Datasets/Dataset49670.tgl,parasite,1480,987
/lustre/fsn1/projects/rech/vcu/commun/Co-Phyloformer/generate_treeducken/generated_trees/Datasets/Dataset36155.tgl,parasite,1260,987
/lustre/fsn1/projects/rech/vcu/commun/Co-Phyloformer/generate_treeducken/generated_trees/Datasets/Dataset12520.tgl,parasite,1689,987
/lustre/fsn1/projects/rech/vcu/commun/Co-Phyloformer/generate_treeducken/generated_trees/Datasets/Dataset91495.tgl,parasite,1326,987
/lustre/fsn1/projects/rech/vcu/commun/Co-Phyloformer/generate_treeducken/generated_trees/Datasets/Dataset75405.tgl,parasite,1151,987
/lustre/fsn1/projects/rech/vcu/commun/Co-Phyloformer/generate_treeducken/generated_trees/Datasets/Dataset63900.tgl,parasite,3133,987
/lustre/fsn1/projects/rech/vcu/commun/Co-Phyloformer/generate_treeducken/generated_trees/Datasets/Dataset92155.tgl,parasite,1036,987
/lustre/fsn1/projects/rech/vcu/commun/Co-Phyloformer/generate_treeducken/generated_trees/Datasets/Dataset71415.tgl,parasite,1167,987
/lustre/fsn1/projects/rech/vcu/commun/Co-Phyloformer/generate_treeducken/generated_trees/Datasets/Dataset92405.tgl,parasite,3488,987
/lustre/fsn1/projects/rech/vcu/commun/Co-Phyloformer/generate_treeducken/generated_trees/Datasets/Dataset93125.tgl,parasite,1058,987
/lustre/fsn1/projects/rech/vcu/commun/Co-Phyloformer/generate_treeducken/generated_trees/Datasets/Dataset75705.tgl,parasite,2938,987
/lustre/fsn1/projects/rech/vcu/commun/Co-Phyloformer/generate_treeducken/generated_trees/Datasets/Dataset98375.tgl,parasite,1093,987
/lustre/fsn1/projects/rech/vcu/commun/Co-Phyloformer/generate_treeducken/generated_trees/Datasets/Dataset44920.tgl,parasite,1248,987
/lustre/fsn1/projects/rech/vcu/commun/Co-Phyloformer/generate_treeducken/generated_trees/Datasets/Dataset55635.tgl,parasite,1141,987
/lustre/fsn1/projects/rech/vcu/commun/Co-Phyloformer/generate_treeducken/generated_trees/Datasets/Dataset97595.tgl,parasite,1581,987
/lustre/fsn1/projects/rech/vcu/commun/Co-Phyloformer/generate_treeducken/generated_trees/Datasets/Dataset56389.tgl,parasite,1133,987
/lustre/fsn1/projects/rech/vcu/commun/Co-Phyloformer/generate_treeducken/generated_trees/Datasets/Dataset88175.tgl,parasite,1129,987
/lustre/fsn1/projects/rech/vcu/commun/Co-Phyloformer/generate_treeducken/generated_trees/Datasets/Dataset77520.tgl,parasite,1008,987
/lustre/fsn1/projects/rech/vcu/commun/Co-Phyloformer/generate_treeducken/generated_trees/Datasets/Dataset75015.tgl,parasite,1059,987
/lustre/fsn1/projects/rech/vcu/commun/Co-Phyloformer/generate_treeducken/generated_trees/Datasets/Dataset39495.tgl,parasite,3504,987
/lustre/fsn1/projects/rech/vcu/commun/Co-Phyloformer/generate_treeducken/generated_trees/Datasets/Dataset83519.tgl,parasite,1667,987
/lustre/fsn1/projects/rech/vcu/commun/Co-Phyloformer/generate_treeducken/generated_trees/Datasets/Dataset80214.tgl,parasite,1267,987
/lustre/fsn1/projects/rech/vcu/commun/Co-Phyloformer/generate_treeducken/generated_trees/Datasets/Dataset7990.tgl,parasite,2218,987
/lustre/fsn1/projects/rech/vcu/commun/Co-Phyloformer/generate_treeducken/generated_trees/Datasets/Dataset26509.tgl,parasite,1941,987
/lustre/fsn1/projects/rech/vcu/commun/Co-Phyloformer/generate_treeducken/generated_trees/Datasets/Dataset26005.tgl,parasite,1146,987
/lustre/fsn1/projects/rech/vcu/commun/Co-Phyloformer/generate_treeducken/generated_trees/Datasets/Dataset57595.tgl,parasite,1751,987
/lustre/fsn1/projects/rech/vcu/commun/Co-Phyloformer/generate_treeducken/generated_trees/Datasets/Dataset22724.tgl,parasite,1070,987
/lustre/fsn1/projects/rech/vcu/commun/Co-Phyloformer/generate_treeducken/generated_trees/Datasets/Dataset97730.tgl,parasite,2214,987
/lustre/fsn1/projects/rech/vcu/commun/Co-Phyloformer/generate_treeducken/generated_trees/Datasets/Dataset23369.tgl,parasite,1715,987
/lustre/fsn1/projects/rech/vcu/commun/Co-Phyloformer/generate_treeducken/generated_trees/Datasets/Dataset43439.tgl,parasite,1022,987
/lustre/fsn1/projects/rech/vcu/commun/Co-Phyloformer/generate_treeducken/generated_trees/Datasets/Dataset79180.tgl,parasite,1728,987
/lustre/fsn1/projects/rech/vcu/commun/Co-Phyloformer/generate_treeducken/generated_trees/Datasets/Dataset20560.tgl,parasite,1372,987
/lustre/fsn1/projects/rech/vcu/commun/Co-Phyloformer/generate_treeducken/generated_trees/Datasets/Dataset70870.tgl,parasite,1782,987
/lustre/fsn1/projects/rech/vcu/commun/Co-Phyloformer/generate_treeducken/generated_trees/Datasets/Dataset36040.tgl,parasite,2105,987
/lustre/fsn1/projects/rech/vcu/commun/Co-Phyloformer/generate_treeducken/generated_trees/Datasets/Dataset35130.tgl,parasite,1312,987
