"Step","1e-3NoWeightdecay(test1) - train/loss","1e-3NoWeightdecay(test1) - train/loss__MIN","1e-3NoWeightdecay(test1) - train/loss__MAX","1e-3noWarmUP - train/loss","1e-3noWarmUP - train/loss__MIN","1e-3noWarmUP - train/loss__MAX","5e-4NoWeightdecay - train/loss","5e-4NoWeightdecay - train/loss__MIN","5e-4NoWeightdecay - train/loss__MAX","1e-3withScheduler - train/loss","1e-3withScheduler - train/loss__MIN","1e-3withScheduler - train/loss__MAX","5e-4withScheduler - train/loss","5e-4withScheduler - train/loss__MIN","5e-4withScheduler - train/loss__MAX","1e-3MSELoss - train/loss","1e-3MSELoss - train/loss__MIN","1e-3MSELoss - train/loss__MAX","1e-4NoWeightdecay - train/loss","1e-4NoWeightdecay - train/loss__MIN","1e-4NoWeightdecay - train/loss__MAX","5e-3withScheduler - train/loss","5e-3withScheduler - train/loss__MIN","5e-3withScheduler - train/loss__MAX"
"0","0.10787464039666313","0.10787464039666313","0.10787464039666313","0.04704476084693202","0.04704476084693202","0.04704476084693202","0.16111065234456742","0.16111065234456742","0.16111065234456742","0.16539069158690317","0.16539069158690317","0.16539069158690317","0.151869426880564","0.151869426880564","0.151869426880564","0.2783786143575396","0.2783786143575396","0.2783786143575396","0.1204945519566536","0.1204945519566536","0.1204945519566536","0.1642538607120514","0.1642538607120514","0.1642538607120514"
"2","0.09346946754625865","0.09346946754625865","0.09346946754625865","0.0026885622646659613","0.0026885622646659613","0.0026885622646659613","0.15377699051584517","0.15377699051584517","0.15377699051584517","0.14737594766276224","0.14737594766276224","0.14737594766276224","0.14390208891459874","0.14390208891459874","0.14390208891459874","0.2532767802476883","0.2532767802476883","0.2532767802476883","0.11794158922774452","0.11794158922774452","0.11794158922774452","0.11315889124359403","0.11315889124359403","0.11315889124359403"
"3","0.06973856687545776","0.06973856687545776","0.06973856687545776","0.0032685911615512203","0.0032685911615512203","0.0032685911615512203","0.13668785776410783","0.13668785776410783","0.13668785776410783","0.118947619838374","0.118947619838374","0.118947619838374","0.12406024230378014","0.12406024230378014","0.12406024230378014","0.19073752633162908","0.19073752633162908","0.19073752633162908","0.11365405044385365","0.11365405044385365","0.11365405044385365","0.05317001257623945","0.05317001257623945","0.05317001257623945"
"4","0.044759392738342285","0.044759392738342285","0.044759392738342285","0.002756039325114606","0.002756039325114606","0.002756039325114606","0.11044725137097496","0.11044725137097496","0.11044725137097496","0.08778655316148486","0.08778655316148486","0.08778655316148486","0.10199161618947983","0.10199161618947983","0.10199161618947983","0.12024804949760437","0.12024804949760437","0.12024804949760437","0.10882502794265747","0.10882502794265747","0.10882502794265747","0.014449456972735268","0.014449456972735268","0.014449456972735268"
"5","0.024307423936469213","0.024307423936469213","0.024307423936469213","0.0035489039894725594","0.0035489039894725594","0.0035489039894725594","0.08881498660360064","0.08881498660360064","0.08881498660360064","0.055773264063256126","0.055773264063256126","0.055773264063256126","0.07821924665144511","0.07821924665144511","0.07821924665144511","0.06158149402056422","0.06158149402056422","0.06158149402056422","0.10574995087725776","0.10574995087725776","0.10574995087725776","0.004639767376439912","0.004639767376439912","0.004639767376439912"
"6","0.011138237081468105","0.011138237081468105","0.011138237081468105","0.003065501223318279","0.003065501223318279","0.003065501223318279","0.06266615646226066","0.06266615646226066","0.06266615646226066","0.02583724100674902","0.02583724100674902","0.02583724100674902","0.05618895324213164","0.05618895324213164","0.05618895324213164","0.02363013555960996","0.02363013555960996","0.02363013555960996","0.09746224539620536","0.09746224539620536","0.09746224539620536","0.0028899851687518613","0.0028899851687518613","0.0028899851687518613"
"7","0.0055726706715566775","0.0055726706715566775","0.0055726706715566775","0.003132412675768137","0.003132412675768137","0.003132412675768137","0.04174809317503657","0.04174809317503657","0.04174809317503657","0.010433179991585868","0.010433179991585868","0.010433179991585868","0.036814751369612556","0.036814751369612556","0.036814751369612556","0.010610890042568957","0.010610890042568957","0.010610890042568957","0.08876176072018487","0.08876176072018487","0.08876176072018487","0.002631619556008705","0.002631619556008705","0.002631619556008705"
"8","0.004152222270412105","0.004152222270412105","0.004152222270412105","0.003807633616296308","0.003807633616296308","0.003807633616296308","0.022425178970609392","0.022425178970609392","0.022425178970609392","0.004600776292915855","0.004600776292915855","0.004600776292915855","0.021413493635399","0.021413493635399","0.021413493635399","0.006600132378350411","0.006600132378350411","0.006600132378350411","0.07686784118413925","0.07686784118413925","0.07686784118413925","0.003242433985828289","0.003242433985828289","0.003242433985828289"
"9","0.0028793189308739136","0.0028793189308739136","0.0028793189308739136","0.0033841560195599285","0.0033841560195599285","0.0033841560195599285","0.011808689816721849","0.011808689816721849","0.011808689816721849","0.003507027868181467","0.003507027868181467","0.003507027868181467","0.012419587400342737","0.012419587400342737","0.012419587400342737","0.00581851984108133","0.00581851984108133","0.00581851984108133","0.0673626336668219","0.0673626336668219","0.0673626336668219","0.0029073234514466356","0.0029073234514466356","0.0029073234514466356"
"10","0.0026275861642456482","0.0026275861642456482","0.0026275861642456482","0.0026251187664456666","0.0026251187664456666","0.0026251187664456666","0.00747422654447811","0.00747422654447811","0.00747422654447811","0.0030978632026485036","0.0030978632026485036","0.0030978632026485036","0.0071516104175576144","0.0071516104175576144","0.0071516104175576144","0.005637339582400662","0.005637339582400662","0.005637339582400662","0.05626631368483816","0.05626631368483816","0.05626631368483816","0.0028043644685697344","0.0028043644685697344","0.0028043644685697344"
"12","0.0025205611517386778","0.0025205611517386778","0.0025205611517386778","0.002533801315751459","0.002533801315751459","0.002533801315751459","0.004758943171639528","0.004758943171639528","0.004758943171639528","0.004426660764563296","0.004426660764563296","0.004426660764563296","0.004607720001201544","0.004607720001201544","0.004607720001201544","0.0051482858502173","0.0051482858502173","0.0051482858502173","0.044872820909534185","0.044872820909534185","0.044872820909534185","0.0028502685017883778","0.0028502685017883778","0.0028502685017883778"
"13","0.003601762848640127","0.003601762848640127","0.003601762848640127","0.0026174459074224743","0.0026174459074224743","0.0026174459074224743","0.0035770753332014594","0.0035770753332014594","0.0035770753332014594","0.0025496320699208547","0.0025496320699208547","0.0025496320699208547","0.0035866901078926666","0.0035866901078926666","0.0035866901078926666","0.005312286716486726","0.005312286716486726","0.005312286716486726","0.03762699770075934","0.03762699770075934","0.03762699770075934","0.003296359408912914","0.003296359408912914","0.003296359408912914"
"14","0.003332425923352795","0.003332425923352795","0.003332425923352795","0.0026223600143566728","0.0026223600143566728","0.0026223600143566728","0.003112035653819995","0.003112035653819995","0.003112035653819995","0.0026692027957843883","0.0026692027957843883","0.0026692027957843883","0.003210080255355154","0.003210080255355154","0.003210080255355154","0.005620807109932814","0.005620807109932814","0.005620807109932814","0.02954708651772567","0.02954708651772567","0.02954708651772567","0.003078920151373105","0.003078920151373105","0.003078920151373105"
"15","0.002709531009064189","0.002709531009064189","0.002709531009064189","0.002681724161707929","0.002681724161707929","0.002681724161707929","0.0030090081438954386","0.0030090081438954386","0.0030090081438954386","0.002541843818367592","0.002541843818367592","0.002541843818367592","0.0027269192755089273","0.0027269192755089273","0.0027269192755089273","0.005162506197978344","0.005162506197978344","0.005162506197978344","0.022729760568056787","0.022729760568056787","0.022729760568056787","0.003504172516321497","0.003504172516321497","0.003504172516321497"
"16","0.002678281594333904","0.002678281594333904","0.002678281594333904","0.002820992110563176","0.002820992110563176","0.002820992110563176","0.0026504251041582654","0.0026504251041582654","0.0026504251041582654","0.0025169265988682","0.0025169265988682","0.0025169265988682","0.00294660367736859","0.00294660367736859","0.00294660367736859","0.0066469966633511445","0.0066469966633511445","0.0066469966633511445","0.017793122146810805","0.017793122146810805","0.017793122146810805","0.0033027589254613432","0.0033027589254613432","0.0033027589254613432"
"17","0.0027276100091902272","0.0027276100091902272","0.0027276100091902272","0.0025882613346246736","0.0025882613346246736","0.0025882613346246736","0.0027561637606205685","0.0027561637606205685","0.0027561637606205685","0.003620860881970397","0.003620860881970397","0.003620860881970397","0.002885600784793496","0.002885600784793496","0.002885600784793496","0.005371393303253821","0.005371393303253821","0.005371393303253821","0.014385645809982504","0.014385645809982504","0.014385645809982504","0.002716475964656898","0.002716475964656898","0.002716475964656898"
"18","0.002673198518875454","0.002673198518875454","0.002673198518875454","0.002557508597549583","0.002557508597549583","0.002557508597549583","0.0024604234204161912","0.0024604234204161912","0.0024604234204161912","0.00308826076798141","0.00308826076798141","0.00308826076798141","0.0028243145872173564","0.0028243145872173564","0.0028243145872173564","0.004971810832752713","0.004971810832752713","0.004971810832752713","0.011068565105753285","0.011068565105753285","0.011068565105753285","0.003044095455801913","0.003044095455801913","0.003044095455801913"
"19","0.0027022170169012888","0.0027022170169012888","0.0027022170169012888","0.0025626334162162884","0.0025626334162162884","0.0025626334162162884","0.0028394656754764064","0.0028394656754764064","0.0028394656754764064","0.002433962670953146","0.002433962670953146","0.002433962670953146","0.002694574650377035","0.002694574650377035","0.002694574650377035","0.005932124497901116","0.005932124497901116","0.005932124497901116","0.009124446926372392","0.009124446926372392","0.009124446926372392","0.0030467181599565913","0.0030467181599565913","0.0030467181599565913"
"20","0.0025505960802547634","0.0025505960802547634","0.0025505960802547634","0.002694966404565743","0.002694966404565743","0.002694966404565743","0.0025089047516563107","0.0025089047516563107","0.0025089047516563107","0.0028474313273493734","0.0028474313273493734","0.0028474313273493734","0.0026098671701869796","0.0026098671701869796","0.0026098671701869796","0.005165933248853045","0.005165933248853045","0.005165933248853045","0.008156816541616405","0.008156816541616405","0.008156816541616405","0.0031692369541685495","0.0031692369541685495","0.0031692369541685495"
"21","0.00311500412811126","0.00311500412811126","0.00311500412811126","0.0031105511588975787","0.0031105511588975787","0.0031105511588975787","0.0028750704701191615","0.0028750704701191615","0.0028750704701191615","0.002671145825713341","0.002671145825713341","0.002671145825713341","0.002865391916462353","0.002865391916462353","0.002865391916462353","0.005832520712699209","0.005832520712699209","0.005832520712699209","0.00661657757258841","0.00661657757258841","0.00661657757258841","0.003493394486473075","0.003493394486473075","0.003493394486473075"
"23","0.002822632951262806","0.002822632951262806","0.002822632951262806","0.003286767451624785","0.003286767451624785","0.003286767451624785","0.0024251302550380516","0.0024251302550380516","0.0024251302550380516","0.0031964657994519386","0.0031964657994519386","0.0031964657994519386","0.0025078504612403257","0.0025078504612403257","0.0025078504612403257","0.006884584968377437","0.006884584968377437","0.006884584968377437","0.005802614880459649","0.005802614880459649","0.005802614880459649","0.002751140755468181","0.002751140755468181","0.002751140755468181"
"24","0.002991744300483593","0.002991744300483593","0.002991744300483593","0.002823338810620563","0.002823338810620563","0.002823338810620563","0.0026722984122378485","0.0026722984122378485","0.0026722984122378485","0.0028979148981826647","0.0028979148981826647","0.0028979148981826647","0.003185714960896543","0.003185714960896543","0.003185714960896543","0.005393263684319598","0.005393263684319598","0.005393263684319598","0.00502720581633704","0.00502720581633704","0.00502720581633704","0.0030586227242435727","0.0030586227242435727","0.0030586227242435727"
"25","0.003309500387071499","0.003309500387071499","0.003309500387071499","0.0027935811750856893","0.0027935811750856893","0.0027935811750856893","0.002537119684607855","0.002537119684607855","0.002537119684607855","0.0026215764560869764","0.0026215764560869764","0.0026215764560869764","0.0031819731063608614","0.0031819731063608614","0.0031819731063608614","0.004840193998201617","0.004840193998201617","0.004840193998201617","0.004331615487379687","0.004331615487379687","0.004331615487379687","0.002557561017705926","0.002557561017705926","0.002557561017705926"
"26","0.0029580466050122467","0.0029580466050122467","0.0029580466050122467","0.002854956862782793","0.002854956862782793","0.002854956862782793","0.0025681102082931568","0.0025681102082931568","0.0025681102082931568","0.0026064395621818092","0.0026064395621818092","0.0026064395621818092","0.0026851033825161202","0.0026851033825161202","0.0026851033825161202","0.004895107970306916","0.004895107970306916","0.004895107970306916","0.004002909508666822","0.004002909508666822","0.004002909508666822","0.0026077316475233863","0.0026077316475233863","0.0026077316475233863"
"27","0.003359369467943907","0.003359369467943907","0.003359369467943907","0.002559709795085447","0.002559709795085447","0.002559709795085447","0.0024822286629517165","0.0024822286629517165","0.0024822286629517165","0.002416736213490367","0.002416736213490367","0.002416736213490367","0.0034456064625244054","0.0034456064625244054","0.0034456064625244054","0.00485035075273897","0.00485035075273897","0.00485035075273897","0.003563025001702564","0.003563025001702564","0.003563025001702564","0.0027688217482396533","0.0027688217482396533","0.0027688217482396533"
"28","0.0025504826002621223","0.0025504826002621223","0.0025504826002621223","0.0025583531075556365","0.0025583531075556365","0.0025583531075556365","0.00231687945779413","0.00231687945779413","0.00231687945779413","0.0026254504420129316","0.0026254504420129316","0.0026254504420129316","0.003374512922683997","0.003374512922683997","0.003374512922683997","0.006887772885550346","0.006887772885550346","0.006887772885550346","0.003549700802458184","0.003549700802458184","0.003549700802458184","0.0029142175002821852","0.0029142175002821852","0.0029142175002821852"
"29","0.0025991821894422174","0.0025991821894422174","0.0025991821894422174","0.0026836149294727613","0.0026836149294727613","0.0026836149294727613","0.0027049424326313393","0.0027049424326313393","0.0027049424326313393","0.0025676999024913777","0.0025676999024913777","0.0025676999024913777","0.002754974677892668","0.002754974677892668","0.002754974677892668","0.005303680730451431","0.005303680730451431","0.005303680730451431","0.0032812831923365593","0.0032812831923365593","0.0032812831923365593","0.003189789181176041","0.003189789181176041","0.003189789181176041"
"30","0.0026933408807963133","0.0026933408807963133","0.0026933408807963133","0.0024324861421648946","0.0024324861421648946","0.0024324861421648946","0.002575564447657338","0.002575564447657338","0.002575564447657338","0.002258214617281088","0.002258214617281088","0.002258214617281088","0.002640742392811392","0.002640742392811392","0.002640742392811392","0.004889978561550379","0.004889978561550379","0.004889978561550379","0.0032107708643057515","0.0032107708643057515","0.0032107708643057515","0.003509069260741983","0.003509069260741983","0.003509069260741983"
"31","0.003363805141166917","0.003363805141166917","0.003363805141166917","0.002718922050137605","0.002718922050137605","0.002718922050137605","0.002462443762591907","0.002462443762591907","0.002462443762591907","0.0027969259369586197","0.0027969259369586197","0.0027969259369586197","0.0029757105013621704","0.0029757105013621704","0.0029757105013621704","0.004932486585208348","0.004932486585208348","0.004932486585208348","0.003362622594327799","0.003362622594327799","0.003362622594327799","0.002849351315359984","0.002849351315359984","0.002849351315359984"
"32","0.0025558742262156947","0.0025558742262156947","0.0025558742262156947","0.0029081486531400253","0.0029081486531400253","0.0029081486531400253","0.0031207705448780742","0.0031207705448780742","0.0031207705448780742","0.0022824399056844413","0.0022824399056844413","0.0022824399056844413","0.0028332301215933903","0.0028332301215933903","0.0028332301215933903","0.0051315532930727515","0.0051315532930727515","0.0051315532930727515","0.0028256456134840846","0.0028256456134840846","0.0028256456134840846","0.002659158648124763","0.002659158648124763","0.002659158648124763"
"34","0.0027622941582064542","0.0027622941582064542","0.0027622941582064542","0.00266671012754419","0.00266671012754419","0.00266671012754419","0.0028070876807240503","0.0028070876807240503","0.0028070876807240503","0.003530676110780665","0.003530676110780665","0.003530676110780665","0.002536770621580737","0.002536770621580737","0.002536770621580737","0.005330649038244571","0.005330649038244571","0.005330649038244571","0.0027358555234968662","0.0027358555234968662","0.0027358555234968662","0.0026986394243847045","0.0026986394243847045","0.0026986394243847045"
"35","0.003763050456265254","0.003763050456265254","0.003763050456265254","0.0024158259205121014","0.0024158259205121014","0.0024158259205121014","0.00409794708580843","0.00409794708580843","0.00409794708580843","0.0022972711345313917","0.0022972711345313917","0.0022972711345313917","0.002644774188021464","0.002644774188021464","0.002644774188021464","0.005422183977706092","0.005422183977706092","0.005422183977706092","0.002980726322026125","0.002980726322026125","0.002980726322026125","0.0029337977258754627","0.0029337977258754627","0.0029337977258754627"
"36","0.002784289702373956","0.002784289702373956","0.002784289702373956","0.0025804101689053433","0.0025804101689053433","0.0025804101689053433","0.003187390376946756","0.003187390376946756","0.003187390376946756","0.002467319568885224","0.002467319568885224","0.002467319568885224","0.0025356741888182504","0.0025356741888182504","0.0025356741888182504","0.0050950779446533746","0.0050950779446533746","0.0050950779446533746","0.002763358377186315","0.002763358377186315","0.002763358377186315","0.0026967498831384417","0.0026967498831384417","0.0026967498831384417"
"37","0.0029443404803584728","0.0029443404803584728","0.0029443404803584728","0.002524597936176828","0.002524597936176828","0.002524597936176828","0.0028807606348501785","0.0028807606348501785","0.0028807606348501785","0.002962282285027738","0.002962282285027738","0.002962282285027738","0.0026493604361478773","0.0026493604361478773","0.0026493604361478773","0.005345365997137768","0.005345365997137768","0.005345365997137768","0.002630724372076137","0.002630724372076137","0.002630724372076137","0.003917981438072664","0.003917981438072664","0.003917981438072664"
"38","0.00314369478396007","0.00314369478396007","0.00314369478396007","0.0027431786126856294","0.0027431786126856294","0.0027431786126856294","0.003072179271839559","0.003072179271839559","0.003072179271839559","0.0028151450512398568","0.0028151450512398568","0.0028151450512398568","0.0024981842476076315","0.0024981842476076315","0.0024981842476076315","0.0062295669756297556","0.0062295669756297556","0.0062295669756297556","0.002819068031385541","0.002819068031385541","0.002819068031385541","0.0029102192992078407","0.0029102192992078407","0.0029102192992078407"
"39","0.0030977834747838123","0.0030977834747838123","0.0030977834747838123","0.002762187887648387","0.002762187887648387","0.002762187887648387","0.0028404529771900605","0.0028404529771900605","0.0028404529771900605","0.002389366239575403","0.002389366239575403","0.002389366239575403","0.00259670423942485","0.00259670423942485","0.00259670423942485","0.005142043211630413","0.005142043211630413","0.005142043211630413","0.0026466313450198087","0.0026466313450198087","0.0026466313450198087","0.002819827724514263","0.002819827724514263","0.002819827724514263"
"40","0.0031250255248908487","0.0031250255248908487","0.0031250255248908487","0.002547873483438577","0.002547873483438577","0.002547873483438577","0.0027629252124045578","0.0027629252124045578","0.0027629252124045578","0.002634266042150557","0.002634266042150557","0.002634266042150557","0.0029845176863351037","0.0029845176863351037","0.0029845176863351037","0.00532067330953266","0.00532067330953266","0.00532067330953266","0.0025395094749650787","0.0025395094749650787","0.0025395094749650787","0.002685100896217461","0.002685100896217461","0.002685100896217461"
"41","0.0023622486166589496","0.0023622486166589496","0.0023622486166589496","0.002334975379718734","0.002334975379718734","0.002334975379718734","0.0024567055391214255","0.0024567055391214255","0.0024567055391214255","0.0025992388504424264","0.0025992388504424264","0.0025992388504424264","0.002610936694379364","0.002610936694379364","0.002610936694379364","0.005422315161143031","0.005422315161143031","0.005422315161143031","0.002844585105776787","0.002844585105776787","0.002844585105776787","0.0025273049416552696","0.0025273049416552696","0.0025273049416552696"
"42","0.0024314368576077478","0.0024314368576077478","0.0024314368576077478","0.002973057662269899","0.002973057662269899","0.002973057662269899","0.0026644946774467826","0.0026644946774467826","0.0026644946774467826","0.002655304885203285","0.002655304885203285","0.002655304885203285","0.002707216389743345","0.002707216389743345","0.002707216389743345","0.005274463577994278","0.005274463577994278","0.005274463577994278","0.0026411366083526184","0.0026411366083526184","0.0026411366083526184","0.002710822770105941","0.002710822770105941","0.002710822770105941"
"43","0.002487438838995461","0.002487438838995461","0.002487438838995461","0.0023940905396427426","0.0023940905396427426","0.0023940905396427426","0.0024378259300387333","0.0024378259300387333","0.0024378259300387333","0.002549035208565848","0.002549035208565848","0.002549035208565848","0.0024459780459957464","0.0024459780459957464","0.0024459780459957464","0.005337440175935626","0.005337440175935626","0.005337440175935626","0.002722257939499936","0.002722257939499936","0.002722257939499936","0.0030109194506491932","0.0030109194506491932","0.0030109194506491932"
"45","0.002577338866623385","0.002577338866623385","0.002577338866623385","0.0022458485327661037","0.0022458485327661037","0.0022458485327661037","0.002630016117888902","0.002630016117888902","0.002630016117888902","0.00270451616961509","0.00270451616961509","0.00270451616961509","0.002797085409318762","0.002797085409318762","0.002797085409318762","0.00510107828969402","0.00510107828969402","0.00510107828969402","0.0035628552016402993","0.0035628552016402993","0.0035628552016402993","0.0032403128321415614","0.0032403128321415614","0.0032403128321415614"
"46","0.0025078013838667956","0.0025078013838667956","0.0025078013838667956","0.0017355453206359275","0.0017355453206359275","0.0017355453206359275","0.0026472097961232066","0.0026472097961232066","0.0026472097961232066","0.002688027003646961","0.002688027003646961","0.002688027003646961","0.0024903190912612316","0.0024903190912612316","0.0024903190912612316","0.006710329392392721","0.006710329392392721","0.006710329392392721","0.0024762904421160264","0.0024762904421160264","0.0024762904421160264","0.003008063283881971","0.003008063283881971","0.003008063283881971"
"47","0.002632024065990533","0.002632024065990533","0.002632024065990533","0.002585480239109269","0.002585480239109269","0.002585480239109269","0.002806698703872306","0.002806698703872306","0.002806698703872306","0.00254259241877922","0.00254259241877922","0.00254259241877922","0.002502900065987238","0.002502900065987238","0.002502900065987238","0.005866246031863349","0.005866246031863349","0.005866246031863349","0.00341395300347358","0.00341395300347358","0.00341395300347358","0.0029497932576175246","0.0029497932576175246","0.0029497932576175246"
"48","0.002859648915805987","0.002859648915805987","0.002859648915805987","0.0020455089480882244","0.0020455089480882244","0.0020455089480882244","0.002572056504764727","0.002572056504764727","0.002572056504764727","0.002509655863312738","0.002509655863312738","0.002509655863312738","0.0025426364071401103","0.0025426364071401103","0.0025426364071401103","0.005261655697332961","0.005261655697332961","0.005261655697332961","0.0026777196575754453","0.0026777196575754453","0.0026777196575754453","0.0030824693219204035","0.0030824693219204035","0.0030824693219204035"
"49","0.0030957748281902502","0.0030957748281902502","0.0030957748281902502","0.0020174066802220686","0.0020174066802220686","0.0020174066802220686","0.002719582640565932","0.002719582640565932","0.002719582640565932","0.002629498335798936","0.002629498335798936","0.002629498335798936","0.0024694870226085186","0.0024694870226085186","0.0024694870226085186","0.0064449744032961985","0.0064449744032961985","0.0064449744032961985","0.0025509371189400554","0.0025509371189400554","0.0025509371189400554","0.0034903627155082567","0.0034903627155082567","0.0034903627155082567"
"50","0.002866630525594311","0.002866630525594311","0.002866630525594311","0.0021801816266296165","0.0021801816266296165","0.0021801816266296165","0.0024555816863929586","0.0024555816863929586","0.0024555816863929586","0.0024195588692756636","0.0024195588692756636","0.0024195588692756636","0.0024713363298880203","0.0024713363298880203","0.0024713363298880203","0.006060868235571044","0.006060868235571044","0.006060868235571044","0.002458425222097763","0.002458425222097763","0.002458425222097763","0.0034991840865196927","0.0034991840865196927","0.0034991840865196927"
"51","0.0024560264344992383","0.0024560264344992383","0.0024560264344992383","0.002097407023289374","0.002097407023289374","0.002097407023289374","0.002760785282589495","0.002760785282589495","0.002760785282589495","0.002240009090330984","0.002240009090330984","0.002240009090330984","0.0028213715912508114","0.0028213715912508114","0.0028213715912508114","0.006135242791580302","0.006135242791580302","0.006135242791580302","0.0025401293200307657","0.0025401293200307657","0.0025401293200307657","0.0036260513921401332","0.0036260513921401332","0.0036260513921401332"
"52","0.00246028378439535","0.00246028378439535","0.00246028378439535","0.002498708765155503","0.002498708765155503","0.002498708765155503","0.002763913744794471","0.002763913744794471","0.002763913744794471","0.0027319062168576886","0.0027319062168576886","0.0027319062168576886","0.002576556771860591","0.002576556771860591","0.002576556771860591","0.006084064437475588","0.006084064437475588","0.006084064437475588","0.002436987972552223","0.002436987972552223","0.002436987972552223","0.004240361674289618","0.004240361674289618","0.004240361674289618"
"53","0.0024101132626778315","0.0024101132626778315","0.0024101132626778315","0.0020174117193424274","0.0020174117193424274","0.0020174117193424274","0.0030269789027183185","0.0030269789027183185","0.0030269789027183185","0.0033437677359740648","0.0033437677359740648","0.0033437677359740648","0.002730668672094388","0.002730668672094388","0.002730668672094388","0.004937884331281696","0.004937884331281696","0.004937884331281696","0.0025205535015889575","0.0025205535015889575","0.0025205535015889575","0.0030434268659779","0.0030434268659779","0.0030434268659779"
"54","0.003057266103236803","0.003057266103236803","0.003057266103236803","0.0020973505452275276","0.0020973505452275276","0.0020973505452275276","0.002867796940595976","0.002867796940595976","0.002867796940595976","0.002388970394219671","0.002388970394219671","0.002388970394219671","0.0027906386946727124","0.0027906386946727124","0.0027906386946727124","0.005112738780943411","0.005112738780943411","0.005112738780943411","0.002461835850096707","0.002461835850096707","0.002461835850096707","0.0034573181598846403","0.0034573181598846403","0.0034573181598846403"
"56","0.003164252598903009","0.003164252598903009","0.003164252598903009","0.0020902821727629218","0.0020902821727629218","0.0020902821727629218","0.0028851731081626247","0.0028851731081626247","0.0028851731081626247","0.0025833423881392393","0.0025833423881392393","0.0025833423881392393","0.0023183729250117074","0.0023183729250117074","0.0023183729250117074","0.004680657160601446","0.004680657160601446","0.004680657160601446","0.002623522437975875","0.002623522437975875","0.002623522437975875","0.002923928783275187","0.002923928783275187","0.002923928783275187"
"57","0.0026817830013377325","0.0026817830013377325","0.0026817830013377325","0.0019429643538647465","0.0019429643538647465","0.0019429643538647465","0.0025548222308446255","0.0025548222308446255","0.0025548222308446255","0.0026970181414591415","0.0026970181414591415","0.0026970181414591415","0.0024997680447995663","0.0024997680447995663","0.0024997680447995663","0.005375708785972425","0.005375708785972425","0.005375708785972425","0.002514613260115896","0.002514613260115896","0.002514613260115896","0.002802162680641881","0.002802162680641881","0.002802162680641881"
"58","0.002642349007406405","0.002642349007406405","0.002642349007406405","0.0018827854489375437","0.0018827854489375437","0.0018827854489375437","0.0024058743812409894","0.0024058743812409894","0.0024058743812409894","0.002441534074023366","0.002441534074023366","0.002441534074023366","0.0024654848634132315","0.0024654848634132315","0.0024654848634132315","0.0047547918012631795","0.0047547918012631795","0.0047547918012631795","0.0023439492381710026","0.0023439492381710026","0.0023439492381710026","0.002751573853726898","0.002751573853726898","0.002751573853726898"
"59","0.002328350449845727","0.002328350449845727","0.002328350449845727","0.00210255357835974","0.00210255357835974","0.00210255357835974","0.003641396511479148","0.003641396511479148","0.003641396511479148","0.0030754055894379106","0.0030754055894379106","0.0030754055894379106","0.002420059238959636","0.002420059238959636","0.002420059238959636","0.005618595318602664","0.005618595318602664","0.005618595318602664","0.0029295581625774503","0.0029295581625774503","0.0029295581625774503","0.0030834137994263855","0.0030834137994263855","0.0030834137994263855"
"60","0.0024505420089034097","0.0024505420089034097","0.0024505420089034097","0.002123838623187372","0.002123838623187372","0.002123838623187372","0.0026596832987187164","0.0026596832987187164","0.0026596832987187164","0.0028699985040085657","0.0028699985040085657","0.0028699985040085657","0.002532936100448881","0.002532936100448881","0.002532936100448881","0.005775351975379246","0.005775351975379246","0.005775351975379246","0.0023550078871526887","0.0023550078871526887","0.0023550078871526887","0.0031483194990349667","0.0031483194990349667","0.0031483194990349667"
"61","0.0025288824025275452","0.0025288824025275452","0.0025288824025275452","0.0024346396676264703","0.0024346396676264703","0.0024346396676264703","0.002858009472090219","0.002858009472090219","0.002858009472090219","0.0030234360768060598","0.0030234360768060598","0.0030234360768060598","0.002760689755502556","0.002760689755502556","0.002760689755502556","0.006660085969737598","0.006660085969737598","0.006660085969737598","0.002585093623825482","0.002585093623825482","0.002585093623825482","0.0028161468050841775","0.0028161468050841775","0.0028161468050841775"
"62","0.0026644691824913025","0.0026644691824913025","0.0026644691824913025","0.001703957943910999","0.001703957943910999","0.001703957943910999","0.0024255713963481996","0.0024255713963481996","0.0024255713963481996","0.0023494671165410963","0.0023494671165410963","0.0023494671165410963","0.00271314918063581","0.00271314918063581","0.00271314918063581","0.005157184654048511","0.005157184654048511","0.005157184654048511","0.0027393913395436747","0.0027393913395436747","0.0027393913395436747","0.002716435884524669","0.002716435884524669","0.002716435884524669"
"63","0.0031482680600934793","0.0031482680600934793","0.0031482680600934793","0.0017671822902879544","0.0017671822902879544","0.0017671822902879544","0.0027448355852227125","0.0027448355852227125","0.0027448355852227125","0.0023531456744032247","0.0023531456744032247","0.0023531456744032247","0.0023331934020721485","0.0023331934020721485","0.0023331934020721485","0.005687912260847432","0.005687912260847432","0.005687912260847432","0.002405902819841036","0.002405902819841036","0.002405902819841036","0.002912677841127983","0.002912677841127983","0.002912677841127983"
"64","0.002948216794590865","0.002948216794590865","0.002948216794590865","0.002238142104553325","0.002238142104553325","0.002238142104553325","0.002661135613120028","0.002661135613120028","0.002661135613120028","0.0029673648199864794","0.0029673648199864794","0.0029673648199864794","0.0026625958271324635","0.0026625958271324635","0.0026625958271324635","0.00519994692876935","0.00519994692876935","0.00519994692876935","0.0026255792805126737","0.0026255792805126737","0.0026255792805126737","0.0029258308932185173","0.0029258308932185173","0.0029258308932185173"
"65","0.002796863837699805","0.002796863837699805","0.002796863837699805","0.003243903729266354","0.003243903729266354","0.003243903729266354","0.002634778003474431","0.002634778003474431","0.002634778003474431","0.0023978137012038913","0.0023978137012038913","0.0023978137012038913","0.0022766367099913104","0.0022766367099913104","0.0022766367099913104","0.004876860217856509","0.004876860217856509","0.004876860217856509","0.002544699752304171","0.002544699752304171","0.002544699752304171","0.0034897627109395607","0.0034897627109395607","0.0034897627109395607"
"67","0.0028340418690017293","0.0028340418690017293","0.0028340418690017293","0.0027528899206247714","0.0027528899206247714","0.0027528899206247714","0.002625158755108714","0.002625158755108714","0.002625158755108714","0.0027807267449264017","0.0027807267449264017","0.0027807267449264017","0.0026713484299502204","0.0026713484299502204","0.0026713484299502204","0.004991060255893639","0.004991060255893639","0.004991060255893639","0.0024907118557686253","0.0024907118557686253","0.0024907118557686253","0.003987873189284333","0.003987873189284333","0.003987873189284333"
"68","0.0029028774837830235","0.0029028774837830235","0.0029028774837830235","0.0023092616881643024","0.0023092616881643024","0.0023092616881643024","0.0028857545860643896","0.0028857545860643896","0.0028857545860643896","0.002236921140658004","0.002236921140658004","0.002236921140658004","0.0026343568128400613","0.0026343568128400613","0.0026343568128400613","0.004483259682144437","0.004483259682144437","0.004483259682144437","0.002697906007857195","0.002697906007857195","0.002697906007857195","0.0032522925840956824","0.0032522925840956824","0.0032522925840956824"
"69","0.0024938950331748594","0.0024938950331748594","0.0024938950331748594","0.0023628939940993276","0.0023628939940993276","0.0023628939940993276","0.0026775462652689646","0.0026775462652689646","0.0026775462652689646","0.002046978134395821","0.002046978134395821","0.002046978134395821","0.0027022199771766153","0.0027022199771766153","0.0027022199771766153","0.004885129530781082","0.004885129530781082","0.004885129530781082","0.0023873653429161224","0.0023873653429161224","0.0023873653429161224","0.0027685322233342697","0.0027685322233342697","0.0027685322233342697"
"70","0.0024831132530899985","0.0024831132530899985","0.0024831132530899985","0.0020806953377489534","0.0020806953377489534","0.0020806953377489534","0.0024910092054467115","0.0024910092054467115","0.0024910092054467115","0.002270665003119835","0.002270665003119835","0.002270665003119835","0.002355291391722858","0.002355291391722858","0.002355291391722858","0.006000978971964547","0.006000978971964547","0.006000978971964547","0.0024546035565435886","0.0024546035565435886","0.0024546035565435886","0.0029216977168938945","0.0029216977168938945","0.0029216977168938945"
"71","0.002510769891419581","0.002510769891419581","0.002510769891419581","0.0018766238021531276","0.0018766238021531276","0.0018766238021531276","0.002445683132724038","0.002445683132724038","0.002445683132724038","0.002426782889025552","0.002426782889025552","0.002426782889025552","0.00246038573927113","0.00246038573927113","0.00246038573927113","0.006231816285955054","0.006231816285955054","0.006231816285955054","0.0037073861874107805","0.0037073861874107805","0.0037073861874107805","0.0026074929628521204","0.0026074929628521204","0.0026074929628521204"
"72","0.002284776219832046","0.002284776219832046","0.002284776219832046","0.0025124800158664584","0.0025124800158664584","0.0025124800158664584","0.0025700189705405918","0.0025700189705405918","0.0025700189705405918","0.0024858947144821286","0.0024858947144821286","0.0024858947144821286","0.00225393330245944","0.00225393330245944","0.00225393330245944","0.007598939484783581","0.007598939484783581","0.007598939484783581","0.002415472924310182","0.002415472924310182","0.002415472924310182","0.0024239138500498874","0.0024239138500498874","0.0024239138500498874"
"73","0.002310817121594612","0.002310817121594612","0.002310817121594612","0.002422087493219546","0.002422087493219546","0.002422087493219546","0.002514536026865244","0.002514536026865244","0.002514536026865244","0.0023612277914902995","0.0023612277914902995","0.0023612277914902995","0.0023854695859232117","0.0023854695859232117","0.0023854695859232117","0.006106252881831357","0.006106252881831357","0.006106252881831357","0.0025609026197344065","0.0025609026197344065","0.0025609026197344065","0.003274535228099142","0.003274535228099142","0.003274535228099142"
"74","0.0026263727257693453","0.0026263727257693453","0.0026263727257693453","0.0019420673571793096","0.0019420673571793096","0.0019420673571793096","0.0024130900024569462","0.0024130900024569462","0.0024130900024569462","0.0023064359723191175","0.0023064359723191175","0.0023064359723191175","0.002451334913660373","0.002451334913660373","0.002451334913660373","0.005517174157180956","0.005517174157180956","0.005517174157180956","0.002702870772087148","0.002702870772087148","0.002702870772087148","0.002737400571017393","0.002737400571017393","0.002737400571017393"
"75","0.002528546843677759","0.002528546843677759","0.002528546843677759","0.0017571962338739208","0.0017571962338739208","0.0017571962338739208","0.0024272119626402855","0.0024272119626402855","0.0024272119626402855","0.002886035413082157","0.002886035413082157","0.002886035413082157","0.002314996539748141","0.002314996539748141","0.002314996539748141","0.0046702939351754525","0.0046702939351754525","0.0046702939351754525","0.0026394558704591225","0.0026394558704591225","0.0026394558704591225","0.004399575609048563","0.004399575609048563","0.004399575609048563"
"76","0.002487937986318554","0.002487937986318554","0.002487937986318554","0.0022277565273855415","0.0022277565273855415","0.0022277565273855415","0.0024779816324423465","0.0024779816324423465","0.0024779816324423465","0.002433096374651151","0.002433096374651151","0.002433096374651151","0.0021768460366209702","0.0021768460366209702","0.0021768460366209702","0.005277858448347875","0.005277858448347875","0.005277858448347875","0.003571694118103811","0.003571694118103811","0.003571694118103811","0.0027028678118118216","0.0027028678118118216","0.0027028678118118216"
"78","0.0026792827328400953","0.0026792827328400953","0.0026792827328400953","0.0019340836110391787","0.0019340836110391787","0.0019340836110391787","0.0024919663555920124","0.0024919663555920124","0.0024919663555920124","0.0019755678617262413","0.0019755678617262413","0.0019755678617262413","0.0022760299699647085","0.0022760299699647085","0.0022760299699647085","0.004314659163355827","0.004314659163355827","0.004314659163355827","0.0023809964103358133","0.0023809964103358133","0.0023809964103358133","0.0026508758975458996","0.0026508758975458996","0.0026508758975458996"
"79","0.002620280786816563","0.002620280786816563","0.002620280786816563","0.00197041523642838","0.00197041523642838","0.00197041523642838","0.002429432127558227","0.002429432127558227","0.002429432127558227","0.0021535023115575314","0.0021535023115575314","0.0021535023115575314","0.002763854356349579","0.002763854356349579","0.002763854356349579","0.0050392178319660684","0.0050392178319660684","0.0050392178319660684","0.0027355309908411334","0.0027355309908411334","0.0027355309908411334","0.0027478662419265936","0.0027478662419265936","0.0027478662419265936"
"80","0.0028435617818364073","0.0028435617818364073","0.0028435617818364073","0.0023539073382770376","0.0023539073382770376","0.0023539073382770376","0.002155817812308669","0.002155817812308669","0.002155817812308669","0.0019766749714368154","0.0019766749714368154","0.0019766749714368154","0.0024721460483436075","0.0024721460483436075","0.0024721460483436075","0.00515271959842981","0.00515271959842981","0.00515271959842981","0.0025193847749116166","0.0025193847749116166","0.0025193847749116166","0.00346535537391901","0.00346535537391901","0.00346535537391901"
"81","0.0030111800047702025","0.0030111800047702025","0.0030111800047702025","0.0021302432121176806","0.0021302432121176806","0.0021302432121176806","0.0019467944782393584","0.0019467944782393584","0.0019467944782393584","0.002564934980390327","0.002564934980390327","0.002564934980390327","0.0029329603338348015","0.0029329603338348015","0.0029329603338348015","0.004942016409976142","0.004942016409976142","0.004942016409976142","0.002818179483126317","0.002818179483126317","0.002818179483126317","0.00375845970120281","0.00375845970120281","0.00375845970120281"
"82","0.0028355566651693414","0.0028355566651693414","0.0028355566651693414","0.003743392448606236","0.003743392448606236","0.003743392448606236","0.0026313726058495896","0.0026313726058495896","0.0026313726058495896","0.0022321363628309753","0.0022321363628309753","0.0022321363628309753","0.002165569009126297","0.002165569009126297","0.002165569009126297","0.006600584036537579","0.006600584036537579","0.006600584036537579","0.0026286334863730837","0.0026286334863730837","0.0026286334863730837","0.003063402238434979","0.003063402238434979","0.003063402238434979"
"83","0.00261598702387086","0.00261598702387086","0.00261598702387086","0.002306867457394089","0.002306867457394089","0.002306867457394089","0.0025879728574571864","0.0025879728574571864","0.0025879728574571864","0.002132776991597244","0.002132776991597244","0.002132776991597244","0.0028185127968234675","0.0028185127968234675","0.0028185127968234675","0.006961752594049487","0.006961752594049487","0.006961752594049487","0.0025767986330070664","0.0025767986330070664","0.0025767986330070664","0.002979158257533397","0.002979158257533397","0.002979158257533397"
"84","0.0028968532237091233","0.0028968532237091233","0.0028968532237091233","0.002065560531004199","0.002065560531004199","0.002065560531004199","0.0022156842086198075","0.0022156842086198075","0.0022156842086198075","0.0019740485918841194","0.0019740485918841194","0.0019740485918841194","0.0020174780095528278","0.0020174780095528278","0.0020174780095528278","0.004935433988326362","0.004935433988326362","0.004935433988326362","0.0022294477343426217","0.0022294477343426217","0.0022294477343426217","0.0026136592662494096","0.0026136592662494096","0.0026136592662494096"
"85","0.0022946944227442145","0.0022946944227442145","0.0022946944227442145","0.002159668174239674","0.002159668174239674","0.002159668174239674","0.002441513119265437","0.002441513119265437","0.002441513119265437","0.002095240035227367","0.002095240035227367","0.002095240035227367","0.0022123545142156737","0.0022123545142156737","0.0022123545142156737","0.005120701921571579","0.005120701921571579","0.005120701921571579","0.0024410705248426113","0.0024410705248426113","0.0024410705248426113","0.003347664705610701","0.003347664705610701","0.003347664705610701"
"86","0.0022324368224612306","0.0022324368224612306","0.0022324368224612306","0.002365008886304817","0.002365008886304817","0.002365008886304817","0.0020816040092280935","0.0020816040092280935","0.0020816040092280935","0.0018051572010985442","0.0018051572010985442","0.0018051572010985442","0.0021158395102247596","0.0021158395102247596","0.0021158395102247596","0.005146311429728355","0.005146311429728355","0.005146311429728355","0.0025254843390679787","0.0025254843390679787","0.0025254843390679787","0.003478778143679457","0.003478778143679457","0.003478778143679457"
"87","0.0031964200482304606","0.0031964200482304606","0.0031964200482304606","0.0022422740335709284","0.0022422740335709284","0.0022422740335709284","0.002580176606508238","0.002580176606508238","0.002580176606508238","0.001995061806935285","0.001995061806935285","0.001995061806935285","0.0019808328610711862","0.0019808328610711862","0.0019808328610711862","0.0058380548975297385","0.0058380548975297385","0.0058380548975297385","0.002425334931883429","0.002425334931883429","0.002425334931883429","0.0034010360083941904","0.0034010360083941904","0.0034010360083941904"
"89","0.002826662584474044","0.002826662584474044","0.002826662584474044","0.0017618076110790884","0.0017618076110790884","0.0017618076110790884","0.0024217930622398853","0.0024217930622398853","0.0024217930622398853","0.001848675510180848","0.001848675510180848","0.001848675510180848","0.002006662627016859","0.002006662627016859","0.002006662627016859","0.006385093022670064","0.006385093022670064","0.006385093022670064","0.002217062416353396","0.002217062416353396","0.002217062416353396","0.003165820613503456","0.003165820613503456","0.003165820613503456"
"90","0.002729154541157186","0.002729154541157186","0.002729154541157186","0.002121172346440809","0.002121172346440809","0.002121172346440809","0.00225771072187594","0.00225771072187594","0.00225771072187594","0.0017878733425667243","0.0017878733425667243","0.0017878733425667243","0.002073236450087279","0.002073236450087279","0.002073236450087279","0.006445565294208271","0.006445565294208271","0.006445565294208271","0.0023639647780718015","0.0023639647780718015","0.0023639647780718015","0.0030276349945259945","0.0030276349945259945","0.0030276349945259945"
"91","0.0030464064828785403","0.0030464064828785403","0.0030464064828785403","0.0016421219666621514","0.0016421219666621514","0.0016421219666621514","0.002036957086862198","0.002036957086862198","0.002036957086862198","0.0018233603415345506","0.0018233603415345506","0.0018233603415345506","0.002254192052142961","0.002254192052142961","0.002254192052142961","0.005278306148414101","0.005278306148414101","0.005278306148414101","0.002475817039209817","0.002475817039209817","0.002475817039209817","0.0028643682931682895","0.0028643682931682895","0.0028643682931682895"
"92","0.003220896702259779","0.003220896702259779","0.003220896702259779","0.0016819273421008671","0.0016819273421008671","0.0016819273421008671","0.001972184898996992","0.001972184898996992","0.001972184898996992","0.0020113927478502902","0.0020113927478502902","0.0020113927478502902","0.002741027157753706","0.002741027157753706","0.002741027157753706","0.005498976047549929","0.005498976047549929","0.005498976047549929","0.002445345960690507","0.002445345960690507","0.002445345960690507","0.002878451087911214","0.002878451087911214","0.002878451087911214"
"93","0.0023411541977631195","0.0023411541977631195","0.0023411541977631195","0.001735031055951757","0.001735031055951757","0.001735031055951757","0.0022500700184277128","0.0022500700184277128","0.0022500700184277128","0.0017359887382813863","0.0017359887382813863","0.0017359887382813863","0.001969249378557184","0.001969249378557184","0.001969249378557184","0.005219849292188883","0.005219849292188883","0.005219849292188883","0.002357215404377452","0.002357215404377452","0.002357215404377452","0.002977086147958679","0.002977086147958679","0.002977086147958679"
"94","0.002387575322895178","0.002387575322895178","0.002387575322895178","0.0019898742736716357","0.0019898742736716357","0.0019898742736716357","0.0018409974498873843","0.0018409974498873843","0.0018409974498873843","0.0017561055719852448","0.0017561055719852448","0.0017561055719852448","0.0019652516015672256","0.0019652516015672256","0.0019652516015672256","0.004405214617561016","0.004405214617561016","0.004405214617561016","0.00340744575286018","0.00340744575286018","0.00340744575286018","0.002710220852999815","0.002710220852999815","0.002710220852999815"
"95","0.002225163675445531","0.002225163675445531","0.002225163675445531","0.0023669498041272163","0.0023669498041272163","0.0023669498041272163","0.0024319509310381754","0.0024319509310381754","0.0024319509310381754","0.0014938281882288201","0.0014938281882288201","0.0014938281882288201","0.0019403670615117466","0.0019403670615117466","0.0019403670615117466","0.004368130782885211","0.004368130782885211","0.004368130782885211","0.0025234059763274024","0.0025234059763274024","0.0025234059763274024","0.0024251563840412666","0.0024251563840412666","0.0024251563840412666"
"96","0.002993564686871001","0.002993564686871001","0.002993564686871001","0.0023946239047550727","0.0023946239047550727","0.0023946239047550727","0.0019295168791099318","0.0019295168791099318","0.0019295168791099318","0.0017524084043023841","0.0017524084043023841","0.0017524084043023841","0.0022272918306823286","0.0022272918306823286","0.0022272918306823286","0.004231197626463005","0.004231197626463005","0.004231197626463005","0.0025951901666953097","0.0025951901666953097","0.0025951901666953097","0.0023801394355749445","0.0023801394355749445","0.0023801394355749445"
"97","0.002657032771302121","0.002657032771302121","0.002657032771302121","0.002621688613934176","0.002621688613934176","0.002621688613934176","0.002002310348741178","0.002002310348741178","0.002002310348741178","0.0018679040118253656","0.0018679040118253656","0.0018679040118253656","0.0020051049151723938","0.0020051049151723938","0.0020051049151723938","0.005360163548695189","0.005360163548695189","0.005360163548695189","0.0025209421458254966","0.0025209421458254966","0.0025209421458254966","0.002545948772292052","0.002545948772292052","0.002545948772292052"
"98","0.002673441743744271","0.002673441743744271","0.002673441743744271","0.002388429628419025","0.002388429628419025","0.002388429628419025","0.0018238216954549508","0.0018238216954549508","0.0018238216954549508","0.0021292962233668993","0.0021292962233668993","0.0021292962233668993","0.0022633140407768743","0.0022633140407768743","0.0022633140407768743","0.006065866544044444","0.006065866544044444","0.006065866544044444","0.002483531483449042","0.002483531483449042","0.002483531483449042","0.0028054459087018457","0.0028054459087018457","0.0028054459087018457"
"100","0.0026443411562857883","0.0026443411562857883","0.0026443411562857883","0.0020048346736335327","0.0020048346736335327","0.0020048346736335327","0.002339135190205915","0.002339135190205915","0.002339135190205915","0.002187199175490865","0.002187199175490865","0.002187199175490865","0.0020115138197849903","0.0020115138197849903","0.0020115138197849903","0.006944016985861319","0.006944016985861319","0.006944016985861319","0.0022723590206753996","0.0022723590206753996","0.0022723590206753996","0.0028240931486444814","0.0028240931486444814","0.0028240931486444814"
"101","0.002188588783610612","0.002188588783610612","0.002188588783610612","0.001713998757103192","0.001713998757103192","0.001713998757103192","0.0025075552901918335","0.0025075552901918335","0.0025075552901918335","0.0023228508320504","0.0023228508320504","0.0023228508320504","0.002041890236016895","0.002041890236016895","0.002041890236016895","0.005192327146817531","0.005192327146817531","0.005192327146817531","0.0022886520767185304","0.0022886520767185304","0.0022886520767185304","0.0025368444954178165","0.0025368444954178165","0.0025368444954178165"
"102","0.002721255728309708","0.002721255728309708","0.002721255728309708","0.001807777410639184","0.001807777410639184","0.001807777410639184","0.0019374073848926596","0.0019374073848926596","0.0019374073848926596","0.002126922215601163","0.002126922215601163","0.002126922215601163","0.0020345169718244244","0.0020345169718244244","0.0020345169718244244","0.004432102066597768","0.004432102066597768","0.004432102066597768","0.002278324183342712","0.002278324183342712","0.002278324183342712","0.0026814223300399525","0.0026814223300399525","0.0026814223300399525"
"103","0.0030012844363227487","0.0030012844363227487","0.0030012844363227487","0.001736613705621234","0.001736613705621234","0.001736613705621234","0.001903753893982087","0.001903753893982087","0.001903753893982087","0.0019342743908055127","0.0019342743908055127","0.0019342743908055127","0.0018238678541300552","0.0018238678541300552","0.0018238678541300552","0.004883451087932501","0.004883451087932501","0.004883451087932501","0.0030911795661917756","0.0030911795661917756","0.0030911795661917756","0.002987218854416694","0.002987218854416694","0.002987218854416694"
"104","0.002995658732418503","0.002995658732418503","0.002995658732418503","0.0018163598641487105","0.0018163598641487105","0.0018163598641487105","0.001974468817934394","0.001974468817934394","0.001974468817934394","0.001725315731684012","0.001725315731684012","0.001725315731684012","0.0019443865000669444","0.0019443865000669444","0.0019443865000669444","0.005004939390346408","0.005004939390346408","0.005004939390346408","0.0024225047756252544","0.0024225047756252544","0.0024225047756252544","0.0027520190591790845","0.0027520190591790845","0.0027520190591790845"
"105","0.002988394532751824","0.002988394532751824","0.002988394532751824","0.0015593754277298494","0.0015593754277298494","0.0015593754277298494","0.001612971578392067","0.001612971578392067","0.001612971578392067","0.0019083541784701602","0.0019083541784701602","0.0019083541784701602","0.002438030671328306","0.002438030671328306","0.002438030671328306","0.004901080126208919","0.004901080126208919","0.004901080126208919","0.002508484642021358","0.002508484642021358","0.002508484642021358","0.002621675334272108","0.002621675334272108","0.002621675334272108"
"106","0.0027479107292102917","0.0027479107292102917","0.0027479107292102917","0.0016465405600943736","0.0016465405600943736","0.0016465405600943736","0.001809251112198191","0.001809251112198191","0.001809251112198191","0.0023405279332239714","0.0023405279332239714","0.0023405279332239714","0.002677127718925476","0.002677127718925476","0.002677127718925476","0.004372152067454798","0.004372152067454798","0.004372152067454798","0.003105657491167741","0.003105657491167741","0.003105657491167741","0.0024783825002876775","0.0024783825002876775","0.0024783825002876775"
"107","0.0026090133552705602","0.0026090133552705602","0.0026090133552705602","0.0017600876578528965","0.0017600876578528965","0.0017600876578528965","0.00209019986713039","0.00209019986713039","0.00209019986713039","0.001981941983103752","0.001981941983103752","0.001981941983103752","0.0021886340608554228","0.0021886340608554228","0.0021886340608554228","0.004768066241272858","0.004768066241272858","0.004768066241272858","0.002466548516947244","0.002466548516947244","0.002466548516947244","0.002873626055328974","0.002873626055328974","0.002873626055328974"
"108","0.0027868430063660654","0.0027868430063660654","0.0027868430063660654","0.0020679423053349766","0.0020679423053349766","0.0020679423053349766","0.0019043716019950807","0.0019043716019950807","0.0019043716019950807","0.0017513948093567575","0.0017513948093567575","0.0017513948093567575","0.0018674953108919518","0.0018674953108919518","0.0018674953108919518","0.005363708594813943","0.005363708594813943","0.005363708594813943","0.0023258306651509236","0.0023258306651509236","0.0023258306651509236","0.0028833401489204596","0.0028833401489204596","0.0028833401489204596"
"109","0.0022448538802564144","0.0022448538802564144","0.0022448538802564144","0.001945180053423558","0.001945180053423558","0.001945180053423558","0.0020962702775640146","0.0020962702775640146","0.0020962702775640146","0.0018429746186094625","0.0018429746186094625","0.0018429746186094625","0.0018568688704233085","0.0018568688704233085","0.0018568688704233085","0.005092613232721176","0.005092613232721176","0.005092613232721176","0.002923541037099702","0.002923541037099702","0.002923541037099702","0.0026495561053577277","0.0026495561053577277","0.0026495561053577277"
"111","0.00223425351681986","0.00223425351681986","0.00223425351681986","0.0019665754682916614","0.0019665754682916614","0.0019665754682916614","0.0021600148673834546","0.0021600148673834546","0.0021600148673834546","0.0018009951038818275","0.0018009951038818275","0.0018009951038818275","0.0017983910095478808","0.0017983910095478808","0.0017983910095478808","0.004683484023969088","0.004683484023969088","0.004683484023969088","0.0025581514595874716","0.0025581514595874716","0.0025581514595874716","0.0025243488157034983","0.0025243488157034983","0.0025243488157034983"
"112","0.00206999560551984","0.00206999560551984","0.00206999560551984","0.0015365023614971765","0.0015365023614971765","0.0015365023614971765","0.0023235505629730013","0.0023235505629730013","0.0023235505629730013","0.00149934585039903","0.00149934585039903","0.00149934585039903","0.0017363947284008776","0.0017363947284008776","0.0017363947284008776","0.005074763537517616","0.005074763537517616","0.005074763537517616","0.0023245891456359197","0.0023245891456359197","0.0023245891456359197","0.0026082076032512952","0.0026082076032512952","0.0026082076032512952"
"113","0.002808538165741733","0.002808538165741733","0.002808538165741733","0.0017150109633803368","0.0017150109633803368","0.0017150109633803368","0.001943937037140131","0.001943937037140131","0.001943937037140131","0.001626677395376776","0.001626677395376776","0.001626677395376776","0.002048010846400367","0.002048010846400367","0.002048010846400367","0.00431334283868117","0.00431334283868117","0.00431334283868117","0.0022134624804104014","0.0022134624804104014","0.0022134624804104014","0.0025576004326077445","0.0025576004326077445","0.0025576004326077445"
"114","0.0022528820970494834","0.0022528820970494834","0.0022528820970494834","0.0017588854035628693","0.0017588854035628693","0.0017588854035628693","0.0021329266684395926","0.0021329266684395926","0.0021329266684395926","0.0018374184645446284","0.0018374184645446284","0.0018374184645446284","0.002365083184226283","0.002365083184226283","0.002365083184226283","0.00394078587747312","0.00394078587747312","0.00394078587747312","0.0023991631709837486","0.0023991631709837486","0.0023991631709837486","0.002512154302426747","0.002512154302426747","0.002512154302426747"
"115","0.0021275203741554704","0.0021275203741554704","0.0021275203741554704","0.0013816951873845287","0.0013816951873845287","0.0013816951873845287","0.0018953532645744936","0.0018953532645744936","0.0018953532645744936","0.0016627494312290633","0.0016627494312290633","0.0016627494312290633","0.0024110967559473856","0.0024110967559473856","0.0024110967559473856","0.0035828667293701854","0.0035828667293701854","0.0035828667293701854","0.002411793451756239","0.002411793451756239","0.002411793451756239","0.0033414705623207347","0.0033414705623207347","0.0033414705623207347"
"116","0.0022778083803132176","0.0022778083803132176","0.0022778083803132176","0.0014413992924216603","0.0014413992924216603","0.0014413992924216603","0.00198730337433517","0.00198730337433517","0.00198730337433517","0.0013546501062851998","0.0013546501062851998","0.0013546501062851998","0.0017846624001062342","0.0017846624001062342","0.0017846624001062342","0.003878502441304071","0.003878502441304071","0.003878502441304071","0.0023262251301535536","0.0023262251301535536","0.0023262251301535536","0.002927185967564583","0.002927185967564583","0.002927185967564583"
"117","0.002318655149013336","0.002318655149013336","0.002318655149013336","0.001890141433770103","0.001890141433770103","0.001890141433770103","0.0021225764815296444","0.0021225764815296444","0.0021225764815296444","0.0016939975570754281","0.0016939975570754281","0.0016939975570754281","0.001992815074377826","0.001992815074377826","0.001992815074377826","0.0035086400125042667","0.0035086400125042667","0.0035086400125042667","0.0023897235181980898","0.0023897235181980898","0.0023897235181980898","0.002685811187672828","0.002685811187672828","0.002685811187672828"
"118","0.0023367299498724087","0.0023367299498724087","0.0023367299498724087","0.001906275433222098","0.001906275433222098","0.001906275433222098","0.0022672602208331227","0.0022672602208331227","0.0022672602208331227","0.001630768263047295","0.001630768263047295","0.001630768263047295","0.001828715205192566","0.001828715205192566","0.001828715205192566","0.003887797240167856","0.003887797240167856","0.003887797240167856","0.002507604841542031","0.002507604841542031","0.002507604841542031","0.002672254922799766","0.002672254922799766","0.002672254922799766"
"119","0.002542576735972294","0.002542576735972294","0.002542576735972294","0.001877334201708436","0.001877334201708436","0.001877334201708436","0.0020283241922567996","0.0020283241922567996","0.0020283241922567996","0.001569949123742325","0.001569949123742325","0.001569949123742325","0.0018795479720990574","0.0018795479720990574","0.0018795479720990574","0.004127446096390486","0.004127446096390486","0.004127446096390486","0.002085859903412971","0.002085859903412971","0.002085859903412971","0.0027639547562492745","0.0027639547562492745","0.0027639547562492745"
"120","0.002164748281107417","0.002164748281107417","0.002164748281107417","0.0016205872608614819","0.0016205872608614819","0.0016205872608614819","0.0019778780905263765","0.0019778780905263765","0.0019778780905263765","0.0019136197931532348","0.0019136197931532348","0.0019136197931532348","0.002076682451713298","0.002076682451713298","0.002076682451713298","0.004358639641265784","0.004358639641265784","0.004358639641265784","0.002084516254918916","0.002084516254918916","0.002084516254918916","0.002536061968255256","0.002536061968255256","0.002536061968255256"
"122","0.0035929964422913535","0.0035929964422913535","0.0035929964422913535","0.0014454710679793997","0.0014454710679793997","0.0014454710679793997","0.0016222559081922685","0.0016222559081922685","0.0016222559081922685","0.0015985826362988778","0.0015985826362988778","0.0015985826362988778","0.0024165436292865445","0.0024165436292865445","0.0024165436292865445","0.0038316308055073023","0.0038316308055073023","0.0038316308055073023","0.0020132033470352845","0.0020132033470352845","0.0020132033470352845","0.003256333459700857","0.003256333459700857","0.003256333459700857"
"123","0.0021913322354001658","0.0021913322354001658","0.0021913322354001658","0.0015288693497755698","0.0015288693497755698","0.0015288693497755698","0.0015377494523168675","0.0015377494523168675","0.0015377494523168675","0.0025855990326298134","0.0025855990326298134","0.0025855990326298134","0.0016793196139458036","0.0016793196139458036","0.0016793196139458036","0.003935366835711258","0.003935366835711258","0.003935366835711258","0.002308067483162241","0.002308067483162241","0.002308067483162241","0.002661273590222533","0.002661273590222533","0.002661273590222533"
"124","0.0023150566017388235","0.0023150566017388235","0.0023150566017388235","0.0016656936578718679","0.0016656936578718679","0.0016656936578718679","0.001879134464875928","0.001879134464875928","0.001879134464875928","0.0017634741546187019","0.0017634741546187019","0.0017634741546187019","0.0021676112997478674","0.0021676112997478674","0.0021676112997478674","0.0034194118842216475","0.0034194118842216475","0.0034194118842216475","0.002256578882224858","0.002256578882224858","0.002256578882224858","0.003199593895780189","0.003199593895780189","0.003199593895780189"
"125","0.0033158494791548166","0.0033158494791548166","0.0033158494791548166","0.001706135326198169","0.001706135326198169","0.001706135326198169","0.0017063624358602933","0.0017063624358602933","0.0017063624358602933","0.002928174499954496","0.002928174499954496","0.002928174499954496","0.0016718483363677347","0.0016718483363677347","0.0016718483363677347","0.003695644471528275","0.003695644471528275","0.003695644471528275","0.0026273903370435748","0.0026273903370435748","0.0026273903370435748","0.002615331090055406","0.002615331090055406","0.002615331090055406"
"126","0.0021611600116427454","0.0021611600116427454","0.0021611600116427454","0.001637377543374896","0.001637377543374896","0.001637377543374896","0.001797561234395419","0.001797561234395419","0.001797561234395419","0.002768144302535802","0.002768144302535802","0.002768144302535802","0.0024829968543989317","0.0024829968543989317","0.0024829968543989317","0.0033605858251186354","0.0033605858251186354","0.0033605858251186354","0.0021981646506381886","0.0021981646506381886","0.0021981646506381886","0.002588729282641517","0.002588729282641517","0.002588729282641517"
"127","0.002589908179028758","0.002589908179028758","0.002589908179028758","0.0015753878729550966","0.0015753878729550966","0.0015753878729550966","0.0019044588053865092","0.0019044588053865092","0.0019044588053865092","0.002476876767884408","0.002476876767884408","0.002476876767884408","0.001990616404717522","0.001990616404717522","0.001990616404717522","0.0034947083996874945","0.0034947083996874945","0.0034947083996874945","0.0020797246584801803","0.0020797246584801803","0.0020797246584801803","0.0024556747188658585","0.0024556747188658585","0.0024556747188658585"
"128","0.0026139031729793976","0.0026139031729793976","0.0026139031729793976","0.002051636476867965","0.002051636476867965","0.002051636476867965","0.0017735998179497464","0.0017735998179497464","0.0017735998179497464","0.0017071784074817384","0.0017071784074817384","0.0017071784074817384","0.0020901887078902553","0.0020901887078902553","0.0020901887078902553","0.004769028596846121","0.004769028596846121","0.004769028596846121","0.0022822874930820297","0.0022822874930820297","0.0022822874930820297","0.002787531270379467","0.002787531270379467","0.002787531270379467"
"129","0.0021168261633387636","0.0021168261633387636","0.0021168261633387636","0.0022553126992923872","0.0022553126992923872","0.0022553126992923872","0.0016340170986950397","0.0016340170986950397","0.0016340170986950397","0.001796669260199581","0.001796669260199581","0.001796669260199581","0.0017420297455308692","0.0017420297455308692","0.0017420297455308692","0.004105857340618968","0.004105857340618968","0.004105857340618968","0.002916890612271215","0.002916890612271215","0.002916890612271215","0.002622406788369907","0.002622406788369907","0.002622406788369907"
"130","0.0029816249485260676","0.0029816249485260676","0.0029816249485260676","0.0018829374873478497","0.0018829374873478497","0.0018829374873478497","0.0016840838278377695","0.0016840838278377695","0.0016840838278377695","0.0015403345044303154","0.0015403345044303154","0.0015403345044303154","0.0017966824483924679","0.0017966824483924679","0.0017966824483924679","0.003919331855805857","0.003919331855805857","0.003919331855805857","0.0024133173948419945","0.0024133173948419945","0.0024133173948419945","0.003349197529522436","0.003349197529522436","0.003349197529522436"
"131","0.0022307474365723984","0.0022307474365723984","0.0022307474365723984","0.001569022158426898","0.001569022158426898","0.001569022158426898","0.0015568590481832092","0.0015568590481832092","0.0015568590481832092","0.001811985608323344","0.001811985608323344","0.001811985608323344","0.0015301697089203767","0.0015301697089203767","0.0015301697089203767","0.0039531932145889315","0.0039531932145889315","0.0039531932145889315","0.0026372158234672888","0.0026372158234672888","0.0026372158234672888","0.0027007710554503967","0.0027007710554503967","0.0027007710554503967"
"133","0.0022740981242220315","0.0022740981242220315","0.0022740981242220315","0.001424109746169831","0.001424109746169831","0.001424109746169831","0.0017532479583418795","0.0017532479583418795","0.0017532479583418795","0.0016713033463539822","0.0016713033463539822","0.0016713033463539822","0.001942673307244799","0.001942673307244799","0.001942673307244799","0.004220289011885013","0.004220289011885013","0.004220289011885013","0.0027304677392489146","0.0027304677392489146","0.0027304677392489146","0.003512886885021414","0.003512886885021414","0.003512886885021414"
"134","0.0022548830934933256","0.0022548830934933256","0.0022548830934933256","0.0016437496191688947","0.0016437496191688947","0.0016437496191688947","0.0017949314289061086","0.0017949314289061086","0.0017949314289061086","0.0017865014462066548","0.0017865014462066548","0.0017865014462066548","0.0016783784958533943","0.0016783784958533943","0.0016783784958533943","0.0036483018359701547","0.0036483018359701547","0.0036483018359701547","0.0024078997916408946","0.0024078997916408946","0.0024078997916408946","0.003090148326009512","0.003090148326009512","0.003090148326009512"
"135","0.002047147801412003","0.002047147801412003","0.002047147801412003","0.0018554098787717521","0.0018554098787717521","0.0018554098787717521","0.0018488559206681593","0.0018488559206681593","0.0018488559206681593","0.0015326121106876858","0.0015326121106876858","0.0015326121106876858","0.001968176636312689","0.001968176636312689","0.001968176636312689","0.003777193820237049","0.003777193820237049","0.003777193820237049","0.002442885556125215","0.002442885556125215","0.002442885556125215","0.0026889684377238154","0.0026889684377238154","0.0026889684377238154"
"136","0.0018108000679473793","0.0018108000679473793","0.0018108000679473793","0.0016941203835553356","0.0016941203835553356","0.0016941203835553356","0.0013614073395729065","0.0013614073395729065","0.0013614073395729065","0.0014521604503637978","0.0014521604503637978","0.0014521604503637978","0.0015458815282077662","0.0015458815282077662","0.0015458815282077662","0.003359531917210136","0.003359531917210136","0.003359531917210136","0.002150491744812046","0.002150491744812046","0.002150491744812046","0.0028498060668685605","0.0028498060668685605","0.0028498060668685605"
"137","0.002163594538745071","0.002163594538745071","0.002163594538745071","0.0016621277068874665","0.0016621277068874665","0.0016621277068874665","0.0014974045084922441","0.0014974045084922441","0.0014974045084922441","0.001443750158484493","0.001443750158484493","0.001443750158484493","0.0018649524260711456","0.0018649524260711456","0.0018649524260711456","0.00374315313196608","0.00374315313196608","0.00374315313196608","0.0025923172776986447","0.0025923172776986447","0.0025923172776986447","0.0028826100419142415","0.0028826100419142415","0.0028826100419142415"
"138","0.002370591807578291","0.002370591807578291","0.002370591807578291","0.00147840944451413","0.00147840944451413","0.00147840944451413","0.0015671779235292757","0.0015671779235292757","0.0015671779235292757","0.0015745491088767136","0.0015745491088767136","0.0015745491088767136","0.0017596016571457898","0.0017596016571457898","0.0017596016571457898","0.003966483620128461","0.003966483620128461","0.003966483620128461","0.0020313672638232155","0.0020313672638232155","0.0020313672638232155","0.002987124558006014","0.002987124558006014","0.002987124558006014"
"139","0.0020680748358634965","0.0020680748358634965","0.0020680748358634965","0.001457699029872726","0.001457699029872726","0.001457699029872726","0.001536714960820973","0.001536714960820973","0.001536714960820973","0.0014941804526772881","0.0014941804526772881","0.0014941804526772881","0.0016344411997124553","0.0016344411997124553","0.0016344411997124553","0.0032696508943835007","0.0032696508943835007","0.0032696508943835007","0.0025374570063182284","0.0025374570063182284","0.0025374570063182284","0.003604138286651245","0.003604138286651245","0.003604138286651245"
"140","0.002167557449346142","0.002167557449346142","0.002167557449346142","0.0016370818318266953","0.0016370818318266953","0.0016370818318266953","0.0017642991484275886","0.0017642991484275886","0.0017642991484275886","0.0015153550609414066","0.0015153550609414066","0.0015153550609414066","0.0017156515553194498","0.0017156515553194498","0.0017156515553194498","0.0033318199150796446","0.0033318199150796446","0.0033318199150796446","0.002886056966547455","0.002886056966547455","0.002886056966547455","0.002839793625753373","0.002839793625753373","0.002839793625753373"
"141","0.0023618552617595662","0.0023618552617595662","0.0023618552617595662","0.0014845143970368163","0.0014845143970368163","0.0014845143970368163","0.0014991895794602378","0.0014991895794602378","0.0014991895794602378","0.0014391496910580567","0.0014391496910580567","0.0014391496910580567","0.0017882085937474454","0.0017882085937474454","0.0017882085937474454","0.0034634365334308575","0.0034634365334308575","0.0034634365334308575","0.0021774799429944585","0.0021774799429944585","0.0021774799429944585","0.0030155826243571937","0.0030155826243571937","0.0030155826243571937"
"142","0.0022847271424585153","0.0022847271424585153","0.0022847271424585153","0.001463681592472962","0.001463681592472962","0.001463681592472962","0.0017399333051538893","0.0017399333051538893","0.0017399333051538893","0.001536524821338909","0.001536524821338909","0.001536524821338909","0.0017988931088309204","0.0017988931088309204","0.0017988931088309204","0.0031266373781753437","0.0031266373781753437","0.0031266373781753437","0.0020618345255830456","0.0020618345255830456","0.0020618345255830456","0.0030674859548785855","0.0030674859548785855","0.0030674859548785855"
"144","0.0017551959774989103","0.0017551959774989103","0.0017551959774989103","0.0011737246199377946","0.0011737246199377946","0.0011737246199377946","0.001407730792249952","0.001407730792249952","0.001407730792249952","0.001336127586130585","0.001336127586130585","0.001336127586130585","0.0018103917661522115","0.0018103917661522115","0.0018103917661522115","0.003729089687112719","0.003729089687112719","0.003729089687112719","0.002288969582878053","0.002288969582878053","0.002288969582878053","0.0028364488389343023","0.0028364488389343023","0.0028364488389343023"
"145","0.0019150282106628375","0.0019150282106628375","0.0019150282106628375","0.0015652908561086015","0.0015652908561086015","0.0015652908561086015","0.0014942283076899393","0.0014942283076899393","0.0014942283076899393","0.0013898658965315139","0.0013898658965315139","0.0013898658965315139","0.001610212992610676","0.001610212992610676","0.001610212992610676","0.0039574914844706655","0.0039574914844706655","0.0039574914844706655","0.0019457147323659488","0.0019457147323659488","0.0019457147323659488","0.002869789821228811","0.002869789821228811","0.002869789821228811"
"146","0.0018347241732824063","0.0018347241732824063","0.0018347241732824063","0.0014619605665627336","0.0014619605665627336","0.0014619605665627336","0.0015589157950931362","0.0015589157950931362","0.0015589157950931362","0.0014262899889477662","0.0014262899889477662","0.0014262899889477662","0.001454124106593164","0.001454124106593164","0.001454124106593164","0.005065682277615581","0.005065682277615581","0.005065682277615581","0.0022134576325437854","0.0022134576325437854","0.0022134576325437854","0.002631295206291335","0.002631295206291335","0.002631295206291335"
"147","0.0018076756802786673","0.0018076756802786673","0.0018076756802786673","0.0015608631739658968","0.0015608631739658968","0.0015608631739658968","0.001786536495533905","0.001786536495533905","0.001786536495533905","0.0014442422543652356","0.0014442422543652356","0.0014442422543652356","0.001554603222757578","0.001554603222757578","0.001554603222757578","0.0035141311319811003","0.0035141311319811003","0.0035141311319811003","0.0020373766643128227","0.0020373766643128227","0.0020373766643128227","0.002576734887302986","0.002576734887302986","0.002576734887302986"
"148","0.0021586593772683826","0.0021586593772683826","0.0021586593772683826","0.001588803932203778","0.001588803932203778","0.001588803932203778","0.0015410895658923046","0.0015410895658923046","0.0015410895658923046","0.0015138473993699466","0.0015138473993699466","0.0015138473993699466","0.0015636306987809284","0.0015636306987809284","0.0015636306987809284","0.0037725575135222505","0.0037725575135222505","0.0037725575135222505","0.002106886772838022","0.002106886772838022","0.002106886772838022","0.002760679893461721","0.002760679893461721","0.002760679893461721"
"149","0.002046112037662949","0.002046112037662949","0.002046112037662949","0.0013398373266682029","0.0013398373266682029","0.0013398373266682029","0.0015261552595932568","0.0015261552595932568","0.0015261552595932568","0.001453665567428938","0.001453665567428938","0.001453665567428938","0.0016251001507043839","0.0016251001507043839","0.0016251001507043839","0.00332072055399684","0.00332072055399684","0.00332072055399684","0.002062083737525557","0.002062083737525557","0.002062083737525557","0.0026356823260097633","0.0026356823260097633","0.0026356823260097633"
"150","0.00342029396311513","0.00342029396311513","0.00342029396311513","0.0015800408353762968","0.0015800408353762968","0.0015800408353762968","0.0013874863673533713","0.0013874863673533713","0.0013874863673533713","0.0016036469356289931","0.0016036469356289931","0.0016036469356289931","0.001841239265299269","0.001841239265299269","0.001841239265299269","0.0033482950114245924","0.0033482950114245924","0.0033482950114245924","0.0026172217414049165","0.0026172217414049165","0.0026172217414049165","0.0027552824301112977","0.0027552824301112977","0.0027552824301112977"
"151","0.002345291415362486","0.002345291415362486","0.002345291415362486","0.0012766510979937656","0.0012766510979937656","0.0012766510979937656","0.0019393929563063597","0.0019393929563063597","0.0019393929563063597","0.0015291426097974181","0.0015291426097974181","0.0015291426097974181","0.002445922665564077","0.002445922665564077","0.002445922665564077","0.003570899067978774","0.003570899067978774","0.003570899067978774","0.0018729082491647983","0.0018729082491647983","0.0018729082491647983","0.0025278343153851373","0.0025278343153851373","0.0025278343153851373"
"152","0.0024848456045479645","0.0024848456045479645","0.0024848456045479645","0.0014104371823902642","0.0014104371823902642","0.0014104371823902642","0.001426239315021251","0.001426239315021251","0.001426239315021251","0.0014219370703878148","0.0014219370703878148","0.0014219370703878148","0.0016450781258754432","0.0016450781258754432","0.0016450781258754432","0.0030389262828975916","0.0030389262828975916","0.0030389262828975916","0.0019351155663441335","0.0019351155663441335","0.0019351155663441335","0.003239762287453881","0.003239762287453881","0.003239762287453881"
"153","0.002583502109960786","0.002583502109960786","0.002583502109960786","0.001250433427880385","0.001250433427880385","0.001250433427880385","0.0013448415640076356","0.0013448415640076356","0.0013448415640076356","0.0012435337245863462","0.0012435337245863462","0.0012435337245863462","0.0019523826111773296","0.0019523826111773296","0.0019523826111773296","0.0035083027157400337","0.0035083027157400337","0.0035083027157400337","0.001996808244647192","0.001996808244647192","0.001996808244647192","0.002514695004460269","0.002514695004460269","0.002514695004460269"
"155","0.0026070932009523468","0.0026070932009523468","0.0026070932009523468","0.0010693795214008009","0.0010693795214008009","0.0010693795214008009","0.0013422682698416924","0.0013422682698416924","0.0013422682698416924","0.0018497002477358495","0.0018497002477358495","0.0018497002477358495","0.0017319213532443558","0.0017319213532443558","0.0017319213532443558","0.004120923246123961","0.004120923246123961","0.004120923246123961","0.0023364322260022163","0.0023364322260022163","0.0023364322260022163","0.00281995370252324","0.00281995370252324","0.00281995370252324"
"156","0.0025401455267066403","0.0025401455267066403","0.0025401455267066403","0.0016217016548450505","0.0016217016548450505","0.0016217016548450505","0.0012876922181541367","0.0012876922181541367","0.0012876922181541367","0.0015991239342838526","0.0015991239342838526","0.0015991239342838526","0.001974024685166244","0.001974024685166244","0.001974024685166244","0.0044115575895245585","0.0044115575895245585","0.0044115575895245585","0.002046496590732464","0.002046496590732464","0.002046496590732464","0.0028476944426074624","0.0028476944426074624","0.0028476944426074624"
"157","0.00275554320043219","0.00275554320043219","0.00275554320043219","0.0013291759117107307","0.0013291759117107307","0.0013291759117107307","0.001349765499721148","0.001349765499721148","0.001349765499721148","0.0012431749907721365","0.0012431749907721365","0.0012431749907721365","0.0015003264000240182","0.0015003264000240182","0.0015003264000240182","0.004379114335668939","0.004379114335668939","0.004379114335668939","0.0019591364710192594","0.0019591364710192594","0.0019591364710192594","0.002709445443802646","0.002709445443802646","0.002709445443802646"
"158","0.002625349909067154","0.002625349909067154","0.002625349909067154","0.0014508197449945978","0.0014508197449945978","0.0014508197449945978","0.0013746516446449927","0.0013746516446449927","0.0013746516446449927","0.001589268703745412","0.001589268703745412","0.001589268703745412","0.0017094743171972887","0.0017094743171972887","0.0017094743171972887","0.004269319220579096","0.004269319220579096","0.004269319220579096","0.0019462324479328735","0.0019462324479328735","0.0019462324479328735","0.0027046865517539637","0.0027046865517539637","0.0027046865517539637"
"159","0.0027338324912956785","0.0027338324912956785","0.0027338324912956785","0.0016500062442251614","0.0016500062442251614","0.0016500062442251614","0.001493066258262843","0.001493066258262843","0.001493066258262843","0.0015001947259796517","0.0015001947259796517","0.0015001947259796517","0.0018698775508840168","0.0018698775508840168","0.0018698775508840168","0.004322522236699504","0.004322522236699504","0.004322522236699504","0.002159460314682552","0.002159460314682552","0.002159460314682552","0.0033340321887018426","0.0033340321887018426","0.0033340321887018426"
"160","0.0031844132213986348","0.0031844132213986348","0.0031844132213986348","0.0015179668636327343","0.0015179668636327343","0.0015179668636327343","0.0012502338005495922","0.0012502338005495922","0.0012502338005495922","0.0014122095557727984","0.0014122095557727984","0.0014122095557727984","0.0015846905963761465","0.0015846905963761465","0.0015846905963761465","0.0038392277035330024","0.0038392277035330024","0.0038392277035330024","0.001947605300561658","0.001947605300561658","0.001947605300561658","0.003432781601856862","0.003432781601856862","0.003432781601856862"
"161","0.0030003030052674668","0.0030003030052674668","0.0030003030052674668","0.0015253935541425432","0.0015253935541425432","0.0015253935541425432","0.0013813921167249127","0.0013813921167249127","0.0013813921167249127","0.001383996119589678","0.001383996119589678","0.001383996119589678","0.0014757026053432906","0.0014757026053432906","0.0014757026053432906","0.004002047004178166","0.004002047004178166","0.004002047004178166","0.001782186479041619","0.001782186479041619","0.001782186479041619","0.002634042699355632","0.002634042699355632","0.002634042699355632"
"162","0.0024235351676387446","0.0024235351676387446","0.0024235351676387446","0.0016952573953728592","0.0016952573953728592","0.0016952573953728592","0.001264191814698279","0.001264191814698279","0.001264191814698279","0.0012783580625961935","0.0012783580625961935","0.0012783580625961935","0.0017777120062549198","0.0017777120062549198","0.0017777120062549198","0.0040757738585983005","0.0040757738585983005","0.0040757738585983005","0.0020036102838015984","0.0020036102838015984","0.0020036102838015984","0.0032771848241931628","0.0032771848241931628","0.0032771848241931628"
"163","0.0023244052759504746","0.0023244052759504746","0.0023244052759504746","0.0012492605144091482","0.0012492605144091482","0.0012492605144091482","0.0012154884669663651","0.0012154884669663651","0.0012154884669663651","0.0013274647811028575","0.0013274647811028575","0.0013274647811028575","0.001617918356454798","0.001617918356454798","0.001617918356454798","0.003683295633111681","0.003683295633111681","0.003683295633111681","0.0017347369492719217","0.0017347369492719217","0.0017347369492719217","0.0027775505524394767","0.0027775505524394767","0.0027775505524394767"
"164","0.0027097825659438968","0.0027097825659438968","0.0027097825659438968","0.0014018131686108454","0.0014018131686108454","0.0014018131686108454","0.0015306311792560986","0.0015306311792560986","0.0015306311792560986","0.0016010694421960839","0.0016010694421960839","0.0016010694421960839","0.0016970070345061167","0.0016970070345061167","0.0016970070345061167","0.0030942423452091005","0.0030942423452091005","0.0030942423452091005","0.002270261474352862","0.002270261474352862","0.002270261474352862","0.0026221691763826777","0.0026221691763826777","0.0026221691763826777"
"166","0.0020051132887601852","0.0020051132887601852","0.0020051132887601852","0.0014114875313160674","0.0014114875313160674","0.0014114875313160674","0.001135008068688746","0.001135008068688746","0.001135008068688746","0.0016906723363458046","0.0016906723363458046","0.0016906723363458046","0.0016546256624029151","0.0016546256624029151","0.0016546256624029151","0.003117517884155469","0.003117517884155469","0.003117517884155469","0.0018365674519113132","0.0018365674519113132","0.0018365674519113132","0.0030760843572872026","0.0030760843572872026","0.0030760843572872026"
"167","0.0025743477744981647","0.0025743477744981647","0.0025743477744981647","0.0015439009377067642","0.0015439009377067642","0.0015439009377067642","0.001195857484292771","0.001195857484292771","0.001195857484292771","0.00130260840523988","0.00130260840523988","0.00130260840523988","0.0014692159935033747","0.0014692159935033747","0.0014692159935033747","0.003208723451410021","0.003208723451410021","0.003208723451410021","0.002025662788322994","0.002025662788322994","0.002025662788322994","0.0026609611398141298","0.0026609611398141298","0.0026609611398141298"
"168","0.002099210745655","0.002099210745655","0.002099210745655","0.001548467278813145","0.001548467278813145","0.001548467278813145","0.0015357688701312458","0.0015357688701312458","0.0015357688701312458","0.0012912746252758162","0.0012912746252758162","0.0012912746252758162","0.0015976772743410297","0.0015976772743410297","0.0015976772743410297","0.0036767861539764063","0.0036767861539764063","0.0036767861539764063","0.0018574401536690338","0.0018574401536690338","0.0018574401536690338","0.002721121335136039","0.002721121335136039","0.002721121335136039"
"169","0.0024468418476837023","0.0024468418476837023","0.0024468418476837023","0.0011278107496244566","0.0011278107496244566","0.0011278107496244566","0.0012659552324164128","0.0012659552324164128","0.0012659552324164128","0.0016193597777081387","0.0016193597777081387","0.0016193597777081387","0.0013981445808894932","0.0013981445808894932","0.0013981445808894932","0.0034703666710161735","0.0034703666710161735","0.0034703666710161735","0.002057098600614284","0.002057098600614284","0.002057098600614284","0.0034230302054701106","0.0034230302054701106","0.0034230302054701106"
"170","0.002921698465278106","0.002921698465278106","0.002921698465278106","0.0012555830929029202","0.0012555830929029202","0.0012555830929029202","0.0016576189913653902","0.0016576189913653902","0.0016576189913653902","0.0012581406418965863","0.0012581406418965863","0.0012581406418965863","0.001642243770350303","0.001642243770350303","0.001642243770350303","0.0035709448025694917","0.0035709448025694917","0.0035709448025694917","0.0018712797568046621","0.0018712797568046621","0.0018712797568046621","0.003636282901944859","0.003636282901944859","0.003636282901944859"
"171","0.00195854325180075","0.00195854325180075","0.00195854325180075","0.001069278472901455","0.001069278472901455","0.001069278472901455","0.001723669086849051","0.001723669086849051","0.001723669086849051","0.0014017341226073249","0.0014017341226073249","0.0014017341226073249","0.0014348355304848934","0.0014348355304848934","0.0014348355304848934","0.003202457762589412","0.003202457762589412","0.003202457762589412","0.002459211058781615","0.002459211058781615","0.002459211058781615","0.0036283492975469145","0.0036283492975469145","0.0036283492975469145"
"172","0.0018644608291132109","0.0018644608291132109","0.0018644608291132109","0.001345585158560425","0.001345585158560425","0.001345585158560425","0.0012343384275612021","0.0012343384275612021","0.0012343384275612021","0.0013797957633089805","0.0013797957633089805","0.0013797957633089805","0.0014834511551141208","0.0014834511551141208","0.0014834511551141208","0.003127005949084248","0.003127005949084248","0.003127005949084248","0.0029785006772726774","0.0029785006772726774","0.0029785006772726774","0.003169698191673628","0.003169698191673628","0.003169698191673628"
"173","0.0020053723419550806","0.0020053723419550806","0.0020053723419550806","0.001128773670643568","0.001128773670643568","0.001128773670643568","0.0013392469928865986","0.0013392469928865986","0.0013392469928865986","0.0012989337389756525","0.0012989337389756525","0.0012989337389756525","0.001494591506863279","0.001494591506863279","0.001494591506863279","0.003426818476457681","0.003426818476457681","0.003426818476457681","0.002078191942668387","0.002078191942668387","0.002078191942668387","0.003357288710373853","0.003357288710373853","0.003357288710373853"
"174","0.001869864296168089","0.001869864296168089","0.001869864296168089","0.0009849637281149626","0.0009849637281149626","0.0009849637281149626","0.0012556144668321525","0.0012556144668321525","0.0012556144668321525","0.001489134064675974","0.001489134064675974","0.001489134064675974","0.0019383188170780028","0.0019383188170780028","0.0019383188170780028","0.0031334912803556237","0.0031334912803556237","0.0031334912803556237","0.0022119603984590086","0.0022119603984590086","0.0022119603984590086","0.0025291743804700673","0.0025291743804700673","0.0025291743804700673"
"175","0.0017415352797667896","0.0017415352797667896","0.0017415352797667896","0.0011941961129195988","0.0011941961129195988","0.0011941961129195988","0.0012959086618918394","0.0012959086618918394","0.0012959086618918394","0.0011841931513377599","0.0011841931513377599","0.0011841931513377599","0.0013480748748406768","0.0013480748748406768","0.0013480748748406768","0.003345781355164945","0.003345781355164945","0.003345781355164945","0.0018802017605464374","0.0018802017605464374","0.0018802017605464374","0.00300355365366808","0.00300355365366808","0.00300355365366808"
"177","0.0015696296551530914","0.0015696296551530914","0.0015696296551530914","0.0015802542412919657","0.0015802542412919657","0.0015802542412919657","0.0010163454363854335","0.0010163454363854335","0.0010163454363854335","0.0011354150233923324","0.0011354150233923324","0.0011354150233923324","0.0013174279260316066","0.0013174279260316066","0.0013174279260316066","0.00436713924032769","0.00436713924032769","0.00436713924032769","0.0021535567939281464","0.0021535567939281464","0.0021535567939281464","0.0027226755462054697","0.0027226755462054697","0.0027226755462054697"
"178","0.0023077233594709207","0.0023077233594709207","0.0023077233594709207","0.001755558095672833","0.001755558095672833","0.001755558095672833","0.0012540702175881182","0.0012540702175881182","0.0012540702175881182","0.0010997266841254064","0.0010997266841254064","0.0010997266841254064","0.0014007962391977863","0.0014007962391977863","0.0014007962391977863","0.0046790829260966605","0.0046790829260966605","0.0046790829260966605","0.0018879025509314878","0.0018879025509314878","0.0018879025509314878","0.002789520508875804","0.002789520508875804","0.002789520508875804"
"179","0.0019776661481176105","0.0019776661481176105","0.0019776661481176105","0.002032835194508412","0.002032835194508412","0.002032835194508412","0.001178838761656412","0.001178838761656412","0.001178838761656412","0.0012036286269514157","0.0012036286269514157","0.0012036286269514157","0.0015127438819035888","0.0015127438819035888","0.0015127438819035888","0.004083441570401192","0.004083441570401192","0.004083441570401192","0.0017103910712259157","0.0017103910712259157","0.0017103910712259157","0.0030072282367785063","0.0030072282367785063","0.0030072282367785063"
"180","0.0017649883105020439","0.0017649883105020439","0.0017649883105020439","0.001855704201651471","0.001855704201651471","0.001855704201651471","0.0013558111885296448","0.0013558111885296448","0.0013558111885296448","0.0012131166295148432","0.0012131166295148432","0.0012131166295148432","0.002242182323243469","0.002242182323243469","0.002242182323243469","0.0054590226084526095","0.0054590226084526095","0.0054590226084526095","0.001952922819847507","0.001952922819847507","0.001952922819847507","0.002784211654216051","0.002784211654216051","0.002784211654216051"
"181","0.001536703244450369","0.001536703244450369","0.001536703244450369","0.0019097992751215185","0.0019097992751215185","0.0019097992751215185","0.0015341941949113139","0.0015341941949113139","0.0015341941949113139","0.001394637644157878","0.001394637644157878","0.001394637644157878","0.001641879407023745","0.001641879407023745","0.001641879407023745","0.004367002518847585","0.004367002518847585","0.004367002518847585","0.0020999565022066236","0.0020999565022066236","0.0020999565022066236","0.00271488178987056","0.00271488178987056","0.00271488178987056"
"182","0.0016874750144779682","0.0016874750144779682","0.0016874750144779682","0.0019406164231310999","0.0019406164231310999","0.0019406164231310999","0.001161854323332331","0.001161854323332331","0.001161854323332331","0.0019040248922205397","0.0019040248922205397","0.0019040248922205397","0.0014112844863640411","0.0014112844863640411","0.0014112844863640411","0.004302160016127995","0.004302160016127995","0.004302160016127995","0.00173047768683838","0.00173047768683838","0.00173047768683838","0.0026715990555073533","0.0026715990555073533","0.0026715990555073533"
"183","0.001969344265359853","0.001969344265359853","0.001969344265359853","0.0018870319805241057","0.0018870319805241057","0.0018870319805241057","0.0011211840735216225","0.0011211840735216225","0.0011211840735216225","0.0012380054187295692","0.0012380054187295692","0.0012380054187295692","0.0015196652717090078","0.0015196652717090078","0.0015196652717090078","0.0037463528237172534","0.0037463528237172534","0.0037463528237172534","0.0017849179982606853","0.0017849179982606853","0.0017849179982606853","0.002648097080444651","0.002648097080444651","0.002648097080444651"
"184","0.0018641805342797721","0.0018641805342797721","0.0018641805342797721","0.0017293956313681389","0.0017293956313681389","0.0017293956313681389","0.0010692088191197918","0.0010692088191197918","0.0010692088191197918","0.0012817193887063435","0.0012817193887063435","0.0012817193887063435","0.0015266129547463997","0.0015266129547463997","0.0015266129547463997","0.003527454100549221","0.003527454100549221","0.003527454100549221","0.0018200881646147796","0.0018200881646147796","0.0018200881646147796","0.0028293515455776025","0.0028293515455776025","0.0028293515455776025"
"185","0.001920920397554125","0.001920920397554125","0.001920920397554125","0.0017485611772696888","0.0017485611772696888","0.0017485611772696888","0.0011614057667819516","0.0011614057667819516","0.0011614057667819516","0.001224254715322916","0.001224254715322916","0.001224254715322916","0.001254391174630395","0.001254391174630395","0.001254391174630395","0.003955425727846367","0.003955425727846367","0.003955425727846367","0.0016033452203763382","0.0016033452203763382","0.0016033452203763382","0.0026877600965755327","0.0026877600965755327","0.0026877600965755327"
"186","0.0017215809784829617","0.0017215809784829617","0.0017215809784829617","0.001626845632147576","0.001626845632147576","0.001626845632147576","0.0011889665204632496","0.0011889665204632496","0.0011889665204632496","0.0008801570927192058","0.0008801570927192058","0.0008801570927192058","0.0015905584774113127","0.0015905584774113127","0.0015905584774113127","0.0035476213254566702","0.0035476213254566702","0.0035476213254566702","0.0019433029561436602","0.0019433029561436602","0.0019433029561436602","0.0030277628019186003","0.0030277628019186003","0.0030277628019186003"
"188","0.0018699142716026732","0.0018699142716026732","0.0018699142716026732","0.0017733927234075963","0.0017733927234075963","0.0017733927234075963","0.0014953467096867307","0.0014953467096867307","0.0014953467096867307","0.0009760675020515919","0.0009760675020515919","0.0009760675020515919","0.0015481571068188974","0.0015481571068188974","0.0015481571068188974","0.003951983409933746","0.003951983409933746","0.003951983409933746","0.00197309729576643","0.00197309729576643","0.00197309729576643","0.0026390047028793822","0.0026390047028793822","0.0026390047028793822"
"189","0.001669773698917457","0.001669773698917457","0.001669773698917457","0.001482202546737556","0.001482202546737556","0.001482202546737556","0.0012435550119594804","0.0012435550119594804","0.0012435550119594804","0.0009657474999715175","0.0009657474999715175","0.0009657474999715175","0.001242343519282128","0.001242343519282128","0.001242343519282128","0.0033211998275614212","0.0033211998275614212","0.0033211998275614212","0.001901968299145145","0.001901968299145145","0.001901968299145145","0.00268266601155379","0.00268266601155379","0.00268266601155379"
"190","0.0016607113149283187","0.0016607113149283187","0.0016607113149283187","0.0016780798489760076","0.0016780798489760076","0.0016780798489760076","0.001079328524480973","0.001079328524480973","0.001079328524480973","0.0011560155544430017","0.0011560155544430017","0.0011560155544430017","0.001740151658720736","0.001740151658720736","0.001740151658720736","0.0035449458685304436","0.0035449458685304436","0.0035449458685304436","0.0017140174417623452","0.0017140174417623452","0.0017140174417623452","0.002638390803310488","0.002638390803310488","0.002638390803310488"
"191","0.0016486538723776384","0.0016486538723776384","0.0016486538723776384","0.001355614438320377","0.001355614438320377","0.001355614438320377","0.0010423262304227268","0.0010423262304227268","0.0010423262304227268","0.001105318419701819","0.001105318419701819","0.001105318419701819","0.0013322071005989397","0.0013322071005989397","0.0013322071005989397","0.003384278854355216","0.003384278854355216","0.003384278854355216","0.0018838201483179415","0.0018838201483179415","0.0018838201483179415","0.002998529767085399","0.002998529767085399","0.002998529767085399"
"192","0.0018366228323429823","0.0018366228323429823","0.0018366228323429823","0.0016833390940779022","0.0016833390940779022","0.0016833390940779022","0.0013120038118878646","0.0013120038118878646","0.0013120038118878646","0.0011893954859780414","0.0011893954859780414","0.0011893954859780414","0.0013381992050978755","0.0013381992050978755","0.0013381992050978755","0.003615346836990544","0.003615346836990544","0.003615346836990544","0.0018143514171242714","0.0018143514171242714","0.0018143514171242714","0.003344864135475031","0.003344864135475031","0.003344864135475031"
"193","0.0021222610542151544","0.0021222610542151544","0.0021222610542151544","0.0018222554021381906","0.0018222554021381906","0.0018222554021381906","0.001095776429532894","0.001095776429532894","0.001095776429532894","0.0013374465384653636","0.0013374465384653636","0.0013374465384653636","0.0014265342802640849","0.0014265342802640849","0.0014265342802640849","0.0032081957906484604","0.0032081957906484604","0.0032081957906484604","0.00168147573380598","0.00168147573380598","0.00168147573380598","0.002774930409421878","0.002774930409421878","0.002774930409421878"
"194","0.0017031168764723198","0.0017031168764723198","0.0017031168764723198","0.0017799364286474884","0.0017799364286474884","0.0017799364286474884","0.0014675065924945687","0.0014675065924945687","0.0014675065924945687","0.0011228164408488997","0.0011228164408488997","0.0011228164408488997","0.0012888502761987703","0.0012888502761987703","0.0012888502761987703","0.0035102194773831536","0.0035102194773831536","0.0035102194773831536","0.0016416027875883238","0.0016416027875883238","0.0016416027875883238","0.002495856855862907","0.002495856855862907","0.002495856855862907"
"195","0.001869579660706222","0.001869579660706222","0.001869579660706222","0.0016659072134643793","0.0016659072134643793","0.0016659072134643793","0.0012098543728435679","0.0012098543728435679","0.0012098543728435679","0.0009567626984789968","0.0009567626984789968","0.0009567626984789968","0.0018696717535411672","0.0018696717535411672","0.0018696717535411672","0.003536252604265298","0.003536252604265298","0.003536252604265298","0.0017190895076575024","0.0017190895076575024","0.0017190895076575024","0.003168399179620402","0.003168399179620402","0.003168399179620402"
"196","0.0019470819388516247","0.0019470819388516247","0.0019470819388516247","0.0017628060387713568","0.0017628060387713568","0.0017628060387713568","0.0015670111003730977","0.0015670111003730977","0.0015670111003730977","0.0010788214692313755","0.0010788214692313755","0.0010788214692313755","0.0013231559257422174","0.0013231559257422174","0.0013231559257422174","0.0035567242718700853","0.0035567242718700853","0.0035567242718700853","0.00189784327189305","0.00189784327189305","0.00189784327189305","0.003228162897617689","0.003228162897617689","0.003228162897617689"
"197","0.0014229383835169887","0.0014229383835169887","0.0014229383835169887","0.0015728925354778767","0.0015728925354778767","0.0015728925354778767","0.0015122382402686135","0.0015122382402686135","0.0015122382402686135","0.0011826009971887938","0.0011826009971887938","0.0011826009971887938","0.0011751997184806637","0.0011751997184806637","0.0011751997184806637","0.002758043136314622","0.002758043136314622","0.002758043136314622","0.0018019268422254495","0.0018019268422254495","0.0018019268422254495","0.002894496511934059","0.002894496511934059","0.002894496511934059"
"199","0.0016042811663023063","0.0016042811663023063","0.0016042811663023063","0.001361734973865428","0.001361734973865428","0.001361734973865428","0.0009783237474039197","0.0009783237474039197","0.0009783237474039197","0.0011036560172215104","0.0011036560172215104","0.0011036560172215104","0.0019542930863930713","0.0019542930863930713","0.0019542930863930713","0.00313494198157319","0.00313494198157319","0.00313494198157319","0.0018711730704775878","0.0018711730704775878","0.0018711730704775878","0.002735698695427605","0.002735698695427605","0.002735698695427605"
"200","0.001540852170104959","0.001540852170104959","0.001540852170104959","0.0016986404911481909","0.0016986404911481909","0.0016986404911481909","0.0012936215581638472","0.0012936215581638472","0.0012936215581638472","0.0013453912272650217","0.0013453912272650217","0.0013453912272650217","0.0011579789986301745","0.0011579789986301745","0.0011579789986301745","0.00313021512036877","0.00313021512036877","0.00313021512036877","0.0019461644613849266","0.0019461644613849266","0.0019461644613849266","0.0025239473657815586","0.0025239473657815586","0.0025239473657815586"
"201","0.0014655775324042355","0.0014655775324042355","0.0014655775324042355","0.0013413431505406542","0.0013413431505406542","0.0013413431505406542","0.001015873284943934","0.001015873284943934","0.001015873284943934","0.001058394563317831","0.001058394563317831","0.001058394563317831","0.0012577988090924919","0.0012577988090924919","0.0012577988090924919","0.0034786217979022433","0.0034786217979022433","0.0034786217979022433","0.0017676765315367707","0.0017676765315367707","0.0017676765315367707","0.0028957639671196894","0.0028957639671196894","0.0028957639671196894"
"202","0.0018872989873800958","0.0018872989873800958","0.0018872989873800958","0.0013207669835537672","0.0013207669835537672","0.0013207669835537672","0.0008762507183876421","0.0008762507183876421","0.0008762507183876421","0.0012038001025627767","0.0012038001025627767","0.0012038001025627767","0.001112125547868865","0.001112125547868865","0.001112125547868865","0.003922814769404275","0.003922814769404275","0.003922814769404275","0.0013915905479474791","0.0013915905479474791","0.0013915905479474791","0.0028554108825379182","0.0028554108825379182","0.0028554108825379182"
"203","0.0014220454447370554","0.0014220454447370554","0.0014220454447370554","0.0014884176531008311","0.0014884176531008311","0.0014884176531008311","0.0011707345672350908","0.0011707345672350908","0.0011707345672350908","0.0015299038579022245","0.0015299038579022245","0.0015299038579022245","0.0011269125056320003","0.0011269125056320003","0.0011269125056320003","0.0041853264972035375","0.0041853264972035375","0.0041853264972035375","0.0017483544070273638","0.0017483544070273638","0.0017483544070273638","0.0024899712921718936","0.0024899712921718936","0.0024899712921718936"
"204","0.0014514321810565889","0.0014514321810565889","0.0014514321810565889","0.0011080178249228214","0.0011080178249228214","0.0011080178249228214","0.0011154022982477077","0.0011154022982477077","0.0011154022982477077","0.0014382160568077648","0.0014382160568077648","0.0014382160568077648","0.0012754778477496334","0.0012754778477496334","0.0012754778477496334","0.0037692945583590438","0.0037692945583590438","0.0037692945583590438","0.0015684431418776512","0.0015684431418776512","0.0015684431418776512","0.0026168733602389693","0.0026168733602389693","0.0026168733602389693"
"205","0.0014076362671663187","0.0014076362671663187","0.0014076362671663187","0.0010959580748541547","0.0010959580748541547","0.0010959580748541547","0.001109823667710381","0.001109823667710381","0.001109823667710381","0.001221723630026515","0.001221723630026515","0.001221723630026515","0.0015003157147605503","0.0015003157147605503","0.0015003157147605503","0.0035698796356362955","0.0035698796356362955","0.0035698796356362955","0.001472971518523991","0.001472971518523991","0.001472971518523991","0.0025972828568358508","0.0025972828568358508","0.0025972828568358508"
"206","0.0013588576943480543","0.0013588576943480543","0.0013588576943480543","0.0015576764957846276","0.0015576764957846276","0.0015576764957846276","0.0011147053779235908","0.0011147053779235908","0.0011147053779235908","0.0013570219577689255","0.0013570219577689255","0.0013570219577689255","0.0013090695138089359","0.0013090695138089359","0.0013090695138089359","0.0029658707124846323","0.0029658707124846323","0.0029658707124846323","0.0016619684008349264","0.0016619684008349264","0.0016619684008349264","0.0025690329826569985","0.0025690329826569985","0.0025690329826569985"
"207","0.0016845982421987823","0.0016845982421987823","0.0016845982421987823","0.001337472116574645","0.001337472116574645","0.001337472116574645","0.0007691848815219211","0.0007691848815219211","0.0007691848815219211","0.0010342563951521047","0.0010342563951521047","0.0010342563951521047","0.0011173152140275175","0.0011173152140275175","0.0011173152140275175","0.0029176882235333323","0.0029176882235333323","0.0029176882235333323","0.0016149346816486546","0.0016149346816486546","0.0016149346816486546","0.002655410656838545","0.002655410656838545","0.002655410656838545"
"208","0.0015152725058474711","0.0015152725058474711","0.0015152725058474711","0.0015702667380017893","0.0015702667380017893","0.0015702667380017893","0.0009981316647359303","0.0009981316647359303","0.0009981316647359303","0.001339372097780662","0.001339372097780662","0.001339372097780662","0.0010472482286526688","0.0010472482286526688","0.0010472482286526688","0.003253963526471385","0.003253963526471385","0.003253963526471385","0.0019628702596362147","0.0019628702596362147","0.0019628702596362147","0.0029086877558646457","0.0029086877558646457","0.0029086877558646457"
"210","0.0019781640231875436","0.0019781640231875436","0.0019781640231875436","0.0014399014138949237","0.0014399014138949237","0.0014399014138949237","0.001239310999933098","0.001239310999933098","0.001239310999933098","0.0010734485861446177","0.0010734485861446177","0.0010734485861446177","0.0012692901156177478","0.0012692901156177478","0.0012692901156177478","0.0031426315794565846","0.0031426315794565846","0.0031426315794565846","0.001517666021494993","0.001517666021494993","0.001517666021494993","0.003161333201985274","0.003161333201985274","0.003161333201985274"
"211","0.001340038691913443","0.001340038691913443","0.001340038691913443","0.0012450817490129598","0.0012450817490129598","0.0012450817490129598","0.0009824993072210678","0.0009824993072210678","0.0009824993072210678","0.001393964164890349","0.001393964164890349","0.001393964164890349","0.0009158973781658071","0.0009158973781658071","0.0009158973781658071","0.0032024927537090014","0.0032024927537090014","0.0032024927537090014","0.0017029077280312777","0.0017029077280312777","0.0017029077280312777","0.0030394599473636064","0.0030394599473636064","0.0030394599473636064"
"212","0.0014585979765148035","0.0014585979765148035","0.0014585979765148035","0.0014603214637775505","0.0014603214637775505","0.0014603214637775505","0.001046372635755688","0.001046372635755688","0.001046372635755688","0.0015602664456569723","0.0015602664456569723","0.0015602664456569723","0.0009229722283115345","0.0009229722283115345","0.0009229722283115345","0.0035331346527008073","0.0035331346527008073","0.0035331346527008073","0.0018811005533539823","0.0018811005533539823","0.0018811005533539823","0.0030950586078688502","0.0030950586078688502","0.0030950586078688502"
"213","0.0015934839445565427","0.0015934839445565427","0.0015934839445565427","0.0013300042981947108","0.0013300042981947108","0.0013300042981947108","0.0012231286382302642","0.0012231286382302642","0.0012231286382302642","0.0014352410798892379","0.0014352410798892379","0.0014352410798892379","0.0010945832306918288","0.0010945832306918288","0.0010945832306918288","0.0038967342115938663","0.0038967342115938663","0.0038967342115938663","0.001708746821220432","0.001708746821220432","0.001708746821220432","0.0027701540218134013","0.0027701540218134013","0.0027701540218134013"
"214","0.0020584239474763827","0.0020584239474763827","0.0020584239474763827","0.0013703479198738933","0.0013703479198738933","0.0013703479198738933","0.001097163518092462","0.001097163518092462","0.001097163518092462","0.001334769418463111","0.001334769418463111","0.001334769418463111","0.0010725025287164108","0.0010725025287164108","0.0010725025287164108","0.0030899595668805496","0.0030899595668805496","0.0030899595668805496","0.0017679634537281735","0.0017679634537281735","0.0017679634537281735","0.0027421689924917053","0.0027421689924917053","0.0027421689924917053"
"215","0.0017069267258713289","0.0017069267258713289","0.0017069267258713289","0.0014435608089635415","0.0014435608089635415","0.0014435608089635415","0.0009945177589543164","0.0009945177589543164","0.0009945177589543164","0.0018080027740714805","0.0018080027740714805","0.0018080027740714805","0.001099276140199176","0.001099276140199176","0.001099276140199176","0.0033897952775337865","0.0033897952775337865","0.0033897952775337865","0.0017165427062926547","0.0017165427062926547","0.0017165427062926547","0.0037348203893218723","0.0037348203893218723","0.0037348203893218723"
"216","0.0016508247936144471","0.0016508247936144471","0.0016508247936144471","0.0014745871386756854","0.0014745871386756854","0.0014745871386756854","0.0008742145312550877","0.0008742145312550877","0.0008742145312550877","0.0013738469071021037","0.0013738469071021037","0.0013738469071021037","0.00103697446008612","0.00103697446008612","0.00103697446008612","0.0029107083433440755","0.0029107083433440755","0.0029107083433440755","0.0016140451937514757","0.0016140451937514757","0.0016140451937514757","0.003165279115949358","0.003165279115949358","0.003165279115949358"
"217","0.0015252765733748674","0.0015252765733748674","0.0015252765733748674","0.0009766523061054094","0.0009766523061054094","0.0009766523061054094","0.0008690824200000082","0.0008690824200000082","0.0008690824200000082","0.0012580040409894927","0.0012580040409894927","0.0012580040409894927","0.0015029800332350923","0.0015029800332350923","0.0015029800332350923","0.0024497218962226596","0.0024497218962226596","0.0024497218962226596","0.001512968197597989","0.001512968197597989","0.001512968197597989","0.002602745570974158","0.002602745570974158","0.002602745570974158"
"218","0.0013686106207647494","0.0013686106207647494","0.0013686106207647494","0.0016374258058411734","0.0016374258058411734","0.0016374258058411734","0.0011227378521912865","0.0011227378521912865","0.0011227378521912865","0.0012443741267946149","0.0012443741267946149","0.0012443741267946149","0.001147146977018565","0.001147146977018565","0.001147146977018565","0.0026402166445872615","0.0026402166445872615","0.0026402166445872615","0.001446958797584687","0.001446958797584687","0.001446958797584687","0.0029484169125290854","0.0029484169125290854","0.0029484169125290854"
"219","0.0016544545069336891","0.0016544545069336891","0.0016544545069336891","0.001448871601106865","0.001448871601106865","0.001448871601106865","0.0010466528640660857","0.0010466528640660857","0.0010466528640660857","0.0012538280487725778","0.0012538280487725778","0.0012538280487725778","0.00120752420376188","0.00120752420376188","0.00120752420376188","0.0031190221364210758","0.0031190221364210758","0.0031190221364210758","0.0017615919267492636","0.0017615919267492636","0.0017615919267492636","0.0031795150467327665","0.0031795150467327665","0.0031795150467327665"
"221","0.0018570153208981668","0.0018570153208981668","0.0018570153208981668","0.001798048016748258","0.001798048016748258","0.001798048016748258","0.0008941555279307067","0.0008941555279307067","0.0008941555279307067","0.0013282941404863127","0.0013282941404863127","0.0013282941404863127","0.0012417847506834992","0.0012417847506834992","0.0012417847506834992","0.0028416571772790383","0.0028416571772790383","0.0028416571772790383","0.001662165774697704","0.001662165774697704","0.001662165774697704","0.002647888281249574","0.002647888281249574","0.002647888281249574"
"222","0.0016064382091696774","0.0016064382091696774","0.0016064382091696774","0.001430634326035423","0.001430634326035423","0.001430634326035423","0.0007369179220404476","0.0007369179220404476","0.0007369179220404476","0.0014891735544162138","0.0014891735544162138","0.0014891735544162138","0.0013177119295245834","0.0013177119295245834","0.0013177119295245834","0.0030884649604558945","0.0030884649604558945","0.0030884649604558945","0.0013504656879896565","0.0013504656879896565","0.0013504656879896565","0.0029729908731366906","0.0029729908731366906","0.0029729908731366906"
"223","0.0017664977931417525","0.0017664977931417525","0.0017664977931417525","0.001467647114103394","0.001467647114103394","0.001467647114103394","0.0008635982771271042","0.0008635982771271042","0.0008635982771271042","0.0012696313788183033","0.0012696313788183033","0.0012696313788183033","0.0014199757715687156","0.0014199757715687156","0.0014199757715687156","0.002846855271075453","0.002846855271075453","0.002846855271075453","0.0017645370015608413","0.0017645370015608413","0.0017645370015608413","0.0033150286180898547","0.0033150286180898547","0.0033150286180898547"
"224","0.0016460355836898088","0.0016460355836898088","0.0016460355836898088","0.0015903518734765904","0.0015903518734765904","0.0015903518734765904","0.0007183446515617627","0.0007183446515617627","0.0007183446515617627","0.0016857701619820936","0.0016857701619820936","0.0016857701619820936","0.0012204933778515884","0.0012204933778515884","0.0012204933778515884","0.0030692638496735264","0.0030692638496735264","0.0030692638496735264","0.0016174717041264688","0.0016174717041264688","0.0016174717041264688","0.0025807652522676756","0.0025807652522676756","0.0025807652522676756"
"225","0.0016860878593953593","0.0016860878593953593","0.0016860878593953593","0.0014842839861687804","0.0014842839861687804","0.0014842839861687804","0.0006997733268820282","0.0006997733268820282","0.0006997733268820282","0.0011120721631284272","0.0011120721631284272","0.0011120721631284272","0.0011768578551709652","0.0011768578551709652","0.0011768578551709652","0.0030209956624146017","0.0030209956624146017","0.0030209956624146017","0.0020881257618644406","0.0020881257618644406","0.0020881257618644406","0.0025960382439994384","0.0025960382439994384","0.0025960382439994384"
"226","0.0016123345786971705","0.0016123345786971705","0.0016123345786971705","0.0016378328769600817","0.0016378328769600817","0.0016378328769600817","0.0006236309252147164","0.0006236309252147164","0.0006236309252147164","0.0013219790084154478","0.0013219790084154478","0.0013219790084154478","0.0010895881818474404","0.0010895881818474404","0.0010895881818474404","0.0029179627391775803","0.0029179627391775803","0.0029179627391775803","0.0017731953162832984","0.0017731953162832984","0.0017731953162832984","0.0028091143384309752","0.0028091143384309752","0.0028091143384309752"
"227","0.0015626845249373997","0.0015626845249373997","0.0015626845249373997","0.0013993844955361315","0.0013993844955361315","0.0013993844955361315","0.0007130902376957238","0.0007130902376957238","0.0007130902376957238","0.0011524011746847204","0.0011524011746847204","0.0011524011746847204","0.001024304365273565","0.001024304365273565","0.001024304365273565","0.002776010544039309","0.002776010544039309","0.002776010544039309","0.0014972538088581391","0.0014972538088581391","0.0014972538088581391","0.002918294597683208","0.002918294597683208","0.002918294597683208"
"228","0.0014680074943628693","0.0014680074943628693","0.0014680074943628693","0.0012598872583891665","0.0012598872583891665","0.0012598872583891665","0.0007241967791092715","0.0007241967791092715","0.0007241967791092715","0.0013449689223697142","0.0013449689223697142","0.0013449689223697142","0.0011519511296812976","0.0011519511296812976","0.0011519511296812976","0.0030091920302116443","0.0030091920302116443","0.0030091920302116443","0.0016412432970745222","0.0016412432970745222","0.0016412432970745222","0.0026561118928449495","0.0026561118928449495","0.0026561118928449495"
"229","0.001613617708374347","0.001613617708374347","0.001613617708374347","0.000986851959688855","0.000986851959688855","0.000986851959688855","0.0006859582166985742","0.0006859582166985742","0.0006859582166985742","0.0013945728839774216","0.0013945728839774216","0.0013945728839774216","0.0010259516420774162","0.0010259516420774162","0.0010259516420774162","0.0030866579451997367","0.0030866579451997367","0.0030866579451997367","0.001576145545446447","0.001576145545446447","0.001576145545446447","0.003183807845094374","0.003183807845094374","0.003183807845094374"
"230","0.0013719127330529904","0.0013719127330529904","0.0013719127330529904","0.0012645863379085703","0.0012645863379085703","0.0012645863379085703","0.000714294022015695","0.000714294022015695","0.000714294022015695","0.0011084519459732942","0.0011084519459732942","0.0011084519459732942","0.0010371919821149536","0.0010371919821149536","0.0010371919821149536","0.002415213833696076","0.002415213833696076","0.002415213833696076","0.0015860850274163698","0.0015860850274163698","0.0015860850274163698","0.0031858531791450722","0.0031858531791450722","0.0031858531791450722"
"232","0.001365245577679681","0.001365245577679681","0.001365245577679681","0.0011773908876680902","0.0011773908876680902","0.0011773908876680902","0.0008802758446628493","0.0008802758446628493","0.0008802758446628493","0.0011666224371375783","0.0011666224371375783","0.0011666224371375783","0.0011699946896572197","0.0011699946896572197","0.0011699946896572197","0.002359515771136752","0.002359515771136752","0.002359515771136752","0.0015044651227071881","0.0015044651227071881","0.0015044651227071881","0.0025661987768087003","0.0025661987768087003","0.0025661987768087003"
"233","0.0012135189026594162","0.0012135189026594162","0.0012135189026594162","0.0012291581369936466","0.0012291581369936466","0.0012291581369936466","0.0009859989513643086","0.0009859989513643086","0.0009859989513643086","0.0012304567665393864","0.0012304567665393864","0.0012304567665393864","0.0009569186534333442","0.0009569186534333442","0.0009569186534333442","0.002858782935488437","0.002858782935488437","0.002858782935488437","0.0015857221192813345","0.0015857221192813345","0.0015857221192813345","0.0025224352721124887","0.0025224352721124887","0.0025224352721124887"
"234","0.0017069198739981012","0.0017069198739981012","0.0017069198739981012","0.0011220814610299254","0.0011220814610299254","0.0011220814610299254","0.0007707084129963602","0.0007707084129963602","0.0007707084129963602","0.001257673612729247","0.001257673612729247","0.001257673612729247","0.0013889498077332973","0.0013889498077332973","0.0013889498077332973","0.002469099559155958","0.002469099559155958","0.002469099559155958","0.0019496039188067829","0.0019496039188067829","0.0019496039188067829","0.002667062749554004","0.002667062749554004","0.002667062749554004"
"235","0.0017481883156246372","0.0017481883156246372","0.0017481883156246372","0.0010963931397002722","0.0010963931397002722","0.0010963931397002722","0.0011350790404581598","0.0011350790404581598","0.0011350790404581598","0.000987660131483738","0.000987660131483738","0.000987660131483738","0.0008888116738359843","0.0008888116738359843","0.0008888116738359843","0.0024490176999409285","0.0024490176999409285","0.0024490176999409285","0.0014596391119994223","0.0014596391119994223","0.0014596391119994223","0.003161341983026692","0.003161341983026692","0.003161341983026692"
"236","0.0016644153926920677","0.0016644153926920677","0.0016644153926920677","0.0011757970621277178","0.0011757970621277178","0.0011757970621277178","0.0007340875745285302","0.0007340875745285302","0.0007340875745285302","0.0008457766380161047","0.0008457766380161047","0.0008457766380161047","0.0013480675240446413","0.0013480675240446413","0.0013480675240446413","0.0019804282180432764","0.0019804282180432764","0.0019804282180432764","0.0017403282524485672","0.0017403282524485672","0.0017403282524485672","0.003367753583006561","0.003367753583006561","0.003367753583006561"
"237","0.001474378805141896","0.001474378805141896","0.001474378805141896","0.0014923828088545374","0.0014923828088545374","0.0014923828088545374","0.0007656268426217139","0.0007656268426217139","0.0007656268426217139","0.000903755151999316","0.000903755151999316","0.000903755151999316","0.0013050505492304052","0.0013050505492304052","0.0013050505492304052","0.002427175873890519","0.002427175873890519","0.002427175873890519","0.001703669732835676","0.001703669732835676","0.001703669732835676","0.0029248182295954655","0.0029248182295954655","0.0029248182295954655"
"238","0.0016612827145893658","0.0016612827145893658","0.0016612827145893658","0.0013186195033735462","0.0013186195033735462","0.0013186195033735462","0.0005151756631676108","0.0005151756631676108","0.0005151756631676108","0.0008659996632819197","0.0008659996632819197","0.0008659996632819197","0.001060148875694722","0.001060148875694722","0.001060148875694722","0.002406010470752205","0.002406010470752205","0.002406010470752205","0.0016495057165489665","0.0016495057165489665","0.0016495057165489665","0.0026477964129298925","0.0026477964129298925","0.0026477964129298925"
"239","0.0012774409925831215","0.0012774409925831215","0.0012774409925831215","0.0012158691949610198","0.0012158691949610198","0.0012158691949610198","0.0006652288845673736","0.0006652288845673736","0.0006652288845673736","0.0010533706601043896","0.0010533706601043896","0.0010533706601043896","0.0015211734072571354","0.0015211734072571354","0.0015211734072571354","0.002369783170122121","0.002369783170122121","0.002369783170122121","0.0018334006391731755","0.0018334006391731755","0.0018334006391731755","0.0030775228681574974","0.0030775228681574974","0.0030775228681574974"
"240","0.0010755399874012386","0.0010755399874012386","0.0010755399874012386","0.0013439111561248346","0.0013439111561248346","0.0013439111561248346","0.0007487341395712324","0.0007487341395712324","0.0007487341395712324","0.0009801052094969367","0.0009801052094969367","0.0009801052094969367","0.0008855419832148723","0.0008855419832148723","0.0008855419832148723","0.002262144848438246","0.002262144848438246","0.002262144848438246","0.0017433238348790578","0.0017433238348790578","0.0017433238348790578","0.002912105160898396","0.002912105160898396","0.002912105160898396"
"241","0.001266063066265945","0.001266063066265945","0.001266063066265945","0.0010601002473517188","0.0010601002473517188","0.0010601002473517188","0.0006053810315539262","0.0006053810315539262","0.0006053810315539262","0.001112219677971942","0.001112219677971942","0.001112219677971942","0.001074156366355185","0.001074156366355185","0.001074156366355185","0.002209999265947512","0.002209999265947512","0.002209999265947512","0.0018684739313487495","0.0018684739313487495","0.0018684739313487495","0.002651363777528916","0.002651363777528916","0.002651363777528916"
"243","0.0014705891454858439","0.0014705891454858439","0.0014705891454858439","0.0009576552880129644","0.0009576552880129644","0.0009576552880129644","0.0005904427754493165","0.0005904427754493165","0.0005904427754493165","0.000719214353011921","0.000719214353011921","0.000719214353011921","0.0010466607636772096","0.0010466607636772096","0.0010466607636772096","0.0028009411679314716","0.0028009411679314716","0.0028009411679314716","0.0014619231057752455","0.0014619231057752455","0.0014619231057752455","0.0028986016820584026","0.0028986016820584026","0.0028986016820584026"
"244","0.0018199337480057562","0.0018199337480057562","0.0018199337480057562","0.0013995959722836102","0.0013995959722836102","0.0013995959722836102","0.0005760618909594736","0.0005760618909594736","0.0005760618909594736","0.0010121115317035998","0.0010121115317035998","0.0010121115317035998","0.001551174941206617","0.001551174941206617","0.001551174941206617","0.0021856657861332807","0.0021856657861332807","0.0021856657861332807","0.001583095041236707","0.001583095041236707","0.001583095041236707","0.002727536783952798","0.002727536783952798","0.002727536783952798"
"245","0.0014326379335086261","0.0014326379335086261","0.0014326379335086261","0.0010696078160045935","0.0010696078160045935","0.0010696078160045935","0.0005924649719548013","0.0005924649719548013","0.0005924649719548013","0.001085304530403976","0.001085304530403976","0.001085304530403976","0.0015506237811808074","0.0015506237811808074","0.0015506237811808074","0.0025550174343931887","0.0025550174343931887","0.0025550174343931887","0.0016809367059197808","0.0016809367059197808","0.0016809367059197808","0.0034229326494304197","0.0034229326494304197","0.0034229326494304197"
"246","0.00129751002116661","0.00129751002116661","0.00129751002116661","0.0011948265102026717","0.0011948265102026717","0.0011948265102026717","0.001230676787339949","0.001230676787339949","0.001230676787339949","0.0008822259177187723","0.0008822259177187723","0.0008822259177187723","0.0011277649817722185","0.0011277649817722185","0.0011277649817722185","0.0020649744463818414","0.0020649744463818414","0.0020649744463818414","0.001585229965192931","0.001585229965192931","0.001585229965192931","0.002622792131400534","0.002622792131400534","0.002622792131400534"
"247","0.0011774167817618167","0.0011774167817618167","0.0011774167817618167","0.0010877479882245617","0.0010877479882245617","0.0010877479882245617","0.0007457250695941704","0.0007457250695941704","0.0007457250695941704","0.000827384035801515","0.000827384035801515","0.000827384035801515","0.0009133043723912644","0.0009133043723912644","0.0009133043723912644","0.002406038676521608","0.002406038676521608","0.002406038676521608","0.0016267591688249791","0.0016267591688249791","0.0016267591688249791","0.0024613990930707325","0.0024613990930707325","0.0024613990930707325"
"248","0.0014663127533692335","0.0014663127533692335","0.0014663127533692335","0.000980912391761584","0.000980912391761584","0.000980912391761584","0.0009206417848223022","0.0009206417848223022","0.0009206417848223022","0.0009758328836012099","0.0009758328836012099","0.0009758328836012099","0.0010328465141355991","0.0010328465141355991","0.0010328465141355991","0.0027950897347182035","0.0027950897347182035","0.0027950897347182035","0.0015066554520412215","0.0015066554520412215","0.0015066554520412215","0.002818070485123566","0.002818070485123566","0.002818070485123566"
"249","0.0012645360797510616","0.0012645360797510616","0.0012645360797510616","0.001030155923217535","0.001030155923217535","0.001030155923217535","0.000626393872412986","0.000626393872412986","0.000626393872412986","0.0008650162157469562","0.0008650162157469562","0.0008650162157469562","0.000960088343293007","0.000960088343293007","0.000960088343293007","0.002319450257346034","0.002319450257346034","0.002319450257346034","0.001335661010151463","0.001335661010151463","0.001335661010151463","0.002646347973495722","0.002646347973495722","0.002646347973495722"
"250","0.0015160376455501787","0.0015160376455501787","0.0015160376455501787","0.000888915840602879","0.000888915840602879","0.000888915840602879","0.0007186743106493461","0.0007186743106493461","0.0007186743106493461","0.0009856030311701553","0.0009856030311701553","0.0009856030311701553","0.0010950978238335146","0.0010950978238335146","0.0010950978238335146","0.0020664102298074533","0.0020664102298074533","0.0020664102298074533","0.0015887582641361015","0.0015887582641361015","0.0015887582641361015","0.0029444903401391847","0.0029444903401391847","0.0029444903401391847"
"251","0.0013959108951634594","0.0013959108951634594","0.0013959108951634594","0.0008228096994571388","0.0008228096994571388","0.0008228096994571388","0.0008751636071662818","0.0008751636071662818","0.0008751636071662818","0.0010246083007327148","0.0010246083007327148","0.0010246083007327148","0.0010338984845605279","0.0010338984845605279","0.0010338984845605279","0.0019300676649436355","0.0019300676649436355","0.0019300676649436355","0.0013741250981443695","0.0013741250981443695","0.0013741250981443695","0.0026337829351957354","0.0026337829351957354","0.0026337829351957354"
"252","0.0012581025366671383","0.0012581025366671383","0.0012581025366671383","0.0009873896737449936","0.0009873896737449936","0.0009873896737449936","0.000785524133659367","0.000785524133659367","0.000785524133659367","0.0008763975347392261","0.0008763975347392261","0.0008763975347392261","0.0009121624503417739","0.0009121624503417739","0.0009121624503417739","0.0024865351317982587","0.0024865351317982587","0.0024865351317982587","0.0014274787515335316","0.0014274787515335316","0.0014274787515335316","0.0026927474786394407","0.0026927474786394407","0.0026927474786394407"
"254","0.0011411867287409092","0.0011411867287409092","0.0011411867287409092","0.000960670885563429","0.000960670885563429","0.000960670885563429","0.0006393552674645824","0.0006393552674645824","0.0006393552674645824","0.0010085637290363333","0.0010085637290363333","0.0010085637290363333","0.0009557904974956598","0.0009557904974956598","0.0009557904974956598","0.0022765582793259193","0.0022765582793259193","0.0022765582793259193","0.001507210112842066","0.001507210112842066","0.001507210112842066","0.0029509939319853273","0.0029509939319853273","0.0029509939319853273"
"255","0.0012467862855243897","0.0012467862855243897","0.0012467862855243897","0.0009445230825804174","0.0009445230825804174","0.0009445230825804174","0.0006816827226430178","0.0006816827226430178","0.0006816827226430178","0.0010990718396247498","0.0010990718396247498","0.0010990718396247498","0.0015039091231301427","0.0015039091231301427","0.0015039091231301427","0.0021658847607406123","0.0021658847607406123","0.0021658847607406123","0.001364620219516967","0.001364620219516967","0.001364620219516967","0.002878528371054147","0.002878528371054147","0.002878528371054147"
"256","0.0009427009915400829","0.0009427009915400829","0.0009427009915400829","0.0009336215028140162","0.0009336215028140162","0.0009336215028140162","0.000660306736660589","0.000660306736660589","0.000660306736660589","0.0011001686673677926","0.0011001686673677926","0.0011001686673677926","0.0010640842041799","0.0010640842041799","0.0010640842041799","0.0018760293189968383","0.0018760293189968383","0.0018760293189968383","0.0017561003083496221","0.0017561003083496221","0.0017561003083496221","0.00262354440721018","0.00262354440721018","0.00262354440721018"
"257","0.0014135965445478047","0.0014135965445478047","0.0014135965445478047","0.0007028534642553755","0.0007028534642553755","0.0007028534642553755","0.0008555678733890611","0.0008555678733890611","0.0008555678733890611","0.0010547944860133743","0.0010547944860133743","0.0010547944860133743","0.0010075477933112","0.0010075477933112","0.0010075477933112","0.001730379881337285","0.001730379881337285","0.001730379881337285","0.0018659065244719386","0.0018659065244719386","0.0018659065244719386","0.0025994062556752135","0.0025994062556752135","0.0025994062556752135"
"258","0.001171307555133743","0.001171307555133743","0.001171307555133743","0.0009981511809330965","0.0009981511809330965","0.0009981511809330965","0.0004991940056372966","0.0004991940056372966","0.0004991940056372966","0.0009098774836664754","0.0009098774836664754","0.0009098774836664754","0.0010065503135722662","0.0010065503135722662","0.0010065503135722662","0.002097714808769524","0.002097714808769524","0.002097714808769524","0.0015207183314487338","0.0015207183314487338","0.0015207183314487338","0.0026525810161339386","0.0026525810161339386","0.0026525810161339386"
"259","0.0010767040387561014","0.0010767040387561014","0.0010767040387561014","0.0009339902067690023","0.0009339902067690023","0.0009339902067690023","0.0007948626797380191","0.0007948626797380191","0.0007948626797380191","0.0008134444194313671","0.0008134444194313671","0.0008134444194313671","0.0011801104743166693","0.0011801104743166693","0.0011801104743166693","0.0017588274287325995","0.0017588274287325995","0.0017588274287325995","0.0015139194105618767","0.0015139194105618767","0.0015139194105618767","0.002521177945059857","0.002521177945059857","0.002521177945059857"
"260","0.001063120482805451","0.001063120482805451","0.001063120482805451","0.0007398467111800398","0.0007398467111800398","0.0007398467111800398","0.000629757291920084","0.000629757291920084","0.000629757291920084","0.0006208938430063426","0.0006208938430063426","0.0006208938430063426","0.001040400263653802","0.001040400263653802","0.001040400263653802","0.0019432201515883207","0.0019432201515883207","0.0019432201515883207","0.0014678219865475381","0.0014678219865475381","0.0014678219865475381","0.002695243206939527","0.002695243206939527","0.002695243206939527"
"261","0.0009931375971063972","0.0009931375971063972","0.0009931375971063972","0.0007179573461014245","0.0007179573461014245","0.0007179573461014245","0.0008034566833105471","0.0008034566833105471","0.0008034566833105471","0.0007589280721731484","0.0007589280721731484","0.0007589280721731484","0.0008916692043255482","0.0008916692043255482","0.0008916692043255482","0.0027929525157170637","0.0027929525157170637","0.0027929525157170637","0.0015014294934059893","0.0015014294934059893","0.0015014294934059893","0.0026410359257299986","0.0026410359257299986","0.0026410359257299986"
"262","0.001158201925656093","0.001158201925656093","0.001158201925656093","0.0006841071964507657","0.0006841071964507657","0.0006841071964507657","0.0008077010113213744","0.0008077010113213744","0.0008077010113213744","0.0006325162539724261","0.0006325162539724261","0.0006325162539724261","0.0010306939158389078","0.0010306939158389078","0.0010306939158389078","0.0029074865908894154","0.0029074865908894154","0.0029074865908894154","0.001479199156165123","0.001479199156165123","0.001479199156165123","0.002850303393123405","0.002850303393123405","0.002850303393123405"
"263","0.00130790941018079","0.00130790941018079","0.00130790941018079","0.0007195580151996442","0.0007195580151996442","0.0007195580151996442","0.0007104776990932546","0.0007104776990932546","0.0007104776990932546","0.0007141342503018677","0.0007141342503018677","0.0007141342503018677","0.000878390232433698","0.000878390232433698","0.000878390232433698","0.002270396823795246","0.002270396823795246","0.002270396823795246","0.001435612660965749","0.001435612660965749","0.001435612660965749","0.002703161943437798","0.002703161943437798","0.002703161943437798"
"265","0.0010591116401233844","0.0010591116401233844","0.0010591116401233844","0.00066433464443045","0.00066433464443045","0.00066433464443045","0.0006720413719969136","0.0006720413719969136","0.0006720413719969136","0.0006049479686355751","0.0006049479686355751","0.0006049479686355751","0.0008779765339568257","0.0008779765339568257","0.0008779765339568257","0.0018696517633673335","0.0018696517633673335","0.0018696517633673335","0.0016616205352225474","0.0016616205352225474","0.0016616205352225474","0.002882929635234177","0.002882929635234177","0.002882929635234177"
"266","0.0010445286212156393","0.0010445286212156393","0.0010445286212156393","0.0007821915787644684","0.0007821915787644684","0.0007821915787644684","0.0006500286939886532","0.0006500286939886532","0.0006500286939886532","0.0006994813697279564","0.0006994813697279564","0.0006994813697279564","0.0008304910235373038","0.0008304910235373038","0.0008304910235373038","0.0019002307505745972","0.0019002307505745972","0.0019002307505745972","0.0017245052232673125","0.0017245052232673125","0.0017245052232673125","0.002504355224248554","0.002504355224248554","0.002504355224248554"
"267","0.0011122828332840332","0.0011122828332840332","0.0011122828332840332","0.0009239838608274502","0.0009239838608274502","0.0009239838608274502","0.0005368192006634283","0.0005368192006634283","0.0005368192006634283","0.0008628054472085621","0.0008628054472085621","0.0008628054472085621","0.0006912141231753464","0.0006912141231753464","0.0006912141231753464","0.0016961896991623299","0.0016961896991623299","0.0016961896991623299","0.0014023583415629609","0.0014023583415629609","0.0014023583415629609","0.0026007629016281237","0.0026007629016281237","0.0026007629016281237"
"268","0.0010587443082061196","0.0010587443082061196","0.0010587443082061196","0.0008483166374000055","0.0008483166374000055","0.0008483166374000055","0.0005833848969944354","0.0005833848969944354","0.0005833848969944354","0.0005525831698573061","0.0005525831698573061","0.0005525831698573061","0.0007149069736312542","0.0007149069736312542","0.0007149069736312542","0.0017168024122448905","0.0017168024122448905","0.0017168024122448905","0.001567062672360667","0.001567062672360667","0.001567062672360667","0.0028162385736192974","0.0028162385736192974","0.0028162385736192974"
"269","0.0014507169918423252","0.0014507169918423252","0.0014507169918423252","0.0007616662852732199","0.0007616662852732199","0.0007616662852732199","0.0005360947398003191","0.0005360947398003191","0.0005360947398003191","0.0007776777160220913","0.0007776777160220913","0.0007776777160220913","0.0006358275090211204","0.0006358275090211204","0.0006358275090211204","0.0017689068003424577","0.0017689068003424577","0.0017689068003424577","0.0014594628508867963","0.0014594628508867963","0.0014594628508867963","0.0025823287765628527","0.0025823287765628527","0.0025823287765628527"
"270","0.0009771169882567068","0.0009771169882567068","0.0009771169882567068","0.0008265573872319822","0.0008265573872319822","0.0008265573872319822","0.0005616184124456984","0.0005616184124456984","0.0005616184124456984","0.0008301479974761605","0.0008301479974761605","0.0008301479974761605","0.0008831648571815874","0.0008831648571815874","0.0008831648571815874","0.0020967853322092977","0.0020967853322092977","0.0020967853322092977","0.0016437101710055555","0.0016437101710055555","0.0016437101710055555","0.0025453505804762244","0.0025453505804762244","0.0025453505804762244"
"271","0.0012044861131081624","0.0012044861131081624","0.0012044861131081624","0.0006983795901760459","0.0006983795901760459","0.0006983795901760459","0.0006653761333187244","0.0006653761333187244","0.0006653761333187244","0.0009104036393442325","0.0009104036393442325","0.0009104036393442325","0.0008941243618859776","0.0008941243618859776","0.0008941243618859776","0.0020104790705123116","0.0020104790705123116","0.0020104790705123116","0.0015278808839086974","0.0015278808839086974","0.0015278808839086974","0.00268814925636564","0.00268814925636564","0.00268814925636564"
"272","0.0010017500275612942","0.0010017500275612942","0.0010017500275612942","0.0007225405175371894","0.0007225405175371894","0.0007225405175371894","0.0006642394000664353","0.0006642394000664353","0.0006642394000664353","0.001032751369556146","0.001032751369556146","0.001032751369556146","0.0009739068253631038","0.0009739068253631038","0.0009739068253631038","0.0022325056738087107","0.0022325056738087107","0.0022325056738087107","0.001594988113668348","0.001594988113668348","0.001594988113668348","0.00254157606312739","0.00254157606312739","0.00254157606312739"
"273","0.0010450771910005382","0.0010450771910005382","0.0010450771910005382","0.0009367715351150504","0.0009367715351150504","0.0009367715351150504","0.0006312751003341484","0.0006312751003341484","0.0006312751003341484","0.0006795547087676823","0.0006795547087676823","0.0006795547087676823","0.000982556675028588","0.000982556675028588","0.000982556675028588","0.003058491657221956","0.003058491657221956","0.003058491657221956","0.0016755996288598648","0.0016755996288598648","0.0016755996288598648","0.002851116720453969","0.002851116720453969","0.002851116720453969"
"274","0.001099343819078058","0.001099343819078058","0.001099343819078058","0.0007396490961712386","0.0007396490961712386","0.0007396490961712386","0.0005940615187033213","0.0005940615187033213","0.0005940615187033213","0.0006801748448716742","0.0006801748448716742","0.0006801748448716742","0.0014297373127192259","0.0014297373127192259","0.0014297373127192259","0.0027032833978799836","0.0027032833978799836","0.0027032833978799836","0.0013197960797697306","0.0013197960797697306","0.0013197960797697306","0.0032692852962229934","0.0032692852962229934","0.0032692852962229934"
"276","0.0009145149462191122","0.0009145149462191122","0.0009145149462191122","0.0005948822488010462","0.0005948822488010462","0.0005948822488010462","0.0007251249958894082","0.0007251249958894082","0.0007251249958894082","0.0005693975004500576","0.0005693975004500576","0.0005693975004500576","0.0012422304301123535","0.0012422304301123535","0.0012422304301123535","0.002736886231494801","0.002736886231494801","0.002736886231494801","0.0016418816688071405","0.0016418816688071405","0.0016418816688071405","0.0028042326947408064","0.0028042326947408064","0.0028042326947408064"
"277","0.0008019174939753222","0.0008019174939753222","0.0008019174939753222","0.0005764709660849933","0.0005764709660849933","0.0005764709660849933","0.0007294053710731012","0.0007294053710731012","0.0007294053710731012","0.0005825286872485387","0.0005825286872485387","0.0005825286872485387","0.0016411982609757356","0.0016411982609757356","0.0016411982609757356","0.002259914979471692","0.002259914979471692","0.002259914979471692","0.0013551554875448346","0.0013551554875448346","0.0013551554875448346","0.0026584890355089946","0.0026584890355089946","0.0026584890355089946"
"278","0.0012225511433955813","0.0012225511433955813","0.0012225511433955813","0.0005171914568303951","0.0005171914568303951","0.0005171914568303951","0.0005310781749098428","0.0005310781749098428","0.0005310781749098428","0.0006575742237535971","0.0006575742237535971","0.0006575742237535971","0.001569711503439716","0.001569711503439716","0.001569711503439716","0.0020112967883635846","0.0020112967883635846","0.0020112967883635846","0.001609608148490744","0.001609608148490744","0.001609608148490744","0.0031378744003762093","0.0031378744003762093","0.0031378744003762093"
"279","0.0012220466492830642","0.0012220466492830642","0.0012220466492830642","0.0006084184112426426","0.0006084184112426426","0.0006084184112426426","0.0005859917062999946","0.0005859917062999946","0.0005859917062999946","0.000593069545824879","0.000593069545824879","0.000593069545824879","0.0024250575141715153","0.0024250575141715153","0.0024250575141715153","0.0015808868421507733","0.0015808868421507733","0.0015808868421507733","0.0013852844879563367","0.0013852844879563367","0.0013852844879563367","0.0025076711941177826","0.0025076711941177826","0.0025076711941177826"
"280","0.0009379785083833017","0.0009379785083833017","0.0009379785083833017","0.0006953808977933866","0.0006953808977933866","0.0006953808977933866","0.0004454023520728307","0.0004454023520728307","0.0004454023520728307","0.0005414841704935368","0.0005414841704935368","0.0005414841704935368","0.0022368066461889873","0.0022368066461889873","0.0022368066461889873","0.0015280048828572035","0.0015280048828572035","0.0015280048828572035","0.0014385855340931033","0.0014385855340931033","0.0014385855340931033","0.002498706885879593","0.002498706885879593","0.002498706885879593"
"281","0.0008576217805966735","0.0008576217805966735","0.0008576217805966735","0.0006999965865231518","0.0006999965865231518","0.0006999965865231518","0.0004650748991740069","0.0004650748991740069","0.0004650748991740069","0.0007591261278970965","0.0007591261278970965","0.0007591261278970965","0.0014848846310217465","0.0014848846310217465","0.0014848846310217465","0.0016509813056992634","0.0016509813056992634","0.0016509813056992634","0.0012294228488047207","0.0012294228488047207","0.0012294228488047207","0.002827006092827235","0.002827006092827235","0.002827006092827235"
"282","0.0009545297320333443","0.0009545297320333443","0.0009545297320333443","0.0007484278217556753","0.0007484278217556753","0.0007484278217556753","0.00038473712213869603","0.00038473712213869603","0.00038473712213869603","0.000581923094744395","0.000581923094744395","0.000581923094744395","0.0012255498025167202","0.0012255498025167202","0.0012255498025167202","0.0013576266854735358","0.0013576266854735358","0.0013576266854735358","0.001653886608047677","0.001653886608047677","0.001653886608047677","0.0027504922888640848","0.0027504922888640848","0.0027504922888640848"
"283","0.0008410861981766564","0.0008410861981766564","0.0008410861981766564","0.0007804920023772866","0.0007804920023772866","0.0007804920023772866","0.0004342920230036335","0.0004342920230036335","0.0004342920230036335","0.0005782601822699819","0.0005782601822699819","0.0005782601822699819","0.001367085929294782","0.001367085929294782","0.001367085929294782","0.0013356825802475214","0.0013356825802475214","0.0013356825802475214","0.001354044719067003","0.001354044719067003","0.001354044719067003","0.0026238450123595874","0.0026238450123595874","0.0026238450123595874"
"284","0.0008731834158035261","0.0008731834158035261","0.0008731834158035261","0.0006882413373594838","0.0006882413373594838","0.0006882413373594838","0.0004110739765954869","0.0004110739765954869","0.0004110739765954869","0.0007363671653105744","0.0007363671653105744","0.0007363671653105744","0.0009877330823136227","0.0009877330823136227","0.0009877330823136227","0.0012710229327370013","0.0012710229327370013","0.0012710229327370013","0.0014144440065138042","0.0014144440065138042","0.0014144440065138042","0.0027153309035514083","0.0027153309035514083","0.0027153309035514083"
"285","0.0010241495328955352","0.0010241495328955352","0.0010241495328955352","0.0005728383132788752","0.0005728383132788752","0.0005728383132788752","0.00047312457380550247","0.00047312457380550247","0.00047312457380550247","0.0007712749315292708","0.0007712749315292708","0.0007712749315292708","0.0009531905525363982","0.0009531905525363982","0.0009531905525363982","0.001673994486087135","0.001673994486087135","0.001673994486087135","0.0014698029928175466","0.0014698029928175466","0.0014698029928175466","0.002566198926485543","0.002566198926485543","0.002566198926485543"
"287","0.0008761650824453682","0.0008761650824453682","0.0008761650824453682","0.00079054303932935","0.00079054303932935","0.00079054303932935","0.0004223506319768993","0.0004223506319768993","0.0004223506319768993","0.0006788236330196794","0.0006788236330196794","0.0006788236330196794","0.0009549627762420901","0.0009549627762420901","0.0009549627762420901","0.0016037241356181248","0.0016037241356181248","0.0016037241356181248","0.0012759368484174566","0.0012759368484174566","0.0012759368484174566","0.0033982417579474194","0.0033982417579474194","0.0033982417579474194"
"288","0.0011706169295523847","0.0011706169295523847","0.0011706169295523847","0.0010182970768905111","0.0010182970768905111","0.0010182970768905111","0.00048736795101181736","0.00048736795101181736","0.00048736795101181736","0.0006194339699244925","0.0006194339699244925","0.0006194339699244925","0.0010013247707060405","0.0010013247707060405","0.0010013247707060405","0.0017545139749667474","0.0017545139749667474","0.0017545139749667474","0.0014704702189192176","0.0014704702189192176","0.0014704702189192176","0.002794897765852511","0.002794897765852511","0.002794897765852511"
"289","0.0016320263800610388","0.0016320263800610388","0.0016320263800610388","0.000918793949884795","0.000918793949884795","0.000918793949884795","0.00040842887080673663","0.00040842887080673663","0.00040842887080673663","0.0005980215916809227","0.0005980215916809227","0.0005980215916809227","0.0007992703966530306","0.0007992703966530306","0.0007992703966530306","0.0017287979052135988","0.0017287979052135988","0.0017287979052135988","0.0013423814255345082","0.0013423814255345082","0.0013423814255345082","0.0029512512597388457","0.0029512512597388457","0.0029512512597388457"
"290","0.0010919695071476912","0.0010919695071476912","0.0010919695071476912","0.0007918419807018447","0.0007918419807018447","0.0007918419807018447","0.0003728891648019531","0.0003728891648019531","0.0003728891648019531","0.0006044059077144734","0.0006044059077144734","0.0006044059077144734","0.0009341928775289229","0.0009341928775289229","0.0009341928775289229","0.0014187450204709811","0.0014187450204709811","0.0014187450204709811","0.0013588866983939493","0.0013588866983939493","0.0013588866983939493","0.0027169796438621624","0.0027169796438621624","0.0027169796438621624"
"291","0.0009362082512650106","0.0009362082512650106","0.0009362082512650106","0.0009851460303512535","0.0009851460303512535","0.0009851460303512535","0.0005295807412559432","0.0005295807412559432","0.0005295807412559432","0.000508026939184804","0.000508026939184804","0.000508026939184804","0.0007903224655560084","0.0007903224655560084","0.0007903224655560084","0.0018295171487677311","0.0018295171487677311","0.0018295171487677311","0.0015990147699734994","0.0015990147699734994","0.0015990147699734994","0.0025799269205890596","0.0025799269205890596","0.0025799269205890596"
"292","0.0009971305012835988","0.0009971305012835988","0.0009971305012835988","0.0007940402013316218","0.0007940402013316218","0.0007940402013316218","0.000518939399626106","0.000518939399626106","0.000518939399626106","0.0005112595224220838","0.0005112595224220838","0.0005112595224220838","0.0007916224089318088","0.0007916224089318088","0.0007916224089318088","0.0013216619512864522","0.0013216619512864522","0.0013216619512864522","0.0015249997710010835","0.0015249997710010835","0.0015249997710010835","0.002668398632002728","0.002668398632002728","0.002668398632002728"
"293","0.0009938499674067966","0.0009938499674067966","0.0009938499674067966","0.0006003028580120631","0.0006003028580120631","0.0006003028580120631","0.0007144369717155184","0.0007144369717155184","0.0007144369717155184","0.0006152409977013511","0.0006152409977013511","0.0006152409977013511","0.0007358259213755705","0.0007358259213755705","0.0007358259213755705","0.001323271734041295","0.001323271734041295","0.001323271734041295","0.0014919013483449817","0.0014919013483449817","0.0014919013483449817","0.0026320671729211298","0.0026320671729211298","0.0026320671729211298"
"294","0.0010556544917303004","0.0010556544917303004","0.0010556544917303004","0.0005293604668362864","0.0005293604668362864","0.0005293604668362864","0.0005745075884208615","0.0005745075884208615","0.0005745075884208615","0.0006417465296440891","0.0006417465296440891","0.0006417465296440891","0.0009408025736255306","0.0009408025736255306","0.0009408025736255306","0.0014130320965445467","0.0014130320965445467","0.0014130320965445467","0.0013740869471803308","0.0013740869471803308","0.0013740869471803308","0.0026873720344156027","0.0026873720344156027","0.0026873720344156027"
"295","0.0007904403527001185","0.0007904403527001185","0.0007904403527001185","0.0007282413841624345","0.0007282413841624345","0.0007282413841624345","0.0005116388617482569","0.0005116388617482569","0.0005116388617482569","0.0005980830839169877","0.0005980830839169877","0.0005980830839169877","0.0008114216533223433","0.0008114216533223433","0.0008114216533223433","0.0013213770081555204","0.0013213770081555204","0.0013213770081555204","0.0012221764274207608","0.0012221764274207608","0.0012221764274207608","0.0031868613192013334","0.0031868613192013334","0.0031868613192013334"
"296","0.0007900629092806152","0.0007900629092806152","0.0007900629092806152","0.0006326839045089271","0.0006326839045089271","0.0006326839045089271","0.0005403462148803685","0.0005403462148803685","0.0005403462148803685","0.00049907824307281","0.00049907824307281","0.00049907824307281","0.0009184090512072933","0.0009184090512072933","0.0009184090512072933","0.001272337935266218","0.001272337935266218","0.001272337935266218","0.0013774989555323763","0.0013774989555323763","0.0013774989555323763","0.0025976525004287915","0.0025976525004287915","0.0025976525004287915"
"298","0.0007848739270619782","0.0007848739270619782","0.0007848739270619782","0.0005108626043823149","0.0005108626043823149","0.0005108626043823149","0.0006328343796277684","0.0006328343796277684","0.0006328343796277684","0.0006852426532922047","0.0006852426532922047","0.0006852426532922047","0.0008083301446666675","0.0008083301446666675","0.0008083301446666675","0.00141315401664802","0.00141315401664802","0.00141315401664802","0.0014953979906359954","0.0014953979906359954","0.0014953979906359954","0.002969402919656464","0.002969402919656464","0.002969402919656464"
"299","0.0008729248407429882","0.0008729248407429882","0.0008729248407429882","0.0005326396951984082","0.0005326396951984082","0.0005326396951984082","0.00039276871497609785","0.00039276871497609785","0.00039276871497609785","0.0005583523182264928","0.0005583523182264928","0.0005583523182264928","0.0007769911732923772","0.0007769911732923772","0.0007769911732923772","0.001158201235479542","0.001158201235479542","0.001158201235479542","0.0013357539761013218","0.0013357539761013218","0.0013357539761013218","0.0031576333733807716","0.0031576333733807716","0.0031576333733807716"
"300","0.0010191011408876096","0.0010191011408876096","0.0010191011408876096","0.0006696570032675352","0.0006696570032675352","0.0006696570032675352","0.0004124072396994701","0.0004124072396994701","0.0004124072396994701","0.00048314105619543364","0.00048314105619543364","0.00048314105619543364","0.0007688138949950891","0.0007688138949950891","0.0007688138949950891","0.0014378172761228467","0.0014378172761228467","0.0014378172761228467","0.0016377551780481423","0.0016377551780481423","0.0016377551780481423","0.002871043497829565","0.002871043497829565","0.002871043497829565"
"301","0.0008061596225681049","0.0008061596225681049","0.0008061596225681049","0.0007545989813349609","0.0007545989813349609","0.0007545989813349609","0.0005102697011482503","0.0005102697011482503","0.0005102697011482503","0.0005955212649756245","0.0005955212649756245","0.0005955212649756245","0.0007834495835205806","0.0007834495835205806","0.0007834495835205806","0.0012240153571058596","0.0012240153571058596","0.0012240153571058596","0.0017481741295861347","0.0017481741295861347","0.0017481741295861347","0.003308116724448545","0.003308116724448545","0.003308116724448545"
"302","0.0005884971095448625","0.0005884971095448625","0.0005884971095448625","0.0005851425646272089","0.0005851425646272089","0.0005851425646272089","0.00037269007589202374","0.00037269007589202374","0.00037269007589202374","0.0004866200366190502","0.0004866200366190502","0.0004866200366190502","0.0008782350674404629","0.0008782350674404629","0.0008782350674404629","0.0012364317579860134","0.0012364317579860134","0.0012364317579860134","0.0011684460498924767","0.0011684460498924767","0.0011684460498924767","0.0027928698608385666","0.0027928698608385666","0.0027928698608385666"
"303","0.0008696101264961596","0.0008696101264961596","0.0008696101264961596","0.0007229921674089772","0.0007229921674089772","0.0007229921674089772","0.0005356352443673781","0.0005356352443673781","0.0005356352443673781","0.0006729069531762175","0.0006729069531762175","0.0006729069531762175","0.0007798087650111743","0.0007798087650111743","0.0007798087650111743","0.0012098977292355681","0.0012098977292355681","0.0012098977292355681","0.0016249448110881662","0.0016249448110881662","0.0016249448110881662","0.002673705108463764","0.002673705108463764","0.002673705108463764"
"304","0.000656144369194018","0.000656144369194018","0.000656144369194018","0.0005252759936930877","0.0005252759936930877","0.0005252759936930877","0.0004970704321749508","0.0004970704321749508","0.0004970704321749508","0.00048170792953377325","0.00048170792953377325","0.00048170792953377325","0.0006389186590760281","0.0006389186590760281","0.0006389186590760281","0.001388272362029446","0.001388272362029446","0.001388272362029446","0.0014329739247581788","0.0014329739247581788","0.0014329739247581788","0.0026915619715249966","0.0026915619715249966","0.0026915619715249966"
"305","0.0007133305064469044","0.0007133305064469044","0.0007133305064469044","0.000667409717737298","0.000667409717737298","0.000667409717737298","0.000575894523145897","0.000575894523145897","0.000575894523145897","0.0005105837377154135","0.0005105837377154135","0.0005105837377154135","0.0008155402777317379","0.0008155402777317379","0.0008155402777317379","0.0011639496910252742","0.0011639496910252742","0.0011639496910252742","0.001336770348383912","0.001336770348383912","0.001336770348383912","0.0035587421485355924","0.0035587421485355924","0.0035587421485355924"
"306","0.0006909953205779727","0.0006909953205779727","0.0006909953205779727","0.0006809567255134295","0.0006809567255134295","0.0006809567255134295","0.00041685105367962805","0.00041685105367962805","0.00041685105367962805","0.0005086389220585781","0.0005086389220585781","0.0005086389220585781","0.0005661753031225609","0.0005661753031225609","0.0005661753031225609","0.0013343916673745429","0.0013343916673745429","0.0013343916673745429","0.0016976830250184452","0.0016976830250184452","0.0016976830250184452","0.0026610689902944224","0.0026610689902944224","0.0026610689902944224"
"307","0.0007150796050804534","0.0007150796050804534","0.0007150796050804534","0.0006277079124369525","0.0006277079124369525","0.0006277079124369525","0.00042655521870723793","0.00042655521870723793","0.00042655521870723793","0.0005439310542507363","0.0005439310542507363","0.0005439310542507363","0.0007621293687926871","0.0007621293687926871","0.0007621293687926871","0.001314657274633646","0.001314657274633646","0.001314657274633646","0.0017038641963154078","0.0017038641963154078","0.0017038641963154078","0.003687076669718538","0.003687076669718538","0.003687076669718538"
"309","0.0008319596693451915","0.0008319596693451915","0.0008319596693451915","0.0008478875596275819","0.0008478875596275819","0.0008478875596275819","0.0004286736823684935","0.0004286736823684935","0.0004286736823684935","0.00047951226172569605","0.00047951226172569605","0.00047951226172569605","0.0008046689410028714","0.0008046689410028714","0.0008046689410028714","0.0013010981991621","0.0013010981991621","0.0013010981991621","0.0014377545532105224","0.0014377545532105224","0.0014377545532105224","0.0029153576719441582","0.0029153576719441582","0.0029153576719441582"
"310","0.0008440158396427121","0.0008440158396427121","0.0008440158396427121","0.0006552553760619568","0.0006552553760619568","0.0006552553760619568","0.0004743087920360267","0.0004743087920360267","0.0004743087920360267","0.0005970106451838676","0.0005970106451838676","0.0005970106451838676","0.0007157941914296576","0.0007157941914296576","0.0007157941914296576","0.001157131977379322","0.001157131977379322","0.001157131977379322","0.0013337464021917964","0.0013337464021917964","0.0013337464021917964","0.0026001035668221967","0.0026001035668221967","0.0026001035668221967"
"311","0.0008162601983972958","0.0008162601983972958","0.0008162601983972958","0.0005226335072490786","0.0005226335072490786","0.0005226335072490786","0.00040752909886318127","0.00040752909886318127","0.00040752909886318127","0.00072329693024845","0.00072329693024845","0.00072329693024845","0.0006891999551693776","0.0006891999551693776","0.0006891999551693776","0.0012222827728172497","0.0012222827728172497","0.0012222827728172497","0.00131726819589468","0.00131726819589468","0.00131726819589468","0.0025651729333081414","0.0025651729333081414","0.0025651729333081414"
"312","0.0007651506083285702","0.0007651506083285702","0.0007651506083285702","0.0006558755412697792","0.0006558755412697792","0.0006558755412697792","0.00037228738697844425","0.00037228738697844425","0.00037228738697844425","0.0006261417209835989","0.0006261417209835989","0.0006261417209835989","0.00066335715070766","0.00066335715070766","0.00066335715070766","0.0013757463977006929","0.0013757463977006929","0.0013757463977006929","0.0012041159789077938","0.0012041159789077938","0.0012041159789077938","0.002877485772062625","0.002877485772062625","0.002877485772062625"
"313","0.0008196581703876811","0.0008196581703876811","0.0008196581703876811","0.0006254726738136794","0.0006254726738136794","0.0006254726738136794","0.0004254143319225737","0.0004254143319225737","0.0004254143319225737","0.0005824378292475428","0.0005824378292475428","0.0005824378292475428","0.0006487261021642812","0.0006487261021642812","0.0006487261021642812","0.0010741077712737024","0.0010741077712737024","0.0010741077712737024","0.0012851977038995496","0.0012851977038995496","0.0012851977038995496","0.002654178367395486","0.002654178367395486","0.002654178367395486"
"314","0.000945367047929072","0.000945367047929072","0.000945367047929072","0.0005502538198405611","0.0005502538198405611","0.0005502538198405611","0.0007094394448878509","0.0007094394448878509","0.0007094394448878509","0.0005351397890730628","0.0005351397890730628","0.0005351397890730628","0.0006975118220517677","0.0006975118220517677","0.0006975118220517677","0.0010584139464689152","0.0010584139464689152","0.0010584139464689152","0.0014051744864056154","0.0014051744864056154","0.0014051744864056154","0.002502325772573905","0.002502325772573905","0.002502325772573905"
"315","0.0010524580055581672","0.0010524580055581672","0.0010524580055581672","0.000637701342514317","0.000637701342514317","0.000637701342514317","0.00045608078237689497","0.00045608078237689497","0.00045608078237689497","0.000533362542877772","0.000533362542877772","0.000533362542877772","0.0009892132532383715","0.0009892132532383715","0.0009892132532383715","0.00124227545789576","0.00124227545789576","0.00124227545789576","0.0015609934676571616","0.0015609934676571616","0.0015609934676571616","0.002667597578173237","0.002667597578173237","0.002667597578173237"
"316","0.0007562250913386899","0.0007562250913386899","0.0007562250913386899","0.0006708471545217824","0.0006708471545217824","0.0006708471545217824","0.00048525129594574016","0.00048525129594574016","0.00048525129594574016","0.0004193279060668179","0.0004193279060668179","0.0004193279060668179","0.0009068026930825519","0.0009068026930825519","0.0009068026930825519","0.0013305045182018407","0.0013305045182018407","0.0013305045182018407","0.0015534021825130498","0.0015534021825130498","0.0015534021825130498","0.002613253824945007","0.002613253824945007","0.002613253824945007"
"317","0.0007840627139168126","0.0007840627139168126","0.0007840627139168126","0.00048080013324839195","0.00048080013324839195","0.00048080013324839195","0.00045378879544192126","0.00045378879544192126","0.00045378879544192126","0.0005530908861796238","0.0005530908861796238","0.0005530908861796238","0.0008773231404900019","0.0008773231404900019","0.0008773231404900019","0.0014771941433926778","0.0014771941433926778","0.0014771941433926778","0.0015086475011360431","0.0015086475011360431","0.0015086475011360431","0.002740353362501732","0.002740353362501732","0.002740353362501732"
"318","0.0006382618822889137","0.0006382618822889137","0.0006382618822889137","0.0005742126252568726","0.0005742126252568726","0.0005742126252568726","0.00039113361188875776","0.00039113361188875776","0.00039113361188875776","0.00044567163734297665","0.00044567163734297665","0.00044567163734297665","0.0006125692619077329","0.0006125692619077329","0.0006125692619077329","0.0013453000823834113","0.0013453000823834113","0.0013453000823834113","0.0015717061968254192","0.0015717061968254192","0.0015717061968254192","0.0025089432851278354","0.0025089432851278354","0.0025089432851278354"
"320","0.0005011558366407241","0.0005011558366407241","0.0005011558366407241","0.0004744427195484085","0.0004744427195484085","0.0004744427195484085","0.0006297789181449584","0.0006297789181449584","0.0006297789181449584","0.00042090831474134963","0.00042090831474134963","0.00042090831474134963","0.0009702706509935004","0.0009702706509935004","0.0009702706509935004","0.0010422604640812746","0.0010422604640812746","0.0010422604640812746","0.0014056442388599472","0.0014056442388599472","0.0014056442388599472","0.002891387923487595","0.002891387923487595","0.002891387923487595"
"321","0.0006457581683727247","0.0006457581683727247","0.0006457581683727247","0.00056949005063091","0.00056949005063091","0.00056949005063091","0.000436043312739847","0.000436043312739847","0.000436043312739847","0.0004905135387421719","0.0004905135387421719","0.0004905135387421719","0.0008106668870563485","0.0008106668870563485","0.0008106668870563485","0.0012769895838573575","0.0012769895838573575","0.0012769895838573575","0.0013514177158607968","0.0013514177158607968","0.0013514177158607968","0.002582751414073365","0.002582751414073365","0.002582751414073365"
"322","0.0005574923915056777","0.0005574923915056777","0.0005574923915056777","0.0005164111623473998","0.0005164111623473998","0.0005164111623473998","0.0003895284919833232","0.0003895284919833232","0.0003895284919833232","0.0004547962952139122","0.0004547962952139122","0.0004547962952139122","0.0007618291128892452","0.0007618291128892452","0.0007618291128892452","0.0015095533038090383","0.0015095533038090383","0.0015095533038090383","0.0011820509181624012","0.0011820509181624012","0.0011820509181624012","0.002720868048657264","0.002720868048657264","0.002720868048657264"
"323","0.0006727554718963802","0.0006727554718963802","0.0006727554718963802","0.0004164428225651916","0.0004164428225651916","0.0004164428225651916","0.00043855042063764164","0.00043855042063764164","0.00043855042063764164","0.0005490490709364947","0.0005490490709364947","0.0005490490709364947","0.0007180272410291114","0.0007180272410291114","0.0007180272410291114","0.0017117945826612413","0.0017117945826612413","0.0017117945826612413","0.001543783616008503","0.001543783616008503","0.001543783616008503","0.0027748767253277557","0.0027748767253277557","0.0027748767253277557"
"324","0.0005789304933776813","0.0005789304933776813","0.0005789304933776813","0.0006363744780953441","0.0006363744780953441","0.0006363744780953441","0.000378683816442","0.000378683816442","0.000378683816442","0.0004324827958563609","0.0004324827958563609","0.0004324827958563609","0.0007851724013952273","0.0007851724013952273","0.0007851724013952273","0.0013253150141931006","0.0013253150141931006","0.0013253150141931006","0.001413734197350485","0.001413734197350485","0.001413734197350485","0.002552938547783664","0.002552938547783664","0.002552938547783664"
"325","0.0008155257258165095","0.0008155257258165095","0.0008155257258165095","0.0005415067155679156","0.0005415067155679156","0.0005415067155679156","0.000475435729770522","0.000475435729770522","0.000475435729770522","0.0005143960089688855","0.0005143960089688855","0.0005143960089688855","0.000998459107774709","0.000998459107774709","0.000998459107774709","0.0009653552718061421","0.0009653552718061421","0.0009653552718061421","0.0012540919581494694","0.0012540919581494694","0.0012540919581494694","0.003172108205035329","0.003172108205035329","0.003172108205035329"
"326","0.0007776663738435932","0.0007776663738435932","0.0007776663738435932","0.000525393635533484","0.000525393635533484","0.000525393635533484","0.0003934134770783463","0.0003934134770783463","0.0003934134770783463","0.000495441332792065","0.000495441332792065","0.000495441332792065","0.0006364303782382714","0.0006364303782382714","0.0006364303782382714","0.0014232060140264885","0.0014232060140264885","0.0014232060140264885","0.0013463419579368616","0.0013463419579368616","0.0013463419579368616","0.0034771800107721773","0.0034771800107721773","0.0034771800107721773"
"327","0.0007247075305453368","0.0007247075305453368","0.0007247075305453368","0.00047771979006938636","0.00047771979006938636","0.00047771979006938636","0.0004230276764636593","0.0004230276764636593","0.0004230276764636593","0.0004520525482283639","0.0004520525482283639","0.0004520525482283639","0.0007823640231176146","0.0007823640231176146","0.0007823640231176146","0.0013342570538433002","0.0013342570538433002","0.0013342570538433002","0.001174098762151386","0.001174098762151386","0.001174098762151386","0.0025641665062201874","0.0025641665062201874","0.0025641665062201874"
"328","0.0006668909793786172","0.0006668909793786172","0.0006668909793786172","0.00048327993551668314","0.00048327993551668314","0.00048327993551668314","0.000378913977848632","0.000378913977848632","0.000378913977848632","0.0007506764959543943","0.0007506764959543943","0.0007506764959543943","0.0008494955919949072","0.0008494955919949072","0.0008494955919949072","0.0011949129568945085","0.0011949129568945085","0.0011949129568945085","0.001530748334646757","0.001530748334646757","0.001530748334646757","0.003283720263945205","0.003283720263945205","0.003283720263945205"
"329","0.0006538536524333592","0.0006538536524333592","0.0006538536524333592","0.0007966356310394726","0.0007966356310394726","0.0007966356310394726","0.0003343755774299747","0.0003343755774299747","0.0003343755774299747","0.0004066220551197018","0.0004066220551197018","0.0004066220551197018","0.0007465546659659594","0.0007465546659659594","0.0007465546659659594","0.0010180198005400598","0.0010180198005400598","0.0010180198005400598","0.0012750329083896109","0.0012750329083896109","0.0012750329083896109","0.0029031369070123348","0.0029031369070123348","0.0029031369070123348"
"331","0.0005820338431346629","0.0005820338431346629","0.0005820338431346629","0.0005294508383875447","0.0005294508383875447","0.0005294508383875447","0.0005739655212632247","0.0005739655212632247","0.0005739655212632247","0.0004216331581119448","0.0004216331581119448","0.0004216331581119448","0.0006312621324988348","0.0006312621324988348","0.0006312621324988348","0.0008973504383383053","0.0008973504383383053","0.0008973504383383053","0.001280935522767582","0.001280935522767582","0.001280935522767582","0.0029723193729296327","0.0029723193729296327","0.0029723193729296327"
"332","0.0006122736834056143","0.0006122736834056143","0.0006122736834056143","0.0005854793666263244","0.0005854793666263244","0.0005854793666263244","0.0004652164352592081","0.0004652164352592081","0.0004652164352592081","0.0005156049945591283","0.0005156049945591283","0.0005156049945591283","0.0006225486577022821","0.0006225486577022821","0.0006225486577022821","0.0011653694423979946","0.0011653694423979946","0.0011653694423979946","0.0016030313896148332","0.0016030313896148332","0.0016030313896148332","0.0027595883501427515","0.0027595883501427515","0.0027595883501427515"
"333","0.0006023344030836597","0.0006023344030836597","0.0006023344030836597","0.0005670663085766137","0.0005670663085766137","0.0005670663085766137","0.0005229650622433317","0.0005229650622433317","0.0005229650622433317","0.0004835599476271974","0.0004835599476271974","0.0004835599476271974","0.0006521433741519493","0.0006521433741519493","0.0006521433741519493","0.0012099914851465396","0.0012099914851465396","0.0012099914851465396","0.0015205070210088576","0.0015205070210088576","0.0015205070210088576","0.003484210431841867","0.003484210431841867","0.003484210431841867"
"334","0.0004423205682542175","0.0004423205682542175","0.0004423205682542175","0.0005307849912372019","0.0005307849912372019","0.0005307849912372019","0.0003456756572372147","0.0003456756572372147","0.0003456756572372147","0.00045329456250848513","0.00045329456250848513","0.00045329456250848513","0.0006674504506268672","0.0006674504506268672","0.0006674504506268672","0.0013804328461576784","0.0013804328461576784","0.0013804328461576784","0.0013085257461560623","0.0013085257461560623","0.0013085257461560623","0.002645970505130078","0.002645970505130078","0.002645970505130078"
"335","0.0004964478596645806","0.0004964478596645806","0.0004964478596645806","0.0006762806213893262","0.0006762806213893262","0.0006762806213893262","0.0003962936482691605","0.0003962936482691605","0.0003962936482691605","0.0004474809351709804","0.0004474809351709804","0.0004474809351709804","0.0007222768160448011","0.0007222768160448011","0.0007222768160448011","0.0010530233724109297","0.0010530233724109297","0.0010530233724109297","0.0015977600123733282","0.0015977600123733282","0.0015977600123733282","0.0027716715953179766","0.0027716715953179766","0.0027716715953179766"
"336","0.0005220251374079712","0.0005220251374079712","0.0005220251374079712","0.0004625875091213467","0.0004625875091213467","0.0004625875091213467","0.0003769035725521722","0.0003769035725521722","0.0003769035725521722","0.0004337187565397471","0.0004337187565397471","0.0004337187565397471","0.0007799415200549577","0.0007799415200549577","0.0007799415200549577","0.0008893532961207841","0.0008893532961207841","0.0008893532961207841","0.0012214074543278133","0.0012214074543278133","0.0012214074543278133","0.002690888475626707","0.002690888475626707","0.002690888475626707"
"337","0.000615365246111261","0.000615365246111261","0.000615365246111261","0.0004625934109623943","0.0004625934109623943","0.0004625934109623943","0.0003826859132719359","0.0003826859132719359","0.0003826859132719359","0.00041636330258500365","0.00041636330258500365","0.00041636330258500365","0.0006338271133634927","0.0006338271133634927","0.0006338271133634927","0.000784286405957703","0.000784286405957703","0.000784286405957703","0.0015523127928775335","0.0015523127928775335","0.0015523127928775335","0.002514199594900544","0.002514199594900544","0.002514199594900544"
"338","0.0005076994088345341","0.0005076994088345341","0.0005076994088345341","0.0004916664412511247","0.0004916664412511247","0.0004916664412511247","0.000413567985690731","0.000413567985690731","0.000413567985690731","0.0005305413547570684","0.0005305413547570684","0.0005305413547570684","0.000617013849218243","0.000617013849218243","0.000617013849218243","0.0011406145224879896","0.0011406145224879896","0.0011406145224879896","0.001482847337943635","0.001482847337943635","0.001482847337943635","0.0027570768392511775","0.0027570768392511775","0.0027570768392511775"
"339","0.0005048751149193517","0.0005048751149193517","0.0005048751149193517","0.00045743195473083427","0.00045743195473083427","0.00045743195473083427","0.0004310145741328597","0.0004310145741328597","0.0004310145741328597","0.0003701496212410608","0.0003701496212410608","0.0003701496212410608","0.0008934614389935243","0.0008934614389935243","0.0008934614389935243","0.0010132409848405846","0.0010132409848405846","0.0010132409848405846","0.001439582756055253","0.001439582756055253","0.001439582756055253","0.0026900921781946507","0.0026900921781946507","0.0026900921781946507"
"340","0.00046146810720009465","0.00046146810720009465","0.00046146810720009465","0.00043329760748227794","0.00043329760748227794","0.00043329760748227794","0.0003682169294084555","0.0003682169294084555","0.0003682169294084555","0.0004480085418825703","0.0004480085418825703","0.0004480085418825703","0.0010061092574947647","0.0010061092574947647","0.0010061092574947647","0.0010076457152276167","0.0010076457152276167","0.0010076457152276167","0.0014760337237800872","0.0014760337237800872","0.0014760337237800872","0.0027738153502078994","0.0027738153502078994","0.0027738153502078994"
"342","0.0005107877992226609","0.0005107877992226609","0.0005107877992226609","0.0004396063824450331","0.0004396063824450331","0.0004396063824450331","0.0003756738026692931","0.0003756738026692931","0.0003756738026692931","0.0004920027297755171","0.0004920027297755171","0.0004920027297755171","0.0007720694619430495","0.0007720694619430495","0.0007720694619430495","0.0008088520137659673","0.0008088520137659673","0.0008088520137659673","0.0015941474037910147","0.0015941474037910147","0.0015941474037910147","0.002606156132450061","0.002606156132450061","0.002606156132450061"
"343","0.0005586909828707576","0.0005586909828707576","0.0005586909828707576","0.0003974308014481461","0.0003974308014481461","0.0003974308014481461","0.00042455449459209504","0.00042455449459209504","0.00042455449459209504","0.0004832920634986034","0.0004832920634986034","0.0004832920634986034","0.0006049534505499261","0.0006049534505499261","0.0006049534505499261","0.0008755260496400297","0.0008755260496400297","0.0008755260496400297","0.0014210673315184458","0.0014210673315184458","0.0014210673315184458","0.003020245149465544","0.003020245149465544","0.003020245149465544"
"344","0.0005297275908690478","0.0005297275908690478","0.0005297275908690478","0.00045803650781246167","0.00045803650781246167","0.00045803650781246167","0.000320894065745441","0.000320894065745441","0.000320894065745441","0.000587812313044976","0.000587812313044976","0.000587812313044976","0.0005731950264557131","0.0005731950264557131","0.0005731950264557131","0.0011857101095042058","0.0011857101095042058","0.0011857101095042058","0.0013799572064142143","0.0013799572064142143","0.0013799572064142143","0.0027544539188966155","0.0027544539188966155","0.0027544539188966155"
"345","0.0004098009459474789","0.0004098009459474789","0.0004098009459474789","0.0005804291036578693","0.0005804291036578693","0.0005804291036578693","0.0002816058923989268","0.0002816058923989268","0.0002816058923989268","0.0004764053363552583","0.0004764053363552583","0.0004764053363552583","0.0006341454656129437","0.0006341454656129437","0.0006341454656129437","0.0009343362014208521","0.0009343362014208521","0.0009343362014208521","0.00129225936585239","0.00129225936585239","0.00129225936585239","0.0026144164481333326","0.0026144164481333326","0.0026144164481333326"
"346","0.0005400020704005978","0.0005400020704005978","0.0005400020704005978","0.0005098308528041733","0.0005098308528041733","0.0005098308528041733","0.0003362754048014592","0.0003362754048014592","0.0003362754048014592","0.0004044856988392504","0.0004044856988392504","0.0004044856988392504","0.0006900761925083186","0.0006900761925083186","0.0006900761925083186","0.0008921951687495623","0.0008921951687495623","0.0008921951687495623","0.0014610999247192272","0.0014610999247192272","0.0014610999247192272","0.0032963587769440244","0.0032963587769440244","0.0032963587769440244"
"347","0.00046018166384393614","0.00046018166384393614","0.00046018166384393614","0.00039581690465898385","0.00039581690465898385","0.00039581690465898385","0.0003483202599454671","0.0003483202599454671","0.0003483202599454671","0.0004709022635194872","0.0004709022635194872","0.0004709022635194872","0.0007709568432931389","0.0007709568432931389","0.0007709568432931389","0.0008982214078839336","0.0008982214078839336","0.0008982214078839336","0.0013084011983924679","0.0013084011983924679","0.0013084011983924679","0.002714387623460165","0.002714387623460165","0.002714387623460165"
"348","0.00045336444912079187","0.00045336444912079187","0.00045336444912079187","0.0005195472767809406","0.0005195472767809406","0.0005195472767809406","0.00039332526752592197","0.00039332526752592197","0.00039332526752592197","0.00039229820686159655","0.00039229820686159655","0.00039229820686159655","0.0006509299315179565","0.0006509299315179565","0.0006509299315179565","0.0012156444718129933","0.0012156444718129933","0.0012156444718129933","0.0012847723555751145","0.0012847723555751145","0.0012847723555751145","0.002515017703574683","0.002515017703574683","0.002515017703574683"
"349","0.00042483758547210267","0.00042483758547210267","0.00042483758547210267","0.0004852359540693994","0.0004852359540693994","0.0004852359540693994","0.0003778872487600893","0.0003778872487600893","0.0003778872487600893","0.0004744899384344795","0.0004744899384344795","0.0004744899384344795","0.0005532496434170753","0.0005532496434170753","0.0005532496434170753","0.000751719028422875","0.000751719028422875","0.000751719028422875","0.0011803174524434976","0.0011803174524434976","0.0011803174524434976","0.0031175457406789064","0.0031175457406789064","0.0031175457406789064"
"350","0.0005930279356627059","0.0005930279356627059","0.0005930279356627059","0.00038253164633975497","0.00038253164633975497","0.00038253164633975497","0.0003933882295054251","0.0003933882295054251","0.0003933882295054251","0.000452342039872227","0.000452342039872227","0.000452342039872227","0.0009927936605111296","0.0009927936605111296","0.0009927936605111296","0.0008876757097563573","0.0008876757097563573","0.0008876757097563573","0.0012254761864564248","0.0012254761864564248","0.0012254761864564248","0.002939234005420336","0.002939234005420336","0.002939234005420336"
"351","0.0004244300944264978","0.0004244300944264978","0.0004244300944264978","0.000494333341651197","0.000494333341651197","0.000494333341651197","0.00031978329934645444","0.00031978329934645444","0.00031978329934645444","0.0004338720339416925","0.0004338720339416925","0.0004338720339416925","0.0005665303158041622","0.0005665303158041622","0.0005665303158041622","0.0007743585613622729","0.0007743585613622729","0.0007743585613622729","0.0011734542370374715","0.0011734542370374715","0.0011734542370374715","0.002581654806687896","0.002581654806687896","0.002581654806687896"
"353","0.00044005034059020024","0.00044005034059020024","0.00044005034059020024","0.00034830688673537225","0.00034830688673537225","0.00034830688673537225","0.0003711258406318458","0.0003711258406318458","0.0003711258406318458","0.00040076300086054416","0.00040076300086054416","0.00040076300086054416","0.0007694139078791652","0.0007694139078791652","0.0007694139078791652","0.0008172347110563091","0.0008172347110563091","0.0008172347110563091","0.0013192582825597907","0.0013192582825597907","0.0013192582825597907","0.0026792306286681977","0.0026792306286681977","0.0026792306286681977"
"354","0.0003821862337645143","0.0003821862337645143","0.0003821862337645143","0.0004240551788825542","0.0004240551788825542","0.0004240551788825542","0.0003138395570983578","0.0003138395570983578","0.0003138395570983578","0.00043598643553975435","0.00043598643553975435","0.00043598643553975435","0.0007719908109200853","0.0007719908109200853","0.0007719908109200853","0.0009497891296632588","0.0009497891296632588","0.0009497891296632588","0.0013295132417364844","0.0013295132417364844","0.0013295132417364844","0.0028170677334336297","0.0028170677334336297","0.0028170677334336297"
"355","0.00047513086714648774","0.00047513086714648774","0.00047513086714648774","0.000366776466502675","0.000366776466502675","0.000366776466502675","0.00025623337465471456","0.00025623337465471456","0.00025623337465471456","0.0002886730882372441","0.0002886730882372441","0.0002886730882372441","0.0007131791831592896","0.0007131791831592896","0.0007131791831592896","0.0008796634086008583","0.0008796634086008583","0.0008796634086008583","0.0012299978656561247","0.0012299978656561247","0.0012299978656561247","0.003026645663859589","0.003026645663859589","0.003026645663859589"
"356","0.0004050940083938518","0.0004050940083938518","0.0004050940083938518","0.0004943913455852973","0.0004943913455852973","0.0004943913455852973","0.00031093966182587404","0.00031093966182587404","0.00031093966182587404","0.0003436559220842485","0.0003436559220842485","0.0003436559220842485","0.0007976838221241321","0.0007976838221241321","0.0007976838221241321","0.0008068502814109836","0.0008068502814109836","0.0008068502814109836","0.001304986554064921","0.001304986554064921","0.001304986554064921","0.003026878461241722","0.003026878461241722","0.003026878461241722"
"357","0.0005092620808032475","0.0005092620808032475","0.0005092620808032475","0.0004900552760643352","0.0004900552760643352","0.0004900552760643352","0.00035075535249364166","0.00035075535249364166","0.00035075535249364166","0.0003615824389271438","0.0003615824389271438","0.0003615824389271438","0.0004998770101727652","0.0004998770101727652","0.0004998770101727652","0.0008251554598765713","0.0008251554598765713","0.0008251554598765713","0.001359727034079177","0.001359727034079177","0.001359727034079177","0.002805440204351076","0.002805440204351076","0.002805440204351076"
"358","0.0005132469440078628","0.0005132469440078628","0.0005132469440078628","0.0005785840912722051","0.0005785840912722051","0.0005785840912722051","0.00032440533063241413","0.00032440533063241413","0.00032440533063241413","0.00039042182782265754","0.00039042182782265754","0.00039042182782265754","0.0006441738306810814","0.0006441738306810814","0.0006441738306810814","0.0011040422458401217","0.0011040422458401217","0.0011040422458401217","0.001262295858136245","0.001262295858136245","0.001262295858136245","0.0028631938954016994","0.0028631938954016994","0.0028631938954016994"
"359","0.0005294286612687367","0.0005294286612687367","0.0005294286612687367","0.00044984413710023673","0.00044984413710023673","0.00044984413710023673","0.00030165131153937964","0.00030165131153937964","0.00030165131153937964","0.0003133411914209968","0.0003133411914209968","0.0003133411914209968","0.0007771942016136434","0.0007771942016136434","0.0007771942016136434","0.0011534466466400772","0.0011534466466400772","0.0011534466466400772","0.0014320408143768354","0.0014320408143768354","0.0014320408143768354","0.0036160480231046677","0.0036160480231046677","0.0036160480231046677"
"360","0.0004745348373294941","0.0004745348373294941","0.0004745348373294941","0.0005983351189310529","0.0005983351189310529","0.0005983351189310529","0.0002702022154283311","0.0002702022154283311","0.0002702022154283311","0.0004139302680934114","0.0004139302680934114","0.0004139302680934114","0.0007406679131755871","0.0007406679131755871","0.0007406679131755871","0.0017906245110290392","0.0017906245110290392","0.0017906245110290392","0.0013537565828301013","0.0013537565828301013","0.0013537565828301013","0.002723523565301938","0.002723523565301938","0.002723523565301938"
"361","0.00046359867389713017","0.00046359867389713017","0.00046359867389713017","0.0003130021629788514","0.0003130021629788514","0.0003130021629788514","0.00045189819814238163","0.00045189819814238163","0.00045189819814238163","0.00032348921065152226","0.00032348921065152226","0.00032348921065152226","0.000675717177468219","0.000675717177468219","0.000675717177468219","0.001213566558102944","0.001213566558102944","0.001213566558102944","0.0015193521477548139","0.0015193521477548139","0.0015193521477548139","0.002627655930284943","0.002627655930284943","0.002627655930284943"
"362","0.0004638836461318923","0.0004638836461318923","0.0004638836461318923","0.0004929519907039191","0.0004929519907039191","0.0004929519907039191","0.0005339297307987831","0.0005339297307987831","0.0005339297307987831","0.00034723988626085756","0.00034723988626085756","0.00034723988626085756","0.000515741017547303","0.000515741017547303","0.000515741017547303","0.0014345547450440271","0.0014345547450440271","0.0014345547450440271","0.0013300293108581432","0.0013300293108581432","0.0013300293108581432","0.002601519210397133","0.002601519210397133","0.002601519210397133"
"364","0.00036895819773365347","0.00036895819773365347","0.00036895819773365347","0.00039617481940825073","0.00039617481940825073","0.00039617481940825073","0.00032102929877250323","0.00032102929877250323","0.00032102929877250323","0.00032541337714064866","0.00032541337714064866","0.00032541337714064866","0.0006694275694566645","0.0006694275694566645","0.0006694275694566645","0.0011386098922230303","0.0011386098922230303","0.0011386098922230303","0.0014720361047823513","0.0014720361047823513","0.0014720361047823513","0.0025694248199995074","0.0025694248199995074","0.0025694248199995074"
"365","0.00037727298331446946","0.00037727298331446946","0.00037727298331446946","0.0003987468039018235","0.0003987468039018235","0.0003987468039018235","0.0003650674251340596","0.0003650674251340596","0.0003650674251340596","0.0003255770051120115","0.0003255770051120115","0.0003255770051120115","0.0006326077023654111","0.0006326077023654111","0.0006326077023654111","0.000903021261495139","0.000903021261495139","0.000903021261495139","0.0014230174378358892","0.0014230174378358892","0.0014230174378358892","0.002624699380248785","0.002624699380248785","0.002624699380248785"
"366","0.0003208429303153285","0.0003208429303153285","0.0003208429303153285","0.00037669268203899264","0.00037669268203899264","0.00037669268203899264","0.0004727454506792128","0.0004727454506792128","0.0004727454506792128","0.0004128240772323417","0.0004128240772323417","0.0004128240772323417","0.0006680610323590892","0.0006680610323590892","0.0006680610323590892","0.0008368065173272043","0.0008368065173272043","0.0008368065173272043","0.0015279444799359357","0.0015279444799359357","0.0015279444799359357","0.0028193014773673247","0.0028193014773673247","0.0028193014773673247"
"367","0.0003015124031142997","0.0003015124031142997","0.0003015124031142997","0.0003414684989755707","0.0003414684989755707","0.0003414684989755707","0.0003305529389763251","0.0003305529389763251","0.0003305529389763251","0.000394685470382683","0.000394685470382683","0.000394685470382683","0.000588803764133315","0.000588803764133315","0.000588803764133315","0.0007800841953472368","0.0007800841953472368","0.0007800841953472368","0.0013450237207247742","0.0013450237207247742","0.0013450237207247742","0.0024335375970362554","0.0024335375970362554","0.0024335375970362554"
"368","0.00037243998667690903","0.00037243998667690903","0.00037243998667690903","0.0003378243272891268","0.0003378243272891268","0.0003378243272891268","0.00036516497701606046","0.00036516497701606046","0.00036516497701606046","0.0004971283779013902","0.0004971283779013902","0.0004971283779013902","0.0004924378902485062","0.0004924378902485062","0.0004924378902485062","0.0009267083244464759","0.0009267083244464759","0.0009267083244464759","0.0012799579167871603","0.0012799579167871603","0.0012799579167871603","0.002622447409001844","0.002622447409001844","0.002622447409001844"
"369","0.00035318476563718704","0.00035318476563718704","0.00035318476563718704","0.0003745954101239996","0.0003745954101239996","0.0003745954101239996","0.00036579501050125273","0.00036579501050125273","0.00036579501050125273","0.00033834427345677147","0.00033834427345677147","0.00033834427345677147","0.0005727383624097067","0.0005727383624097067","0.0005727383624097067","0.0010685228958858975","0.0010685228958858975","0.0010685228958858975","0.0016133474252585853","0.0016133474252585853","0.0016133474252585853","0.0025342017013047424","0.0025342017013047424","0.0025342017013047424"
"370","0.00037921140236513954","0.00037921140236513954","0.00037921140236513954","0.00038826189951838126","0.00038826189951838126","0.00038826189951838126","0.00033748814062814096","0.00033748814062814096","0.00033748814062814096","0.00034645438842874555","0.00034645438842874555","0.00034645438842874555","0.000555632943620107","0.000555632943620107","0.000555632943620107","0.00120408388985587","0.00120408388985587","0.00120408388985587","0.001205512571946851","0.001205512571946851","0.001205512571946851","0.0027395462218139854","0.0027395462218139854","0.0027395462218139854"
"371","0.00033985836281707246","0.00033985836281707246","0.00033985836281707246","0.00042348416588668315","0.00042348416588668315","0.00042348416588668315","0.0003124887734884396","0.0003124887734884396","0.0003124887734884396","0.00043323875745824935","0.00043323875745824935","0.00043323875745824935","0.0005726458122288543","0.0005726458122288543","0.0005726458122288543","0.0008223315068919744","0.0008223315068919744","0.0008223315068919744","0.0011730373953469098","0.0011730373953469098","0.0011730373953469098","0.0031586798140779138","0.0031586798140779138","0.0031586798140779138"
"372","0.0003778764346082296","0.0003778764346082296","0.0003778764346082296","0.00034223294330461485","0.00034223294330461485","0.00034223294330461485","0.00028649962873065045","0.00028649962873065045","0.00028649962873065045","0.0006243120962088662","0.0006243120962088662","0.0006243120962088662","0.0006109872109456253","0.0006109872109456253","0.0006109872109456253","0.0009852403226042433","0.0009852403226042433","0.0009852403226042433","0.0014516656519845128","0.0014516656519845128","0.0014516656519845128","0.003334442253357598","0.003334442253357598","0.003334442253357598"
"373","0.00039050299424811134","0.00039050299424811134","0.00039050299424811134","0.0003511104545655793","0.0003511104545655793","0.0003511104545655793","0.00028870623957897933","0.00028870623957897933","0.00028870623957897933","0.0003992726726989661","0.0003992726726989661","0.0003992726726989661","0.0006507877260446548","0.0006507877260446548","0.0006507877260446548","0.0007349733329777207","0.0007349733329777207","0.0007349733329777207","0.001423147041350603","0.001423147041350603","0.001423147041350603","0.0026882890545363936","0.0026882890545363936","0.0026882890545363936"
"375","0.0003724772083972182","0.0003724772083972182","0.0003724772083972182","0.0004238227016425559","0.0004238227016425559","0.0004238227016425559","0.0002328705948977066","0.0002328705948977066","0.0002328705948977066","0.0003609964915085584","0.0003609964915085584","0.0003609964915085584","0.0006953089614398777","0.0006953089614398777","0.0006953089614398777","0.0005763550039513835","0.0005763550039513835","0.0005763550039513835","0.001518007617310754","0.001518007617310754","0.001518007617310754","0.002558708007979606","0.002558708007979606","0.002558708007979606"
"376","0.000333201554894913","0.000333201554894913","0.000333201554894913","0.00043525394201943915","0.00043525394201943915","0.00043525394201943915","0.00030332965252455324","0.00030332965252455324","0.00030332965252455324","0.00036333976562933197","0.00036333976562933197","0.00036333976562933197","0.000682478047175599","0.000682478047175599","0.000682478047175599","0.0005730525839940778","0.0005730525839940778","0.0005730525839940778","0.0012855215796402522","0.0012855215796402522","0.0012855215796402522","0.002773809512811048","0.002773809512811048","0.002773809512811048"
"377","0.00028955057704089474","0.00028955057704089474","0.00028955057704089474","0.00048027848242782056","0.00048027848242782056","0.00048027848242782056","0.0002963453090550112","0.0002963453090550112","0.0002963453090550112","0.0002740268807558875","0.0002740268807558875","0.0002740268807558875","0.000549277856147715","0.000549277856147715","0.000549277856147715","0.0006940888041364295","0.0006940888041364295","0.0006940888041364295","0.001169082259626261","0.001169082259626261","0.001169082259626261","0.00320005596482328","0.00320005596482328","0.00320005596482328"
"378","0.0003092138337836202","0.0003092138337836202","0.0003092138337836202","0.00043344448619921295","0.00043344448619921295","0.00043344448619921295","0.00035767232683221143","0.00035767232683221143","0.00035767232683221143","0.000349237781067911","0.000349237781067911","0.000349237781067911","0.0005044562816952489","0.0005044562816952489","0.0005044562816952489","0.0004989560735079326","0.0004989560735079326","0.0004989560735079326","0.0013398451597562858","0.0013398451597562858","0.0013398451597562858","0.0031311429837452514","0.0031311429837452514","0.0031311429837452514"
"379","0.00026940824110559855","0.00026940824110559855","0.00026940824110559855","0.0003484156643805493","0.0003484156643805493","0.0003484156643805493","0.00034471308546406884","0.00034471308546406884","0.00034471308546406884","0.0004250181664247066","0.0004250181664247066","0.0004250181664247066","0.0004913054747573499","0.0004913054747573499","0.0004913054747573499","0.0006253389832896314","0.0006253389832896314","0.0006253389832896314","0.0011767309458394135","0.0011767309458394135","0.0011767309458394135","0.002695323417096266","0.002695323417096266","0.002695323417096266"
"380","0.0003510509102073099","0.0003510509102073099","0.0003510509102073099","0.0004081568580919078","0.0004081568580919078","0.0004081568580919078","0.00036392939260362515","0.00036392939260362515","0.00036392939260362515","0.00032668639947327653","0.00032668639947327653","0.00032668639947327653","0.0004762462392266441","0.0004762462392266441","0.0004762462392266441","0.0007321555749513209","0.0007321555749513209","0.0007321555749513209","0.0011527675170717494","0.0011527675170717494","0.0011527675170717494","0.0026002212294510435","0.0026002212294510435","0.0026002212294510435"
"381","0.00026567792519927025","0.00026567792519927025","0.00026567792519927025","0.00045247958041727543","0.00045247958041727543","0.00045247958041727543","0.0003203429556119123","0.0003203429556119123","0.0003203429556119123","0.0004038687724719888","0.0004038687724719888","0.0004038687724719888","0.0013222082343418151","0.0013222082343418151","0.0013222082343418151","0.000983750751142257","0.000983750751142257","0.000983750751142257","0.0011528887178948416","0.0011528887178948416","0.0011528887178948416","0.0026811452449432443","0.0026811452449432443","0.0026811452449432443"
"382","0.00027158526894969067","0.00027158526894969067","0.00027158526894969067","0.0002942142621447731","0.0002942142621447731","0.0002942142621447731","0.0002974425671189757","0.0002974425671189757","0.0002974425671189757","0.0002937574879199799","0.0002937574879199799","0.0002937574879199799","0.0006007156916894019","0.0006007156916894019","0.0006007156916894019","0.0008123713445716671","0.0008123713445716671","0.0008123713445716671","0.0011203182096193945","0.0011203182096193945","0.0011203182096193945","0.0024971365263419493","0.0024971365263419493","0.0024971365263419493"
"383","0.0002407149232957246","0.0002407149232957246","0.0002407149232957246","0.0003468508906995079","0.0003468508906995079","0.0003468508906995079","0.0002819670896445002","0.0002819670896445002","0.0002819670896445002","0.0002748459706448817","0.0002748459706448817","0.0002748459706448817","0.0006537040795332619","0.0006537040795332619","0.0006537040795332619","0.0007793421682436019","0.0007793421682436019","0.0007793421682436019","0.001329121387763215","0.001329121387763215","0.001329121387763215","0.002524885831267706","0.002524885831267706","0.002524885831267706"
"384","0.00027859308257965106","0.00027859308257965106","0.00027859308257965106","0.0003642851619848183","0.0003642851619848183","0.0003642851619848183","0.00027923942460412424","0.00027923942460412424","0.00027923942460412424","0.00033251018612645566","0.00033251018612645566","0.00033251018612645566","0.0004884264365370784","0.0004884264365370784","0.0004884264365370784","0.0007966371070194457","0.0007966371070194457","0.0007966371070194457","0.0014054492598266474","0.0014054492598266474","0.0014054492598266474","0.002708846570125648","0.002708846570125648","0.002708846570125648"
"386","0.0003798020479734987","0.0003798020479734987","0.0003798020479734987","0.00038589131976810416","0.00038589131976810416","0.00038589131976810416","0.00031613085801447075","0.00031613085801447075","0.00031613085801447075","0.0002730002244269209","0.0002730002244269209","0.0002730002244269209","0.000521893534044336","0.000521893534044336","0.000521893534044336","0.0006071659570027675","0.0006071659570027675","0.0006071659570027675","0.0012466466952381389","0.0012466466952381389","0.0012466466952381389","0.0025298098168734994","0.0025298098168734994","0.0025298098168734994"
"387","0.0003111364827158728","0.0003111364827158728","0.0003111364827158728","0.000389580153361229","0.000389580153361229","0.000389580153361229","0.0002691167880714472","0.0002691167880714472","0.0002691167880714472","0.00033584859504896613","0.00033584859504896613","0.00033584859504896613","0.0005365235930574792","0.0005365235930574792","0.0005365235930574792","0.000673855230810919","0.000673855230810919","0.000673855230810919","0.001200788521340915","0.001200788521340915","0.001200788521340915","0.003395105462654361","0.003395105462654361","0.003395105462654361"
"388","0.00033493246467384907","0.00033493246467384907","0.00033493246467384907","0.0003349324792257643","0.0003349324792257643","0.0003349324792257643","0.00029536629985419234","0.00029536629985419234","0.00029536629985419234","0.0003271277590621529","0.0003271277590621529","0.0003271277590621529","0.00045250251423567533","0.00045250251423567533","0.00045250251423567533","0.0009293931652791798","0.0009293931652791798","0.0009293931652791798","0.0013121651385777763","0.0013121651385777763","0.0013121651385777763","0.0027128447545692325","0.0027128447545692325","0.0027128447545692325"
"389","0.00035307681537233293","0.00035307681537233293","0.00035307681537233293","0.0003314388283927526","0.0003314388283927526","0.0003314388283927526","0.000293338274267236","0.000293338274267236","0.000293338274267236","0.00033183066365641674","0.00033183066365641674","0.00033183066365641674","0.0006124130242304611","0.0006124130242304611","0.0006124130242304611","0.0007862965742658291","0.0007862965742658291","0.0007862965742658291","0.0012119641926671778","0.0012119641926671778","0.0012119641926671778","0.0023241807773177114","0.0023241807773177114","0.0023241807773177114"
"390","0.0004070703310260017","0.0004070703310260017","0.0004070703310260017","0.00032760148003165213","0.00032760148003165213","0.00032760148003165213","0.00031823306094988117","0.00031823306094988117","0.00031823306094988117","0.00029839545771080466","0.00029839545771080466","0.00029839545771080466","0.0005553246758479093","0.0005553246758479093","0.0005553246758479093","0.0008854520315903106","0.0008854520315903106","0.0008854520315903106","0.0014185257272661797","0.0014185257272661797","0.0014185257272661797","0.0024053550691210796","0.0024053550691210796","0.0024053550691210796"
"391","0.0004115361807635054","0.0004115361807635054","0.0004115361807635054","0.00034300725798987387","0.00034300725798987387","0.00034300725798987387","0.00026008489658124745","0.00026008489658124745","0.00026008489658124745","0.00029286245990078896","0.00029286245990078896","0.00029286245990078896","0.0006751594649228666","0.0006751594649228666","0.0006751594649228666","0.0005402409837448172","0.0005402409837448172","0.0005402409837448172","0.001348286950295525","0.001348286950295525","0.001348286950295525","0.0025264521453729166","0.0025264521453729166","0.0025264521453729166"
"392","0.00048347722830450427","0.00048347722830450427","0.00048347722830450427","0.0003044933338450002","0.0003044933338450002","0.0003044933338450002","0.00038895309886096844","0.00038895309886096844","0.00038895309886096844","0.00048672686430758664","0.00048672686430758664","0.00048672686430758664","0.0005208798767333585","0.0005208798767333585","0.0005208798767333585","0.0009023811601634536","0.0009023811601634536","0.0009023811601634536","0.0013199474737380765","0.0013199474737380765","0.0013199474737380765","0.002433089431308742","0.002433089431308742","0.002433089431308742"
"393","0.0002854152283232127","0.0002854152283232127","0.0002854152283232127","0.0003315377751797704","0.0003315377751797704","0.0003315377751797704","0.00033740655843368065","0.00033740655843368065","0.00033740655843368065","0.0002871756732929498","0.0002871756732929498","0.0002871756732929498","0.0004208972677588463","0.0004208972677588463","0.0004208972677588463","0.0007382525530244623","0.0007382525530244623","0.0007382525530244623","0.0016718546227951134","0.0016718546227951134","0.0016718546227951134","0.0023787299121197846","0.0023787299121197846","0.0023787299121197846"
"394","0.0003781266007406105","0.0003781266007406105","0.0003781266007406105","0.00028576031763805076","0.00028576031763805076","0.00028576031763805076","0.00043463938137782473","0.00043463938137782473","0.00043463938137782473","0.0002917064599127376","0.0002917064599127376","0.0002917064599127376","0.00048609968091893407","0.00048609968091893407","0.00048609968091893407","0.0008077470120042562","0.0008077470120042562","0.0008077470120042562","0.0014277324745697634","0.0014277324745697634","0.0014277324745697634","0.003335378681575613","0.003335378681575613","0.003335378681575613"
"395","0.0002790261891537479","0.0002790261891537479","0.0002790261891537479","0.000413907429901883","0.000413907429901883","0.000413907429901883","0.0003760116742341779","0.0003760116742341779","0.0003760116742341779","0.00029942605552995313","0.00029942605552995313","0.00029942605552995313","0.0005187589725080345","0.0005187589725080345","0.0005187589725080345","0.0008399740077688225","0.0008399740077688225","0.0008399740077688225","0.0011965065662349974","0.0011965065662349974","0.0011965065662349974","0.0027886269381269813","0.0027886269381269813","0.0027886269381269813"
"397","0.0002817843633238226","0.0002817843633238226","0.0002817843633238226","0.0003139489230566791","0.0003139489230566791","0.0003139489230566791","0.00035914170855124084","0.00035914170855124084","0.00035914170855124084","0.00030606020300183445","0.00030606020300183445","0.00030606020300183445","0.0004670834210368672","0.0004670834210368672","0.0004670834210368672","0.0007674893879863833","0.0007674893879863833","0.0007674893879863833","0.00133097281546465","0.00133097281546465","0.00133097281546465","0.0026303519760923727","0.0026303519760923727","0.0026303519760923727"
"398","0.00024442901277715076","0.00024442901277715076","0.00024442901277715076","0.00036219291255942414","0.00036219291255942414","0.00036219291255942414","0.0002957364049507305","0.0002957364049507305","0.0002957364049507305","0.0003950401192664036","0.0003950401192664036","0.0003950401192664036","0.0006553204522268581","0.0006553204522268581","0.0006553204522268581","0.0007131866711590971","0.0007131866711590971","0.0007131866711590971","0.0013429000391624868","0.0013429000391624868","0.0013429000391624868","0.002845825777123017","0.002845825777123017","0.002845825777123017"
"399","0.00030043843435123563","0.00030043843435123563","0.00030043843435123563","0.00029195364913903177","0.00029195364913903177","0.00029195364913903177","0.0003394013162635799","0.0003394013162635799","0.0003394013162635799","0.0002636273088033444","0.0002636273088033444","0.0002636273088033444","0.0007714805085145469","0.0007714805085145469","0.0007714805085145469","0.0008163779192338032","0.0008163779192338032","0.0008163779192338032","0.001240561591527824","0.001240561591527824","0.001240561591527824","0.002515766985847482","0.002515766985847482","0.002515766985847482"
"400","0.00022503507872378186","0.00022503507872378186","0.00022503507872378186","0.00041132179155413596","0.00041132179155413596","0.00041132179155413596","0.00035954876096054377","0.00035954876096054377","0.00035954876096054377","0.00037022192762898546","0.00037022192762898546","0.00037022192762898546","0.0005333560069889895","0.0005333560069889895","0.0005333560069889895","0.0007962167146615684","0.0007962167146615684","0.0007962167146615684","0.0014049352196577405","0.0014049352196577405","0.0014049352196577405","0.0026701414358935188","0.0026701414358935188","0.0026701414358935188"
"401","0.0002760000747262633","0.0002760000747262633","0.0002760000747262633","0.0004598106482132737","0.0004598106482132737","0.0004598106482132737","0.0002879756939364597","0.0002879756939364597","0.0002879756939364597","0.0002726021411945112","0.0002726021411945112","0.0002726021411945112","0.0005250043260665345","0.0005250043260665345","0.0005250043260665345","0.0006195402529556304","0.0006195402529556304","0.0006195402529556304","0.0012839489500038326","0.0012839489500038326","0.0012839489500038326","0.002430003069873367","0.002430003069873367","0.002430003069873367"
"402","0.0002282925831553127","0.0002282925831553127","0.0002282925831553127","0.00034002000133373907","0.00034002000133373907","0.00034002000133373907","0.00041337409597222826","0.00041337409597222826","0.00041337409597222826","0.0003051939274882898","0.0003051939274882898","0.0003051939274882898","0.0005130235596360373","0.0005130235596360373","0.0005130235596360373","0.0007686752651352435","0.0007686752651352435","0.0007686752651352435","0.0011205730510742537","0.0011205730510742537","0.0011205730510742537","0.0023837105670411673","0.0023837105670411673","0.0023837105670411673"
"403","0.0002568895662469523","0.0002568895662469523","0.0002568895662469523","0.00037376198451966047","0.00037376198451966047","0.00037376198451966047","0.0003570031715623502","0.0003570031715623502","0.0003570031715623502","0.0003681730657782672","0.0003681730657782672","0.0003681730657782672","0.0007456175683598433","0.0007456175683598433","0.0007456175683598433","0.0005975496023893356","0.0005975496023893356","0.0005975496023893356","0.0010319181934132107","0.0010319181934132107","0.0010319181934132107","0.0025755847870771375","0.0025755847870771375","0.0025755847870771375"
"404","0.00023700143252166787","0.00023700143252166787","0.00023700143252166787","0.0003241644132815834","0.0003241644132815834","0.0003241644132815834","0.0003311502639137741","0.0003311502639137741","0.0003311502639137741","0.0004133974601115499","0.0004133974601115499","0.0004133974601115499","0.000514231069246307","0.000514231069246307","0.000514231069246307","0.0005120725711874131","0.0005120725711874131","0.0005120725711874131","0.0014691868730421578","0.0014691868730421578","0.0014691868730421578","0.0025208582020630793","0.0025208582020630793","0.0025208582020630793"
"405","0.0002533930673962459","0.0002533930673962459","0.0002533930673962459","0.0003404913960756468","0.0003404913960756468","0.0003404913960756468","0.0003329383450493749","0.0003329383450493749","0.0003329383450493749","0.0003189053261719112","0.0003189053261719112","0.0003189053261719112","0.0007382891989046973","0.0007382891989046973","0.0007382891989046973","0.0005508694822700429","0.0005508694822700429","0.0005508694822700429","0.0011602540284262172","0.0011602540284262172","0.0011602540284262172","0.0023157397684242043","0.0023157397684242043","0.0023157397684242043"
"406","0.0002468332573438862","0.0002468332573438862","0.0002468332573438862","0.00030471888021565974","0.00030471888021565974","0.00030471888021565974","0.00044126347971281836","0.00044126347971281836","0.00044126347971281836","0.00031849257356952876","0.00031849257356952876","0.00031849257356952876","0.000648433920494946","0.000648433920494946","0.000648433920494946","0.0005773294334565955","0.0005773294334565955","0.0005773294334565955","0.0010015213878692261","0.0010015213878692261","0.0010015213878692261","0.002407538122497499","0.002407538122497499","0.002407538122497499"
"408","0.0003381969623400697","0.0003381969623400697","0.0003381969623400697","0.0002602086481471945","0.0002602086481471945","0.0002602086481471945","0.0003871788004679339","0.0003871788004679339","0.0003871788004679339","0.0003851417714031413","0.0003851417714031413","0.0003851417714031413","0.0005277371591156614","0.0005277371591156614","0.0005277371591156614","0.0005298372748906591","0.0005298372748906591","0.0005298372748906591","0.0013196156193901385","0.0013196156193901385","0.0013196156193901385","0.0029349598667717408","0.0029349598667717408","0.0029349598667717408"
"409","0.00026883000100497156","0.00026883000100497156","0.00026883000100497156","0.000324999398019697","0.000324999398019697","0.000324999398019697","0.0003016017851353224","0.0003016017851353224","0.0003016017851353224","0.00043296026082576385","0.00043296026082576385","0.00043296026082576385","0.0004913059819955379","0.0004913059819955379","0.0004913059819955379","0.0007286711022191282","0.0007286711022191282","0.0007286711022191282","0.0011330765971381748","0.0011330765971381748","0.0011330765971381748","0.0025283231350061086","0.0025283231350061086","0.0025283231350061086"
"410","0.00028919734177179635","0.00028919734177179635","0.00028919734177179635","0.0002824966546281108","0.0002824966546281108","0.0002824966546281108","0.00032315282026372315","0.00032315282026372315","0.00032315282026372315","0.0004259395604354462","0.0004259395604354462","0.0004259395604354462","0.000427441783748301","0.000427441783748301","0.000427441783748301","0.0005259834828653506","0.0005259834828653506","0.0005259834828653506","0.001046286180748471","0.001046286180748471","0.001046286180748471","0.0026093730702996254","0.0026093730702996254","0.0026093730702996254"
"411","0.00037228106105300995","0.00037228106105300995","0.00037228106105300995","0.00034006930738022286","0.00034006930738022286","0.00034006930738022286","0.00022774788417986462","0.00022774788417986462","0.00022774788417986462","0.00031750156943287166","0.00031750156943287166","0.00031750156943287166","0.00048093582154251635","0.00048093582154251635","0.00048093582154251635","0.0005378551307200853","0.0005378551307200853","0.0005378551307200853","0.0010948462960576372","0.0010948462960576372","0.0010948462960576372","0.002958392874071641","0.002958392874071641","0.002958392874071641"
"412","0.0002887579342184056","0.0002887579342184056","0.0002887579342184056","0.0003142765781376511","0.0003142765781376511","0.0003142765781376511","0.00033212811727675477","0.00033212811727675477","0.00033212811727675477","0.000369085992653189","0.000369085992653189","0.000369085992653189","0.000525514075499294","0.000525514075499294","0.000525514075499294","0.00043570090409567844","0.00043570090409567844","0.00043570090409567844","0.0012014770514464804","0.0012014770514464804","0.0012014770514464804","0.003476942806238575","0.003476942806238575","0.003476942806238575"
"413","0.0003046665390554283","0.0003046665390554283","0.0003046665390554283","0.0004009406298532018","0.0004009406298532018","0.0004009406298532018","0.0003200344799552113","0.0003200344799552113","0.0003200344799552113","0.00028432194501095055","0.00028432194501095055","0.00028432194501095055","0.0004655972505653543","0.0004655972505653543","0.0004655972505653543","0.0006039599039857941","0.0006039599039857941","0.0006039599039857941","0.0013593509626973952","0.0013593509626973952","0.0013593509626973952","0.00298476210861866","0.00298476210861866","0.00298476210861866"
"414","0.00023554241852252744","0.00023554241852252744","0.00023554241852252744","0.00037135230793085484","0.00037135230793085484","0.00037135230793085484","0.00039480174954016026","0.00039480174954016026","0.00039480174954016026","0.0003949888008979282","0.0003949888008979282","0.0003949888008979282","0.0005471646436490119","0.0005471646436490119","0.0005471646436490119","0.0007278631424664386","0.0007278631424664386","0.0007278631424664386","0.0014463378715195826","0.0014463378715195826","0.0014463378715195826","0.002603712142445147","0.002603712142445147","0.002603712142445147"
"415","0.0002496890208151724","0.0002496890208151724","0.0002496890208151724","0.000296632744721137","0.000296632744721137","0.000296632744721137","0.00034968934778589755","0.00034968934778589755","0.00034968934778589755","0.0002986744200045775","0.0002986744200045775","0.0002986744200045775","0.0004970152014201241","0.0004970152014201241","0.0004970152014201241","0.0005853786133229733","0.0005853786133229733","0.0005853786133229733","0.0013262456549065454","0.0013262456549065454","0.0013262456549065454","0.0024143510797460166","0.0024143510797460166","0.0024143510797460166"
"416","0.00027783928089775145","0.00027783928089775145","0.00027783928089775145","0.00034490668414426703","0.00034490668414426703","0.00034490668414426703","0.0003000669987938766","0.0003000669987938766","0.0003000669987938766","0.00029496048643652884","0.00029496048643652884","0.00029496048643652884","0.0005135079222132585","0.0005135079222132585","0.0005135079222132585","0.0005320695470020707","0.0005320695470020707","0.0005320695470020707","0.001320402611911829","0.001320402611911829","0.001320402611911829","0.002689703168081386","0.002689703168081386","0.002689703168081386"
"417","0.0002114416503380718","0.0002114416503380718","0.0002114416503380718","0.0002922937190825386","0.0002922937190825386","0.0002922937190825386","0.0003649901731738022","0.0003649901731738022","0.0003649901731738022","0.0003597394097596407","0.0003597394097596407","0.0003597394097596407","0.00044138483644928783","0.00044138483644928783","0.00044138483644928783","0.0006402662339886385","0.0006402662339886385","0.0006402662339886385","0.00123152306436428","0.00123152306436428","0.00123152306436428","0.002899264667316207","0.002899264667316207","0.002899264667316207"
"419","0.00024675291621991036","0.00024675291621991036","0.00024675291621991036","0.00028118648541359495","0.00028118648541359495","0.00028118648541359495","0.00032859939632804265","0.00032859939632804265","0.00032859939632804265","0.00031528043577314487","0.00031528043577314487","0.00031528043577314487","0.0003941908902821264","0.0003941908902821264","0.0003941908902821264","0.0005292629939503968","0.0005292629939503968","0.0005292629939503968","0.0010777170620193438","0.0010777170620193438","0.0010777170620193438","0.002785771103974964","0.002785771103974964","0.002785771103974964"
"420","0.0002345792101030903","0.0002345792101030903","0.0002345792101030903","0.0003069181568987135","0.0003069181568987135","0.0003069181568987135","0.0002975762909045443","0.0002975762909045443","0.0002975762909045443","0.000305840907718188","0.000305840907718188","0.000305840907718188","0.0004933005475322716","0.0004933005475322716","0.0004933005475322716","0.0006075177433168781","0.0006075177433168781","0.0006075177433168781","0.0011657746383986836","0.0011657746383986836","0.0011657746383986836","0.0026783330997984323","0.0026783330997984323","0.0026783330997984323"
"421","0.00030758793997977463","0.00030758793997977463","0.00030758793997977463","0.0005817479686811566","0.0005817479686811566","0.0005817479686811566","0.0002445263900361689","0.0002445263900361689","0.0002445263900361689","0.000301079339156526","0.000301079339156526","0.000301079339156526","0.00041432124063638706","0.00041432124063638706","0.00041432124063638706","0.0005447830273104566","0.0005447830273104566","0.0005447830273104566","0.0010660187773672597","0.0010660187773672597","0.0010660187773672597","0.002990600270485239","0.002990600270485239","0.002990600270485239"
"422","0.0002461451284554122","0.0002461451284554122","0.0002461451284554122","0.0003993113724780934","0.0003993113724780934","0.0003993113724780934","0.0002999417941152517","0.0002999417941152517","0.0002999417941152517","0.0002782799648619922","0.0002782799648619922","0.0002782799648619922","0.0005078339184235249","0.0005078339184235249","0.0005078339184235249","0.0003656758323943775","0.0003656758323943775","0.0003656758323943775","0.0011238631226920656","0.0011238631226920656","0.0011238631226920656","0.0035173875678862843","0.0035173875678862843","0.0035173875678862843"
"423","0.0002513742531716291","0.0002513742531716291","0.0002513742531716291","0.0003012616590629997","0.0003012616590629997","0.0003012616590629997","0.0002470788791210258","0.0002470788791210258","0.0002470788791210258","0.00025887489963289615","0.00025887489963289615","0.00025887489963289615","0.0006205076933838427","0.0006205076933838427","0.0006205076933838427","0.0005159578161380653","0.0005159578161380653","0.0005159578161380653","0.0011913732409344188","0.0011913732409344188","0.0011913732409344188","0.0028911977507440107","0.0028911977507440107","0.0028911977507440107"
"424","0.0003303852988340493","0.0003303852988340493","0.0003303852988340493","0.0003449547875788994","0.0003449547875788994","0.0003449547875788994","0.00041070721843945127","0.00041070721843945127","0.00041070721843945127","0.00024092190765908787","0.00024092190765908787","0.00024092190765908787","0.0004923893014035587","0.0004923893014035587","0.0004923893014035587","0.000555871582556782","0.000555871582556782","0.000555871582556782","0.0013723461306653917","0.0013723461306653917","0.0013723461306653917","0.0027899504971823524","0.0027899504971823524","0.0027899504971823524"
"425","0.0002533018060993137","0.0002533018060993137","0.0002533018060993137","0.0003049562032434291","0.0003049562032434291","0.0003049562032434291","0.00028092844877392054","0.00028092844877392054","0.00028092844877392054","0.000244626118468919","0.000244626118468919","0.000244626118468919","0.00048233268483142765","0.00048233268483142765","0.00048233268483142765","0.0005305884156509169","0.0005305884156509169","0.0005305884156509169","0.0012940187589265406","0.0012940187589265406","0.0012940187589265406","0.002622724710298436","0.002622724710298436","0.002622724710298436"
"426","0.00026838384759944996","0.00026838384759944996","0.00026838384759944996","0.0004434388746241374","0.0004434388746241374","0.0004434388746241374","0.00032302323961630464","0.00032302323961630464","0.00032302323961630464","0.00025308413439363776","0.00025308413439363776","0.00025308413439363776","0.0005353288184518792","0.0005353288184518792","0.0005353288184518792","0.0004922221518687106","0.0004922221518687106","0.0004922221518687106","0.0011799379135482013","0.0011799379135482013","0.0011799379135482013","0.0027081086383467273","0.0027081086383467273","0.0027081086383467273"
"427","0.0002154803992847779","0.0002154803992847779","0.0002154803992847779","0.00026771633877485456","0.00026771633877485456","0.00026771633877485456","0.0002964028826681897","0.0002964028826681897","0.0002964028826681897","0.00038391579333360175","0.00038391579333360175","0.00038391579333360175","0.00035883130372634957","0.00035883130372634957","0.00035883130372634957","0.0006012517010926136","0.0006012517010926136","0.0006012517010926136","0.0012906941867965674","0.0012906941867965674","0.0012906941867965674","0.002634576804536794","0.002634576804536794","0.002634576804536794"
"428","0.0002547001079489876","0.0002547001079489876","0.0002547001079489876","0.00035354858638519157","0.00035354858638519157","0.00035354858638519157","0.0002688317306040387","0.0002688317306040387","0.0002688317306040387","0.0003229071340423876","0.0003229071340423876","0.0003229071340423876","0.000389909276106794","0.000389909276106794","0.000389909276106794","0.00048011099404123215","0.00048011099404123215","0.00048011099404123215","0.0010964006277000798","0.0010964006277000798","0.0010964006277000798","0.0024951877421699464","0.0024951877421699464","0.0024951877421699464"
"430","0.00029304118028708866","0.00029304118028708866","0.00029304118028708866","0.000355970677836532","0.000355970677836532","0.000355970677836532","0.000265185532043688","0.000265185532043688","0.000265185532043688","0.0004173316348377349","0.0004173316348377349","0.0004173316348377349","0.0004931990032283855","0.0004931990032283855","0.0004931990032283855","0.000406879503446232","0.000406879503446232","0.000406879503446232","0.0013667785762143986","0.0013667785762143986","0.0013667785762143986","0.002600245959391551","0.002600245959391551","0.002600245959391551"
"431","0.00022301450163857744","0.00022301450163857744","0.00022301450163857744","0.00038371081297684995","0.00038371081297684995","0.00038371081297684995","0.0002788502107640462","0.0002788502107640462","0.0002788502107640462","0.0004872027743009052","0.0004872027743009052","0.0004872027743009052","0.00045204333686602434","0.00045204333686602434","0.00045204333686602434","0.0005287345182815832","0.0005287345182815832","0.0005287345182815832","0.0011154059154380644","0.0011154059154380644","0.0011154059154380644","0.0033972859382629395","0.0033972859382629395","0.0033972859382629395"
"432","0.00018708208517637104","0.00018708208517637104","0.00018708208517637104","0.000370821838649655","0.000370821838649655","0.000370821838649655","0.00025485685910098255","0.00025485685910098255","0.00025485685910098255","0.0003347780272763755","0.0003347780272763755","0.0003347780272763755","0.0004825324784698231","0.0004825324784698231","0.0004825324784698231","0.0004971173558650273","0.0004971173558650273","0.0004971173558650273","0.0012482556880318693","0.0012482556880318693","0.0012482556880318693","0.0027950017247349024","0.0027950017247349024","0.0027950017247349024"
"433","0.00023643872866939221","0.00023643872866939221","0.00023643872866939221","0.0005390393385563844","0.0005390393385563844","0.0005390393385563844","0.0002915590677210795","0.0002915590677210795","0.0002915590677210795","0.000268718961576399","0.000268718961576399","0.000268718961576399","0.000499906442460737","0.000499906442460737","0.000499906442460737","0.0003741511505463028","0.0003741511505463028","0.0003741511505463028","0.0011608207382128707","0.0011608207382128707","0.0011608207382128707","0.0027019791803987963","0.0027019791803987963","0.0027019791803987963"
"434","0.00020706095892819576","0.00020706095892819576","0.00020706095892819576","0.00031468260983404307","0.00031468260983404307","0.00031468260983404307","0.00032747732932745876","0.00032747732932745876","0.00032747732932745876","0.0002695119349352483","0.0002695119349352483","0.0002695119349352483","0.0004212239956749337","0.0004212239956749337","0.0004212239956749337","0.0006590579578187317","0.0006590579578187317","0.0006590579578187317","0.0013202008225822023","0.0013202008225822023","0.0013202008225822023","0.002740347259012716","0.002740347259012716","0.002740347259012716"
"435","0.00022394450622544224","0.00022394450622544224","0.00022394450622544224","0.0002634832864194842","0.0002634832864194842","0.0002634832864194842","0.0002922540859019916","0.0002922540859019916","0.0002922540859019916","0.0003605345617480842","0.0003605345617480842","0.0003605345617480842","0.0005229893930455935","0.0005229893930455935","0.0005229893930455935","0.0005421247208557491","0.0005421247208557491","0.0005421247208557491","0.0012680618591340525","0.0012680618591340525","0.0012680618591340525","0.002642712007010622","0.002642712007010622","0.002642712007010622"
"436","0.00023379521735478193","0.00023379521735478193","0.00023379521735478193","0.0002868190411910681","0.0002868190411910681","0.0002868190411910681","0.0002352752593911386","0.0002352752593911386","0.0002352752593911386","0.0002711562452272379","0.0002711562452272379","0.0002711562452272379","0.0005203625831719754","0.0005203625831719754","0.0005203625831719754","0.0005749070010746696","0.0005749070010746696","0.0005749070010746696","0.001207196303377194","0.001207196303377194","0.001207196303377194","0.002527256080481623","0.002527256080481623","0.002527256080481623"
"437","0.00021013293839392385","0.00021013293839392385","0.00021013293839392385","0.00033159763344363976","0.00033159763344363976","0.00033159763344363976","0.00023626366705034992","0.00023626366705034992","0.00023626366705034992","0.0003121076567497637","0.0003121076567497637","0.0003121076567497637","0.0005540115318061518","0.0005540115318061518","0.0005540115318061518","0.0005815981712657958","0.0005815981712657958","0.0005815981712657958","0.001278157246166042","0.001278157246166042","0.001278157246166042","0.002593406301457435","0.002593406301457435","0.002593406301457435"
"438","0.00019909178497203226","0.00019909178497203226","0.00019909178497203226","0.0002447242441121489","0.0002447242441121489","0.0002447242441121489","0.0002303119545103982","0.0002303119545103982","0.0002303119545103982","0.00020974674719452326","0.00020974674719452326","0.00020974674719452326","0.0004142236887543861","0.0004142236887543861","0.0004142236887543861","0.0005668569668029834","0.0005668569668029834","0.0005668569668029834","0.0014996052985744818","0.0014996052985744818","0.0014996052985744818","0.0024824438733048737","0.0024824438733048737","0.0024824438733048737"
"439","0.00019033458167021827","0.00019033458167021827","0.00019033458167021827","0.00023073084386331693","0.00023073084386331693","0.00023073084386331693","0.00036858629859385213","0.00036858629859385213","0.00036858629859385213","0.00033534434208247276","0.00033534434208247276","0.00033534434208247276","0.00039971177466213703","0.00039971177466213703","0.00039971177466213703","0.0006844124540553562","0.0006844124540553562","0.0006844124540553562","0.0012447615819317953","0.0012447615819317953","0.0012447615819317953","0.002835098487724151","0.002835098487724151","0.002835098487724151"
"441","0.0002393667652670826","0.0002393667652670826","0.0002393667652670826","0.00022007874213159084","0.00022007874213159084","0.00022007874213159084","0.00029508042332184104","0.00029508042332184104","0.00029508042332184104","0.00022896792091030096","0.00022896792091030096","0.00022896792091030096","0.00046051527273708155","0.00046051527273708155","0.00046051527273708155","0.0006233443896884897","0.0006233443896884897","0.0006233443896884897","0.001356682532267379","0.001356682532267379","0.001356682532267379","0.00254401085632188","0.00254401085632188","0.00254401085632188"
"442","0.0002403053908242977","0.0002403053908242977","0.0002403053908242977","0.00023311919358093292","0.00023311919358093292","0.00023311919358093292","0.0003002602523857994","0.0003002602523857994","0.0003002602523857994","0.00022979194389855756","0.00022979194389855756","0.00022979194389855756","0.0006070187539860074","0.0006070187539860074","0.0006070187539860074","0.0005662937848163503","0.0005662937848163503","0.0005662937848163503","0.0009696044892604862","0.0009696044892604862","0.0009696044892604862","0.0025616971127289745","0.0025616971127289745","0.0025616971127289745"
"443","0.0001829947650549002","0.0001829947650549002","0.0001829947650549002","0.00029438114350861203","0.00029438114350861203","0.00029438114350861203","0.00026403235096950084","0.00026403235096950084","0.00026403235096950084","0.00018576138037522987","0.00018576138037522987","0.00018576138037522987","0.00047350089880637825","0.00047350089880637825","0.00047350089880637825","0.00046311842327538343","0.00046311842327538343","0.00046311842327538343","0.0012775743130727538","0.0012775743130727538","0.0012775743130727538","0.0033562714233994484","0.0033562714233994484","0.0033562714233994484"
"444","0.00017638809887492762","0.00017638809887492762","0.00017638809887492762","0.00021139029455038587","0.00021139029455038587","0.00021139029455038587","0.00024205184308812022","0.00024205184308812022","0.00024205184308812022","0.0003847632573784462","0.0003847632573784462","0.0003847632573784462","0.0005315895998916988","0.0005315895998916988","0.0005315895998916988","0.0004730207292595878","0.0004730207292595878","0.0004730207292595878","0.0012882109232512967","0.0012882109232512967","0.0012882109232512967","0.002525204318642084","0.002525204318642084","0.002525204318642084"
"445","0.0002199606512606676","0.0002199606512606676","0.0002199606512606676","0.0002409596470118101","0.0002409596470118101","0.0002409596470118101","0.0002602192772818463","0.0002602192772818463","0.0002602192772818463","0.0003821819118456915","0.0003821819118456915","0.0003821819118456915","0.0004593903972168586","0.0004593903972168586","0.0004593903972168586","0.0004918715068405228","0.0004918715068405228","0.0004918715068405228","0.0011851794884673186","0.0011851794884673186","0.0011851794884673186","0.0029499222956863897","0.0029499222956863897","0.0029499222956863897"
"446","0.00022093373367429843","0.00022093373367429843","0.00022093373367429843","0.00022260350150255754","0.00022260350150255754","0.00022260350150255754","0.00024354242278994725","0.00024354242278994725","0.00024354242278994725","0.0002672407717909664","0.0002672407717909664","0.0002672407717909664","0.0004229365648435695","0.0004229365648435695","0.0004229365648435695","0.0005321169987187854","0.0005321169987187854","0.0005321169987187854","0.0012505057966336608","0.0012505057966336608","0.0012505057966336608","0.002853409220863666","0.002853409220863666","0.002853409220863666"
"447","0.00020056553434447518","0.00020056553434447518","0.00020056553434447518","0.00023581713945272246","0.00023581713945272246","0.00023581713945272246","0.00024440196908212135","0.00024440196908212135","0.00024440196908212135","0.0002664685224382473","0.0002664685224382473","0.0002664685224382473","0.00045313768662578823","0.00045313768662578823","0.00045313768662578823","0.00042873880842567554","0.00042873880842567554","0.00042873880842567554","0.001035178529231676","0.001035178529231676","0.001035178529231676","0.002500056896159159","0.002500056896159159","0.002500056896159159"
"448","0.00021849231312184462","0.00021849231312184462","0.00021849231312184462","0.0002036120110590543","0.0002036120110590543","0.0002036120110590543","0.00028863639454357326","0.00028863639454357326","0.00028863639454357326","0.00024177431623684242","0.00024177431623684242","0.00024177431623684242","0.0006060955887993","0.0006060955887993","0.0006060955887993","0.00041859978227876127","0.00041859978227876127","0.00041859978227876127","0.001014035361419831","0.001014035361419831","0.001014035361419831","0.003402228300858821","0.003402228300858821","0.003402228300858821"
"449","0.00018495569903669612","0.00018495569903669612","0.00018495569903669612","0.00023543763589779182","0.00023543763589779182","0.00023543763589779182","0.00027213401127872724","0.00027213401127872724","0.00027213401127872724","0.00024627601253866615","0.00024627601253866615","0.00024627601253866615","0.0004368724060311381","0.0004368724060311381","0.0004368724060311381","0.00048153710667975247","0.00048153710667975247","0.00048153710667975247","0.00110449775820598","0.00110449775820598","0.00110449775820598","0.0025952564485903296","0.0025952564485903296","0.0025952564485903296"
"450","0.0005533902003662661","0.0005533902003662661","0.0005533902003662661","0.00022330496514249326","0.00022330496514249326","0.00022330496514249326","0.0002660472923058218","0.0002660472923058218","0.0002660472923058218","0.0003605089566138174","0.0003605089566138174","0.0003605089566138174","0.000429488649907788","0.000429488649907788","0.000429488649907788","0.00031182301713020673","0.00031182301713020673","0.00031182301713020673","0.0011091681579793139","0.0011091681579793139","0.0011091681579793139","0.003002710357707526","0.003002710357707526","0.003002710357707526"
"452","0.00026354335880439194","0.00026354335880439194","0.00026354335880439194","0.00020695088148516203","0.00020695088148516203","0.00020695088148516203","0.00019856803036028787","0.00019856803036028787","0.00019856803036028787","0.0002931088612448158","0.0002931088612448158","0.0002931088612448158","0.0006831716351111286","0.0006831716351111286","0.0006831716351111286","0.0005095461923961661","0.0005095461923961661","0.0005095461923961661","0.0014470971655100584","0.0014470971655100584","0.0014470971655100584","0.002915444368097399","0.002915444368097399","0.002915444368097399"
"453","0.00024005664454307407","0.00024005664454307407","0.00024005664454307407","0.0003701589219937367","0.0003701589219937367","0.0003701589219937367","0.0002610940843754049","0.0002610940843754049","0.0002610940843754049","0.0003009051953475656","0.0003009051953475656","0.0003009051953475656","0.000427202699938789","0.000427202699938789","0.000427202699938789","0.00044584206105875116","0.00044584206105875116","0.00044584206105875116","0.0012748167334523583","0.0012748167334523583","0.0012748167334523583","0.0030314090961058226","0.0030314090961058226","0.0030314090961058226"
"454","0.00027985163199316176","0.00027985163199316176","0.00027985163199316176","0.0002124100158523236","0.0002124100158523236","0.0002124100158523236","0.00025683621892572513","0.00025683621892572513","0.00025683621892572513","0.0002629998738744429","0.0002629998738744429","0.0002629998738744429","0.0004063553559327764","0.0004063553559327764","0.0004063553559327764","0.00038444872396732014","0.00038444872396732014","0.00038444872396732014","0.0011105122061313263","0.0011105122061313263","0.0011105122061313263","0.003188094623120768","0.003188094623120768","0.003188094623120768"
"455","0.00021901982836425304","0.00021901982836425304","0.00021901982836425304","0.0002259207810441564","0.0002259207810441564","0.0002259207810441564","0.00020335517183411866","0.00020335517183411866","0.00020335517183411866","0.00024194588435680738","0.00024194588435680738","0.00024194588435680738","0.0003325826993594611","0.0003325826993594611","0.0003325826993594611","0.00042140092201797027","0.00042140092201797027","0.00042140092201797027","0.0011373300554363855","0.0011373300554363855","0.0011373300554363855","0.0025730020300086054","0.0025730020300086054","0.0025730020300086054"
"456","0.00021613715216517448","0.00021613715216517448","0.00021613715216517448","0.0002718826539681426","0.0002718826539681426","0.0002718826539681426","0.0002649877195446087","0.0002649877195446087","0.0002649877195446087","0.00023958851150902255","0.00023958851150902255","0.00023958851150902255","0.0003923783702443221","0.0003923783702443221","0.0003923783702443221","0.00041092631207512956","0.00041092631207512956","0.00041092631207512956","0.001231323553448809","0.001231323553448809","0.001231323553448809","0.0031258519073682173","0.0031258519073682173","0.0031258519073682173"
"457","0.00028116478227145435","0.00028116478227145435","0.00028116478227145435","0.00024128797563857267","0.00024128797563857267","0.00024128797563857267","0.00020667406455946287","0.00020667406455946287","0.00020667406455946287","0.00038466330650927763","0.00038466330650927763","0.00038466330650927763","0.0003259004733990878","0.0003259004733990878","0.0003259004733990878","0.00038581835854399415","0.00038581835854399415","0.00038581835854399415","0.0010660386594411517","0.0010660386594411517","0.0010660386594411517","0.0025102400021361454","0.0025102400021361454","0.0025102400021361454"
"458","0.00036715416146242727","0.00036715416146242727","0.00036715416146242727","0.00020401344227138907","0.00020401344227138907","0.00020401344227138907","0.00020500344232589538","0.00020500344232589538","0.00020500344232589538","0.00027775555125637244","0.00027775555125637244","0.00027775555125637244","0.0003730533104057291","0.0003730533104057291","0.0003730533104057291","0.00037525966555611897","0.00037525966555611897","0.00037525966555611897","0.001103219177041735","0.001103219177041735","0.001103219177041735","0.002741878852248192","0.002741878852248192","0.002741878852248192"
"459","0.00018947080077071275","0.00018947080077071275","0.00018947080077071275","0.0002739186436104189","0.0002739186436104189","0.0002739186436104189","0.00024067261672046567","0.00024067261672046567","0.00024067261672046567","0.00020099220689319606","0.00020099220689319606","0.00020099220689319606","0.00045027450375658063","0.00045027450375658063","0.00045027450375658063","0.000450519537220576","0.000450519537220576","0.000450519537220576","0.001248742254184825","0.001248742254184825","0.001248742254184825","0.0026598991327253835","0.0026598991327253835","0.0026598991327253835"
"460","0.00019822018137866898","0.00019822018137866898","0.00019822018137866898","0.0002701225000367101","0.0002701225000367101","0.0002701225000367101","0.00020886401554370032","0.00020886401554370032","0.00020886401554370032","0.00018309078482811207","0.00018309078482811207","0.00018309078482811207","0.0005553265800699592","0.0005553265800699592","0.0005553265800699592","0.0004205755789631179","0.0004205755789631179","0.0004205755789631179","0.0010816903169532971","0.0010816903169532971","0.0010816903169532971","0.0030387542044211712","0.0030387542044211712","0.0030387542044211712"
"461","0.00018214549137545482","0.00018214549137545482","0.00018214549137545482","0.0002419717181640278","0.0002419717181640278","0.0002419717181640278","0.00020827971353095824","0.00020827971353095824","0.00020827971353095824","0.00020994774032650248","0.00020994774032650248","0.00020994774032650248","0.00044132020307837853","0.00044132020307837853","0.00044132020307837853","0.0004823419980571738","0.0004823419980571738","0.0004823419980571738","0.0011242334730923176","0.0011242334730923176","0.0011242334730923176","0.0033989491972274016","0.0033989491972274016","0.0033989491972274016"
"463","0.00021439726489396499","0.00021439726489396499","0.00021439726489396499","0.0003279869062160807","0.0003279869062160807","0.0003279869062160807","0.0002632331431543987","0.0002632331431543987","0.0002632331431543987","0.0002288433866591991","0.0002288433866591991","0.0002288433866591991","0.00039981315577668805","0.00039981315577668805","0.00039981315577668805","0.0004629820676720036","0.0004629820676720036","0.0004629820676720036","0.0011498353061532335","0.0011498353061532335","0.0011498353061532335","0.002731484776761915","0.002731484776761915","0.002731484776761915"
"464","0.00019774657578506907","0.00019774657578506907","0.00019774657578506907","0.0002677176921029708","0.0002677176921029708","0.0002677176921029708","0.00031483865209988186","0.00031483865209988186","0.00031483865209988186","0.0002535100294543164","0.0002535100294543164","0.0002535100294543164","0.00046979300012545925","0.00046979300012545925","0.00046979300012545925","0.0003479169016437871","0.0003479169016437871","0.0003479169016437871","0.0011111757402042194","0.0011111757402042194","0.0011111757402042194","0.0027878910935084733","0.0027878910935084733","0.0027878910935084733"
"465","0.00020100614658856233","0.00020100614658856233","0.00020100614658856233","0.0001770249125131938","0.0001770249125131938","0.0001770249125131938","0.0002334701005435948","0.0002334701005435948","0.0002334701005435948","0.00018401739362161607","0.00018401739362161607","0.00018401739362161607","0.00046281931905208955","0.00046281931905208955","0.00046281931905208955","0.0006474471093887198","0.0006474471093887198","0.0006474471093887198","0.0010455709083804063","0.0010455709083804063","0.0010455709083804063","0.0026660072949848007","0.0026660072949848007","0.0026660072949848007"
"466","0.00017404010369708494","0.00017404010369708494","0.00017404010369708494","0.00022846669266333004","0.00022846669266333004","0.00022846669266333004","0.00018801209599977092","0.00018801209599977092","0.00018801209599977092","0.00016764998768589327","0.00016764998768589327","0.00016764998768589327","0.0003334228718553537","0.0003334228718553537","0.0003334228718553537","0.00044170265027787536","0.00044170265027787536","0.00044170265027787536","0.0012201491044834256","0.0012201491044834256","0.0012201491044834256","0.002806322432921401","0.002806322432921401","0.002806322432921401"
"467","0.0001892492624132761","0.0001892492624132761","0.0001892492624132761","0.0002557847765274346","0.0002557847765274346","0.0002557847765274346","0.00020382973265701106","0.00020382973265701106","0.00020382973265701106","0.0002449661697028205","0.0002449661697028205","0.0002449661697028205","0.000498754030559212","0.000498754030559212","0.000498754030559212","0.0005660398705263755","0.0005660398705263755","0.0005660398705263755","0.0010552107331542565","0.0010552107331542565","0.0010552107331542565","0.0025765401743618505","0.0025765401743618505","0.0025765401743618505"
"468","0.0001903308116847516","0.0001903308116847516","0.0001903308116847516","0.0002792623417917639","0.0002792623417917639","0.0002792623417917639","0.00022779264171341701","0.00022779264171341701","0.00022779264171341701","0.0002826956375169435","0.0002826956375169435","0.0002826956375169435","0.00041654662345536053","0.00041654662345536053","0.00041654662345536053","0.0004458769108168781","0.0004458769108168781","0.0004458769108168781","0.0013905607712721185","0.0013905607712721185","0.0013905607712721185","0.0026217930717393756","0.0026217930717393756","0.0026217930717393756"
"469","0.00019119659555144608","0.00019119659555144608","0.00019119659555144608","0.0001783000084937417","0.0001783000084937417","0.0001783000084937417","0.00026425800336125704","0.00026425800336125704","0.00026425800336125704","0.00033832902824672474","0.00033832902824672474","0.00033832902824672474","0.0005305187452384936","0.0005305187452384936","0.0005305187452384936","0.00034577475993760994","0.00034577475993760994","0.00034577475993760994","0.0010061465686054102","0.0010061465686054102","0.0010061465686054102","0.0026820870781583445","0.0026820870781583445","0.0026820870781583445"
"470","0.000253551803845247","0.000253551803845247","0.000253551803845247","0.00027397199301049113","0.00027397199301049113","0.00027397199301049113","0.00025013210168773573","0.00025013210168773573","0.00025013210168773573","0.0003175372174674911","0.0003175372174674911","0.0003175372174674911","0.00048137862384984534","0.00048137862384984534","0.00048137862384984534","0.00043295313038730195","0.00043295313038730195","0.00043295313038730195","0.0012393635365047625","0.0012393635365047625","0.0012393635365047625","0.0026655683426984717","0.0026655683426984717","0.0026655683426984717"
"471","0.00022115681037705923","0.00022115681037705923","0.00022115681037705923","0.00040497987980156073","0.00040497987980156073","0.00040497987980156073","0.00029707855719607323","0.00029707855719607323","0.00029707855719607323","0.0002686470002767497","0.0002686470002767497","0.0002686470002767497","0.0004862672690900841","0.0004862672690900841","0.0004862672690900841","0.00032378693244286945","0.00032378693244286945","0.00032378693244286945","0.0011452248394821904","0.0011452248394821904","0.0011452248394821904","0.0025672152738219927","0.0025672152738219927","0.0025672152738219927"
"472","0.00017712164013313929","0.00017712164013313929","0.00017712164013313929","0.0002687270607566461","0.0002687270607566461","0.0002687270607566461","0.00022108699028779353","0.00022108699028779353","0.00022108699028779353","0.0005445390582151179","0.0005445390582151179","0.0005445390582151179","0.0004820634432170274","0.0004820634432170274","0.0004820634432170274","0.0005064208359856691","0.0005064208359856691","0.0005064208359856691","0.0010857545504612581","0.0010857545504612581","0.0010857545504612581","0.0030891667120158672","0.0030891667120158672","0.0030891667120158672"
"474","0.00026002364860947376","0.00026002364860947376","0.00026002364860947376","0.00024385963375347534","0.00024385963375347534","0.00024385963375347534","0.00024945066356199926","0.00024945066356199926","0.00024945066356199926","0.00033221213379874825","0.00033221213379874825","0.00033221213379874825","0.00037491816120953966","0.00037491816120953966","0.00037491816120953966","0.0004566095262167177","0.0004566095262167177","0.0004566095262167177","0.0014093584530720754","0.0014093584530720754","0.0014093584530720754","0.0031164708946432385","0.0031164708946432385","0.0031164708946432385"
"475","0.0002863443816230366","0.0002863443816230366","0.0002863443816230366","0.0002446531060351325","0.0002446531060351325","0.0002446531060351325","0.0001711514903165932","0.0001711514903165932","0.0001711514903165932","0.00025828451076189855","0.00025828451076189855","0.00025828451076189855","0.00034140274718603384","0.00034140274718603384","0.00034140274718603384","0.0004178424590333764","0.0004178424590333764","0.0004178424590333764","0.0011535003764687904","0.0011535003764687904","0.0011535003764687904","0.002752720228662448","0.002752720228662448","0.002752720228662448"
"476","0.00019707776872175082","0.00019707776872175082","0.00019707776872175082","0.00026398793228768876","0.00026398793228768876","0.00026398793228768876","0.00023810075695759485","0.00023810075695759485","0.00023810075695759485","0.00026340083111011026","0.00026340083111011026","0.00026340083111011026","0.0004246677022560367","0.0004246677022560367","0.0004246677022560367","0.0004303616795888437","0.0004303616795888437","0.0004303616795888437","0.0011679700941645674","0.0011679700941645674","0.0011679700941645674","0.002454218429712845","0.002454218429712845","0.002454218429712845"
"477","0.00019776574377569238","0.00019776574377569238","0.00019776574377569238","0.0002356941466652123","0.0002356941466652123","0.0002356941466652123","0.0002630052726349926","0.0002630052726349926","0.0002630052726349926","0.00023472582272786115","0.00023472582272786115","0.00023472582272786115","0.00034767580966997357","0.00034767580966997357","0.00034767580966997357","0.0004291711957193911","0.0004291711957193911","0.0004291711957193911","0.0012974362803756126","0.0012974362803756126","0.0012974362803756126","0.0025965911502550754","0.0025965911502550754","0.0025965911502550754"
"478","0.00021113285246039077","0.00021113285246039077","0.00021113285246039077","0.0002230218254096274","0.0002230218254096274","0.0002230218254096274","0.00036877611169724593","0.00036877611169724593","0.00036877611169724593","0.000262920162640512","0.000262920162640512","0.000262920162640512","0.00041684210217291754","0.00041684210217291754","0.00041684210217291754","0.0004628474749292114","0.0004628474749292114","0.0004628474749292114","0.001067539760177689","0.001067539760177689","0.001067539760177689","0.002568385879775243","0.002568385879775243","0.002568385879775243"
"479","0.00021725036744360944","0.00021725036744360944","0.00021725036744360944","0.00021667673718184233","0.00021667673718184233","0.00021667673718184233","0.00021644339098462036","0.00021644339098462036","0.00021644339098462036","0.00019948432704300752","0.00019948432704300752","0.00019948432704300752","0.0004225361959210464","0.0004225361959210464","0.0004225361959210464","0.0003163002963576998","0.0003163002963576998","0.0003163002963576998","0.0011292499756174429","0.0011292499756174429","0.0011292499756174429","0.0029114605692614403","0.0029114605692614403","0.0029114605692614403"
"480","0.00015811202631864165","0.00015811202631864165","0.00015811202631864165","0.000264280715782661","0.000264280715782661","0.000264280715782661","0.00029827870561608246","0.00029827870561608246","0.00029827870561608246","0.00022768643352070024","0.00022768643352070024","0.00022768643352070024","0.00032471235525528234","0.00032471235525528234","0.00032471235525528234","0.0004247753885075716","0.0004247753885075716","0.0004247753885075716","0.0010506899478579207","0.0010506899478579207","0.0010506899478579207","0.003059817727522126","0.003059817727522126","0.003059817727522126"
"481","0.00014952679962984154","0.00014952679962984154","0.00014952679962984154","0.00029895128578313494","0.00029895128578313494","0.00029895128578313494","0.00023226769449788013","0.00023226769449788013","0.00023226769449788013","0.00022692680691501925","0.00022692680691501925","0.00022692680691501925","0.00035616537830459753","0.00035616537830459753","0.00035616537830459753","0.000368743110032353","0.000368743110032353","0.000368743110032353","0.001019688946793654","0.001019688946793654","0.001019688946793654","0.0026347371749579906","0.0026347371749579906","0.0026347371749579906"
"482","0.00018137913554840322","0.00018137913554840322","0.00018137913554840322","0.0002450736418333171","0.0002450736418333171","0.0002450736418333171","0.0003371683997102082","0.0003371683997102082","0.0003371683997102082","0.00019674712218277688","0.00019674712218277688","0.00019674712218277688","0.0003481953317532316","0.0003481953317532316","0.0003481953317532316","0.00028460009239747057","0.00028460009239747057","0.00028460009239747057","0.0010377580557750271","0.0010377580557750271","0.0010377580557750271","0.0028189322744895306","0.0028189322744895306","0.0028189322744895306"
"483","0.0002221891055731768","0.0002221891055731768","0.0002221891055731768","0.00022444165785730417","0.00022444165785730417","0.00022444165785730417","0.0002056306880798989","0.0002056306880798989","0.0002056306880798989","0.00022354956100960926","0.00022354956100960926","0.00022354956100960926","0.00033336963055522313","0.00033336963055522313","0.00033336963055522313","0.000364826836240744","0.000364826836240744","0.000364826836240744","0.0014200406315337335","0.0014200406315337335","0.0014200406315337335","0.0025555710308253765","0.0025555710308253765","0.0025555710308253765"
"485","0.00013285613074133704","0.00013285613074133704","0.00013285613074133704","0.00018874160325919677","0.00018874160325919677","0.00018874160325919677","0.00019041606823780706","0.00019041606823780706","0.00019041606823780706","0.00020198119870786156","0.00020198119870786156","0.00020198119870786156","0.00040027663427671153","0.00040027663427671153","0.00040027663427671153","0.00033404169205044","0.00033404169205044","0.00033404169205044","0.0012099042401782104","0.0012099042401782104","0.0012099042401782104","0.0025476712533938034","0.0025476712533938034","0.0025476712533938034"
"486","0.00017524039243913388","0.00017524039243913388","0.00017524039243913388","0.0003155795701396918","0.0003155795701396918","0.0003155795701396918","0.00022244136822077313","0.00022244136822077313","0.00022244136822077313","0.00015789267802444686","0.00015789267802444686","0.00015789267802444686","0.00042856090502547365","0.00042856090502547365","0.00042856090502547365","0.0004186900956223586","0.0004186900956223586","0.0004186900956223586","0.0013543178793042898","0.0013543178793042898","0.0013543178793042898","0.0025328118769851115","0.0025328118769851115","0.0025328118769851115"
"487","0.00015688058400493382","0.00015688058400493382","0.00015688058400493382","0.00022259684296191802","0.00022259684296191802","0.00022259684296191802","0.0002627432425340105","0.0002627432425340105","0.0002627432425340105","0.0001984042693428429","0.0001984042693428429","0.0001984042693428429","0.0004733491493555318","0.0004733491493555318","0.0004733491493555318","0.0003412246920301446","0.0003412246920301446","0.0003412246920301446","0.0013005077739113144","0.0013005077739113144","0.0013005077739113144","0.002566588211006352","0.002566588211006352","0.002566588211006352"
"488","0.00020043160891093845","0.00020043160891093845","0.00020043160891093845","0.00022636028526384116","0.00022636028526384116","0.00022636028526384116","0.00024737889179959893","0.00024737889179959893","0.00024737889179959893","0.0002501464041415602","0.0002501464041415602","0.0002501464041415602","0.0003321362881771555","0.0003321362881771555","0.0003321362881771555","0.0005461501755884715","0.0005461501755884715","0.0005461501755884715","0.0010523029154033533","0.0010523029154033533","0.0010523029154033533","0.0026391286768817474","0.0026391286768817474","0.0026391286768817474"
"489","0.0001744026178909865","0.0001744026178909865","0.0001744026178909865","0.00021431030056971525","0.00021431030056971525","0.00021431030056971525","0.00020088430444177772","0.00020088430444177772","0.00020088430444177772","0.00013933747374851788","0.00013933747374851788","0.00013933747374851788","0.00039468282401295643","0.00039468282401295643","0.00039468282401295643","0.0002992016067894708","0.0002992016067894708","0.0002992016067894708","0.0011213469385568584","0.0011213469385568584","0.0011213469385568584","0.002494138732020344","0.002494138732020344","0.002494138732020344"
"490","0.0001835254827580814","0.0001835254827580814","0.0001835254827580814","0.00020220071642792651","0.00020220071642792651","0.00020220071642792651","0.00021319630572439304","0.00021319630572439304","0.00021319630572439304","0.00024794396553521177","0.00024794396553521177","0.00024794396553521177","0.0004390125146268734","0.0004390125146268734","0.0004390125146268734","0.0003759728154234056","0.0003759728154234056","0.0003759728154234056","0.0012114432008404816","0.0012114432008404816","0.0012114432008404816","0.0024371543217317332","0.0024371543217317332","0.0024371543217317332"
"491","0.00017817734520316923","0.00017817734520316923","0.00017817734520316923","0.00022540932695847005","0.00022540932695847005","0.00022540932695847005","0.0002592478579442416","0.0002592478579442416","0.0002592478579442416","0.00017822516903314472","0.00017822516903314472","0.00017822516903314472","0.00037830646449167816","0.00037830646449167816","0.00037830646449167816","0.0007606322885424431","0.0007606322885424431","0.0007606322885424431","0.0011438988606512015","0.0011438988606512015","0.0011438988606512015","0.002599606240567352","0.002599606240567352","0.002599606240567352"
"492","0.00017324960832151452","0.00017324960832151452","0.00017324960832151452","0.00024535403021478226","0.00024535403021478226","0.00024535403021478226","0.0002882552154395463","0.0002882552154395463","0.0002882552154395463","0.0001479068398891416","0.0001479068398891416","0.0001479068398891416","0.00042693067475089004","0.00042693067475089004","0.00042693067475089004","0.00030763194081373513","0.00030763194081373513","0.00030763194081373513","0.001028778962790966","0.001028778962790966","0.001028778962790966","0.002668530946331365","0.002668530946331365","0.002668530946331365"
"493","0.00017883096318525662","0.00017883096318525662","0.00017883096318525662","0.00021686048889283223","0.00021686048889283223","0.00021686048889283223","0.00023306312920924808","0.00023306312920924808","0.00023306312920924808","0.00016888139621836932","0.00016888139621836932","0.00016888139621836932","0.0004888546162484479","0.0004888546162484479","0.0004888546162484479","0.00035156795222844394","0.00035156795222844394","0.00035156795222844394","0.0011177471938676067","0.0011177471938676067","0.0011177471938676067","0.0024905487994796465","0.0024905487994796465","0.0024905487994796465"
"494","0.00013917400376937752","0.00013917400376937752","0.00013917400376937752","0.00023395807407463768","0.00023395807407463768","0.00023395807407463768","0.00022055893662452166","0.00022055893662452166","0.00022055893662452166","0.0001611082292843743","0.0001611082292843743","0.0001611082292843743","0.0005095252771362928","0.0005095252771362928","0.0005095252771362928","0.0003226551863398137","0.0003226551863398137","0.0003226551863398137","0.0012064501393719443","0.0012064501393719443","0.0012064501393719443","0.0031130285767306176","0.0031130285767306176","0.0031130285767306176"
"496","0.00031643967875944715","0.00031643967875944715","0.00031643967875944715","0.0001761530308743074","0.0001761530308743074","0.0001761530308743074","0.00026202767496995093","0.00026202767496995093","0.00026202767496995093","0.00024073732492979616","0.00024073732492979616","0.00024073732492979616","0.000365399699408694","0.000365399699408694","0.000365399699408694","0.0004432682097623391","0.0004432682097623391","0.0004432682097623391","0.0013199924142099917","0.0013199924142099917","0.0013199924142099917","0.0026934265957346986","0.0026934265957346986","0.0026934265957346986"
"497","0.00016423475556491342","0.00016423475556491342","0.00016423475556491342","0.000175252284472143","0.000175252284472143","0.000175252284472143","0.00021431857229410007","0.00021431857229410007","0.00021431857229410007","0.00030962321242051464","0.00030962321242051464","0.00030962321242051464","0.0003602175170921588","0.0003602175170921588","0.0003602175170921588","0.0003878274333796331","0.0003878274333796331","0.0003878274333796331","0.0010860591594661986","0.0010860591594661986","0.0010860591594661986","0.002544404997024685","0.002544404997024685","0.002544404997024685"
"498","0.00021355242539097423","0.00021355242539097423","0.00021355242539097423","0.0002508097095414996","0.0002508097095414996","0.0002508097095414996","0.00015758007793920115","0.00015758007793920115","0.00015758007793920115","0.0002858427053849612","0.0002858427053849612","0.0002858427053849612","0.0004078112667359944","0.0004078112667359944","0.0004078112667359944","0.0003646254897051092","0.0003646254897051092","0.0003646254897051092","0.0009935700218193233","0.0009935700218193233","0.0009935700218193233","0.00254507567400911","0.00254507567400911","0.00254507567400911"
"499","0.00021978304305646037","0.00021978304305646037","0.00021978304305646037","0.000235005487671255","0.000235005487671255","0.000235005487671255","0.00024294889798121794","0.00024294889798121794","0.00024294889798121794","0.0002270516103765528","0.0002270516103765528","0.0002270516103765528","0.000404747629155671","0.000404747629155671","0.000404747629155671","0.0003989931553535696","0.0003989931553535696","0.0003989931553535696","0.0011892295442521572","0.0011892295442521572","0.0011892295442521572","0.0024933177711708204","0.0024933177711708204","0.0024933177711708204"
"500","0.00017526994218185012","0.00017526994218185012","0.00017526994218185012","0.00024802931251802614","0.00024802931251802614","0.00024802931251802614","0.00019865549984388053","0.00019865549984388053","0.00019865549984388053","0.00020275128502232422","0.00020275128502232422","0.00020275128502232422","0.00031837304829553304","0.00031837304829553304","0.00031837304829553304","0.00037208017186328234","0.00037208017186328234","0.00037208017186328234","0.0010690263755220389","0.0010690263755220389","0.0010690263755220389","0.0028782617467056426","0.0028782617467056426","0.0028782617467056426"
"501","0.00015905275774587478","0.00015905275774587478","0.00015905275774587478","0.00025049517613037357","0.00025049517613037357","0.00025049517613037357","0.0002223735791631043","0.0002223735791631043","0.0002223735791631043","0.00020916040583480417","0.00020916040583480417","0.00020916040583480417","0.0003584614085931597","0.0003584614085931597","0.0003584614085931597","0.00040037359992441324","0.00040037359992441324","0.00040037359992441324","0.0009958615077526442","0.0009958615077526442","0.0009958615077526442","0.0029229968287316816","0.0029229968287316816","0.0029229968287316816"
"502","0.00018080610815169557","0.00018080610815169557","0.00018080610815169557","0.00026374242484702596","0.00026374242484702596","0.00026374242484702596","0.0002169207249867863","0.0002169207249867863","0.0002169207249867863","0.00020058365979431464","0.00020058365979431464","0.00020058365979431464","0.0003242467313871852","0.0003242467313871852","0.0003242467313871852","0.00036254621227271855","0.00036254621227271855","0.00036254621227271855","0.0012276989956652479","0.0012276989956652479","0.0012276989956652479","0.0027484905274052706","0.0027484905274052706","0.0027484905274052706"
"503","0.0002101389441772231","0.0002101389441772231","0.0002101389441772231","0.00018340369570069015","0.00018340369570069015","0.00018340369570069015","0.00022863915572608157","0.00022863915572608157","0.00022863915572608157","0.0002185983061541005","0.0002185983061541005","0.0002185983061541005","0.00033904058571871635","0.00033904058571871635","0.00033904058571871635","0.0008459214004687965","0.0008459214004687965","0.0008459214004687965","0.0009305306656252858","0.0009305306656252858","0.0009305306656252858","0.002700881425490869","0.002700881425490869","0.002700881425490869"
"504","0.00017227466949926957","0.00017227466949926957","0.00017227466949926957","0.00020386096938247128","0.00020386096938247128","0.00020386096938247128","0.0002274517880453329","0.0002274517880453329","0.0002274517880453329","0.00023508661875634322","0.00023508661875634322","0.00023508661875634322","0.00033801229437813163","0.00033801229437813163","0.00033801229437813163","0.0003776440363643425","0.0003776440363643425","0.0003776440363643425","0.0010287325463390776","0.0010287325463390776","0.0010287325463390776","0.003048962896822819","0.003048962896822819","0.003048962896822819"
"505","0.00021344546153808812","0.00021344546153808812","0.00021344546153808812","0.00020167018166310818","0.00020167018166310818","0.00020167018166310818","0.0002317237272758835","0.0002317237272758835","0.0002317237272758835","0.00017432006695474098","0.00017432006695474098","0.00017432006695474098","0.0003754791396204382","0.0003754791396204382","0.0003754791396204382","0.0004921478144491889","0.0004921478144491889","0.0004921478144491889","0.0010243351155492877","0.0010243351155492877","0.0010243351155492877","0.0026350795274733435","0.0026350795274733435","0.0026350795274733435"
"507","0.000130011210525741","0.000130011210525741","0.000130011210525741","0.0001732575661402994","0.0001732575661402994","0.0001732575661402994","0.0002319358110461118","0.0002319358110461118","0.0002319358110461118","0.0002701291170004489","0.0002701291170004489","0.0002701291170004489","0.00037053567523668917","0.00037053567523668917","0.00037053567523668917","0.0003792894629961146","0.0003792894629961146","0.0003792894629961146","0.0012137048096129937","0.0012137048096129937","0.0012137048096129937","0.0023803056766545133","0.0023803056766545133","0.0023803056766545133"
"508","0.00021981723382071192","0.00021981723382071192","0.00021981723382071192","0.00016872451981596117","0.00016872451981596117","0.00016872451981596117","0.00018564999377953688","0.00018564999377953688","0.00018564999377953688","0.0003202891301563276","0.0003202891301563276","0.0003202891301563276","0.0004020899837736839","0.0004020899837736839","0.0004020899837736839","0.0004301930208125019","0.0004301930208125019","0.0004301930208125019","0.0011272475655589784","0.0011272475655589784","0.0011272475655589784","0.0024152652560068028","0.0024152652560068028","0.0024152652560068028"
"509","0.00014055270730750635","0.00014055270730750635","0.00014055270730750635","0.00018864800118275786","0.00018864800118275786","0.00018864800118275786","0.0001661321969420117","0.0001661321969420117","0.0001661321969420117","0.0002558715599921665","0.0002558715599921665","0.0002558715599921665","0.0003685179524057146","0.0003685179524057146","0.0003685179524057146","0.0003426550974836573","0.0003426550974836573","0.0003426550974836573","0.0009291923654797886","0.0009291923654797886","0.0009291923654797886","0.0027274274533348425","0.0027274274533348425","0.0027274274533348425"
"510","0.0001970544409622172","0.0001970544409622172","0.0001970544409622172","0.00019214315190246061","0.00019214315190246061","0.00019214315190246061","0.0001794114027039281","0.0001794114027039281","0.0001794114027039281","0.00021446410599829896","0.00021446410599829896","0.00021446410599829896","0.0003351557430245781","0.0003351557430245781","0.0003351557430245781","0.0003537932809974466","0.0003537932809974466","0.0003537932809974466","0.0010002546644370472","0.0010002546644370472","0.0010002546644370472","0.0026114082845327046","0.0026114082845327046","0.0026114082845327046"
"511","0.0001495818999371425","0.0001495818999371425","0.0001495818999371425","0.00018829626580035047","0.00018829626580035047","0.00018829626580035047","0.00015673084583665644","0.00015673084583665644","0.00015673084583665644","0.00019481988523953727","0.00019481988523953727","0.00019481988523953727","0.0003813716653634661","0.0003813716653634661","0.0003813716653634661","0.0002947341833662774","0.0002947341833662774","0.0002947341833662774","0.0011469284488287354","0.0011469284488287354","0.0011469284488287354","0.0028080209490976165","0.0028080209490976165","0.0028080209490976165"
"512","0.00019182965687442838","0.00019182965687442838","0.00019182965687442838","0.0001920454004513366","0.0001920454004513366","0.0001920454004513366","0.00022392997925635427","0.00022392997925635427","0.00022392997925635427","0.00019178866516865258","0.00019178866516865258","0.00019178866516865258","0.0003738048752503736","0.0003738048752503736","0.0003738048752503736","0.0003650423916821767","0.0003650423916821767","0.0003650423916821767","0.0011292864302439348","0.0011292864302439348","0.0011292864302439348","0.002925139436099146","0.002925139436099146","0.002925139436099146"
"513","0.00018025811420687075","0.00018025811420687075","0.00018025811420687075","0.0001787600267562084","0.0001787600267562084","0.0001787600267562084","0.00019083768295656358","0.00019083768295656358","0.00019083768295656358","0.0002387083472318149","0.0002387083472318149","0.0002387083472318149","0.00038016528456604907","0.00038016528456604907","0.00038016528456604907","0.0004287629022396037","0.0004287629022396037","0.0004287629022396037","0.0010727405232111259","0.0010727405232111259","0.0010727405232111259","0.0025932927882032736","0.0025932927882032736","0.0025932927882032736"
"514","0.00016715351791520203","0.00016715351791520203","0.00016715351791520203","0.00018059390900556797","0.00018059390900556797","0.00018059390900556797","0.00027024441598249335","0.00027024441598249335","0.00027024441598249335","0.00019042605708818883","0.00019042605708818883","0.00019042605708818883","0.00037668867402576974","0.00037668867402576974","0.00037668867402576974","0.0002665867775379281","0.0002665867775379281","0.0002665867775379281","0.0011086747233223701","0.0011086747233223701","0.0011086747233223701","0.0029090821876057555","0.0029090821876057555","0.0029090821876057555"
"515","0.00015522285061056858","0.00015522285061056858","0.00015522285061056858","0.00018897929840022698","0.00018897929840022698","0.00018897929840022698","0.0002105798651297976","0.0002105798651297976","0.0002105798651297976","0.00020256127027096227","0.00020256127027096227","0.00020256127027096227","0.00039511740033049136","0.00039511740033049136","0.00039511740033049136","0.0003216471751719447","0.0003216471751719447","0.0003216471751719447","0.001085351173449973","0.001085351173449973","0.001085351173449973","0.003454139439522156","0.003454139439522156","0.003454139439522156"
"516","0.0002174918128210785","0.0002174918128210785","0.0002174918128210785","0.00019129040551238826","0.00019129040551238826","0.00019129040551238826","0.0001822165068006143","0.0001822165068006143","0.0001822165068006143","0.00017121819525657753","0.00017121819525657753","0.00017121819525657753","0.0007653366067513291","0.0007653366067513291","0.0007653366067513291","0.00029366549071190614","0.00029366549071190614","0.00029366549071190614","0.0011652950280612068","0.0011652950280612068","0.0011652950280612068","0.002887443805645619","0.002887443805645619","0.002887443805645619"
"518","0.00013606065580721146","0.00013606065580721146","0.00013606065580721146","0.00016801937558089515","0.00016801937558089515","0.00016801937558089515","0.0001719076993010406","0.0001719076993010406","0.0001719076993010406","0.00022311283100862056","0.00022311283100862056","0.00022311283100862056","0.0003635456378106028","0.0003635456378106028","0.0003635456378106028","0.0003511475390821163","0.0003511475390821163","0.0003511475390821163","0.0009409727478799011","0.0009409727478799011","0.0009409727478799011","0.0027285698535186903","0.0027285698535186903","0.0027285698535186903"
"519","0.00017703181531812464","0.00017703181531812464","0.00017703181531812464","0.0002097754435713536","0.0002097754435713536","0.0002097754435713536","0.00026307505530504774","0.00026307505530504774","0.00026307505530504774","0.00016545008111279458","0.00016545008111279458","0.00016545008111279458","0.000356038475209581","0.000356038475209581","0.000356038475209581","0.0003197364234698138","0.0003197364234698138","0.0003197364234698138","0.0009835573728196323","0.0009835573728196323","0.0009835573728196323","0.002665070251428655","0.002665070251428655","0.002665070251428655"
"520","0.0002054858351974482","0.0002054858351974482","0.0002054858351974482","0.00022783160862413103","0.00022783160862413103","0.00022783160862413103","0.0002252484846394509","0.0002252484846394509","0.0002252484846394509","0.00019292251610230387","0.00019292251610230387","0.00019292251610230387","0.0003977738836381052","0.0003977738836381052","0.0003977738836381052","0.00046929142679021297","0.00046929142679021297","0.00046929142679021297","0.000966758217795619","0.000966758217795619","0.000966758217795619","0.002864235030886318","0.002864235030886318","0.002864235030886318"
"521","0.00013908063452358225","0.00013908063452358225","0.00013908063452358225","0.00025300910991583284","0.00025300910991583284","0.00025300910991583284","0.00018323550102650188","0.00018323550102650188","0.00018323550102650188","0.00017454930847244604","0.00017454930847244604","0.00017454930847244604","0.00030601407343056053","0.00030601407343056053","0.00030601407343056053","0.0003238147224432656","0.0003238147224432656","0.0003238147224432656","0.0012881642739687646","0.0012881642739687646","0.0012881642739687646","0.002862822181279106","0.002862822181279106","0.002862822181279106"
"522","0.00016826044156914577","0.00016826044156914577","0.00016826044156914577","0.0001679702545516193","0.0001679702545516193","0.0001679702545516193","0.0002155122097714671","0.0002155122097714671","0.0002155122097714671","0.00021142307377886027","0.00021142307377886027","0.00021142307377886027","0.0003435685877255829","0.0003435685877255829","0.0003435685877255829","0.0004049322389099481","0.0004049322389099481","0.0004049322389099481","0.0009428255226729172","0.0009428255226729172","0.0009428255226729172","0.0024570062523707747","0.0024570062523707747","0.0024570062523707747"
"523","0.00017455556891426177","0.00017455556891426177","0.00017455556891426177","0.0001702264728789617","0.0001702264728789617","0.0001702264728789617","0.00019477418079207252","0.00019477418079207252","0.00019477418079207252","0.000355075770390353","0.000355075770390353","0.000355075770390353","0.0003091472483772252","0.0003091472483772252","0.0003091472483772252","0.0003200154585231628","0.0003200154585231628","0.0003200154585231628","0.0012135610450059175","0.0012135610450059175","0.0012135610450059175","0.0026048229608152595","0.0026048229608152595","0.0026048229608152595"
"524","0.00015399530197360685","0.00015399530197360685","0.00015399530197360685","0.00021277493111223781","0.00021277493111223781","0.00021277493111223781","0.00021628530105642443","0.00021628530105642443","0.00021628530105642443","0.0001796635177535271","0.0001796635177535271","0.0001796635177535271","0.0003352907536152218","0.0003352907536152218","0.0003352907536152218","0.0003810014542458313","0.0003810014542458313","0.0003810014542458313","0.0010832193989439734","0.0010832193989439734","0.0010832193989439734","0.0024275864707306027","0.0024275864707306027","0.0024275864707306027"
"525","0.00014167073303334682","0.00014167073303334682","0.00014167073303334682","0.0001807840656381034","0.0001807840656381034","0.0001807840656381034","0.00021300418718185808","0.00021300418718185808","0.00021300418718185808","0.0001665673574150008","0.0001665673574150008","0.0001665673574150008","0.00025976118922699243","0.00025976118922699243","0.00025976118922699243","0.000497668852663732","0.000497668852663732","0.000497668852663732","0.0014479577241997635","0.0014479577241997635","0.0014479577241997635","0.0034192794202161686","0.0034192794202161686","0.0034192794202161686"
"526","0.00015421406299407993","0.00015421406299407993","0.00015421406299407993","0.00018262651324870864","0.00018262651324870864","0.00018262651324870864","0.00020987513354547055","0.00020987513354547055","0.00020987513354547055","0.00022013158845116517","0.00022013158845116517","0.00022013158845116517","0.0003999412022364725","0.0003999412022364725","0.0003999412022364725","0.0003400405029034508","0.0003400405029034508","0.0003400405029034508","0.0011233988500732397","0.0011233988500732397","0.0011233988500732397","0.002521333417722157","0.002521333417722157","0.002521333417722157"
"527","0.00013858432066626847","0.00013858432066626847","0.00013858432066626847","0.00019206216425767967","0.00019206216425767967","0.00019206216425767967","0.00024201347384535308","0.00024201347384535308","0.00024201347384535308","0.00022590972574627294","0.00022590972574627294","0.00022590972574627294","0.0005680825540496569","0.0005680825540496569","0.0005680825540496569","0.0003946140745288825","0.0003946140745288825","0.0003946140745288825","0.001084091091927673","0.001084091091927673","0.001084091091927673","0.0026359774970582555","0.0026359774970582555","0.0026359774970582555"
"529","0.00016380663562033857","0.00016380663562033857","0.00016380663562033857","0.00020456173972758864","0.00020456173972758864","0.00020456173972758864","0.00017409737379888872","0.00017409737379888872","0.00017409737379888872","0.0001871498576032796","0.0001871498576032796","0.0001871498576032796","0.00032452851675251234","0.00032452851675251234","0.00032452851675251234","0.0002935293778136838","0.0002935293778136838","0.0002935293778136838","0.0008536813381527152","0.0008536813381527152","0.0008536813381527152","0.0027723051607608795","0.0027723051607608795","0.0027723051607608795"
"530","0.00016678268314405744","0.00016678268314405744","0.00016678268314405744","0.00020137065647369518","0.00020137065647369518","0.00020137065647369518","0.0001782964016976101","0.0001782964016976101","0.0001782964016976101","0.00022022437977804138","0.00022022437977804138","0.00022022437977804138","0.0003436672725781266","0.0003436672725781266","0.0003436672725781266","0.00029871763815338327","0.00029871763815338327","0.00029871763815338327","0.0010327676510704415","0.0010327676510704415","0.0010327676510704415","0.0028624796042484896","0.0028624796042484896","0.0028624796042484896"
"531","0.00015640283735202893","0.00015640283735202893","0.00015640283735202893","0.00021244631456543824","0.00021244631456543824","0.00021244631456543824","0.0002997200915290575","0.0002997200915290575","0.0002997200915290575","0.00019047706570875431","0.00019047706570875431","0.00019047706570875431","0.0003719798779846834","0.0003719798779846834","0.0003719798779846834","0.00033311263125921996","0.00033311263125921996","0.00033311263125921996","0.0010734829619260772","0.0010734829619260772","0.0010734829619260772","0.003336905601567456","0.003336905601567456","0.003336905601567456"
"532","0.00015847896949188517","0.00015847896949188517","0.00015847896949188517","0.00013989966412607049","0.00013989966412607049","0.00013989966412607049","0.00041542262416831884","0.00041542262416831884","0.00041542262416831884","0.00015461433732915402","0.00015461433732915402","0.00015461433732915402","0.0003208979344760467","0.0003208979344760467","0.0003208979344760467","0.00027811414994565505","0.00027811414994565505","0.00027811414994565505","0.0012143229666565145","0.0012143229666565145","0.0012143229666565145","0.0026599494740366936","0.0026599494740366936","0.0026599494740366936"
"533","0.00021447367700082914","0.00021447367700082914","0.00021447367700082914","0.00016396526812708804","0.00016396526812708804","0.00016396526812708804","0.00022855796019679734","0.00022855796019679734","0.00022855796019679734","0.0001432998719142883","0.0001432998719142883","0.0001432998719142883","0.0004346153520080926","0.0004346153520080926","0.0004346153520080926","0.00031931462581269443","0.00031931462581269443","0.00031931462581269443","0.0010371144037760263","0.0010371144037760263","0.0010371144037760263","0.0035220522633088486","0.0035220522633088486","0.0035220522633088486"
"534","0.00016072312428150326","0.00016072312428150326","0.00016072312428150326","0.0002050343027804047","0.0002050343027804047","0.0002050343027804047","0.00020255969138816","0.00020255969138816","0.00020255969138816","0.0001721375571962978","0.0001721375571962978","0.0001721375571962978","0.00034193426628397513","0.00034193426628397513","0.00034193426628397513","0.0002488275890105537","0.0002488275890105537","0.0002488275890105537","0.0012099306082486042","0.0012099306082486042","0.0012099306082486042","0.0025672936961720033","0.0025672936961720033","0.0025672936961720033"
"535","0.0001785579973199804","0.0001785579973199804","0.0001785579973199804","0.00021006390306865796","0.00021006390306865796","0.00021006390306865796","0.00023722876254136542","0.00023722876254136542","0.00023722876254136542","0.0001579678792040795","0.0001579678792040795","0.0001579678792040795","0.00037219735012123626","0.00037219735012123626","0.00037219735012123626","0.0004588911043746131","0.0004588911043746131","0.0004588911043746131","0.001139756541566125","0.001139756541566125","0.001139756541566125","0.0025521741398344083","0.0025521741398344083","0.0025521741398344083"
"536","0.00014857839726443802","0.00014857839726443802","0.00014857839726443802","0.00022788490917134498","0.00022788490917134498","0.00022788490917134498","0.00019315477298472876","0.00019315477298472876","0.00019315477298472876","0.00018964589980896562","0.00018964589980896562","0.00018964589980896562","0.00041553727351129055","0.00041553727351129055","0.00041553727351129055","0.00045929257508500347","0.00045929257508500347","0.00045929257508500347","0.0009605670722001898","0.0009605670722001898","0.0009605670722001898","0.0026699536413486514","0.0026699536413486514","0.0026699536413486514"
"537","0.00014127376458158584","0.00014127376458158584","0.00014127376458158584","0.00019035574639149542","0.00019035574639149542","0.00019035574639149542","0.00026128719660586545","0.00026128719660586545","0.00026128719660586545","0.00014301466788830503","0.00014301466788830503","0.00014301466788830503","0.0003641119900359107","0.0003641119900359107","0.0003641119900359107","0.0003384417463426611","0.0003384417463426611","0.0003384417463426611","0.0012586178490892053","0.0012586178490892053","0.0012586178490892053","0.003178022086753377","0.003178022086753377","0.003178022086753377"
"538","0.00012575266529373557","0.00012575266529373557","0.00012575266529373557","0.00017448191959244599","0.00017448191959244599","0.00017448191959244599","0.00021225847844367048","0.00021225847844367048","0.00021225847844367048","0.0001796156762533688","0.0001796156762533688","0.0001796156762533688","0.00031146854702715894","0.00031146854702715894","0.00031146854702715894","0.00043965068263267834","0.00043965068263267834","0.00043965068263267834","0.000998948301587786","0.000998948301587786","0.000998948301587786","0.0025206669233739376","0.0025206669233739376","0.0025206669233739376"
"540","0.00016195603893720545","0.00016195603893720545","0.00016195603893720545","0.0002084863226627931","0.0002084863226627931","0.0002084863226627931","0.00018923323243922953","0.00018923323243922953","0.00018923323243922953","0.00014908253589445458","0.00014908253589445458","0.00014908253589445458","0.00039211511362477073","0.00039211511362477073","0.00039211511362477073","0.00026840583138567","0.00026840583138567","0.00026840583138567","0.0009879815708180623","0.0009879815708180623","0.0009879815708180623","0.00275917279733611","0.00275917279733611","0.00275917279733611"
"541","0.00014791048410448378","0.00014791048410448378","0.00014791048410448378","0.00018825121930733855","0.00018825121930733855","0.00018825121930733855","0.00018619434143017446","0.00018619434143017446","0.00018619434143017446","0.0002210861535526679","0.0002210861535526679","0.0002210861535526679","0.0004014400141646287","0.0004014400141646287","0.0004014400141646287","0.00027020111156161875","0.00027020111156161875","0.00027020111156161875","0.0015956619089203222","0.0015956619089203222","0.0015956619089203222","0.002455071546137333","0.002455071546137333","0.002455071546137333"
"542","0.0002137002842833421","0.0002137002842833421","0.0002137002842833421","0.0002354252293506371","0.0002354252293506371","0.0002354252293506371","0.00017520258864221563","0.00017520258864221563","0.00017520258864221563","0.00017235385166713968","0.00017235385166713968","0.00017235385166713968","0.0003686700614967516","0.0003686700614967516","0.0003686700614967516","0.00034271904067801576","0.00034271904067801576","0.00034271904067801576","0.001110224618709513","0.001110224618709513","0.001110224618709513","0.002540040960801499","0.002540040960801499","0.002540040960801499"
"543","0.00013746950779542594","0.00013746950779542594","0.00013746950779542594","0.00016706527094356716","0.00016706527094356716","0.00016706527094356716","0.00018842334040008218","0.00018842334040008218","0.00018842334040008218","0.0002598898032114708","0.0002598898032114708","0.0002598898032114708","0.0004184989250331585","0.0004184989250331585","0.0004184989250331585","0.0004321391336686377","0.0004321391336686377","0.0004321391336686377","0.0010501936111333115","0.0010501936111333115","0.0010501936111333115","0.002578018931671977","0.002578018931671977","0.002578018931671977"
"544","0.00012011304767968665","0.00012011304767968665","0.00012011304767968665","0.0001731986870124404","0.0001731986870124404","0.0001731986870124404","0.000228154134154985","0.000228154134154985","0.000228154134154985","0.0002177363369680409","0.0002177363369680409","0.0002177363369680409","0.00031261746023249416","0.00031261746023249416","0.00031261746023249416","0.00030852679836763334","0.00030852679836763334","0.00030852679836763334","0.001372470337498401","0.001372470337498401","0.001372470337498401","0.0030767567389245543","0.0030767567389245543","0.0030767567389245543"
"545","0.00015016997661275257","0.00015016997661275257","0.00015016997661275257","0.0001923277325529073","0.0001923277325529073","0.0001923277325529073","0.00023720442342372344","0.00023720442342372344","0.00023720442342372344","0.00018161950824183544","0.00018161950824183544","0.00018161950824183544","0.0004415227574229773","0.0004415227574229773","0.0004415227574229773","0.00032208939956035465","0.00032208939956035465","0.00032208939956035465","0.0014184884161555342","0.0014184884161555342","0.0014184884161555342","0.0025168576311053975","0.0025168576311053975","0.0025168576311053975"
"546","0.00013420658173605","0.00013420658173605","0.00013420658173605","0.0001691381070746242","0.0001691381070746242","0.0001691381070746242","0.00019266481519610222","0.00019266481519610222","0.00019266481519610222","0.00012917543478709246","0.00012917543478709246","0.00012917543478709246","0.00033989446403990896","0.00033989446403990896","0.00033989446403990896","0.0002946204601487677","0.0002946204601487677","0.0002946204601487677","0.0011414000847642975","0.0011414000847642975","0.0011414000847642975","0.002648592377746744","0.002648592377746744","0.002648592377746744"
"547","0.00013798884694032104","0.00013798884694032104","0.00013798884694032104","0.0002211937337831062","0.0002211937337831062","0.0002211937337831062","0.00018922766009511958","0.00018922766009511958","0.00018922766009511958","0.00023247252205952203","0.00023247252205952203","0.00023247252205952203","0.00036851973605475256","0.00036851973605475256","0.00036851973605475256","0.0004895485139318875","0.0004895485139318875","0.0004895485139318875","0.0010313987066703184","0.0010313987066703184","0.0010313987066703184","0.002751288636188422","0.002751288636188422","0.002751288636188422"
"548","0.00015986944968712384","0.00015986944968712384","0.00015986944968712384","0.00015169663570954332","0.00015169663570954332","0.00015169663570954332","0.00021179066555175398","0.00021179066555175398","0.00021179066555175398","0.00014568098309350068","0.00014568098309350068","0.00014568098309350068","0.0004366985979556505","0.0004366985979556505","0.0004366985979556505","0.00037141289171164056","0.00037141289171164056","0.00037141289171164056","0.0009317500599926072","0.0009317500599926072","0.0009317500599926072","0.002526886195742658","0.002526886195742658","0.002526886195742658"
"549","0.00014350323389018222","0.00014350323389018222","0.00014350323389018222","0.00016053304716479033","0.00016053304716479033","0.00016053304716479033","0.00017151083115355244","0.00017151083115355244","0.00017151083115355244","0.00025913434053239016","0.00025913434053239016","0.00025913434053239016","0.0002604592633101025","0.0002604592633101025","0.0002604592633101025","0.0002924285238675241","0.0002924285238675241","0.0002924285238675241","0.0009672984763580773","0.0009672984763580773","0.0009672984763580773","0.0027965015033259988","0.0027965015033259988","0.0027965015033259988"