Sample_Index,Cospeciations_Pred,Cospeciations_GT,Host_switches_Pred,Host_switches_GT
0,0.1845703125,0.12121199816465378,0.003814697265625,0.01515199989080429
1,0.17578125,0.1851850003004074,-0.007171630859375,0.03703700006008148
2,0.1240234375,0.32110100984573364,0.01226806640625,0.027522999793291092
3,0.1435546875,0.1129940003156662,0.0087890625,0.028248999267816544
4,0.185546875,0.3451330065727234,0.00958251953125,0.0
5,0.181640625,0.2432429939508438,0.0137939453125,0.009008999913930893
6,0.169921875,0.2425449937582016,0.0157470703125,0.021869000047445297
7,0.1865234375,0.20370399951934814,0.01214599609375,0.046296000480651855
8,0.1943359375,0.18461500108242035,0.005401611328125,0.046153999865055084
9,0.1845703125,0.2626259922981262,0.005828857421875,0.020201999694108963
10,0.1796875,0.345550000667572,0.00933837890625,0.005235999822616577
11,0.166015625,0.12857100367546082,0.007171630859375,0.014286000281572342
12,0.1708984375,0.2926830053329468,-0.000705718994140625,0.024390000849962234
13,0.061767578125,0.2191780060529709,0.0302734375,0.013698999769985676
14,0.1513671875,0.1946669965982437,0.0152587890625,0.010666999965906143
15,0.18359375,0.17647099494934082,0.0069580078125,0.0
16,0.11376953125,0.19642899930477142,0.003173828125,0.01785700023174286
17,0.1435546875,0.23880599439144135,0.004364013671875,0.014925000257790089
18,0.1904296875,0.1355929970741272,0.0019989013671875,0.0169489998370409
19,0.1708984375,0.14814800024032593,0.002288818359375,0.0
20,0.1259765625,0.224932000041008,0.013427734375,0.018969999626278877
21,0.1767578125,0.3035709857940674,0.01031494140625,0.00595200015231967
22,0.169921875,0.253601998090744,0.01519775390625,0.04034600034356117
23,0.1875,0.1929820030927658,0.0201416015625,0.03508799895644188
24,0.185546875,0.24232099950313568,0.01251220703125,0.013651999644935131
25,0.181640625,0.31034499406814575,0.0009918212890625,0.0
26,0.2060546875,0.11111100018024445,0.0089111328125,0.030302999541163445
27,0.05615234375,0.10869599878787994,-0.0028076171875,0.04347800090909004
28,0.177734375,0.17557300627231598,0.0150146484375,0.0
29,0.1201171875,0.2637360095977783,0.01141357421875,0.03296700119972229
30,0.189453125,0.34246599674224854,0.004638671875,0.041095998138189316
31,0.17578125,0.10280399769544601,0.0027313232421875,0.056074999272823334
32,0.044921875,0.09411799907684326,0.011474609375,0.01176500041037798
33,0.208984375,0.434783011674881,0.00494384765625,0.04347800090909004
34,0.166015625,0.3125,0.011474609375,0.017045000568032265
35,0.006988525390625,0.25,0.00159454345703125,0.05000000074505806
36,-0.049072265625,0.20000000298023224,0.0191650390625,0.06666699796915054
37,0.1923828125,0.21126799285411835,0.007080078125,0.0
38,0.10595703125,0.3023259937763214,0.00799560546875,0.0
39,0.1982421875,0.17777800559997559,0.0016021728515625,0.044443998485803604
40,0.1611328125,0.19702599942684174,0.01458740234375,0.01858700066804886
41,0.177734375,0.19718299806118011,0.00421142578125,0.0
42,0.185546875,0.18000000715255737,0.005096435546875,0.019999999552965164
43,0.177734375,0.3043479919433594,0.00994873046875,0.03478299826383591
44,0.1708984375,0.13500000536441803,0.00689697265625,0.019999999552965164
45,0.166015625,0.30487799644470215,0.0093994140625,0.0
46,0.1904296875,0.16908200085163116,0.0093994140625,0.01932400092482567
47,0.1806640625,0.2517009973526001,0.0155029296875,0.013605000451207161
48,0.1806640625,0.26211801171302795,0.00970458984375,0.0035910001024603844
49,0.158203125,0.21875,0.0157470703125,0.03125
50,0.2138671875,0.1521739959716797,-0.00104522705078125,0.02173900045454502
51,0.150390625,0.2707180082798004,0.0091552734375,0.005524999927729368
52,0.1806640625,0.28805598616600037,0.0113525390625,0.009367999620735645
53,0.0107421875,0.3714289963245392,0.00494384765625,0.05714299902319908
54,0.15234375,0.2657339870929718,0.01177978515625,0.00699299992993474
55,0.193359375,0.140625,0.00347900390625,0.015625
56,0.177734375,0.30270299315452576,0.014404296875,0.021622000262141228
57,0.1708984375,0.20915000140666962,0.01422119140625,0.06535899639129639
58,0.173828125,0.23913000524044037,0.01397705078125,0.02173900045454502
59,0.138671875,0.19811299443244934,0.00958251953125,0.00943399965763092
60,0.1767578125,0.17613600194454193,0.009521484375,0.05113599821925163
61,0.1220703125,0.27766600251197815,0.01806640625,0.016096999868750572
62,0.1875,0.13492099940776825,0.007293701171875,0.0
63,0.1123046875,0.25190800428390503,0.0152587890625,0.0076339999213814735
64,0.142578125,0.2524459958076477,0.01806640625,0.013698999769985676
65,0.166015625,0.29249000549316406,0.01531982421875,0.02173900045454502
66,0.1787109375,0.23529399931430817,-0.005584716796875,0.01960800029337406
67,0.1748046875,0.18373499810695648,0.0091552734375,0.012047999538481236
68,0.1923828125,0.20379100739955902,0.00762939453125,0.028435999527573586
69,0.1708984375,0.22340400516986847,-0.0086669921875,0.04255300015211105
70,0.171875,0.22988499701023102,0.004058837890625,0.011494000442326069
71,0.162109375,0.21621599793434143,-0.00457763671875,0.02702699974179268
72,0.17578125,0.2105260044336319,0.007659912109375,0.04511300101876259
73,0.19140625,0.4399999976158142,0.000255584716796875,0.0
74,0.189453125,0.16587699949741364,0.008544921875,0.009479000233113766
75,0.16015625,0.21568599343299866,0.0024871826171875,0.029411999508738518
76,0.1884765625,0.3606559932231903,0.0020599365234375,0.03278699889779091
77,0.0791015625,0.2702699899673462,-0.0022430419921875,0.0
78,0.169921875,0.21717199683189392,0.01123046875,0.005051000043749809
79,0.203125,0.08108100295066833,-0.00531005859375,0.05405399948358536
80,0.1630859375,0.33098599314689636,0.0152587890625,0.02112700045108795
81,0.1923828125,0.15199999511241913,0.00445556640625,0.00800000037997961
82,0.1689453125,0.3363099992275238,0.01190185546875,0.011904999613761902
83,0.12255859375,0.2622950077056885,0.0169677734375,0.02185799926519394
84,0.12353515625,0.17948700487613678,-0.004638671875,0.025640999898314476
85,0.1728515625,0.3052389919757843,0.01324462890625,0.031890999525785446
86,0.1435546875,0.06779699772596359,-0.00106048583984375,0.0169489998370409
87,0.126953125,0.2637679874897003,0.0224609375,0.008696000091731548
88,0.18359375,0.22092999517917633,0.0033111572265625,0.023256000131368637
89,0.04443359375,0.137254998087883,-0.00103759765625,0.01960800029337406
90,0.169921875,0.29629600048065186,0.01007080078125,0.02469100058078766
91,0.1748046875,0.26224198937416077,0.0128173828125,0.019587000831961632
92,0.2099609375,0.10204099863767624,-0.003814697265625,0.08163300156593323
93,0.1396484375,0.22727300226688385,-0.0027313232421875,0.06818199902772903
94,0.1572265625,0.2549020051956177,-0.012451171875,0.01960800029337406
95,0.1845703125,0.29629600048065186,0.01116943359375,0.02469100058078766
96,0.1826171875,0.2903229892253876,-0.0005340576171875,0.0
97,0.177734375,0.2750000059604645,0.00167083740234375,0.012500000186264515
98,0.16796875,0.2408760040998459,-0.00152587890625,0.0
99,0.185546875,0.2870369851589203,0.0048828125,0.009259000420570374
100,0.1513671875,0.08196700364351273,-0.017578125,0.03278699889779091
101,0.1591796875,0.2663689851760864,0.01953125,0.008929000236093998
102,0.091796875,0.09803900122642517,-0.008056640625,0.03921600058674812
103,0.1826171875,0.38775500655174255,0.01422119140625,0.06122399866580963
104,0.1767578125,0.17647099494934082,-0.0020751953125,0.02352900058031082
105,0.1650390625,0.3043479919433594,-0.0084228515625,0.0
106,0.1318359375,0.13157899677753448,-0.0126953125,0.05263200029730797
107,0.181640625,0.22285699844360352,0.01019287109375,0.029999999329447746
108,0.06787109375,0.15730300545692444,0.02099609375,0.022471999749541283
109,0.13671875,0.2891570031642914,0.003997802734375,0.012047999538481236
110,0.1474609375,0.27309200167655945,0.01434326171875,0.008031999692320824
111,0.1845703125,0.25,0.004547119140625,0.022221999242901802
112,0.1650390625,0.28930801153182983,0.01177978515625,0.050314001739025116
113,0.18359375,0.22666700184345245,0.000499725341796875,0.019999999552965164
114,0.1552734375,0.12777799367904663,0.0128173828125,0.044443998485803604
115,0.193359375,0.10144899785518646,0.006072998046875,0.04347800090909004
116,0.1240234375,0.217617005109787,0.019287109375,0.015544000081717968
117,0.1162109375,0.18181799352169037,0.0030517578125,0.0227269995957613
118,0.1953125,0.08910900354385376,-0.00445556640625,0.02970300056040287
119,0.1611328125,0.3092780113220215,0.004058837890625,0.020618999376893044
120,0.19140625,0.31020399928092957,0.00701904296875,0.004081999883055687
121,0.1826171875,0.04347800090909004,-0.00469970703125,0.010870000347495079
122,0.1650390625,0.247422993183136,0.0147705078125,0.005154999904334545
123,0.08349609375,0.15517200529575348,0.003631591796875,0.01724099926650524
124,0.181640625,0.28042298555374146,0.00701904296875,0.005291000008583069
125,0.1591796875,0.06593400239944458,-0.001922607421875,0.010989000089466572
126,0.1748046875,0.24397599697113037,0.00811767578125,0.00903599988669157
127,0.15234375,0.16981099545955658,-0.000278472900390625,0.03773599863052368
128,0.1318359375,0.07936500012874603,0.0015106201171875,0.11111100018024445
129,0.0225830078125,0.15517200529575348,0.00616455078125,0.03448300063610077
130,0.1552734375,0.1529410034418106,0.004913330078125,0.035294000059366226
131,0.158203125,0.16545000672340393,0.0181884765625,0.023113999515771866
132,0.19140625,0.3142859935760498,-0.002288818359375,0.0
133,0.10595703125,0.1875,-0.0081787109375,0.0
134,0.146484375,0.3703700006008148,-0.0140380859375,0.0
135,0.197265625,0.29213500022888184,-0.00054931640625,0.022471999749541283
136,0.1474609375,0.2244900017976761,-0.0040283203125,0.0
137,0.201171875,0.28787899017333984,0.009033203125,0.007575999945402145
138,0.181640625,0.19672100245952606,0.007720947265625,0.03278699889779091
139,0.1796875,0.2698409855365753,-0.0052490234375,0.03174600005149841
140,0.11279296875,0.22033900022506714,0.00811767578125,0.0169489998370409
141,0.11669921875,0.15748000144958496,0.016357421875,0.04724400117993355
142,0.17578125,0.24413099884986877,0.01129150390625,0.004695000126957893
143,0.185546875,0.15384599566459656,-0.00830078125,0.07692299783229828
144,0.181640625,0.11888100206851959,0.0078125,0.03496500104665756
145,0.1982421875,0.2954550087451935,0.00177001953125,0.011363999918103218
146,0.1796875,0.20634900033473969,-0.005157470703125,0.04761900007724762
147,0.1787109375,0.2765960097312927,-0.00823974609375,0.02127699926495552
148,0.1630859375,0.23376600444316864,-0.0140380859375,0.0
149,0.115234375,0.3703700006008148,-0.0023193359375,0.0
150,0.1005859375,0.05084700137376785,-0.00604248046875,0.06779699772596359
151,0.1279296875,0.09302300214767456,-0.01068115234375,0.0
152,0.1884765625,0.1397850066423416,0.01129150390625,0.005375999957323074
153,0.1416015625,0.26923099160194397,-0.000682830810546875,0.03846200183033943
154,0.1904296875,0.3548389971256256,-0.000675201416015625,0.03225800022482872
155,0.08251953125,0.03999999910593033,-0.006866455078125,0.0
156,0.142578125,0.23529399931430817,0.0037841796875,0.035294000059366226
157,0.1884765625,0.23703700304031372,-0.00146484375,0.022221999242901802
158,0.1455078125,0.21333299577236176,-0.01165771484375,0.013333000242710114
159,0.16796875,0.27122199535369873,0.01397705078125,0.010351999662816525
160,0.1884765625,0.2857140004634857,-0.00225830078125,0.03571400046348572
161,0.185546875,0.3225809931755066,-0.0098876953125,0.03225800022482872
162,0.1552734375,0.30000001192092896,-0.00982666015625,0.0
163,0.140625,0.2826089859008789,-0.0068359375,0.0
164,0.1669921875,0.23086099326610565,0.0150146484375,0.007176999934017658
165,0.16796875,0.22857099771499634,0.01434326171875,0.016070999205112457
166,0.15234375,0.18055599927902222,0.01531982421875,0.004629999864846468
167,0.1435546875,0.2608700096607208,-0.0181884765625,0.08695700019598007
168,0.1865234375,0.3741939961910248,0.01080322265625,0.01935500092804432
169,0.14453125,0.18209899961948395,0.018310546875,0.03395099937915802
170,0.1826171875,0.25146201252937317,0.00885009765625,0.0
171,0.1806640625,0.28685298562049866,0.00860595703125,0.015936000272631645
172,0.1513671875,0.17441900074481964,-0.00738525390625,0.023256000131368637
173,0.1669921875,0.3090910017490387,0.0130615234375,0.02727299928665161
174,0.1494140625,0.21604900062084198,0.0108642578125,0.043209999799728394
175,0.19140625,0.47368401288986206,0.006072998046875,0.021052999421954155
176,0.1875,0.12777799367904663,0.01025390625,0.011110999621450901
177,0.17578125,0.2830190062522888,0.0128173828125,0.01886799931526184
178,0.1806640625,0.2884620130062103,0.01007080078125,0.019231000915169716
179,0.1904296875,0.17391300201416016,-0.00110626220703125,0.04347800090909004
180,0.1904296875,0.21875,-0.004730224609375,0.03125
181,0.1708984375,0.359375,0.01544189453125,0.046875
182,0.1826171875,0.3114039897918701,0.0125732421875,0.01754399947822094
183,0.1787109375,0.269663006067276,0.0130615234375,0.005617999937385321
184,0.193359375,0.15000000596046448,0.0169677734375,0.014286000281572342
185,0.123046875,0.23388999700546265,0.021240234375,0.019092999398708344
186,0.1826171875,0.1267939954996109,0.01129150390625,0.009569000452756882
187,0.1708984375,0.21159400045871735,0.01544189453125,0.014492999762296677
188,0.12451171875,0.20000000298023224,0.0201416015625,0.01612900011241436
189,0.2060546875,0.2199999988079071,-0.000278472900390625,0.0
190,0.1865234375,0.2415580004453659,0.0087890625,0.018182000145316124
191,0.11279296875,0.1895419955253601,0.019287109375,0.01960800029337406
192,0.1767578125,0.31068000197410583,0.0126953125,0.014562999829649925
193,0.1650390625,0.2990129888057709,0.0157470703125,0.025388000532984734
194,0.162109375,0.22692300379276276,0.0146484375,0.023076999932527542
195,0.11083984375,0.14054100215435028,0.02490234375,0.02702699974179268
196,0.091796875,0.16956500709056854,0.01446533203125,0.008696000091731548
197,0.1494140625,0.4749999940395355,-0.002227783203125,0.05000000074505806
198,0.1865234375,0.16610200703144073,0.00885009765625,0.006779999937862158
199,0.1875,0.265625,0.004486083984375,0.0
200,0.1552734375,0.25230199098587036,0.0172119140625,0.011049999855458736
201,0.13671875,0.2571429908275604,-0.01068115234375,0.0
202,0.1708984375,0.18421100080013275,-0.00897216796875,0.026316000148653984
203,0.11962890625,0.2864449918270111,0.0225830078125,0.025575000792741776
204,0.1630859375,0.2698409855365753,-0.006561279296875,0.0
205,0.16796875,0.34146299958229065,-0.0098876953125,0.024390000849962234
206,0.1728515625,0.33333298563957214,-0.006500244140625,0.023809999227523804
207,0.1923828125,0.2397959977388382,0.005279541015625,0.030611999332904816
208,0.07421875,0.11764699965715408,0.00089263916015625,0.0
209,0.1943359375,0.2704080045223236,0.009033203125,0.04081600159406662
210,0.1748046875,0.15517200529575348,-0.005523681640625,0.0
211,0.1728515625,0.24590200185775757,0.0145263671875,0.02459000051021576
212,0.2080078125,0.3090910017490387,-0.0032806396484375,0.018182000145316124
213,0.189453125,0.3199999928474426,-0.006744384765625,0.019999999552965164
214,0.1435546875,0.2426300048828125,0.016357421875,0.002268000040203333
215,0.171875,0.2873559892177582,0.01287841796875,0.0057470002211630344
216,0.1318359375,0.1075270026922226,-0.006011962890625,0.010753000155091286
217,0.18359375,0.19417500495910645,0.010498046875,0.009708999656140804
218,0.185546875,0.22772300243377686,0.006195068359375,0.009901000186800957
219,0.1923828125,0.15151500701904297,-0.0057373046875,0.030302999541163445
220,0.181640625,0.275193989276886,0.0118408203125,0.0038759999442845583
221,0.185546875,0.2879579961299896,0.00390625,0.02617800049483776
222,0.181640625,0.1940300017595291,0.008056640625,0.03731299936771393
223,-0.20703125,0.12276200205087662,0.04052734375,0.012787999585270882
224,0.158203125,0.2140990048646927,0.01416015625,0.005222000181674957
225,0.18359375,0.11349699646234512,0.010986328125,0.02147199958562851
226,0.01092529296875,0.11940299719572067,0.01220703125,0.04477600008249283
227,0.1767578125,0.34920600056648254,0.01416015625,0.015873000025749207
228,0.15234375,0.08571399748325348,0.000972747802734375,0.009523999877274036
229,0.1826171875,0.2597399950027466,0.01275634765625,0.025973999872803688
230,0.1787109375,0.22321400046348572,0.01031494140625,0.01785700023174286
231,0.1669921875,0.21782200038433075,0.01080322265625,0.02970300056040287
232,0.18359375,0.3125,-0.001434326171875,0.0
233,0.1767578125,0.3076919913291931,-0.01165771484375,0.0
234,0.134765625,0.20000000298023224,-0.01806640625,0.03333299979567528
235,0.1904296875,0.10563399642705917,0.005218505859375,0.02112700045108795
236,0.1689453125,0.22257100045681,0.0162353515625,0.026645999401807785
237,0.173828125,0.5,-0.0162353515625,0.0
238,0.193359375,0.33548399806022644,0.005401611328125,0.012903000228106976
239,0.08203125,0.26923099160194397,-0.0001392364501953125,0.0
240,0.099609375,0.15555599331855774,-0.01312255859375,0.022221999242901802
241,0.17578125,0.25373101234436035,0.0113525390625,0.019899999722838402
242,0.177734375,0.23571400344371796,0.0087890625,0.014286000281572342
243,0.173828125,0.282353013753891,-0.00139617919921875,0.02352900058031082
244,0.185546875,0.2539680004119873,0.00836181640625,0.007937000133097172
245,0.1708984375,0.24074099957942963,-0.00732421875,0.018518999218940735
246,0.1865234375,0.39682498574256897,3.8623809814453125e-05,0.015873000025749207
247,0.1806640625,0.24242399632930756,0.009033203125,0.030302999541163445
248,0.1513671875,0.20967699587345123,0.007537841796875,0.04838699847459793
249,0.12255859375,0.23913000524044037,0.0036163330078125,0.0
250,0.1845703125,0.2526319921016693,0.01171875,0.01684200018644333
251,0.177734375,0.1932770013809204,0.013916015625,0.005601999815553427
252,0.005126953125,0.07339400053024292,0.0128173828125,0.03669700026512146
253,0.1748046875,0.2871290147304535,0.00714111328125,0.019802000373601913
254,0.1220703125,0.15050199627876282,0.021240234375,0.02006700076162815
255,0.17578125,0.2969430088996887,0.00830078125,0.01746699959039688
256,0.1630859375,0.1875,0.0164794921875,0.020833000540733337
257,0.1826171875,0.26446300745010376,0.01446533203125,0.024793000891804695
258,0.1552734375,0.33333298563957214,0.0140380859375,0.02536199986934662
259,0.169921875,0.28690800070762634,0.0167236328125,0.04735400155186653
260,0.1826171875,0.2315790057182312,0.01129150390625,0.026316000148653984
261,0.15234375,0.19444400072097778,-0.007659912109375,0.0
262,0.0888671875,0.15076899528503418,0.0272216796875,0.01538500003516674
263,0.1865234375,0.26708099246025085,0.00970458984375,0.018634000793099403
264,0.1865234375,0.22988499701023102,0.005340576171875,0.022988999262452126
265,0.216796875,0.145455002784729,0.005401611328125,0.018182000145316124
266,0.1376953125,0.2743360102176666,0.0206298828125,0.0383480004966259
267,0.1767578125,0.2645159959793091,0.0096435546875,0.03225800022482872
268,0.1884765625,0.13122199475765228,0.00787353515625,0.022624000906944275
269,0.1875,0.3232319951057434,0.007232666015625,0.0
270,0.19140625,0.30000001192092896,0.006805419921875,0.02727299928665161
271,0.185546875,0.07894700020551682,-0.0062255859375,0.05263200029730797
272,0.10400390625,0.33333298563957214,0.0076904296875,0.01515199989080429
273,0.1962890625,0.3076919913291931,0.00634765625,0.019231000915169716
274,0.1904296875,0.11764699965715408,0.006439208984375,0.03921600058674812
275,0.1513671875,0.08333300054073334,-0.00151824951171875,0.020833000540733337
276,0.0869140625,0.07547199726104736,0.01190185546875,0.02830200083553791
277,0.0118408203125,0.14507800340652466,0.0245361328125,0.015544000081717968
278,0.16796875,0.257407009601593,0.014404296875,0.011110999621450901
279,0.1875,0.2941179871559143,0.006439208984375,0.029411999508738518
280,0.19140625,0.2325579971075058,0.0032501220703125,0.046512000262737274
281,0.19140625,0.3518519997596741,0.006805419921875,0.018518999218940735
282,0.181640625,0.06790100038051605,0.00933837890625,0.018518999218940735
283,0.201171875,0.33962300419807434,-0.00274658203125,0.01886799931526184
284,0.1748046875,0.15086199343204498,0.0155029296875,0.01293100044131279
285,0.1630859375,0.23999999463558197,0.01251220703125,0.012307999655604362
286,0.1875,0.13076899945735931,0.003204345703125,0.0
287,-0.1513671875,0.06521700322628021,0.0238037109375,0.04347800090909004
288,0.1796875,0.09090899676084518,0.0003604888916015625,0.030302999541163445
289,0.1845703125,0.3194440007209778,0.0038299560546875,0.0
290,0.1533203125,0.2448980063199997,0.0191650390625,0.006802999880164862
291,0.1962890625,0.3799999952316284,0.006744384765625,0.0
292,0.19140625,0.35714301466941833,0.00103759765625,0.0
293,0.1875,0.23369599878787994,0.0103759765625,0.02173900045454502
294,0.1611328125,0.34894299507141113,0.01434326171875,0.01359499990940094
295,0.1513671875,0.1959799975156784,0.019775390625,0.008375000208616257
296,0.1884765625,0.27142900228500366,0.00885009765625,0.014286000281572342
297,0.1796875,0.3061220049858093,0.014892578125,0.0
298,0.1953125,0.26829299330711365,0.00872802734375,0.012195000424981117
299,0.185546875,0.330826997756958,0.011474609375,0.03007500059902668
300,0.119140625,0.10000000149011612,-0.00653076171875,0.03333299979567528
301,0.181640625,0.24561400711536407,0.0130615234375,0.029239999130368233
302,0.16796875,0.20238099992275238,0.0050048828125,0.04761900007724762
303,0.177734375,0.10389599949121475,0.004974365234375,0.025973999872803688
304,0.1708984375,0.14285700023174286,-0.007781982421875,0.0
305,0.1884765625,0.25773200392723083,0.00909423828125,0.015464000403881073
306,0.1904296875,0.2054789960384369,0.00714111328125,0.04794500023126602
307,0.19140625,0.3684209883213043,0.00726318359375,0.010525999590754509
308,0.2197265625,0.26923099160194397,0.000274658203125,0.019231000915169716
309,0.138671875,0.282353013753891,0.0179443359375,0.01176500041037798
310,0.193359375,0.2578119933605194,0.00830078125,0.0078119998797774315
311,0.1904296875,0.25316500663757324,0.006256103515625,0.018986999988555908
312,0.185546875,0.2833330035209656,-0.005950927734375,0.016666999086737633
313,0.1943359375,0.3425930142402649,0.0084228515625,0.03703700006008148
314,0.1865234375,0.18831199407577515,0.01068115234375,0.025973999872803688
315,0.0908203125,0.058823999017477036,-0.004669189453125,0.0
316,0.19140625,0.24150900542736053,0.01019287109375,0.022641999647021294
317,0.1669921875,0.2380950003862381,0.002227783203125,0.0
318,0.166015625,0.23595499992370605,0.00909423828125,0.03370799869298935
319,0.193359375,0.2758620083332062,-0.00091552734375,0.03448300063610077
320,0.1591796875,0.22471900284290314,0.0030364990234375,0.05618000030517578
321,0.1396484375,0.2622950077056885,-0.00897216796875,0.0
322,0.1943359375,0.28688499331474304,0.00457763671875,0.0
323,0.1572265625,0.18918900191783905,-0.004730224609375,0.02702699974179268
324,0.173828125,0.20273299515247345,0.0120849609375,0.025056999176740646
325,0.15234375,0.09523800015449524,0.0020904541015625,0.05952399969100952
326,0.171875,0.2592589855194092,0.006317138671875,0.018518999218940735
327,0.197265625,0.4117650091648102,0.0050048828125,0.0
328,0.1611328125,0.26237601041793823,-0.003814697265625,0.009901000186800957
329,0.185546875,0.3603599965572357,0.00154876708984375,0.018017999827861786
330,0.166015625,0.07500000298023224,-0.014892578125,0.02500000037252903
331,0.1904296875,0.20370399951934814,0.00021266937255859375,0.018518999218940735
332,0.1494140625,0.10988999903202057,0.0035858154296875,0.03296700119972229
333,0.1259765625,0.23076899349689484,0.00250244140625,0.0
334,0.1875,0.1812870055437088,0.0098876953125,0.040936000645160675
335,0.1767578125,0.25,0.004425048828125,0.03125
336,0.1669921875,0.24090899527072906,0.01409912109375,0.02727299928665161
337,0.1796875,0.24310800433158875,0.01141357421875,0.015038000419735909
338,0.1650390625,0.29883140325546265,0.013916015625,0.023372290655970573
339,0.1591796875,0.3031669855117798,0.014404296875,0.01810000091791153
340,0.197265625,0.17171700298786163,0.00238037109375,0.030302999541163445
341,0.169921875,0.2584269940853119,-0.00109100341796875,0.011235999874770641
342,0.181640625,0.22376009821891785,0.0107421875,0.01845443993806839
343,0.03662109375,0.21621599793434143,-0.005584716796875,0.08108100295066833
344,0.1904296875,0.32432401180267334,0.00119781494140625,0.02702699974179268
345,-0.0279541015625,0.14074069261550903,0.0284423828125,0.02469136007130146
346,0.1240234375,0.13698600232601166,0.01312255859375,0.0
347,0.1826171875,0.3225809931755066,0.000843048095703125,0.0
348,0.1875,0.2892560064792633,0.00567626953125,0.03305799886584282
349,0.1923828125,0.2315790057182312,0.006378173828125,0.031578999012708664
350,-0.2451171875,0.09000000357627869,0.027099609375,0.03999999910593033
351,0.185546875,0.19047600030899048,0.006500244140625,0.04761900007724762
352,0.1787109375,0.4102559983730316,-0.0038299560546875,0.05128199979662895
353,0.1455078125,0.2852810025215149,0.019287109375,0.03338399901986122
354,0.189453125,0.1923079937696457,0.0086669921875,0.04807699844241142
355,0.181640625,0.20754699409008026,0.0079345703125,0.03773599863052368
356,0.1552734375,0.2192309945821762,0.016357421875,0.023076999932527542
357,0.1845703125,0.3076919913291931,0.01214599609375,0.01538500003516674
358,0.1806640625,0.26388901472091675,0.0106201171875,0.011110999621450901
359,0.1904296875,0.36619699001312256,0.005584716796875,0.0070420000702142715
360,0.119140625,0.27033498883247375,0.0211181640625,0.01913899928331375
361,0.18359375,0.2683979868888855,0.007354736328125,0.004329000134021044
362,0.04541015625,0.10344800353050232,-0.0027923583984375,0.03448300063610077
363,0.1875,0.23333300650119781,0.004058837890625,0.016666999086737633
364,0.173828125,0.3090380132198334,0.008544921875,0.00874600000679493
365,0.205078125,0.1636359989643097,0.00958251953125,0.03636400029063225
366,0.185546875,0.2985070049762726,0.004852294921875,0.029851000756025314
367,0.1962890625,0.28125,0.0087890625,0.01875000074505806
368,0.171875,0.2413789927959442,-0.0118408203125,0.03448300063610077
369,0.177734375,0.2903229892253876,0.007354736328125,0.03225800022482872
370,0.1826171875,0.16585400700569153,0.010986328125,0.03414599969983101
371,0.1376953125,0.2199999988079071,-0.0146484375,0.019999999552965164
372,0.1923828125,0.09090899676084518,-0.004638671875,0.018182000145316124
373,-0.14453125,0.08571399748325348,0.00604248046875,0.0
374,0.130859375,0.1851850003004074,0.0208740234375,0.02777799963951111
375,0.162109375,0.3169640004634857,0.01416015625,0.008929000236093998
376,0.10595703125,0.14000000059604645,0.0032501220703125,0.009999999776482582
377,0.0712890625,0.15789499878883362,-0.0078125,0.07894700020551682
378,0.189453125,0.21686699986457825,0.006805419921875,0.012047999538481236
379,0.1689453125,0.28421100974082947,0.00726318359375,0.04210500046610832
380,0.1318359375,0.12727299332618713,-0.0091552734375,0.0
381,0.1904296875,0.2941179871559143,0.00927734375,0.012605000287294388
382,0.1806640625,0.3105590045452118,0.006622314453125,0.024845000356435776
383,0.134765625,0.28888899087905884,-0.01531982421875,0.022221999242901802
384,0.181640625,0.4107140004634857,0.0023956298828125,0.0
385,0.1611328125,0.2701529860496521,0.0194091796875,0.006535999942570925
386,0.173828125,0.32758599519729614,-0.000637054443359375,0.0
387,0.17578125,0.25794699788093567,0.013427734375,0.012715999968349934
388,0.185546875,0.47368401288986206,0.004058837890625,0.026316000148653984
389,0.1884765625,0.26829299330711365,0.01019287109375,0.024390000849962234
390,0.1923828125,0.2909089922904968,0.00677490234375,0.0
391,0.1982421875,0.28813600540161133,0.006103515625,0.02542399987578392
392,0.064453125,0.1860470026731491,0.005096435546875,0.046512000262737274
393,0.17578125,0.08771900087594986,0.0128173828125,0.031578999012708664
394,0.1943359375,0.26618701219558716,0.0050048828125,0.02158300019800663
395,0.1806640625,0.2099130004644394,0.01239013671875,0.02332399971783161
396,0.0020599365234375,0.15151500701904297,-0.0001621246337890625,0.0
397,0.134765625,0.10606099665164948,-0.01031494140625,0.01515199989080429
398,0.1455078125,0.3166019916534424,0.0201416015625,0.02509699948132038
399,0.10986328125,0.12727299332618713,0.006988525390625,0.018182000145316124
400,0.1552734375,0.22058799862861633,0.007080078125,0.014705999754369259
401,0.173828125,0.18918900191783905,-0.003662109375,0.0
402,0.1923828125,0.2923080027103424,0.0022430419921875,0.0
403,0.1875,0.2666670083999634,-0.0072021484375,0.0
404,0.05712890625,0.1626168042421341,0.031005859375,0.041121501475572586
405,0.1630859375,0.07999999821186066,-0.0029144287109375,0.019999999552965164
406,0.1552734375,0.14864900708198547,-0.01214599609375,0.0
407,0.15234375,0.3111110031604767,-0.011962890625,0.0
408,0.171875,0.20155000686645508,-0.0023193359375,0.015503999777138233
409,0.18359375,0.31609201431274414,0.01141357421875,0.028736000880599022
410,0.1875,0.22388100624084473,0.00396728515625,0.04477600008249283
411,0.1337890625,0.23684200644493103,-0.0126953125,0.0
412,0.126953125,0.13846200704574585,0.0159912109375,0.01538500003516674
413,0.1591796875,0.24869099259376526,0.0169677734375,0.0
414,0.1767578125,0.16666699945926666,0.005035400390625,0.008333000354468822
415,0.1826171875,0.3846150040626526,0.0035858154296875,0.025640999898314476
416,0.1865234375,0.17857100069522858,-0.0086669921875,0.03571400046348572
417,0.169921875,0.21003100275993347,0.01202392578125,0.0376180000603199
418,0.1787109375,0.17829500138759613,0.0087890625,0.038759998977184296
419,0.140625,0.14285700023174286,-0.01611328125,0.0
420,0.1875,0.24449299275875092,0.01031494140625,0.002203000010922551
421,-0.022216796875,0.12365599721670151,0.0224609375,0.0
422,0.1591796875,0.3248179852962494,0.017578125,0.007298999931663275
423,0.1806640625,0.3387100100517273,0.00799560546875,0.01612900011241436
424,0.1708984375,0.26239100098609924,0.0111083984375,0.0029150000773370266
425,0.083984375,0.2597169876098633,0.026611328125,0.04770300164818764
426,0.1845703125,0.29591798782348633,0.0098876953125,0.02040800079703331
427,0.2255859375,0.17857100069522858,0.0020904541015625,0.10714299976825714
428,0.173828125,0.2909089922904968,-0.00653076171875,0.0
429,0.158203125,0.4000000059604645,-0.011962890625,0.0
430,0.189453125,0.3818179965019226,0.00689697265625,0.009091000072658062
431,0.1630859375,0.14393900334835052,0.0035858154296875,0.007575999945402145
432,0.1533203125,0.30000001192092896,0.018798828125,0.02250000089406967
433,0.1474609375,0.2995089888572693,0.0206298828125,0.0392800010740757
434,0.15625,0.1333329975605011,-0.0126953125,0.06666699796915054
435,0.1962890625,0.38095200061798096,-0.00238037109375,0.04761900007724762
436,0.1787109375,0.2922079861164093,0.01275634765625,0.025973999872803688
437,0.181640625,0.05555599927902222,0.004913330078125,0.03174600005149841
438,0.18359375,0.3513509929180145,-0.0037078857421875,0.0
439,0.1611328125,0.3170729875564575,0.01324462890625,0.016259999945759773
440,0.1806640625,0.2886599898338318,0.007476806640625,0.030928000807762146
441,0.1806640625,0.16326500475406647,0.0128173828125,0.026239000260829926
442,0.1806640625,0.4000000059604645,0.0021514892578125,0.018182000145316124
443,0.173828125,0.20934000611305237,0.01397705078125,0.0064409999176859856
444,0.18359375,0.2941179871559143,-0.011962890625,0.058823999017477036
445,0.1689453125,0.24161100387573242,0.0166015625,0.03355700150132179
446,0.1845703125,0.3417719900608063,0.0023345947265625,0.012657999992370605
447,0.1748046875,0.2694610059261322,0.015869140625,0.02694600075483322
448,0.1806640625,0.33333298563957214,0.001129150390625,0.07407400012016296
449,0.1826171875,0.20652200281620026,-0.00933837890625,0.0
450,0.173828125,0.2941179871559143,-0.005340576171875,0.014705999754369259
451,0.0654296875,0.1065090000629425,0.0142822265625,0.02366900071501732
452,0.1796875,0.26470598578453064,0.01220703125,0.01583700068295002
453,0.19140625,0.28467199206352234,0.00567626953125,0.021897999569773674
454,0.18359375,0.26153799891471863,-0.00183868408203125,0.01538500003516674
455,0.15234375,0.2523359954357147,0.00897216796875,0.056074999272823334
456,0.1640625,0.12658199667930603,-0.00189208984375,0.0
457,0.1455078125,0.23999999463558197,0.0101318359375,0.01600000075995922
458,0.20703125,0.22018299996852875,0.007659912109375,0.03669700026512146
459,0.1904296875,0.27173900604248047,0.006011962890625,0.02173900045454502
460,0.1787109375,0.16249999403953552,0.0023956298828125,0.0
461,0.171875,0.1304350048303604,0.007354736328125,0.04347800090909004
462,0.17578125,0.26153799891471863,-0.005218505859375,0.0
463,0.1767578125,0.3728809952735901,-0.0017852783203125,0.0169489998370409
464,0.1884765625,0.20000000298023224,0.00201416015625,0.0
465,0.19140625,0.22807000577449799,-0.0015716552734375,0.01754399947822094
466,0.1474609375,0.29550299048423767,0.021728515625,0.029978999868035316
467,0.1904296875,0.22580599784851074,-0.01165771484375,0.06451600044965744
468,0.203125,0.16666699945926666,0.0032958984375,0.020833000540733337
469,0.1875,0.28294599056243896,0.00885009765625,0.031007999554276466
470,0.201171875,0.15322600305080414,0.00897216796875,0.008065000176429749
471,0.1875,0.24223600327968597,0.00933837890625,0.01242200005799532
472,0.1767578125,0.04081600159406662,0.00927734375,0.06122399866580963
473,0.19140625,0.31230300664901733,0.0079345703125,0.007885999977588654
474,0.169921875,0.25408801436424255,0.0159912109375,0.01886799931526184
475,0.2080078125,0.1016950011253357,0.01446533203125,0.06779699772596359
476,0.1865234375,0.36754998564720154,0.00848388671875,0.006622999906539917
477,0.1435546875,0.29958680272102356,0.02197265625,0.024793390184640884
478,0.201171875,0.16666699945926666,0.0017242431640625,0.04166699945926666
479,0.203125,0.2777779996395111,-0.004302978515625,0.013888999819755554
480,0.185546875,0.3140699863433838,0.01287841796875,0.022613000124692917
481,0.18359375,0.25,0.01092529296875,0.03333299979567528
482,0.1982421875,0.3055559992790222,-0.003173828125,0.0
483,0.1943359375,0.125,-0.009765625,0.0
484,0.193359375,0.3978489935398102,0.0087890625,0.010753000155091286
485,0.1669921875,0.1333329975605011,-0.0038604736328125,0.0
486,0.19140625,0.19689099490642548,0.005584716796875,0.031088000163435936
487,0.1572265625,0.10000000149011612,-0.00921630859375,0.0
488,0.1806640625,0.13649900257587433,0.01153564453125,0.03264100104570389
489,0.177734375,0.08433700352907181,0.0198974609375,0.08433700352907181
490,0.1962890625,0.09210500121116638,0.010986328125,0.0394739992916584
491,0.197265625,0.10909099876880646,-9.775161743164062e-05,0.054545000195503235
492,0.1728515625,0.338346004486084,0.0152587890625,0.01002500019967556
493,0.18359375,0.25,-0.0048828125,0.016666999086737633
494,0.10400390625,0.13636399805545807,0.0115966796875,0.0227269995957613
495,0.1650390625,0.1778849959373474,0.01422119140625,0.004807999823242426
496,0.087890625,0.17073200643062592,0.01318359375,0.024390000849962234
497,0.1884765625,0.3684209883213043,-0.00147247314453125,0.0
498,0.1943359375,0.27173900604248047,0.00531005859375,0.010870000347495079
499,0.17578125,0.10330600291490555,0.015380859375,0.0
500,0.189453125,0.31724101305007935,0.00927734375,0.02758600004017353
501,0.201171875,0.33333298563957214,-0.005401611328125,0.0
502,0.1904296875,0.2765960097312927,0.004791259765625,0.04255300015211105
503,0.1904296875,0.20000000298023224,0.00860595703125,0.02758600004017353
504,-0.005767822265625,0.08823499828577042,0.017822265625,0.0441179983317852
505,0.189453125,0.2873559892177582,0.005096435546875,0.0
506,0.1650390625,0.27993300557136536,0.0159912109375,0.008431999944150448
507,0.16796875,0.14465400576591492,0.0130615234375,0.07547199726104736
508,0.17578125,0.14285700023174286,-0.004302978515625,0.04285699874162674
509,0.185546875,0.25161299109458923,0.006866455078125,0.03225800022482872
510,0.193359375,0.17647099494934082,-0.007171630859375,0.0
511,0.162109375,0.1441439986228943,0.00579833984375,0.009008999913930893
512,0.1884765625,0.24404799938201904,0.0096435546875,0.00595200015231967
513,0.08544921875,0.3055559992790222,-0.01214599609375,0.02777799963951111
514,0.205078125,0.20000000298023224,0.004302978515625,0.05333299934864044
515,0.173828125,0.2780900001525879,0.0147705078125,0.03651700168848038
516,0.1650390625,0.3902440071105957,-0.00872802734375,0.0
517,0.1748046875,0.22857099771499634,0.013427734375,0.032653000205755234
518,0.1455078125,0.23260900378227234,0.0216064453125,0.026086999103426933
519,0.185546875,0.319148987531662,0.005279541015625,0.0
520,0.1962890625,0.19318200647830963,0.005340576171875,0.0227269995957613
521,0.173828125,0.26535600423812866,0.0147705078125,0.012284999713301659
522,0.1806640625,0.2874999940395355,-0.006195068359375,0.012500000186264515
523,0.1875,0.2406180053949356,0.00921630859375,0.015452999621629715
524,0.1240234375,0.2311830073595047,0.00982666015625,0.03225800022482872
525,0.189453125,0.2820509970188141,-0.00131988525390625,0.008546999655663967
526,0.1767578125,0.19417500495910645,-0.004791259765625,0.009708999656140804
527,0.193359375,0.234375,-0.00543212890625,0.015625
528,0.146484375,0.24926699697971344,0.0186767578125,0.019061999395489693
529,0.16015625,0.07913699746131897,0.01287841796875,0.028776999562978745
530,0.119140625,0.16964299976825714,0.02490234375,0.01785700023174286
531,0.1884765625,0.3504270017147064,0.0032806396484375,0.017093999311327934
532,0.1689453125,0.23188400268554688,-0.0022430419921875,0.0
533,0.1572265625,0.19697000086307526,0.00994873046875,0.0227269995957613
534,0.1328125,0.19061599671840668,0.0189208984375,0.02346000075340271
535,0.18359375,0.14179100096225739,0.006378173828125,0.0074629997834563255
536,0.1865234375,0.24350599944591522,0.0103759765625,0.0064940000884234905
537,0.1962890625,0.24731199443340302,0.0026702880859375,0.021505000069737434
538,0.1904296875,0.3300969898700714,0.0033111572265625,0.009708999656140804
539,0.177734375,0.25999999046325684,0.01031494140625,0.027499999850988388
540,0.08544921875,0.2173909991979599,-0.00244140625,0.0
541,0.0634765625,0.08928599953651428,0.00927734375,0.07142899930477142
542,0.1884765625,0.17567600309848785,0.0028533935546875,0.013513999991118908
543,0.1845703125,0.32857099175453186,0.01165771484375,0.022856999188661575
544,0.1953125,0.16535399854183197,0.007720947265625,0.007873999886214733
545,0.130859375,0.0928570032119751,0.01495361328125,0.05714299902319908
546,0.15625,0.22580599784851074,0.002838134765625,0.0
547,0.1533203125,0.2549020051956177,-0.004638671875,0.01960800029337406
548,0.166015625,0.1411290019750595,0.011962890625,0.01612900011241436
549,-0.0478515625,0.07936500012874603,0.02294921875,0.03968299925327301
550,0.1904296875,0.3404259979724884,0.007415771484375,0.014183999970555305
551,0.1591796875,0.10909099876880646,-0.0123291015625,0.07272700220346451
552,0.19140625,0.2538459897041321,0.006256103515625,0.01538500003516674
553,0.1796875,0.04255300015211105,0.0002803802490234375,0.04609899967908859
554,0.1748046875,0.21875,-0.0123291015625,0.0625
555,0.1923828125,0.2415730059146881,0.0081787109375,0.005617999937385321
556,-0.1044921875,0.07894700020551682,0.032470703125,0.03684199973940849
557,0.1943359375,0.2739729881286621,0.005096435546875,0.013698999769985676
558,0.1728515625,0.23529399931430817,-0.005950927734375,0.01960800029337406
559,0.1884765625,0.3061220049858093,0.00921630859375,0.008163000456988811
560,0.189453125,0.20175400376319885,0.005401611328125,0.07017499953508377
561,0.2060546875,0.2826089859008789,-0.0059814453125,0.02173900045454502
562,0.1796875,0.2597399950027466,0.0029449462890625,0.025973999872803688
563,0.173828125,0.2826089859008789,0.005279541015625,0.016303999349474907
564,0.166015625,0.22499999403953552,0.0006866455078125,0.02500000037252903
565,0.1826171875,0.1860470026731491,0.003448486328125,0.046512000262737274
566,0.1708984375,0.1695909947156906,0.01300048828125,0.023391999304294586
567,0.1904296875,0.33333298563957214,-0.00994873046875,0.0
568,0.1533203125,0.22105300426483154,0.00946044921875,0.021052999421954155
569,0.1474609375,0.14631199836730957,0.0133056640625,0.021764999255537987
570,0.197265625,0.22972999513149261,0.00958251953125,0.02702699974179268
571,0.1767578125,0.2777779996395111,0.006317138671875,0.06944400072097778
572,0.142578125,0.15932199358940125,0.01318359375,0.015254000201821327
573,0.17578125,0.14814800024032593,0.01007080078125,0.046296000480651855
574,0.16015625,0.27368399500846863,0.01025390625,0.010525999590754509
575,0.134765625,0.3059360086917877,0.022705078125,0.018264999613165855
576,0.1689453125,0.1919189989566803,0.003265380859375,0.040403999388217926
577,0.1728515625,0.24632400274276733,0.013671875,0.014705999754369259
578,0.0859375,0.11864399909973145,0.00714111328125,0.08474600315093994
579,0.1748046875,0.2822969853878021,0.012939453125,0.012759000062942505
580,0.134765625,0.23225800693035126,0.0179443359375,0.05161299929022789
581,0.1611328125,0.1463409960269928,-0.01318359375,0.012195000424981117
582,0.1630859375,0.2467530071735382,-0.01055908203125,0.025973999872803688
583,0.1875,0.3478260040283203,0.01055908203125,0.010870000347495079
584,0.04541015625,0.1647060066461563,0.00173187255859375,0.01176500041037798
585,-0.0654296875,0.08333300054073334,0.0113525390625,0.05555599927902222
586,0.1728515625,0.23076899349689484,0.00109100341796875,0.05128199979662895
587,0.1669921875,0.20266270637512207,0.01104736328125,0.001479289960116148
588,0.134765625,0.1571429967880249,0.0093994140625,0.028571000322699547
589,0.1640625,0.2734380066394806,0.01251220703125,0.0078119998797774315
590,0.1630859375,0.25641000270843506,-0.011962890625,0.0
591,0.185546875,0.22480599582195282,0.006805419921875,0.031007999554276466
592,0.1923828125,0.21875,0.00150299072265625,0.020833000540733337
593,0.1923828125,0.19469000399112701,0.0045166015625,0.0
594,0.19140625,0.3444820046424866,0.00799560546875,0.006688999943435192
595,0.19921875,0.32608699798583984,0.006927490234375,0.04347800090909004
596,0.166015625,0.20000000298023224,-0.0081787109375,0.05000000074505806
597,0.19140625,0.21839100122451782,0.00445556640625,0.011494000442326069
598,-0.1484375,0.09090899676084518,0.0036468505859375,0.0
599,0.1337890625,0.20000000298023224,-0.01544189453125,0.0
600,0.162109375,0.21627399325370789,0.01556396484375,0.012848000042140484
601,0.1767578125,0.23711299896240234,0.0023040771484375,0.010308999568223953
602,0.1923828125,0.2698409855365753,0.00775146484375,0.023809999227523804
603,0.1171875,0.1351349949836731,-0.0032196044921875,0.02702699974179268
604,0.1142578125,0.22727300226688385,-0.0125732421875,0.0227269995957613
605,0.123046875,0.14678899943828583,0.007080078125,0.009173999540507793
606,0.177734375,0.24271799623966217,-0.00159454345703125,0.01941699907183647
607,0.13671875,0.25423699617385864,-0.0137939453125,0.0169489998370409
608,0.1845703125,0.2862899899482727,0.00946044921875,0.03225800022482872
609,0.1943359375,0.2780750095844269,0.006744384765625,0.032085999846458435
610,0.189453125,0.2339179962873459,0.005584716796875,0.0058479998260736465
611,0.1826171875,0.18702299892902374,0.00885009765625,0.01908399909734726
612,0.1845703125,0.10112400352954865,0.0004253387451171875,0.05618000030517578
613,0.14453125,0.2900870144367218,0.0191650390625,0.018950000405311584
614,0.19140625,0.303737998008728,0.00970458984375,0.004672999959439039
615,0.1787109375,0.27000001072883606,0.01092529296875,0.019999999552965164
616,0.09521484375,0.18983100354671478,0.0206298828125,0.006779999937862158
617,0.1484375,0.13698600232601166,-0.002197265625,0.054795000702142715
618,0.173828125,0.19166700541973114,0.004791259765625,0.016666999086737633
619,0.1826171875,0.30487799644470215,0.011962890625,0.016259999945759773
620,0.2041015625,0.16666699945926666,0.002105712890625,0.01515199989080429
621,0.1826171875,0.2173909991979599,-0.0033721923828125,0.0
622,0.1962890625,0.22413800656795502,-0.007232666015625,0.01724099926650524
623,0.17578125,0.13953499495983124,-0.00531005859375,0.0
624,0.1865234375,0.3440859913825989,0.00135040283203125,0.0
625,0.17578125,0.1965319961309433,0.0133056640625,0.05202300101518631
626,0.146484375,0.0925929993391037,-0.00119781494140625,0.018518999218940735
627,0.1875,0.31088098883628845,0.00714111328125,0.015544000081717968
628,0.1767578125,0.2698409855365753,-0.0036468505859375,0.015873000025749207
629,0.1591796875,0.2750000059604645,-0.00799560546875,0.0
630,0.055908203125,0.21428599953651428,-0.0023193359375,0.03571400046348572
631,0.10693359375,0.11538500338792801,-0.00238037109375,0.019231000915169716
632,0.19140625,0.2907800078392029,0.005828857421875,0.02127699926495552
633,0.185546875,0.13636399805545807,0.002349853515625,0.03409099951386452
634,0.162109375,0.2969839870929718,0.014892578125,0.03480299934744835
635,0.1591796875,0.09655199944972992,0.005096435546875,0.04137900099158287
636,0.1630859375,0.21126799285411835,0.00970458984375,0.0
637,0.1708984375,0.31531500816345215,0.01397705078125,0.010811000131070614
638,0.126953125,0.21929800510406494,0.005767822265625,0.026316000148653984
639,0.1337890625,0.17460300028324127,0.000518798828125,0.015873000025749207
640,0.1748046875,0.14772699773311615,0.006591796875,0.056818000972270966
641,0.10498046875,0.2475000023841858,0.0205078125,0.02500000037252903
642,0.189453125,0.1923079937696457,-0.0027923583984375,0.028845999389886856
643,0.1572265625,0.3499999940395355,-0.0118408203125,0.0
644,0.1728515625,0.12962999939918518,-0.004974365234375,0.0
645,0.06640625,0.1162789985537529,-0.005615234375,0.0
646,0.1875,0.2716050148010254,0.009765625,0.02469100058078766
647,0.1923828125,0.2244900017976761,-0.00543212890625,0.04081600159406662
648,0.1650390625,0.3125,0.004241943359375,0.0
649,0.134765625,0.3513509929180145,-0.010498046875,0.05405399948358536
650,0.1884765625,0.2058819979429245,-0.00092315673828125,0.0
651,0.171875,0.2205439954996109,0.0111083984375,0.015106000006198883
652,0.1640625,0.13912999629974365,0.0137939453125,0.01739099994301796
653,0.173828125,0.161764994263649,-0.003509521484375,0.014705999754369259
654,0.0208740234375,0.2608700096607208,0.017578125,0.03478299826383591
655,0.1640625,0.16285699605941772,0.0167236328125,0.007143000140786171
656,0.1845703125,0.2783510088920593,0.004791259765625,0.0
657,0.16015625,0.15254199504852295,0.0086669921875,0.0169489998370409
658,0.1728515625,0.3375000059604645,0.00439453125,0.012500000186264515
659,0.142578125,0.2800000011920929,0.004302978515625,0.0
660,0.1923828125,0.2517009973526001,0.0064697265625,0.02040800079703331
661,0.1865234375,0.37373700737953186,0.003204345703125,0.010100999847054482
662,0.1884765625,0.21019099652767181,0.0033721923828125,0.0191079992800951
663,0.16796875,0.33333298563957214,-0.00799560546875,0.023809999227523804
664,0.2001953125,0.23684200644493103,-0.0021514892578125,0.05263200029730797
665,0.1953125,0.2550339996814728,0.00384521484375,0.006711000110954046
666,0.1826171875,0.36111098527908325,-0.0020599365234375,0.013888999819755554
667,0.1787109375,0.1828790009021759,0.0137939453125,0.02334599941968918
668,0.10546875,0.0338979996740818,0.018310546875,0.0169489998370409
669,0.1875,0.2903229892253876,-0.001007080078125,0.0
670,0.16796875,0.33557000756263733,0.01544189453125,0.004474000073969364
671,0.1435546875,0.1304350048303604,-0.01397705078125,0.04347800090909004
672,0.19140625,0.2826089859008789,0.00396728515625,0.02173900045454502
673,0.1748046875,0.21886800229549408,0.01068115234375,0.015093999914824963
674,0.1826171875,0.05769199877977371,-0.006805419921875,0.0
675,0.1533203125,0.24567900598049164,0.0155029296875,0.009877000004053116
676,0.189453125,0.2523359954357147,0.00396728515625,0.0
677,0.15625,0.14473700523376465,0.00885009765625,0.006579000037163496
678,0.166015625,0.07999999821186066,0.011962890625,0.024000000208616257
679,0.1767578125,0.3016529977321625,0.0120849609375,0.012396999634802341
680,0.19140625,0.20762699842453003,0.00927734375,0.0169489998370409
681,0.061279296875,0.12280700355768204,-0.005340576171875,0.01754399947822094
682,0.189453125,0.31884101033210754,0.0067138671875,0.028985999524593353
683,0.1953125,0.1948470026254654,0.006195068359375,0.017712999135255814
684,0.185546875,0.2872929871082306,0.002716064453125,0.005524999927729368
685,0.1494140625,0.2553189992904663,-0.01153564453125,0.04255300015211105
686,0.193359375,0.3055559992790222,0.00262451171875,0.013888999819755554
687,0.123046875,0.1484380066394806,0.01312255859375,0.023437999188899994
688,0.1767578125,0.17346900701522827,-0.0002727508544921875,0.04081600159406662
689,0.1953125,0.45833298563957214,0.004913330078125,0.020833000540733337
690,0.1591796875,0.27070099115371704,0.015380859375,0.004776999820023775
691,0.09326171875,0.18333299458026886,0.0016326904296875,0.016666999086737633
692,0.1748046875,0.2151159942150116,0.00958251953125,0.023256000131368637
693,0.19140625,0.3041670024394989,0.00848388671875,0.016666999086737633
694,0.1923828125,0.20000000298023224,0.00506591796875,0.01875000074505806
695,0.140625,0.24700599908828735,0.0191650390625,0.010479000397026539
696,0.1962890625,0.15730300545692444,-0.00180816650390625,0.044943999499082565
697,0.095703125,0.1310340017080307,0.016357421875,0.03448300063610077
698,0.0302734375,0.08080799877643585,0.0167236328125,0.07070700079202652
699,0.059814453125,0.1851850003004074,0.02099609375,0.03703700006008148
700,0.185546875,0.33962300419807434,0.01214599609375,0.006289000157266855
701,0.18359375,0.14705899357795715,0.01422119140625,0.0073529998771846294
702,0.1875,0.31578901410102844,-0.005401611328125,0.026316000148653984
703,0.1474609375,0.274509996175766,-0.00286865234375,0.0
704,0.16015625,0.1333329975605011,0.0022735595703125,0.06666699796915054
705,0.07275390625,0.13533799350261688,0.0130615234375,0.0
706,0.19140625,0.17499999701976776,0.0079345703125,0.0041669998317956924
707,0.14453125,0.21975800395011902,0.01611328125,0.010080999694764614
708,0.1748046875,0.26890799403190613,0.01031494140625,0.01960800029337406
709,0.1875,0.2522520124912262,0.0087890625,0.018017999827861786
710,0.166015625,0.23958300054073334,-0.0029144287109375,0.010417000390589237
711,0.1494140625,0.19819800555706024,0.0103759765625,0.009008999913930893
712,0.17578125,0.33333298563957214,-0.006134033203125,0.025640999898314476
713,0.169921875,0.21212099492549896,-0.009765625,0.0
714,0.14453125,0.1851850003004074,-0.001190185546875,0.02469100058078766
715,0.1416015625,0.24390199780464172,0.0205078125,0.017885999754071236
716,0.0615234375,0.31578901410102844,-0.0048828125,0.05263200029730797
717,0.13671875,0.1953119933605194,0.01416015625,0.023437999188899994
718,0.1953125,0.2721090018749237,0.007080078125,0.02040800079703331
719,0.1845703125,0.14738799631595612,0.01080322265625,0.014925000257790089
720,0.1259765625,0.17073200643062592,0.00011777877807617188,0.0
721,0.1875,0.16666699945926666,-0.000576019287109375,0.0
722,0.1513671875,0.203125,0.0084228515625,0.046875
723,0.1904296875,0.08917199820280075,0.00872802734375,0.025477999821305275
724,0.15625,0.2173909991979599,-0.001922607421875,0.014492999762296677
725,0.140625,0.15789499878883362,0.004241943359375,0.06578899919986725
726,0.1064453125,0.20833300054073334,0.0035858154296875,0.020833000540733337
727,0.10986328125,0.22072100639343262,0.019775390625,0.03603599965572357
728,0.1376953125,0.2822760045528412,0.017578125,0.028446000069379807
729,0.1845703125,0.23308299481868744,0.00592041015625,0.0
730,0.1513671875,0.25641000270843506,-0.0087890625,0.0
731,0.1728515625,0.4444440007209778,-0.0031280517578125,0.0
732,0.197265625,0.3770489990711212,0.0113525390625,0.01639300025999546
733,0.169921875,0.24242399632930756,-0.004425048828125,0.06060599908232689
734,0.13671875,0.19662900269031525,0.0146484375,0.022471999749541283
735,0.031982421875,0.23140500485897064,0.0264892578125,0.024793000891804695
736,0.169921875,0.3442620038986206,-0.003173828125,0.01639300025999546
737,0.158203125,0.24242399632930756,-0.0147705078125,0.0
738,-0.0181884765625,0.15789499878883362,0.0108642578125,0.026316000148653984
739,0.18359375,0.16603800654411316,0.01214599609375,0.01886799931526184
740,0.140625,0.17241400480270386,0.00537109375,0.011494000442326069
741,0.158203125,0.296875,-0.01171875,0.015625
742,0.1650390625,0.30000001192092896,0.000934600830078125,0.08333300054073334
743,0.1376953125,0.23002399504184723,0.019775390625,0.018160000443458557
744,0.1328125,0.24590200185775757,-0.00970458984375,0.03278699889779091
745,0.1787109375,0.4666669964790344,-0.0033111572265625,0.0
746,0.1708984375,0.23749999701976776,0.006103515625,0.03125
747,0.18359375,0.22535200417041779,0.0015411376953125,0.0
748,0.1845703125,0.2750000059604645,0.005218505859375,0.01875000074505806
749,0.173828125,0.2694849967956543,0.010986328125,0.027741000056266785
750,0.0986328125,0.32608699798583984,-0.01434326171875,0.0
751,0.1875,0.27272701263427734,0.0064697265625,0.03896100074052811
752,0.1865234375,0.20253199338912964,0.000640869140625,0.0
753,0.181640625,0.23582099378108978,0.011962890625,0.011939999647438526
754,0.1904296875,0.28888899087905884,0.00860595703125,0.009523999877274036
755,0.140625,0.2105260044336319,-0.00665283203125,0.0
756,0.19921875,0.34146299958229065,0.00897216796875,0.0
757,0.140625,0.30601099133491516,0.017333984375,0.01639300025999546
758,0.1337890625,0.253589004278183,0.0130615234375,0.0
759,0.173828125,0.348921000957489,0.01348876953125,0.014387999661266804
760,0.19140625,0.17794500291347504,0.00885009765625,0.0275689996778965
761,0.17578125,0.21804499626159668,0.007110595703125,0.03007500059902668
762,0.1748046875,0.07123299688100815,0.0167236328125,0.041095998138189316
763,0.177734375,0.19186000525951385,0.01312255859375,0.046512000262737274
764,0.177734375,0.24242399632930756,0.0029449462890625,0.01515199989080429
765,0.193359375,0.33486199378967285,0.005889892578125,0.009173999540507793
766,0.1904296875,0.2780269980430603,0.00579833984375,0.013453000225126743
767,0.166015625,0.2834779918193817,0.01519775390625,0.03304300084710121
768,0.142578125,0.20353999733924866,-0.00982666015625,0.04424799978733063
769,0.1953125,0.2790699899196625,0.0076904296875,0.029069999232888222
770,0.158203125,0.2996389865875244,0.01483154296875,0.021661000326275826
771,0.15234375,0.22297300398349762,0.0128173828125,0.043919000774621964
772,0.087890625,0.23618100583553314,0.02490234375,0.05025099962949753
773,0.181640625,0.2885249853134155,0.01287841796875,0.006556999869644642
774,0.01055908203125,0.13402099907398224,0.017333984375,0.0
775,0.1787109375,0.24691399931907654,0.00628662109375,0.0
776,0.1689453125,0.2380950003862381,0.00579833984375,0.03174600005149841
777,0.1845703125,0.1729319989681244,0.00286865234375,0.04511300101876259
778,0.1435546875,0.2571429908275604,-0.0024871826171875,0.014286000281572342
779,0.181640625,0.21556900441646576,0.01312255859375,0.01796399988234043
780,0.1455078125,0.2222220003604889,0.002532958984375,0.020201999694108963
781,0.1904296875,0.34905698895454407,0.00439453125,0.01886799931526184
782,0.091796875,0.08585900068283081,0.01409912109375,0.005051000043749809
783,0.185546875,0.27615100145339966,0.01177978515625,0.020920999348163605
784,0.1826171875,0.3772459924221039,0.0123291015625,0.011975999921560287
785,0.19921875,0.19565199315547943,-0.0034637451171875,0.0
786,0.138671875,0.08759099990129471,-0.003814697265625,0.03649599850177765
787,0.1787109375,0.14285700023174286,-0.010498046875,0.07142899930477142
788,-0.01507568359375,0.20000000298023224,0.00909423828125,0.028571000322699547
789,0.18359375,0.3189449906349182,0.01129150390625,0.02158300019800663
790,0.19140625,0.23711299896240234,0.00469970703125,0.010308999568223953
791,0.049072265625,0.145455002784729,0.01202392578125,0.0
792,0.19140625,0.24898000061511993,0.0089111328125,0.012245000340044498
793,0.0947265625,0.2954550087451935,-0.00970458984375,0.0227269995957613
794,0.1806640625,0.2731280028820038,0.01177978515625,0.008810999803245068
795,0.1806640625,0.16393400728702545,-0.001373291015625,0.01639300025999546
796,0.1552734375,0.05952399969100952,-0.0032196044921875,0.04761900007724762
797,0.1787109375,0.32733801007270813,0.01336669921875,0.010790999978780746
798,0.06689453125,0.1882220059633255,0.025634765625,0.015011999756097794
799,0.11962890625,0.20270299911499023,-0.01153564453125,0.0
800,0.1796875,0.20567399263381958,0.0103759765625,0.028369000181555748
801,0.154296875,0.03614500164985657,0.0201416015625,0.01807199977338314
802,0.1416015625,0.05000000074505806,-0.00750732421875,0.0
803,0.193359375,0.2058819979429245,0.003204345703125,0.014705999754369259
804,0.16796875,0.31333300471305847,0.00848388671875,0.013333000242710114
805,0.1943359375,0.2920350134372711,0.00665283203125,0.017698999494314194
806,0.173828125,0.4102559983730316,0.0009307861328125,0.025640999898314476
807,0.09521484375,0.10344800353050232,-0.01519775390625,0.03448300063610077
808,0.1689453125,0.34293898940086365,0.0166015625,0.011526999995112419
809,0.1416015625,0.14285700023174286,0.01043701171875,0.02255599945783615
810,0.1845703125,0.2898550033569336,0.00109100341796875,0.028985999524593353
811,0.1826171875,0.15625,-0.00106048583984375,0.046875
812,0.1943359375,0.15662699937820435,0.003021240234375,0.06024099886417389
813,0.130859375,0.2199999988079071,-0.00775146484375,0.0
814,0.00138092041015625,0.15000000596046448,-0.002044677734375,0.03333299979567528
815,0.1533203125,0.24247199296951294,0.015625,0.011094000190496445
816,0.16796875,0.23076899349689484,-0.0091552734375,0.010989000089466572
817,0.1962890625,0.32758599519729614,0.00775146484375,0.01724099926650524
818,0.185546875,0.296875,0.0035400390625,0.0
819,0.150390625,0.36111098527908325,-0.009033203125,0.02777799963951111
820,0.1630859375,0.13636399805545807,0.00046539306640625,0.0227269995957613
821,0.177734375,0.16216200590133667,-0.0081787109375,0.02702699974179268
822,-0.050048828125,0.09803900122642517,0.02734375,0.01176500041037798
823,0.140625,0.2574999928474426,0.0185546875,0.029999999329447746
824,0.1552734375,0.23415300250053406,0.0181884765625,0.0051750000566244125
825,0.1728515625,0.35526299476623535,0.0023040771484375,0.026316000148653984
826,0.185546875,0.15789499878883362,0.00021648406982421875,0.01754399947822094
827,0.1875,0.1567160040140152,0.002044677734375,0.0
828,0.197265625,0.16393400728702545,0.009765625,0.03278699889779091
829,0.1865234375,0.15420599281787872,0.01226806640625,0.009345999918878078
830,0.1708984375,0.253601998090744,0.01220703125,0.025937000289559364
831,0.1796875,0.2222220003604889,0.007537841796875,0.012346000410616398
832,0.0869140625,0.1685820072889328,0.0213623046875,0.007662999909371138
833,0.1943359375,0.27272701263427734,0.008056640625,0.009091000072658062
834,0.046142578125,0.2045450061559677,0.02783203125,0.03282799944281578
835,0.1669921875,0.125,0.0036468505859375,0.05000000074505806
836,0.193359375,0.5185189843177795,-0.003021240234375,0.0
837,-0.126953125,0.2199999988079071,0.01348876953125,0.0
838,0.134765625,0.22727300226688385,0.0037078857421875,0.01515199989080429
839,0.146484375,0.24074099957942963,0.01007080078125,0.009259000420570374
840,0.171875,0.3044550120830536,0.0107421875,0.017326999455690384
841,0.162109375,0.24390199780464172,-0.005615234375,0.0
842,0.171875,0.11764699965715408,-0.00189971923828125,0.0
843,0.169921875,0.16760799288749695,0.0101318359375,0.009415999986231327
844,0.189453125,0.22368399798870087,0.00439453125,0.0197369996458292
845,0.1044921875,0.15517200529575348,0.01312255859375,0.0
846,0.1982421875,0.26315799355506897,0.0008392333984375,0.03508799895644188
847,0.1884765625,0.25789499282836914,0.00482177734375,0.031578999012708664
848,0.138671875,0.19565199315547943,-0.00130462646484375,0.02173900045454502
849,0.1875,0.2451609969139099,0.0101318359375,0.02903199940919876
850,0.1728515625,0.26767098903656006,0.0130615234375,0.011587000451982021
851,0.1923828125,0.26785698533058167,0.008056640625,0.022321000695228577
852,0.171875,0.2457830011844635,0.0157470703125,0.012047999538481236
853,0.1845703125,0.26582300662994385,-0.002716064453125,0.012657999992370605
854,0.1796875,0.2507460117340088,0.0113525390625,0.008954999968409538
855,0.150390625,0.30000001192092896,-0.0181884765625,0.0
856,0.1591796875,0.2179490029811859,-0.0159912109375,0.012821000069379807
857,0.189453125,0.1970590054988861,0.00872802734375,0.0441179983317852
858,0.1826171875,0.21276600658893585,-0.00439453125,0.0
859,0.1787109375,0.06766899675130844,0.01025390625,0.07518800348043442
860,0.185546875,0.2898550033569336,0.007080078125,0.10144899785518646
861,0.1728515625,0.3185189962387085,0.013671875,0.014814999885857105
862,0.1748046875,0.38095200061798096,-0.0038299560546875,0.0
863,0.1728515625,0.1710139960050583,0.01434326171875,0.007246000226587057
864,0.185546875,0.08571399748325348,0.00927734375,0.05357100069522858
865,0.169921875,0.25,0.01446533203125,0.029544999822974205
866,0.2001953125,0.07692299783229828,-0.010009765625,0.03846200183033943
867,0.1845703125,0.29750001430511475,0.01007080078125,0.027499999850988388
868,0.1630859375,0.35885199904441833,0.01513671875,0.009569000452756882
869,0.1806640625,0.19018399715423584,0.00653076171875,0.018404999747872353
870,0.171875,0.24444399774074554,0.0026397705078125,0.03333299979567528
871,0.17578125,0.34615400433540344,0.0078125,0.019231000915169716
872,0.140625,0.2687860131263733,0.0201416015625,0.02601199969649315
873,0.1181640625,0.09756100177764893,-0.004669189453125,0.0
874,0.1884765625,0.1968500018119812,0.00701904296875,0.007873999886214733
875,0.1796875,0.2839510142803192,0.00885009765625,0.012346000410616398
876,0.1767578125,0.13253000378608704,0.00250244140625,0.012047999538481236
877,0.1982421875,0.28125,0.005157470703125,0.04166699945926666
878,0.181640625,0.3289470076560974,-0.003631591796875,0.013158000074326992
879,0.1376953125,0.3064520061016083,0.010009765625,0.03225800022482872
880,0.1787109375,0.2413789927959442,0.010986328125,0.022988999262452126
881,0.1884765625,0.29113900661468506,0.00078582763671875,0.02531599998474121
882,0.130859375,0.2222220003604889,0.01806640625,0.04843299835920334
883,0.091796875,0.19444400072097778,-0.002960205078125,0.02777799963951111
884,0.16015625,0.1521739959716797,-0.006927490234375,0.0
885,0.08935546875,0.1682240068912506,-0.0040283203125,0.018691999837756157
886,0.1875,0.22950799763202667,0.00811767578125,0.019672000780701637
887,0.1728515625,0.2711859941482544,-0.004638671875,0.0
888,0.1689453125,0.31147500872612,-0.0035400390625,0.01639300025999546
889,0.1826171875,0.22516599297523499,0.002960205078125,0.026489999145269394
890,0.11474609375,0.27014899253845215,0.025390625,0.0074629997834563255
891,0.1884765625,0.22388100624084473,-0.0009765625,0.0
892,0.1533203125,0.24642899632453918,0.015869140625,0.02500000037252903
893,0.1923828125,0.3649289906024933,0.01043701171875,0.02369699999690056
894,0.1240234375,0.24932999908924103,0.021240234375,0.026809999719262123
895,0.1640625,0.22429899871349335,0.01422119140625,0.006231000181287527
896,0.1640625,0.23636400699615479,-0.00091552734375,0.0
897,0.1279296875,0.2348479926586151,0.01904296875,0.025252999737858772
898,0.060791015625,0.10000000149011612,-0.010986328125,0.05999999865889549
899,0.14453125,0.20000000298023224,-0.0155029296875,0.019999999552965164
900,0.1435546875,0.2985070049762726,-0.004119873046875,0.0
901,0.19140625,0.26934999227523804,0.007659912109375,0.021671999245882034
902,0.14453125,0.2058819979429245,-0.005828857421875,0.029411999508738518
903,0.1416015625,0.23148100078105927,0.0147705078125,0.03703700006008148
904,0.1826171875,0.2528739869594574,0.01226806640625,0.022988999262452126
905,-0.23046875,0.11111100018024445,0.0181884765625,0.0
906,0.1708984375,0.1893489956855774,0.005706787109375,0.02366900071501732
907,0.1640625,0.20000000298023224,-0.010498046875,0.028571000322699547
908,0.1279296875,0.13541699945926666,0.009033203125,0.04166699945926666
909,0.13671875,0.375,-0.0167236328125,0.0
910,0.1513671875,0.11904799938201904,-0.0106201171875,0.023809999227523804
911,0.173828125,0.17142899334430695,0.0013580322265625,0.028571000322699547
912,0.181640625,0.2805759906768799,0.00469970703125,0.007193999830633402
913,0.1279296875,0.2630940079689026,0.0220947265625,0.006089999806135893
914,0.12890625,0.20000000298023224,9.393692016601562e-05,0.0
915,0.1279296875,0.0625,-0.00836181640625,0.0
916,0.13671875,0.18681299686431885,0.003753662109375,0.03296700119972229
917,0.1650390625,0.22857099771499634,-0.0084228515625,0.05714299902319908
918,0.185546875,0.19374999403953552,0.01177978515625,0.03750000149011612
919,0.1494140625,0.16949200630187988,-0.0118408203125,0.0338979996740818
920,0.150390625,0.23404300212860107,0.00921630859375,0.0
921,0.1591796875,0.1754390001296997,0.00885009765625,0.00877199973911047
922,0.19140625,0.2467530071735382,-0.00157928466796875,0.012986999936401844
923,0.1708984375,0.2912620007991791,-0.00091552734375,0.03883500024676323
924,0.1142578125,0.10810799896717072,-0.0162353515625,0.0
925,0.158203125,0.19745199382305145,0.01397705078125,0.028661999851465225
926,0.1689453125,0.25914299488067627,0.01251220703125,0.011494000442326069
927,0.1767578125,0.2758620083332062,0.005615234375,0.03448300063610077
928,0.1728515625,0.33090901374816895,0.008056640625,0.0072730001993477345
929,0.107421875,0.13402099907398224,-0.00897216796875,0.0
930,-0.12158203125,0.13888899981975555,0.017333984375,0.0
931,0.1630859375,0.2967030107975006,-0.00193023681640625,0.010989000089466572
932,0.1875,0.269663006067276,-0.00064849853515625,0.03370799869298935
933,0.169921875,0.3061220049858093,0.008544921875,0.0
934,0.146484375,0.19047600030899048,-0.00555419921875,0.0
935,0.1630859375,0.21153800189495087,-0.0118408203125,0.0
936,0.11669921875,0.31578901410102844,-0.0140380859375,0.013158000074326992
937,0.10888671875,0.20520199835300446,0.0252685546875,0.005779999773949385
938,0.1787109375,0.27152299880981445,0.0033416748046875,0.019867999479174614
939,0.1533203125,0.39583298563957214,-0.01165771484375,0.0
940,0.146484375,0.20238099992275238,0.0036163330078125,0.011904999613761902
941,0.134765625,0.03649599850177765,0.01495361328125,0.029196999967098236
942,0.1923828125,0.2661289870738983,0.005767822265625,0.01612900011241436
943,0.1416015625,0.23404300212860107,-0.0052490234375,0.02127699926495552
944,0.17578125,0.2857140004634857,0.006500244140625,0.03296700119972229
945,0.1279296875,0.20813000202178955,0.016845703125,0.022763999179005623
946,0.06298828125,0.09704600274562836,0.02490234375,0.010549000464379787
947,0.1845703125,0.3089430034160614,0.0002994537353515625,0.008129999972879887
948,0.173828125,0.23398299515247345,0.0150146484375,0.022283999249339104
949,0.1513671875,0.34920600056648254,0.000804901123046875,0.03174600005149841
950,0.11279296875,0.20422500371932983,0.0169677734375,0.049295999109745026
951,0.13671875,0.11904799938201904,-0.00982666015625,0.0
952,0.1796875,0.15544000267982483,0.0137939453125,0.03626900166273117
953,0.1884765625,0.30487799644470215,0.00531005859375,0.00609799986705184
954,0.13671875,0.17525799572467804,0.01165771484375,0.03608199954032898
955,0.1943359375,0.15104199945926666,0.0079345703125,0.046875
956,0.06396484375,0.09090899676084518,-0.01116943359375,0.0
957,0.138671875,0.2549020051956177,-0.01055908203125,0.01960800029337406
958,0.138671875,0.2325579971075058,-0.005523681640625,0.0
959,0.1865234375,0.29166701436042786,0.003265380859375,0.02976199984550476
960,0.154296875,0.32183900475502014,0.00994873046875,0.022988999262452126
961,0.1806640625,0.19642899930477142,0.006988525390625,0.03571400046348572
962,0.1904296875,0.36363598704338074,0.0059814453125,0.0
963,0.2001953125,0.2560980021953583,0.00665283203125,0.012195000424981117
964,0.1796875,0.06493499875068665,0.01007080078125,0.012986999936401844
965,0.1787109375,0.23749999701976776,-0.001434326171875,0.012500000186264515
966,0.1728515625,0.23694799840450287,0.01275634765625,0.03212900087237358
967,0.17578125,0.3222219944000244,0.0084228515625,0.03333299979567528
968,0.134765625,0.2661289870738983,0.019775390625,0.01612900011241436
969,0.1904296875,0.2077919989824295,0.01043701171875,0.019480999559164047
970,0.2001953125,0.22666700184345245,0.005950927734375,0.0
971,0.1689453125,0.26923099160194397,-0.0038909912109375,0.0
972,0.1953125,0.2937059998512268,0.0037078857421875,0.01398599985986948
973,0.189453125,0.20918400585651398,0.00799560546875,0.030611999332904816
974,0.1845703125,0.27522900700569153,0.01116943359375,0.009173999540507793
975,0.11328125,0.24761900305747986,0.02099609375,0.020951999351382256
976,0.1552734375,0.05128199979662895,-0.01470947265625,0.025640999898314476
977,0.171875,0.3701919913291931,0.013916015625,0.024038000032305717
978,0.1875,0.2954550087451935,0.008056640625,0.0227269995957613
979,0.1591796875,0.10067100077867508,-0.0002765655517578125,0.01342300046235323
980,0.1708984375,0.25,-0.01470947265625,0.09375
981,0.1953125,0.15827299654483795,0.0101318359375,0.03956799954175949
982,0.080078125,0.17647099494934082,0.0159912109375,0.035294000059366226
983,-0.050537109375,0.17142899334430695,0.006195068359375,0.028571000322699547
984,0.18359375,0.32773101329803467,0.00130462646484375,0.0
985,0.1865234375,0.25679001212120056,0.0111083984375,0.014814999885857105
986,0.1875,0.2671230137348175,0.00927734375,0.010273999534547329
987,0.1904296875,0.35403698682785034,0.00634765625,0.01242200005799532
988,0.1484375,0.13076899945735931,0.00762939453125,0.046153999865055084
989,0.16796875,0.26446300745010376,0.007354736328125,0.008263999596238136
990,0.189453125,0.24242399632930756,0.00396728515625,0.030302999541163445
991,0.140625,0.09090899676084518,-0.0015869140625,0.0
992,0.166015625,0.08108100295066833,0.0093994140625,0.02702699974179268
993,0.189453125,0.23780499398708344,0.002471923828125,0.012195000424981117
994,0.185546875,0.2336069941520691,0.01092529296875,0.01639300025999546
995,0.146484375,0.2688390016555786,0.021240234375,0.02240299992263317
996,0.1630859375,0.08333300054073334,-0.0030364990234375,0.04166699945926666
997,-0.06787109375,0.09852200001478195,0.0308837890625,0.024630999192595482
998,0.140625,0.15178599953651428,0.016357421875,0.04017899930477142
999,0.1923828125,0.27419400215148926,-0.007568359375,0.0
1000,0.1826171875,0.19540199637413025,0.00144195556640625,0.011494000442326069
1001,0.1689453125,0.3116439878940582,0.0164794921875,0.027396999299526215
1002,0.19921875,0.1612900048494339,0.0081787109375,0.04838699847459793
1003,0.193359375,0.3357659876346588,0.00689697265625,0.04379599913954735
1004,0.166015625,0.248307004570961,0.014892578125,0.027087999507784843
1005,-0.00616455078125,0.10638300329446793,0.007232666015625,0.02127699926495552
1006,0.1865234375,0.10833299905061722,0.003875732421875,0.008333000354468822
1007,0.1943359375,0.2636820077896118,0.006500244140625,0.0024880000855773687
1008,0.1953125,0.2620689868927002,0.006805419921875,0.013793000020086765
1009,0.1962890625,0.17777800559997559,0.0004730224609375,0.0
1010,0.1328125,0.4035089910030365,0.005767822265625,0.0
1011,0.173828125,0.39473700523376465,-0.00860595703125,0.0
1012,0.10009765625,0.07843100279569626,-0.00909423828125,0.0
1013,0.173828125,0.30000001192092896,0.0047607421875,0.014286000281572342
1014,0.1728515625,0.2222220003604889,0.0035552978515625,0.0
1015,0.169921875,0.2786889970302582,0.009521484375,0.02185799926519394
1016,0.177734375,0.2244900017976761,-0.000926971435546875,0.0
1017,0.19140625,0.2573530077934265,0.00830078125,0.00367600005120039
1018,0.12109375,0.22058799862861633,0.0067138671875,0.029411999508738518
1019,0.1962890625,0.3499999940395355,-0.006683349609375,0.0
1020,0.1865234375,0.2612360119819641,0.01287841796875,0.03089899942278862
1021,0.1416015625,0.16346199810504913,0.00433349609375,0.028845999389886856
1022,0.1787109375,0.33333298563957214,0.0027618408203125,0.02777799963951111
1023,0.169921875,0.08176100254058838,0.0079345703125,0.03773599863052368
1024,0.1630859375,0.17441900074481964,-0.004486083984375,0.0
1025,0.1689453125,0.18032799661159515,-0.01422119140625,0.0
1026,0.185546875,0.30000001192092896,0.0091552734375,0.02413799986243248
1027,0.162109375,0.19710099697113037,0.01019287109375,0.014492999762296677
1028,0.185546875,0.31081101298332214,0.00022792816162109375,0.0
1029,0.177734375,0.24193499982357025,0.00286865234375,0.04032300040125847
1030,0.1279296875,0.24615399539470673,-0.006744384765625,0.0
1031,0.16015625,0.2373329997062683,0.01446533203125,0.02133299969136715
1032,0.1923828125,0.07042299956083298,0.006683349609375,0.01408500038087368
1033,0.1875,0.1304350048303604,-0.00022983551025390625,0.0
1034,0.193359375,0.22967499494552612,0.0079345703125,0.012195000424981117
1035,0.185546875,0.19463099539279938,0.0052490234375,0.01342300046235323
1036,0.1728515625,0.25906699895858765,0.00732421875,0.005181000102311373
1037,0.095703125,0.22092999517917633,0.0120849609375,0.0
1038,0.169921875,0.2105260044336319,0.00628662109375,0.0058479998260736465
1039,0.208984375,0.2571429908275604,0.00115203857421875,0.0
1040,0.1884765625,0.19417500495910645,0.0035858154296875,0.02912599965929985
1041,0.1875,0.2694610059261322,0.0033416748046875,0.01796399988234043
1042,0.1630859375,0.2929289937019348,0.00921630859375,0.020201999694108963
1043,0.171875,0.259458988904953,0.006927490234375,0.0
1044,0.193359375,0.2014389932155609,0.00592041015625,0.0
1045,0.1943359375,0.2619050145149231,-0.00164794921875,0.0
1046,0.185546875,0.25641000270843506,-0.00341796875,0.025640999898314476
1047,0.1572265625,0.1571429967880249,-0.003143310546875,0.028571000322699547
1048,0.1416015625,0.13953499495983124,-0.01104736328125,0.023256000131368637
1049,0.19140625,0.2569440007209778,0.005615234375,0.013888999819755554
1050,0.173828125,0.17647099494934082,0.00421142578125,0.016042999923229218
1051,0.142578125,0.2941179871559143,-0.02099609375,0.0
1052,0.154296875,0.20634900033473969,0.0035247802734375,0.0
1053,0.123046875,0.11764699965715408,0.003814697265625,0.02352900058031082
1054,0.1767578125,0.3584910035133362,-0.0034637451171875,0.03773599863052368
1055,0.1669921875,0.20000000298023224,0.00775146484375,0.028571000322699547
1056,0.19140625,0.2627739906311035,0.006988525390625,0.029196999967098236
1057,0.1904296875,0.24886900186538696,0.0087890625,0.03619899973273277
1058,0.130859375,0.23333300650119781,0.0038909912109375,0.0
1059,0.15625,0.24369700253009796,0.001983642578125,0.0
1060,0.16015625,0.15584400296211243,-0.007049560546875,0.012986999936401844
1061,0.1591796875,0.26522600650787354,0.01513671875,0.025539999827742577
1062,0.1826171875,0.1990949958562851,0.0030517578125,0.013574999757111073
1063,0.162109375,0.2666670083999634,-0.00872802734375,0.0
1064,0.146484375,0.10810799896717072,-0.00946044921875,0.02702699974179268
1065,-0.11328125,0.08333300054073334,0.006317138671875,0.05555599927902222
1066,0.1279296875,0.18181799352169037,0.010986328125,0.04958700016140938
1067,0.006378173828125,0.125,-0.007049560546875,0.020833000540733337
1068,0.1875,0.20253199338912964,0.005035400390625,0.07594899833202362
1069,-0.000858306884765625,0.09677399694919586,-0.002197265625,0.04301099851727486
1070,0.07763671875,0.16063299775123596,0.0250244140625,0.04298600181937218
1071,0.189453125,0.10606099665164948,-0.00433349609375,0.01515199989080429
1072,0.177734375,0.3115580081939697,0.01251220703125,0.0301510002464056
1073,0.1748046875,0.32727301120758057,0.01397705078125,0.018182000145316124
1074,0.189453125,0.3644070029258728,0.00738525390625,0.0
1075,0.177734375,0.274262011051178,0.00836181640625,0.008438999764621258
1076,0.11572265625,0.12903200089931488,-0.005615234375,0.0
1077,0.138671875,0.31578901410102844,-0.0166015625,0.0
1078,0.1708984375,0.17842300236225128,0.01226806640625,0.049793001264333725
1079,0.1591796875,0.1636359989643097,-0.0140380859375,0.018182000145316124
1080,0.15625,0.1875,-0.008056640625,0.02500000037252903
1081,0.1572265625,0.21071399748325348,0.01458740234375,0.028571000322699547
1082,0.1083984375,0.15555599331855774,0.00152587890625,0.03333299979567528
1083,0.0634765625,0.15568900108337402,0.0184326171875,0.005987999960780144
1084,0.1728515625,0.309798002243042,0.0147705078125,0.01873200014233589
1085,0.1708984375,0.27642300724983215,0.005279541015625,0.04878000169992447
1086,0.0189208984375,0.05555599927902222,0.004913330078125,0.05555599927902222
1087,0.1533203125,0.3709680140018463,0.00537109375,0.01612900011241436
1088,0.1669921875,0.24390199780464172,-0.010498046875,0.0
1089,0.1845703125,0.33024099469184875,0.01043701171875,0.005566000007092953
1090,0.154296875,0.1851850003004074,-0.006927490234375,0.018518999218940735
1091,0.173828125,0.2391979992389679,0.01153564453125,0.018518999218940735
1092,0.1767578125,0.36000001430511475,0.01519775390625,0.02545499987900257
1093,-0.1767578125,0.08823499828577042,0.0020294189453125,0.0
1094,0.1357421875,0.3273810148239136,0.01141357421875,0.011904999613761902
1095,0.1669921875,0.1379310041666031,-0.01171875,0.0
1096,0.162109375,0.26377999782562256,0.00872802734375,0.011811000294983387
1097,0.1416015625,0.09302300214767456,-0.00994873046875,0.0
1098,0.169921875,0.2033900022506714,-0.01043701171875,0.0169489998370409
1099,0.17578125,0.22631600499153137,0.01080322265625,0.026316000148653984
1100,0.1787109375,0.38888901472091675,0.0028076171875,0.0
1101,0.1552734375,0.29861098527908325,0.010986328125,0.04166699945926666
1102,0.193359375,0.17808200418949127,0.00921630859375,0.008218999952077866
1103,0.1796875,0.2244900017976761,-0.0030670166015625,0.06122399866580963
1104,0.1923828125,0.3111110031604767,0.006317138671875,0.022221999242901802
1105,0.1591796875,0.2663550078868866,0.00811767578125,0.004672999959439039
1106,0.189453125,0.3024689853191376,0.0076904296875,0.018518999218940735
1107,0.166015625,0.13445399701595306,0.0027313232421875,0.008403000421822071
1108,0.203125,0.29166701436042786,0.00107574462890625,0.013888999819755554
1109,0.138671875,0.10588199645280838,0.01171875,0.04705899953842163
1110,0.1552734375,0.2522222101688385,0.0179443359375,0.009999999776482582
1111,0.1875,0.3050850033760071,-0.0025634765625,0.0338979996740818
1112,0.185546875,0.15789499878883362,0.00025177001953125,0.0
1113,0.140625,0.17241400480270386,0.0159912109375,0.014778000302612782
1114,0.047607421875,0.1851850003004074,0.021484375,0.07407400012016296
1115,0.1923828125,0.25641000270843506,0.0030670166015625,0.008546999655663967
1116,0.1708984375,0.38095200061798096,-0.0086669921875,0.0
1117,0.2060546875,0.32394400238990784,0.0054931640625,0.01408500038087368
1118,0.1640625,0.19565199315547943,0.01190185546875,0.03695699945092201
1119,0.1865234375,0.10784299671649933,-0.0003681182861328125,0.00980400014668703
1120,0.1708984375,0.09090899676084518,-0.0096435546875,0.045455001294612885
1121,0.16015625,0.2980000078678131,0.0185546875,0.019999999552965164
1122,0.1943359375,0.1150439977645874,0.008056640625,0.0
1123,0.189453125,0.35384601354599,0.004669189453125,0.01538500003516674
1124,0.169921875,0.24701200425624847,0.01171875,0.027888000011444092
1125,0.1640625,0.05952399969100952,0.00994873046875,0.04166699945926666
1126,0.20703125,0.1647060066461563,0.00811767578125,0.0
1127,0.154296875,0.2173909991979599,0.00946044921875,0.02173900045454502
1128,0.19140625,0.34920600056648254,0.01495361328125,0.03174600005149841
1129,0.1689453125,0.20895500481128693,0.0087890625,0.029851000756025314
1130,0.1640625,0.20000000298023224,0.0033721923828125,0.025640999898314476
1131,0.140625,0.3902440071105957,-0.00079345703125,0.0
1132,0.1962890625,0.2891570031642914,0.0045166015625,0.02409599907696247
1133,0.09423828125,0.23407599329948425,0.0252685546875,0.023885000497102737
1134,0.1572265625,0.04347800090909004,-0.0064697265625,0.02173900045454502
1135,0.1787109375,0.2419929951429367,0.0126953125,0.03202800080180168
1136,0.1630859375,0.2666670083999634,-0.01202392578125,0.0
1137,0.1962890625,0.3119269907474518,0.005401611328125,0.018348999321460724
1138,0.1884765625,0.30120500922203064,-0.006134033203125,0.012047999538481236
1139,0.1552734375,0.2222220003604889,-0.01019287109375,0.0
1140,0.1640625,0.20848099887371063,0.015380859375,0.028269000351428986
1141,0.171875,0.3134329915046692,0.0091552734375,0.029851000756025314
1142,0.189453125,0.21004599332809448,0.00836181640625,0.00456599984318018
1143,0.072265625,0.28406471014022827,0.02880859375,0.013856809586286545
1144,0.1591796875,0.2748819887638092,0.018310546875,0.031596001237630844
1145,0.171875,0.25037699937820435,0.014404296875,0.021115999668836594
1146,0.189453125,0.18656699359416962,0.0089111328125,0.018657000735402107
1147,0.169921875,0.2659569978713989,-0.00738525390625,0.04255300015211105
1148,0.1650390625,0.19047600030899048,0.00171661376953125,0.015873000025749207
1149,0.1689453125,0.2602039873600006,0.015869140625,0.04081600159406662
1150,0.1953125,0.34615400433540344,0.0015106201171875,0.0
1151,0.1787109375,0.22413800656795502,-0.004241943359375,0.05172400176525116
1152,0.189453125,0.23595499992370605,0.0087890625,0.016853999346494675
1153,0.1787109375,0.23893800377845764,0.005828857421875,0.0
1154,0.166015625,0.22845399379730225,0.0172119140625,0.004104000050574541
1155,0.193359375,0.23841099441051483,0.01220703125,0.03973500058054924
1156,0.1767578125,0.41935500502586365,-0.000827789306640625,0.03225800022482872
1157,0.1572265625,0.2666670083999634,-0.00183868408203125,0.0
1158,0.1904296875,0.19580399990081787,0.007171630859375,0.0
1159,0.123046875,0.23595499992370605,0.01153564453125,0.0
1160,0.1650390625,0.34146299958229065,0.01300048828125,0.012195000424981117
1161,0.1796875,0.17913800477981567,0.01483154296875,0.011338000185787678
1162,0.189453125,0.1374409943819046,0.008544921875,0.018957000225782394
1163,0.19140625,0.27333301305770874,0.00701904296875,0.019999999552965164
1164,0.18359375,0.19540199637413025,-0.000339508056640625,0.0
1165,0.1923828125,0.20000000298023224,-0.000965118408203125,0.0
1166,0.18359375,0.29242798686027527,0.01025390625,0.02088800072669983
1167,0.1201171875,0.19607800245285034,0.0162353515625,0.03921600058674812
1168,0.13671875,0.1851850003004074,0.00677490234375,0.049382999539375305
1169,0.185546875,0.20731699466705322,0.009765625,0.05487800016999245
1170,0.1875,0.274073988199234,0.005828857421875,0.044443998485803604
1171,0.185546875,0.2619050145149231,0.01153564453125,0.023809999227523804
1172,0.1796875,0.10294099897146225,0.01055908203125,0.0441179983317852
1173,0.15234375,0.18032799661159515,0.012451171875,0.02459000051021576
1174,0.1767578125,0.3219810128211975,0.01336669921875,0.0
1175,0.09423828125,0.25,0.0140380859375,0.05263200029730797
1176,0.0194091796875,0.1320749968290329,0.0106201171875,0.03773599863052368
1177,0.189453125,0.3478260040283203,0.001800537109375,0.02173900045454502
1178,0.18359375,0.19047600030899048,0.00091552734375,0.009523999877274036
1179,0.1953125,0.15000000596046448,0.002044677734375,0.07500000298023224
1180,0.1787109375,0.29577499628067017,0.007781982421875,0.01408500038087368
1181,0.1474609375,0.27083298563957214,0.003936767578125,0.0625
1182,0.1787109375,0.26771700382232666,0.005401611328125,0.023622000589966774
1183,0.15234375,0.2777779996395111,-0.005035400390625,0.0
1184,0.2021484375,0.1652889996767044,0.006011962890625,0.024793000891804695
1185,0.1953125,0.34117600321769714,0.007171630859375,0.035294000059366226
1186,0.1796875,0.30379700660705566,0.01080322265625,0.012657999992370605
1187,0.185546875,0.19480499625205994,0.01275634765625,0.051947999745607376
1188,0.1826171875,0.137254998087883,0.00433349609375,0.01960800029337406
1189,0.16796875,0.19277100265026093,0.005889892578125,0.04819300025701523
1190,0.181640625,0.21582700312137604,0.0078125,0.007193999830633402
1191,0.1875,0.34020599722862244,0.00811767578125,0.020618999376893044
1192,0.1884765625,0.22950799763202667,0.006317138671875,0.01639300025999546
1193,0.1904296875,0.16190500557422638,0.00396728515625,0.04761900007724762
1194,0.09423828125,0.13095200061798096,0.00982666015625,0.0
1195,0.1484375,0.23880599439144135,0.003387451171875,0.0
1196,0.1923828125,0.2669900059700012,0.00909423828125,0.04854400083422661
1197,0.1845703125,0.12280700355768204,-0.002349853515625,0.03508799895644188
1198,0.177734375,0.2662599980831146,0.0130615234375,0.012195000424981117
1199,0.1796875,0.1875,0.0024261474609375,0.0625
1200,0.1884765625,0.32624098658561707,0.00799560546875,0.014183999970555305
1201,0.173828125,0.137254998087883,-0.0057373046875,0.01960800029337406
1202,0.1591796875,0.19607800245285034,0.00482177734375,0.03921600058674812
1203,0.185546875,0.19318200647830963,0.004150390625,0.0
1204,0.1005859375,0.13888899981975555,0.0084228515625,0.05555599927902222
1205,0.1904296875,0.2635140120983124,0.01177978515625,0.03378399834036827
1206,0.18359375,0.1612900048494339,-0.00156402587890625,0.09677399694919586
1207,0.17578125,0.14903800189495087,0.01263427734375,0.00961500033736229
1208,0.2060546875,0.1527779996395111,0.004425048828125,0.013888999819755554
1209,0.19140625,0.078125,0.00958251953125,0.03125
1210,0.1923828125,0.29447901248931885,0.00872802734375,0.0
1211,0.1953125,0.33333298563957214,0.0030975341796875,0.03508799895644188
1212,0.162109375,0.2777779996395111,-0.00799560546875,0.02777799963951111
1213,0.185546875,0.1484380066394806,0.00927734375,0.03125
1214,0.11962890625,0.12857100367546082,0.012939453125,0.03809500113129616
1215,0.1884765625,0.21229100227355957,0.00958251953125,0.0
1216,0.1865234375,0.2149530053138733,0.0016021728515625,0.037383001297712326
1217,0.1982421875,0.21333299577236176,0.0045166015625,0.013333000242710114
1218,0.173828125,0.179640993475914,0.0142822265625,0.011975999921560287
1219,0.0751953125,0.19148899614810944,0.0084228515625,0.0
1220,0.1552734375,0.14893600344657898,-0.0074462890625,0.02127699926495552
1221,0.1865234375,0.32236799597740173,0.01153564453125,0.0197369996458292
1222,0.166015625,0.11764699965715408,-0.00469970703125,0.029411999508738518
1223,0.189453125,0.3873870074748993,0.009033203125,0.009008999913930893
1224,0.1748046875,0.2222220003604889,-0.0010833740234375,0.009259000420570374
1225,0.1904296875,0.2884620130062103,0.01080322265625,0.05769199877977371
1226,0.1708984375,0.1893939971923828,0.00506591796875,0.007575999945402145
1227,0.1494140625,0.1686750054359436,-0.007232666015625,0.02409599907696247
1228,0.1865234375,0.23595499992370605,0.004547119140625,0.005617999937385321
1229,0.15234375,0.109375,0.01446533203125,0.04166699945926666
1230,0.1865234375,0.29197099804878235,0.01239013671875,0.007298999931663275
1231,0.1328125,0.23926399648189545,0.01806640625,0.036809999495744705
1232,0.09326171875,0.14285700023174286,0.01043701171875,0.0
1233,0.1474609375,0.32110100984573364,0.00775146484375,0.027522999793291092
1234,0.1728515625,0.2350749969482422,0.0145263671875,0.04104499891400337
1235,0.1923828125,0.23819300532341003,0.007171630859375,0.016426999121904373
1236,0.189453125,0.2673799991607666,0.0103759765625,0.0
1237,0.1845703125,0.3371430039405823,0.010986328125,0.011428999714553356
1238,0.17578125,0.19138799607753754,0.01470947265625,0.023923000320792198
1239,0.185546875,0.2528739869594574,-0.0003299713134765625,0.011494000442326069
1240,0.11962890625,0.19736799597740173,-0.000701904296875,0.013158000074326992
1241,0.19921875,0.4444440007209778,0.0019989013671875,0.0
1242,0.00897216796875,0.10891100019216537,0.02978515625,0.02970300056040287
1243,0.181640625,0.2451920062303543,0.01312255859375,0.0
1244,0.109375,0.15579700469970703,0.0225830078125,0.014492999762296677
1245,0.1884765625,0.23790299892425537,0.00689697265625,0.008065000176429749
1246,0.1708984375,0.2834649980068207,0.015625,0.014436000026762486
1247,0.1865234375,0.32330799102783203,0.0137939453125,0.015038000419735909
1248,0.2021484375,0.34246599674224854,0.004730224609375,0.027396999299526215
1249,0.1787109375,0.25581398606300354,0.0031585693359375,0.023256000131368637
1250,0.05615234375,0.2033900022506714,-0.005401611328125,0.0169489998370409
1251,0.158203125,0.2147340029478073,0.0189208984375,0.023510999977588654
1252,0.185546875,0.22395800054073334,0.01171875,0.015625
1253,0.1884765625,0.10204099863767624,0.002777099609375,0.0
1254,0.1923828125,0.21081100404262543,0.006072998046875,0.010811000131070614
1255,0.1435546875,0.24148599803447723,0.0205078125,0.030959999188780785
1256,0.154296875,0.19148899614810944,0.00189971923828125,0.0851060003042221
1257,0.1923828125,0.21071399748325348,0.0081787109375,0.003570999950170517
1258,0.16015625,0.2849870026111603,0.0184326171875,0.017812000587582588
1259,0.1689453125,0.21875,0.01104736328125,0.04910700023174286
1260,0.19140625,0.3176470100879669,0.0021209716796875,0.02352900058031082
1261,0.1962890625,0.2795029878616333,0.0098876953125,0.031055999919772148
1262,0.1953125,0.15555599331855774,-0.002166748046875,0.0
1263,0.1904296875,0.21019099652767181,0.007781982421875,0.012738999910652637
1264,0.1171875,0.2586210072040558,0.0030975341796875,0.01724099926650524
1265,0.1611328125,0.10843399912118912,0.000751495361328125,0.012047999538481236
1266,0.19140625,0.29113900661468506,0.007110595703125,0.0
1267,0.1923828125,0.27741900086402893,0.011962890625,0.006451999768614769
1268,0.1572265625,0.17621099948883057,0.01507568359375,0.022026000544428825
1269,0.1689453125,0.25316500663757324,-0.004913330078125,0.012657999992370605
1270,0.171875,0.25179898738861084,0.01171875,0.02158300019800663
1271,0.189453125,0.25,0.001495361328125,0.0227269995957613
1272,0.189453125,0.17171700298786163,0.004180908203125,0.020201999694108963
1273,0.1943359375,0.24553599953651428,0.00604248046875,0.0044639999978244305
1274,0.201171875,0.32499998807907104,-0.0019378662109375,0.0
1275,0.1728515625,0.3216629922389984,0.0145263671875,0.01094099972397089
1276,0.1962890625,0.1702129989862442,0.00885009765625,0.02127699926495552
1277,0.189453125,0.3106060028076172,0.009521484375,0.011363999918103218
1278,0.1875,0.2800000011920929,0.004638671875,0.026667000725865364
1279,0.1337890625,0.14671799540519714,0.01239013671875,0.0038610000628978014
1280,0.208984375,0.14893600344657898,-0.00836181640625,0.04255300015211105
1281,0.1884765625,0.1644739955663681,0.00445556640625,0.0197369996458292
1282,0.1923828125,0.2627739906311035,0.0069580078125,0.010219000279903412
1283,0.189453125,0.34199100732803345,0.00982666015625,0.030302999541163445
1284,0.1787109375,0.3409090042114258,0.01171875,0.012986999936401844
1285,0.17578125,0.23451299965381622,0.00946044921875,0.017698999494314194
1286,0.1552734375,0.2666670083999634,-0.01531982421875,0.03333299979567528
1287,0.189453125,0.33624500036239624,0.007720947265625,0.01746699959039688
1288,0.189453125,0.2801930010318756,0.0078125,0.009662000462412834
1289,0.1787109375,0.33098599314689636,0.0128173828125,0.0305160004645586
1290,0.1728515625,0.23611100018024445,0.005645751953125,0.02777799963951111
1291,0.193359375,0.23188400268554688,0.00823974609375,0.010870000347495079
1292,0.1748046875,0.26850301027297974,0.01312255859375,0.003441999899223447
1293,0.1728515625,0.20147399604320526,0.01019287109375,0.036855001002550125
1294,0.140625,0.13636399805545807,0.01214599609375,0.005681999959051609
1295,0.189453125,0.24413099884986877,0.00811767578125,0.004695000126957893
1296,0.193359375,0.09923700243234634,0.006805419921875,0.05343500152230263
1297,0.1533203125,0.21428599953651428,0.009033203125,0.008929000236093998
1298,0.150390625,0.3076919913291931,-0.0177001953125,0.03846200183033943
1299,0.1083984375,0.4375,-0.013916015625,0.0
1300,0.1875,0.29714301228523254,0.005279541015625,0.005714000202715397
1301,0.19921875,0.16666699945926666,-0.0022735595703125,0.022221999242901802
1302,0.126953125,0.14102600514888763,-0.002105712890625,0.05128199979662895
1303,0.126953125,0.14285700023174286,0.00994873046875,0.03571400046348572
1304,0.1806640625,0.28135600686073303,0.01165771484375,0.013558999635279179
1305,0.1455078125,0.30303001403808594,0.002471923828125,0.01515199989080429
1306,0.1806640625,0.30146101117134094,0.0108642578125,0.02921600081026554
1307,0.1748046875,0.23983700573444366,0.0108642578125,0.02032499946653843
1308,0.1787109375,0.25,-0.00148773193359375,0.019231000915169716
1309,0.18359375,0.3134329915046692,0.00946044921875,0.04477600008249283
1310,0.169921875,0.21333299577236176,0.008056640625,0.013333000242710114
1311,0.1845703125,0.19587600231170654,9.632110595703125e-05,0.0412370003759861
1312,0.1494140625,0.21250000596046448,0.005859375,0.0
1313,0.16015625,0.16091999411582947,0.004974365234375,0.011494000442326069
1314,0.173828125,0.21428599953651428,-0.006378173828125,0.0
1315,0.1123046875,0.18918900191783905,-0.0107421875,0.0
1316,0.1689453125,0.1860470026731491,-0.007781982421875,0.0
1317,0.19140625,0.17525799572467804,0.007080078125,0.0
1318,0.171875,0.24853800237178802,0.01220703125,0.029239999130368233
1319,0.11181640625,0.22972999513149261,0.0198974609375,0.018017999827861786
1320,0.138671875,0.09574499726295471,0.00121307373046875,0.04255300015211105
1321,0.1435546875,0.20345500111579895,0.01263427734375,0.0076779997907578945
1322,0.12451171875,0.23949599266052246,0.0198974609375,0.042017001658678055
1323,0.171875,0.23076899349689484,-0.00433349609375,0.012821000069379807
1324,0.203125,0.16216200590133667,-0.002166748046875,0.0
1325,0.1875,0.19277100265026093,0.00445556640625,0.04819300025701523
1326,0.11767578125,0.2592589855194092,0.01513671875,0.05555599927902222
1327,0.140625,0.15094299614429474,0.005401611328125,0.01886799931526184
1328,0.16796875,0.2668460011482239,0.01556396484375,0.029650000855326653
1329,0.1826171875,0.25423699617385864,-0.0009918212890625,0.0
1330,0.16796875,0.3478260040283203,0.01556396484375,0.01739099994301796
1331,0.177734375,0.17532500624656677,0.00811767578125,0.012986999936401844
1332,0.19921875,0.3225809931755066,-0.007110595703125,0.0
1333,0.17578125,0.2918030023574829,0.0142822265625,0.02950800023972988
1334,0.1884765625,0.17605599761009216,0.004974365234375,0.02112700045108795
1335,0.15625,0.22590799629688263,0.01416015625,0.02685599960386753
1336,0.1484375,0.3028489947319031,0.020263671875,0.00599699979647994
1337,0.0673828125,0.16216200590133667,-0.0020599365234375,0.10810799896717072
1338,0.107421875,0.2530120015144348,0.0166015625,0.006023999769240618
1339,0.169921875,0.21186399459838867,0.00823974609375,0.0338979996740818
1340,0.2021484375,0.17142899334430695,0.00531005859375,0.019047999754548073
1341,0.1875,0.3128829896450043,0.0022430419921875,0.012269999831914902
1342,0.1513671875,0.2783510088920593,0.00543212890625,0.0
1343,0.150390625,0.14598500728607178,0.004547119140625,0.05839399993419647
1344,0.162109375,0.25,-0.005279541015625,0.01785700023174286
1345,0.154296875,0.24752500653266907,0.0035552978515625,0.009901000186800957
1346,0.1533203125,0.21686699986457825,0.0128173828125,0.03212900087237358
1347,0.189453125,0.29729700088500977,0.0033416748046875,0.02702699974179268
1348,0.1025390625,0.11515200138092041,0.0101318359375,0.012121000327169895
1349,0.123046875,0.22580599784851074,-0.016357421875,0.03225800022482872
1350,0.158203125,0.125,-0.0108642578125,0.02500000037252903
1351,0.10302734375,0.22988499701023102,0.0189208984375,0.022988999262452126
1352,0.189453125,0.3365379869937897,0.00927734375,0.04807699844241142
1353,0.1494140625,0.3210119903087616,0.01025390625,0.021400999277830124
1354,0.189453125,0.16455699503421783,0.00445556640625,0.0
1355,0.1513671875,0.22357699275016785,0.01141357421875,0.02032499946653843
1356,0.1328125,0.4054050147533417,-0.0081787109375,0.0
1357,0.1552734375,0.07970999926328659,0.01336669921875,0.02173900045454502
1358,0.173828125,0.259458988904953,0.00750732421875,0.013513999991118908
1359,0.173828125,0.297435998916626,0.00811767578125,0.030768999829888344
1360,0.1494140625,0.21686699986457825,0.00775146484375,0.04819300025701523
1361,0.17578125,0.22499999403953552,-0.011474609375,0.02500000037252903
1362,0.18359375,0.22857099771499634,0.007171630859375,0.014286000281572342
1363,0.1796875,0.21192100644111633,0.007049560546875,0.03973500058054924
1364,0.12890625,0.41379299759864807,-0.004180908203125,0.0
1365,0.09912109375,0.21818199753761292,-0.01123046875,0.018182000145316124
1366,0.181640625,0.30573201179504395,0.009033203125,0.05095500126481056
1367,0.189453125,0.25968998670578003,0.004425048828125,0.019379999488592148
1368,0.1806640625,0.204818993806839,0.007049560546875,0.03012000024318695
1369,0.1279296875,0.19354799389839172,0.011962890625,0.04032300040125847
1370,0.1845703125,0.24671100080013275,0.0089111328125,0.006579000037163496
1371,0.17578125,0.14000000059604645,-0.00830078125,0.019999999552965164
1372,0.1875,0.2643980085849762,0.007293701171875,0.03403099998831749
1373,0.1748046875,0.22916699945926666,-0.00201416015625,0.03125
1374,0.1767578125,0.15681199729442596,0.01239013671875,0.007712000049650669
1375,0.1865234375,0.22564099729061127,0.00848388671875,0.006837999913841486
1376,0.193359375,0.25757598876953125,-0.00286865234375,0.01515199989080429
1377,0.134765625,0.18421100080013275,-0.007476806640625,0.026316000148653984
1378,0.185546875,0.09486199915409088,0.005462646484375,0.011858000420033932
1379,0.18359375,0.2047239989042282,0.005950927734375,0.015747999772429466
1380,0.15234375,0.33962300419807434,-0.003692626953125,0.0
1381,0.06884765625,0.1568630039691925,-0.01483154296875,0.0
1382,0.1669921875,0.29012298583984375,0.01434326171875,0.003085999982431531
1383,0.1357421875,0.2346940040588379,-0.00982666015625,0.010204000398516655
1384,0.1845703125,0.2765960097312927,0.003173828125,0.02127699926495552
1385,0.17578125,0.15929199755191803,0.007659912109375,0.004424999933689833
1386,0.166015625,0.16666699945926666,0.0035247802734375,0.013333000242710114
1387,0.10595703125,0.2101449966430664,0.0201416015625,0.03381599858403206
1388,0.1845703125,0.2554520070552826,0.00787353515625,0.03115300089120865
1389,0.1904296875,0.16386599838733673,0.006195068359375,0.01680699922144413
1390,0.1865234375,0.34862399101257324,0.006011962890625,0.055045999586582184
1391,0.1943359375,0.3214290142059326,0.00445556640625,0.0
1392,0.1572265625,0.259770005941391,0.015869140625,0.022988999262452126
1393,0.1806640625,0.2191780060529709,0.00054931640625,0.013698999769985676
1394,0.1455078125,0.20425499975681305,0.00909423828125,0.00851100031286478
1395,0.1708984375,0.2698409855365753,0.01336669921875,0.00317499996162951
1396,0.1572265625,0.2305299937725067,0.0146484375,0.028037000447511673
1397,0.1611328125,0.19852900505065918,0.01080322265625,0.0
1398,0.15234375,0.22916699945926666,0.00506591796875,0.0
1399,0.1552734375,0.25210100412368774,0.0076904296875,0.008403000421822071
1400,0.1826171875,0.274509996175766,0.0078125,0.006535999942570925
1401,0.1318359375,0.24444399774074554,0.01513671875,0.011110999621450901
1402,0.1923828125,0.2827869951725006,0.007659912109375,0.004098000004887581
1403,0.1455078125,0.16483500599861145,0.005859375,0.0
1404,0.1748046875,0.204818993806839,0.002227783203125,0.0
1405,0.1650390625,0.2222220003604889,0.01153564453125,0.020833000540733337
1406,0.181640625,0.20845100283622742,0.007476806640625,0.008450999855995178
1407,0.1640625,0.22720499336719513,0.0172119140625,0.01644200086593628
1408,0.11083984375,0.2753159999847412,0.022216796875,0.028480999171733856
1409,0.1884765625,0.28943300247192383,0.00897216796875,0.018377000465989113
1410,0.1474609375,0.2448980063199997,0.0037384033203125,0.04081600159406662
1411,0.060302734375,0.06060599908232689,0.00119781494140625,0.01515199989080429
1412,0.1796875,0.35714301466941833,-0.006103515625,0.023809999227523804
1413,0.1630859375,0.2627989947795868,0.0166015625,0.02389100007712841
1414,0.177734375,0.20879100263118744,0.00579833984375,0.021978000178933144
1415,0.1689453125,0.30727800726890564,0.01611328125,0.006738999858498573
1416,0.17578125,0.21875,-0.003143310546875,0.03125
1417,0.111328125,0.19672100245952606,0.0120849609375,0.01092899963259697
1418,0.1708984375,0.23076899349689484,-0.008056640625,0.0
1419,-0.014892578125,0.05797100067138672,-0.01141357421875,0.0
1420,-0.003875732421875,0.08333300054073334,0.0079345703125,0.010417000390589237
1421,0.14453125,0.19852900505065918,0.007659912109375,0.0073529998771846294
1422,0.1611328125,0.30208298563957214,-0.007354736328125,0.020833000540733337
1423,0.171875,0.25757598876953125,-0.000621795654296875,0.01515199989080429
1424,0.177734375,0.26036301255226135,0.01177978515625,0.011657999828457832
1425,-0.0128173828125,0.26315799355506897,0.00921630859375,0.0
1426,0.18359375,0.18333299458026886,-0.006103515625,0.016666999086737633
1427,0.051025390625,0.1647060066461563,0.01513671875,0.02352900058031082
1428,0.1494140625,0.3153750002384186,0.0185546875,0.0052559999749064445
1429,0.154296875,0.1521739959716797,-0.0003185272216796875,0.02173900045454502
1430,0.12353515625,0.23404300212860107,-0.0016021728515625,0.04255300015211105
1431,0.1513671875,0.3799999952316284,-0.002044677734375,0.019999999552965164
1432,0.1796875,0.319148987531662,0.0091552734375,0.02127699926495552
1433,0.1953125,0.16216200590133667,-0.00167083740234375,0.02702699974179268
1434,0.07470703125,0.08108100295066833,0.01068115234375,0.018017999827861786
1435,0.1767578125,0.13422800600528717,0.0115966796875,0.023490000516176224
1436,0.1298828125,0.12244900315999985,-0.008056640625,0.0
1437,0.18359375,0.13636399805545807,0.0086669921875,0.0227269995957613
1438,-0.009765625,0.11842100322246552,0.007415771484375,0.013158000074326992
1439,0.1865234375,0.09677399694919586,0.00543212890625,0.0
1440,0.1806640625,0.20714299380779266,0.013916015625,0.05000000074505806
1441,0.189453125,0.18589699268341064,0.006134033203125,0.03846200183033943
1442,0.1708984375,0.1899999976158142,0.01336669921875,0.029999999329447746
1443,0.0791015625,0.24615399539470673,0.007537841796875,0.01538500003516674
1444,0.1875,0.20858900249004364,0.003662109375,0.036809999495744705
1445,0.1884765625,0.10429400205612183,0.0018157958984375,0.006134999915957451
1446,0.1748046875,0.32231399416923523,0.0096435546875,0.011018999852240086
1447,0.1923828125,0.2898550033569336,0.006500244140625,0.028985999524593353
1448,0.1708984375,0.35058799386024475,0.01556396484375,0.02352900058031082
1449,0.171875,0.21929800510406494,0.008056640625,0.0
1450,0.171875,0.203125,-0.006134033203125,0.046875
1451,0.18359375,0.2179490029811859,0.0037078857421875,0.012821000069379807
1452,0.173828125,0.2840240001678467,0.01007080078125,0.01183400023728609
1453,0.1298828125,0.21472400426864624,0.019775390625,0.029448000714182854
1454,0.1767578125,0.3513509929180145,0.005523681640625,0.0
1455,0.1162109375,0.15094299614429474,-0.019775390625,0.07547199726104736
1456,0.146484375,0.261260986328125,0.01385498046875,0.045044999569654465
1457,0.17578125,0.2857140004634857,-0.00213623046875,0.02040800079703331
1458,0.1455078125,0.08955200016498566,0.0057373046875,0.014925000257790089
1459,0.1875,0.16216200590133667,0.0037689208984375,0.02702699974179268
1460,0.19140625,0.434783011674881,-0.00171661376953125,0.04347800090909004
1461,0.18359375,0.2885909974575043,0.01348876953125,0.01342300046235323
1462,0.1611328125,0.2222220003604889,0.00592041015625,0.08333300054073334
1463,0.1796875,0.24731199443340302,0.01171875,0.010753000155091286
1464,0.1796875,0.27821001410484314,0.01300048828125,0.003891000058501959
1465,0.1708984375,0.24858799576759338,0.01422119140625,0.0
1466,0.193359375,0.17123299837112427,0.002410888671875,0.0
1467,0.1689453125,0.21428599953651428,-0.0015869140625,0.023809999227523804
1468,0.1806640625,0.33333298563957214,-0.0037078857421875,0.013888999819755554
1469,0.1748046875,0.2263370007276535,0.0147705078125,0.01440299954265356
1470,0.1845703125,0.24947099387645721,0.00970458984375,0.019027000293135643
1471,0.1494140625,0.3061220049858093,-0.00469970703125,0.0
1472,0.1630859375,0.18108999729156494,0.015625,0.017627999186515808
1473,0.1728515625,0.299809992313385,0.014404296875,0.01707799918949604
1474,0.1591796875,0.1875,-0.00482177734375,0.02500000037252903
1475,0.146484375,0.33333298563957214,-0.01708984375,0.04761900007724762
1476,0.1943359375,0.2790699899196625,-0.006195068359375,0.023256000131368637
1477,0.1923828125,0.23199999332427979,0.005950927734375,0.03999999910593033
1478,0.06396484375,0.12766000628471375,0.01531982421875,0.02127699926495552
1479,0.1494140625,0.2738650143146515,0.018310546875,0.018779000267386436
1480,0.1572265625,0.30379700660705566,0.01611328125,0.03480999916791916
1481,0.162109375,0.03125,-0.0118408203125,0.0
1482,0.1591796875,0.14000000059604645,0.005950927734375,0.006666999775916338
1483,0.1689453125,0.15151500701904297,-0.009765625,0.0
1484,0.193359375,0.39423099160194397,0.007598876953125,0.00961500033736229
1485,0.19921875,0.34020599722862244,0.004150390625,0.0
1486,0.1884765625,0.2605629861354828,0.0015106201171875,0.01408500038087368
1487,0.169921875,0.2903229892253876,-0.0078125,0.03225800022482872
1488,0.1083984375,0.26541098952293396,0.02294921875,0.013698999769985676
1489,0.11279296875,0.22092999517917633,0.005523681640625,0.034883998334407806
1490,0.1416015625,0.16071400046348572,0.0008697509765625,0.0
1491,0.11279296875,0.23684200644493103,0.01953125,0.0394739992916584
1492,0.185546875,0.2636359930038452,0.0081787109375,0.03636400029063225
1493,0.1357421875,0.19895300269126892,0.0172119140625,0.015706999227404594
1494,0.1923828125,0.14754100143909454,0.000522613525390625,0.03278699889779091
1495,0.1884765625,0.29285699129104614,0.00933837890625,0.021429000422358513
1496,0.2060546875,0.2222220003604889,0.0017852783203125,0.03174600005149841
1497,0.1435546875,0.26315799355506897,-0.0027618408203125,0.01754399947822094
1498,0.1748046875,0.22077900171279907,-0.00335693359375,0.0
1499,0.0625,0.2222220003604889,0.00897216796875,0.015873000025749207
1500,0.142578125,0.09090899676084518,-0.01055908203125,0.045455001294612885
1501,0.1875,0.3793100118637085,-0.000377655029296875,0.03448300063610077
1502,0.19140625,0.23684200644493103,0.0115966796875,0.026316000148653984
1503,0.1328125,0.05185199901461601,0.0142822265625,0.007406999822705984
1504,0.181640625,0.19827599823474884,-0.00299072265625,0.0
1505,0.1083984375,0.14598500728607178,0.016357421875,0.03649599850177765
1506,0.16015625,0.2372879981994629,-0.01385498046875,0.0
1507,0.0810546875,0.15584400296211243,0.005126953125,0.07792200148105621
1508,0.1767578125,0.2592589855194092,0.0022125244140625,0.02469100058078766
1509,0.04638671875,0.1829269975423813,0.01531982421875,0.04878000169992447
1510,0.17578125,0.23146499693393707,0.0103759765625,0.02531599998474121
1511,0.1923828125,0.2484849989414215,0.006103515625,0.018182000145316124
1512,0.19140625,0.31736499071121216,0.00994873046875,0.011975999921560287
1513,0.1259765625,0.26315799355506897,-0.005279541015625,0.0
1514,0.1826171875,0.24683499336242676,0.007110595703125,0.012657999992370605
1515,0.181640625,0.23333300650119781,0.000621795654296875,0.016666999086737633
1516,0.177734375,0.337348997592926,0.0084228515625,0.02409599907696247
1517,0.1552734375,0.19420300424098969,0.01123046875,0.028985999524593353
1518,0.177734375,0.2380950003862381,0.0107421875,0.015873000025749207
1519,0.1259765625,0.06521700322628021,-0.000396728515625,0.010870000347495079
1520,0.189453125,0.22674399614334106,0.00457763671875,0.005814000032842159
1521,0.1259765625,0.15909099578857422,0.0135498046875,0.018182000145316124
1522,0.15234375,0.15853700041770935,0.006439208984375,0.07317099720239639
1523,0.181640625,0.27797800302505493,0.01153564453125,0.02527100034058094
1524,0.1162109375,0.11377199739217758,0.0101318359375,0.041916001588106155
1525,0.189453125,0.2606840133666992,0.01068115234375,0.004273999948054552
1526,0.029296875,0.15228399634361267,0.0264892578125,0.05076099932193756
1527,0.1845703125,0.28615400195121765,0.0118408203125,0.0030769999139010906
1528,0.1533203125,0.17142899334430695,-0.007568359375,0.0
1529,0.166015625,0.2645910084247589,0.01123046875,0.04280199855566025
1530,0.11865234375,0.18357500433921814,0.01806640625,0.01932400092482567
1531,0.1630859375,0.23137299716472626,0.0177001953125,0.007842999882996082
1532,0.1513671875,0.2891570031642914,-0.00173187255859375,0.02409599907696247
1533,0.0302734375,0.09473700076341629,0.0181884765625,0.04210500046610832
1534,0.1806640625,0.2451609969139099,0.0087890625,0.015053999610245228
1535,0.15625,0.15000000596046448,-0.003692626953125,0.02500000037252903
1536,0.1474609375,0.31034499406814575,-0.005462646484375,0.0
1537,0.1689453125,0.2465749979019165,0.0033416748046875,0.013698999769985676
1538,0.10986328125,0.15267199277877808,0.01385498046875,0.045802000910043716
1539,0.150390625,0.07643300294876099,0.004119873046875,0.0
1540,0.16796875,0.1791040003299713,0.0069580078125,0.03980100154876709
1541,0.138671875,0.3548389971256256,0.00830078125,0.01612900011241436
1542,0.11279296875,0.16326500475406647,-0.01806640625,0.02040800079703331
1543,0.1376953125,0.29166701436042786,-0.01300048828125,0.020833000540733337
1544,0.193359375,0.11842100322246552,0.0030517578125,0.013158000074326992
1545,0.12060546875,0.17460300028324127,-0.00909423828125,0.03174600005149841
1546,0.12353515625,0.17567600309848785,0.004608154296875,0.02702699974179268
1547,0.1904296875,0.2691360116004944,0.009033203125,0.014814999885857105
1548,0.162109375,0.14893600344657898,0.00543212890625,0.02127699926495552
1549,0.166015625,0.23357699811458588,0.01226806640625,0.04014600068330765
1550,-0.009033203125,0.11180099844932556,0.0230712890625,0.031055999919772148
1551,0.1953125,0.15555599331855774,0.006103515625,0.022221999242901802
1552,0.1259765625,0.14371299743652344,0.00732421875,0.01796399988234043
1553,-0.01007080078125,0.19587600231170654,0.01953125,0.0412370003759861
1554,0.1630859375,0.33442598581314087,0.01251220703125,0.01311499997973442
1555,0.130859375,0.3448280096054077,-0.0164794921875,0.0
1556,0.171875,0.2777779996395111,-0.005859375,0.04166699945926666
1557,0.150390625,0.17613600194454193,0.0135498046875,0.056818000972270966
1558,0.1708984375,0.2767859995365143,0.0009765625,0.026785999536514282
1559,0.1611328125,0.2592589855194092,-0.00994873046875,0.03703700006008148
1560,0.08740234375,0.10810799896717072,0.0028228759765625,0.04054100066423416
1561,0.197265625,0.26470598578453064,0.00141143798828125,0.01960800029337406
1562,0.1826171875,0.22702699899673462,0.01226806640625,0.005404999945312738
1563,0.11328125,0.23913000524044037,-0.01123046875,0.0
1564,0.1923828125,0.059829000383615494,0.00909423828125,0.03418799862265587
1565,0.1474609375,0.36000001430511475,-0.01483154296875,0.03999999910593033
1566,0.19140625,0.20652200281620026,0.007568359375,0.023912999778985977
1567,0.171875,0.2105260044336319,0.006591796875,0.03289499878883362
1568,0.1865234375,0.24203799664974213,0.0064697265625,0.044585999101400375
1569,0.1044921875,0.23093700408935547,0.0224609375,0.032680001109838486
1570,0.052734375,0.2758620083332062,-0.0081787109375,0.0
1571,0.1064453125,0.1025639995932579,-0.01068115234375,0.025640999898314476
1572,0.166015625,0.06796099990606308,0.001861572265625,0.02912599965929985
1573,0.150390625,0.2677690088748932,0.0157470703125,0.01652899943292141
1574,0.150390625,0.282927006483078,0.01348876953125,0.024390000849962234
1575,0.181640625,0.25187408924102783,0.0118408203125,0.022488759830594063
1576,0.1513671875,0.2222220003604889,-0.0022430419921875,0.020833000540733337
1577,0.18359375,0.16726000607013702,0.010498046875,0.007116999942809343
1578,0.1806640625,0.3919999897480011,0.00811767578125,0.01600000075995922
1579,0.19921875,0.29577499628067017,0.007354736328125,0.0070420000702142715
1580,0.146484375,0.23842200636863708,0.01513671875,0.008576000109314919
1581,0.1767578125,0.1754390001296997,0.009521484375,0.01754399947822094
1582,0.1689453125,0.19574500620365143,0.004547119140625,0.017021000385284424
1583,0.158203125,0.22499999403953552,0.004638671875,0.03333299979567528
1584,0.189453125,0.32758599519729614,0.00830078125,0.0
1585,0.1455078125,0.213235005736351,0.01361083984375,0.011029000394046307
1586,0.14453125,0.08108100295066833,-0.0027618408203125,0.05405399948358536
1587,0.1259765625,0.24724599719047546,0.0206298828125,0.014688000082969666
1588,0.1708984375,0.2735849916934967,0.0021514892578125,0.01886799931526184
1589,0.1728515625,0.2710280120372772,0.0025177001953125,0.009345999918878078
1590,0.1728515625,0.27528101205825806,0.0130615234375,0.022471999749541283
1591,0.1953125,0.22666700184345245,0.0062255859375,0.005332999862730503
1592,0.091796875,0.22580599784851074,-0.005950927734375,0.01612900011241436
1593,0.0966796875,0.2824069857597351,0.017578125,0.0
1594,0.173828125,0.20608100295066833,0.00958251953125,0.020269999280571938
1595,0.08544921875,0.2653059959411621,-0.00433349609375,0.0
1596,0.10205078125,0.23150399327278137,0.018310546875,0.03818599879741669
1597,0.1640625,0.27272701263427734,-0.01190185546875,0.0
1598,0.1396484375,0.11428599804639816,-0.01123046875,0.05714299902319908
1599,0.185546875,0.3821139931678772,0.003082275390625,0.008129999972879887
1600,0.15234375,0.2619050145149231,0.01092529296875,0.04761900007724762
1601,0.166015625,0.299685001373291,0.01544189453125,0.04731899872422218
1602,0.185546875,0.23859600722789764,0.003875732421875,0.021052999421954155
1603,0.1259765625,0.3076919913291931,0.011962890625,0.01538500003516674
1604,0.134765625,0.21621599793434143,0.004241943359375,0.0
1605,0.1484375,0.08695700019598007,-0.01611328125,0.010870000347495079
1606,0.1572265625,0.32432401180267334,0.0118408203125,0.0
1607,0.1767578125,0.32857099175453186,0.00579833984375,0.04285699874162674
1608,0.08740234375,0.11111100018024445,0.01104736328125,0.049382999539375305
1609,0.1533203125,0.23076899349689484,0.0146484375,0.012821000069379807
1610,0.1328125,0.24711300432682037,0.021240234375,0.032333001494407654
1611,0.173828125,0.30559301376342773,0.01470947265625,0.008186000399291515
1612,0.1728515625,0.27701398730278015,0.0142822265625,0.009823000058531761
1613,0.09130859375,0.17714299261569977,0.01507568359375,0.04571399837732315
1614,0.1767578125,0.15322600305080414,0.0030517578125,0.03225800022482872
1615,0.166015625,0.1355929970741272,0.01214599609375,0.0169489998370409
1616,0.201171875,0.1847829967737198,-0.0019683837890625,0.0
1617,0.1484375,0.2549020051956177,-0.00543212890625,0.07843100279569626
1618,0.1064453125,0.08762899786233902,0.01458740234375,0.010308999568223953
1619,0.1806640625,0.2621079981327057,0.01275634765625,0.01424499973654747
1620,0.1787109375,0.16666699945926666,0.0015869140625,0.03787900134921074
1621,0.04150390625,0.21212099492549896,0.0186767578125,0.01515199989080429
1622,0.181640625,0.25242701172828674,0.007598876953125,0.04854400083422661
1623,0.1826171875,0.16216200590133667,0.00038909912109375,0.08108100295066833
1624,0.150390625,0.2109380066394806,0.01507568359375,0.020833000540733337
1625,0.1767578125,0.2808989882469177,0.006439208984375,0.03932600095868111
1626,0.15625,0.19565199315547943,0.01092529296875,0.02173900045454502
1627,0.181640625,0.3170729875564575,0.0045166015625,0.008129999972879887
1628,0.1806640625,0.2876709997653961,-0.004058837890625,0.0
1629,0.181640625,0.2049179971218109,0.006011962890625,0.008197000250220299
1630,0.1669921875,0.1557379961013794,-0.00439453125,0.0
1631,0.12890625,0.23684200644493103,-0.002410888671875,0.01754399947822094
1632,0.1748046875,0.2654869854450226,0.0072021484375,0.0
1633,0.205078125,0.41666701436042786,0.0008392333984375,0.0
1634,0.181640625,0.3025209903717041,0.00543212890625,0.042017001658678055
1635,0.12255859375,0.22559699416160583,0.0223388671875,0.017354000359773636
1636,0.154296875,0.2750000059604645,0.0157470703125,0.029999999329447746
1637,0.1552734375,0.2147890031337738,0.0135498046875,0.02112700045108795
1638,0.09326171875,0.2626112997531891,0.024169921875,0.01780414953827858
1639,0.1630859375,0.2894740104675293,-0.01312255859375,0.0
1640,0.16015625,0.26950401067733765,0.0108642578125,0.007091999985277653
1641,0.1533203125,0.32534199953079224,0.015625,0.020547999069094658
1642,0.12060546875,0.2526800036430359,0.0203857421875,0.024501999840140343
1643,0.1650390625,0.21881000697612762,0.016845703125,0.028790999203920364
1644,0.138671875,0.2058819979429245,-0.0002956390380859375,0.029411999508738518
1645,0.1474609375,0.2199220061302185,0.016845703125,0.011642999947071075
1646,0.1826171875,0.09090899676084518,-0.00341796875,0.030302999541163445
1647,0.1005859375,0.10909099876880646,-0.01092529296875,0.03636400029063225
1648,0.06494140625,0.10958900302648544,-0.005889892578125,0.0
1649,0.18359375,0.3043479919433594,-0.0025787353515625,0.0
1650,0.1689453125,0.27889901399612427,0.01373291015625,0.014678999781608582
1651,0.1796875,0.19607800245285034,0.009521484375,0.04575200006365776
1652,0.1943359375,0.23958300054073334,0.007354736328125,0.010417000390589237
1653,0.1513671875,0.22972999513149261,-0.00640869140625,0.04054100066423416
1654,0.19140625,0.2792789936065674,0.0036773681640625,0.0
1655,0.1474609375,0.1298699975013733,0.0079345703125,0.025973999872803688
1656,0.17578125,0.2828280031681061,0.006805419921875,0.005051000043749809
1657,0.1787109375,0.26785698533058167,0.00970458984375,0.03571400046348572
1658,0.1650390625,0.19469000399112701,-0.006988525390625,0.0
1659,0.1650390625,0.2642050087451935,0.015380859375,0.011363999918103218
1660,0.1962890625,0.23178799450397491,0.005950927734375,0.03973500058054924
1661,0.1943359375,0.26136401295661926,0.01214599609375,0.0227269995957613
1662,0.1826171875,0.3093529939651489,0.003814697265625,0.007193999830633402
1663,0.1845703125,0.27530398964881897,0.00933837890625,0.0
1664,0.2001953125,0.28070199489593506,0.005279541015625,0.03508799895644188
1665,0.189453125,0.3095239996910095,0.009521484375,0.015873000025749207
1666,0.1923828125,0.24030999839305878,0.007476806640625,0.023256000131368637
1667,0.18359375,0.17605599761009216,0.01123046875,0.049295999109745026
1668,0.1572265625,0.16774199903011322,0.00823974609375,0.012903000228106976
1669,0.142578125,0.19047600030899048,0.003662109375,0.07142899930477142
1670,0.185546875,0.2857140004634857,0.01092529296875,0.023166000843048096
1671,0.1533203125,0.3012300133705139,0.01513671875,0.004098000004887581
1672,0.1904296875,0.3207550048828125,0.000881195068359375,0.0
1673,0.10693359375,0.22580599784851074,-0.006927490234375,0.03225800022482872
1674,0.1865234375,0.1829269975423813,0.01129150390625,0.024390000849962234
1675,0.1884765625,0.21153800189495087,0.007415771484375,0.00961500033736229
1676,0.18359375,0.16049399971961975,0.01019287109375,0.02469100058078766
1677,0.1904296875,0.25731000304222107,0.00823974609375,0.040936000645160675
1678,0.1494140625,0.2413789927959442,-0.006561279296875,0.01724099926650524
1679,0.1953125,0.29166701436042786,-0.0035552978515625,0.04166699945926666
1680,0.171875,0.17460300028324127,0.0024261474609375,0.015873000025749207
1681,0.09375,0.18918900191783905,-0.004608154296875,0.0
1682,0.12890625,0.18115900456905365,0.0120849609375,0.014492999762296677
1683,0.1796875,0.3013699948787689,0.00408935546875,0.0
1684,0.11865234375,0.2172279953956604,0.01483154296875,0.029962999746203423
1685,0.1904296875,0.11515200138092041,0.005950927734375,0.0
1686,0.185546875,0.27794599533081055,0.0103759765625,0.02416899986565113
1687,0.16796875,0.29629600048065186,0.0068359375,0.012346000410616398
1688,0.1689453125,0.16279099881649017,-0.006256103515625,0.023256000131368637
1689,0.1630859375,0.2885249853134155,0.0107421875,0.0
1690,0.11962890625,0.06976699829101562,0.00628662109375,0.023256000131368637
1691,0.1025390625,0.20473800599575043,0.0155029296875,0.020305000245571136
1692,0.1904296875,0.3421050012111664,0.0084228515625,0.01754399947822094
1693,0.177734375,0.34146299958229065,-0.00262451171875,0.0
1694,-0.05126953125,0.05357100069522858,0.00897216796875,0.0
1695,0.1943359375,0.13912999629974365,0.00750732421875,0.04347800090909004
1696,0.16015625,0.204818993806839,0.00592041015625,0.02409599907696247
1697,0.1611328125,0.25753000378608704,0.011962890625,0.019578000530600548
1698,0.154296875,0.3167029917240143,0.0194091796875,0.010846000164747238
1699,0.181640625,0.12328799813985825,0.005218505859375,0.013698999769985676
1700,0.1953125,0.2411070019006729,0.0081787109375,0.023715000599622726
1701,0.1884765625,0.1757580041885376,0.00982666015625,0.018182000145316124
1702,0.07958984375,0.10638300329446793,0.0098876953125,0.02127699926495552
1703,0.185546875,0.17499999701976776,0.000835418701171875,0.02500000037252903
1704,0.1728515625,0.14000000059604645,-0.007110595703125,0.0
1705,0.2001953125,0.25,0.00616455078125,0.01785700023174286
1706,0.1767578125,0.34444400668144226,0.001739501953125,0.0
1707,0.1845703125,0.29215699434280396,0.00946044921875,0.007842999882996082
1708,0.201171875,0.24161100387573242,0.0096435546875,0.01342300046235323
1709,0.1494140625,0.1233770027756691,0.0133056640625,0.012986999936401844
1710,0.1796875,0.18421100080013275,-0.003875732421875,0.0
1711,0.1962890625,0.39534899592399597,0.0078125,0.046512000262737274
1712,0.203125,0.15000000596046448,-0.005096435546875,0.02500000037252903
1713,0.1943359375,0.1725350022315979,0.005401611328125,0.02112700045108795
1714,0.1806640625,0.16071400046348572,0.00885009765625,0.0
1715,0.1748046875,0.2698709964752197,0.01397705078125,0.02218100056052208
1716,0.1953125,0.24637700617313385,0.00128936767578125,0.0
1717,0.1826171875,0.32507699728012085,0.01055908203125,0.021671999245882034
1718,0.16796875,0.2421880066394806,0.00096893310546875,0.015625
1719,0.2001953125,0.29464301466941833,0.0093994140625,0.026785999536514282
1720,0.19140625,0.29237300157546997,0.00860595703125,0.021185999736189842
1721,0.150390625,0.16814200580120087,0.018798828125,0.030973000451922417
1722,0.1875,0.2666670083999634,0.010986328125,0.005555999930948019
1723,0.16796875,0.2201489955186844,0.01031494140625,0.018657000735402107
1724,0.08984375,0.06521700322628021,0.011962890625,0.0
1725,0.1884765625,0.21122999489307404,0.0086669921875,0.021390000358223915
1726,0.166015625,0.24950900673866272,0.0130615234375,0.019646000117063522
1727,0.1650390625,0.23314599692821503,0.01611328125,0.023876000195741653
1728,0.1787109375,0.17777800559997559,0.007171630859375,0.022221999242901802
1729,0.189453125,0.35124000906944275,0.01251220703125,0.01652899943292141
1730,0.1796875,0.26315799355506897,0.0123291015625,0.05263200029730797
1731,0.1533203125,0.23880599439144135,-0.0026092529296875,0.0
1732,0.1953125,0.09459500014781952,0.005462646484375,0.013513999991118908
1733,0.130859375,0.28105899691581726,0.0155029296875,0.01425699982792139
1734,0.08154296875,0.25581398606300354,-0.005035400390625,0.0
1735,0.1474609375,0.1097560003399849,0.0019989013671875,0.0
1736,0.1708984375,0.17579899728298187,0.014892578125,0.015982000157237053
1737,0.1728515625,0.1875,-0.006195068359375,0.03125
1738,0.173828125,0.16666699945926666,-0.00958251953125,0.0
1739,0.1767578125,0.1529410034418106,0.00732421875,0.04705899953842163
1740,0.1904296875,0.37254899740219116,0.004364013671875,0.01960800029337406
1741,0.03466796875,0.1379310041666031,0.0225830078125,0.014778000302612782
1742,0.150390625,0.2654460072517395,0.0186767578125,0.027459999546408653
1743,0.16796875,0.25999999046325684,-0.004974365234375,0.0
1744,0.1767578125,0.20642200112342834,0.01092529296875,0.004586999770253897
1745,0.16796875,0.1463409960269928,-0.00933837890625,0.012195000424981117
1746,0.171875,0.10526300221681595,0.005096435546875,0.013158000074326992
1747,0.1689453125,0.32432401180267334,0.01214599609375,0.0319410003721714
1748,0.177734375,0.1647060066461563,-0.005706787109375,0.01176500041037798
1749,0.14453125,0.137254998087883,0.011474609375,0.03921600058674812
1750,0.1513671875,0.22627699375152588,0.01611328125,0.03649599850177765
1751,0.185546875,0.25,0.008056640625,0.0227269995957613
1752,0.16015625,0.2800000011920929,-0.01300048828125,0.0
1753,0.1767578125,0.26829299330711365,0.0013275146484375,0.0
1754,0.189453125,0.26785698533058167,0.00897216796875,0.02976199984550476
1755,0.1640625,0.2586210072040558,-0.0064697265625,0.03448300063610077
1756,0.130859375,0.26406899094581604,0.01220703125,0.008658000268042088
1757,0.150390625,0.21705399453639984,0.0174560546875,0.0
1758,0.0859375,0.06306300312280655,0.00762939453125,0.009008999913930893
1759,0.1455078125,0.17142899334430695,0.00836181640625,0.028571000322699547
1760,0.16796875,0.25581398606300354,0.01446533203125,0.015503999777138233
1761,0.1806640625,0.22314000129699707,0.00347900390625,0.01652899943292141
1762,0.1826171875,0.2857140004634857,0.01300048828125,0.010989000089466572
1763,0.1708984375,0.36363598704338074,-0.0084228515625,0.030302999541163445
1764,0.16015625,0.12280700355768204,0.0213623046875,0.01754399947822094
1765,0.1875,0.27000001072883606,0.003936767578125,0.019999999552965164
1766,0.205078125,0.22826099395751953,-0.00107574462890625,0.02173900045454502
1767,0.1181640625,0.14583300054073334,0.004486083984375,0.020833000540733337
1768,0.1591796875,0.18122999370098114,0.0194091796875,0.03883500024676323
1769,0.15234375,0.2967030107975006,0.014892578125,0.021978000178933144
1770,0.185546875,0.29285699129104614,0.01055908203125,0.004761999938637018
1771,0.1650390625,0.3188979923725128,0.01031494140625,0.023622000589966774
1772,0.1923828125,0.265625,0.00970458984375,0.0
1773,0.1982421875,0.2676059901714325,0.0020599365234375,0.028169000521302223
1774,0.1591796875,0.2650600075721741,0.0128173828125,0.04819300025701523
1775,0.1416015625,0.2228260040283203,0.020751953125,0.02173900045454502
1776,0.1806640625,0.31818199157714844,0.0135498046875,0.051947999745607376
1777,0.09326171875,0.10101000219583511,0.01513671875,0.040403999388217926
1778,0.1923828125,0.375,0.000484466552734375,0.0
1779,0.1884765625,0.36000001430511475,-0.000408172607421875,0.05999999865889549
1780,0.1962890625,0.28125,0.004913330078125,0.03125
1781,0.201171875,0.19672100245952606,0.00201416015625,0.03278699889779091
1782,0.1787109375,0.29166701436042786,-0.00543212890625,0.04166699945926666
1783,0.1845703125,0.34357500076293945,0.010986328125,0.00558699993416667
1784,0.1748046875,0.2765069901943207,0.014404296875,0.002078999998047948
1785,0.1962890625,0.16935500502586365,0.005218505859375,0.01612900011241436
1786,0.1865234375,0.16778500378131866,0.013427734375,0.05369099974632263
1787,0.1796875,0.22307699918746948,0.0081787109375,0.023076999932527542
1788,0.1630859375,0.2413789927959442,0.016357421875,0.04094799980521202
1789,0.1982421875,0.34615400433540344,0.00634765625,0.0
1790,0.1611328125,0.28798800706863403,0.013916015625,0.007236000150442123
1791,0.154296875,0.125,-0.0027008056640625,0.02500000037252903
1792,0.1123046875,0.18947400152683258,-0.0027618408203125,0.0
1793,0.146484375,0.09375,-0.00885009765625,0.0
1794,0.1435546875,0.2325579971075058,-0.0030670166015625,0.0
1795,0.1826171875,0.2546299993991852,0.0091552734375,0.018518999218940735
1796,0.12109375,0.2636919915676117,0.0194091796875,0.0527379997074604
1797,0.12353515625,0.20161299407482147,0.01434326171875,0.0
1798,0.1669921875,0.26217201352119446,0.0128173828125,0.00749099999666214
1799,0.17578125,0.1492539942264557,-0.00116729736328125,0.04477600008249283
1800,0.1455078125,0.1504420042037964,-0.005767822265625,0.03539799898862839
1801,0.169921875,0.2777779996395111,-0.00323486328125,0.0
1802,0.1279296875,0.26843100786209106,0.017333984375,0.03780699893832207
1803,0.1884765625,0.26600998640060425,0.00872802734375,0.0295570008456707
1804,0.142578125,0.21810699999332428,0.0164794921875,0.02880699932575226
1805,0.1591796875,0.33333298563957214,0.01556396484375,0.020576000213623047
1806,0.169921875,0.1706160008907318,0.012451171875,0.02369699999690056
1807,0.146484375,0.22580599784851074,0.003021240234375,0.01612900011241436
1808,0.1826171875,0.2666670083999634,0.00537109375,0.044443998485803604
1809,0.11083984375,0.21428599953651428,-0.002532958984375,0.10714299976825714
1810,0.193359375,0.17000000178813934,0.003570556640625,0.0
1811,0.173828125,0.12121199816465378,-0.003692626953125,0.030302999541163445
1812,0.158203125,0.33333298563957214,-0.0057373046875,0.06060599908232689
1813,0.103515625,0.1441439986228943,0.0152587890625,0.009008999913930893
1814,0.10498046875,0.22727300226688385,0.00775146484375,0.045455001294612885
1815,0.1845703125,0.2857140004634857,0.006988525390625,0.009523999877274036
1816,0.126953125,0.2710280120372772,0.00762939453125,0.0
1817,0.189453125,0.31034499406814575,0.01007080078125,0.02758600004017353
1818,0.1826171875,0.27848100662231445,-0.00026702880859375,0.037974998354911804
1819,0.1474609375,0.32513201236724854,0.017578125,0.007029999978840351
1820,0.181640625,0.24545499682426453,0.005615234375,0.045455001294612885
1821,0.1875,0.20000000298023224,0.00445556640625,0.026086999103426933
1822,0.1552734375,0.2886599898338318,0.00830078125,0.010308999568223953
1823,0.15234375,0.270330011844635,0.0106201171875,0.0087909996509552
1824,0.1796875,0.22189800441265106,0.0111083984375,0.017518000677227974
1825,0.1484375,0.2619050145149231,0.00189208984375,0.023809999227523804
1826,0.197265625,0.2546969950199127,0.00494384765625,0.002088000066578388
1827,0.18359375,0.18796999752521515,0.006591796875,0.06015000119805336
1828,0.146484375,0.3148449957370758,0.0189208984375,0.029363999143242836
1829,0.1923828125,0.22435900568962097,0.00830078125,0.04487200081348419
1830,0.125,0.17142899334430695,-0.00921630859375,0.05714299902319908
1831,-0.039794921875,0.05369099974632263,0.01544189453125,0.04698000103235245
1832,0.1669921875,0.309581995010376,0.0140380859375,0.0319410003721714
1833,0.1787109375,0.24285699427127838,-0.006683349609375,0.014286000281572342
1834,0.185546875,0.15450599789619446,0.010498046875,0.004292000085115433
1835,0.189453125,0.22081199288368225,0.00927734375,0.00253800000064075
1836,0.189453125,0.24460400640964508,0.004913330078125,0.02158300019800663
1837,0.1337890625,0.2276419997215271,0.0081787109375,0.04064999893307686
1838,0.1767578125,0.20273999869823456,0.007781982421875,0.03013700060546398
1839,0.19140625,0.20370399951934814,0.0072021484375,0.03703700006008148
1840,0.162109375,0.14285700023174286,-0.0118408203125,0.04081600159406662
1841,0.1767578125,0.3442620038986206,0.006866455078125,0.03278699889779091
1842,0.185546875,0.08333300054073334,-0.01177978515625,0.02777799963951111
1843,0.11083984375,0.24390199780464172,-0.00885009765625,0.0
1844,0.0908203125,0.028985999524593353,-0.01171875,0.014492999762296677
1845,0.181640625,0.30000001192092896,0.00933837890625,0.03333299979567528
1846,0.173828125,0.37804898619651794,-0.002471923828125,0.012195000424981117
1847,0.18359375,0.12621399760246277,0.005218505859375,0.01941699907183647
1848,0.185546875,0.19444400072097778,0.004486083984375,0.04166699945926666
1849,0.177734375,0.18400000035762787,0.000545501708984375,0.00800000037997961
1850,0.01318359375,0.07079599797725677,0.0159912109375,0.04424799978733063
1851,0.1826171875,0.21379299461841583,0.004119873046875,0.006897000130265951
1852,0.16015625,0.33333298563957214,0.0140380859375,0.022221999242901802
1853,0.1494140625,0.26923099160194397,-0.0118408203125,0.0
1854,0.193359375,0.33333298563957214,-0.000858306884765625,0.0
1855,0.193359375,0.2845189869403839,0.00738525390625,0.012551999650895596
1856,0.1943359375,0.2857140004634857,-0.0027923583984375,0.0
1857,0.1767578125,0.2788200080394745,0.012939453125,0.02144799940288067
1858,0.18359375,0.049504999071359634,0.00921630859375,0.049504999071359634
1859,0.1455078125,0.31578901410102844,-0.01458740234375,0.0
1860,0.0201416015625,0.16420699656009674,0.0267333984375,0.03874500095844269
1861,0.177734375,0.1791040003299713,0.005828857421875,0.014925000257790089
1862,0.1875,0.26285699009895325,0.0029144287109375,0.017142999917268753
1863,0.1826171875,0.20000000298023224,0.007232666015625,0.03999999910593033
1864,0.18359375,0.2532469928264618,0.00604248046875,0.012986999936401844
1865,0.1708984375,0.12621399760246277,-0.00372314453125,0.0
1866,0.1806640625,0.2286369949579239,0.01373291015625,0.032333001494407654
1867,0.1650390625,0.2116989940404892,0.01611328125,0.008356999605894089
1868,0.18359375,0.2777779996395111,0.00421142578125,0.012346000410616398
1869,0.1904296875,0.3676469922065735,0.00933837890625,0.034313999116420746
1870,0.18359375,0.2643980085849762,0.01092529296875,0.03141399845480919
1871,0.1318359375,0.17757000029087067,0.00145721435546875,0.009345999918878078
1872,0.1591796875,0.08333300054073334,-0.01220703125,0.0
1873,0.11767578125,0.21081100404262543,0.0196533203125,0.05405399948358536
1874,0.1455078125,0.2933329939842224,0.005584716796875,0.013333000242710114
1875,0.181640625,0.22981399297714233,0.00921630859375,0.031055999919772148
1876,0.1455078125,0.2131980061531067,0.018310546875,0.01827399991452694
1877,0.171875,0.1929820030927658,-0.009765625,0.0
1878,0.18359375,0.2818180024623871,0.006561279296875,0.009091000072658062
1879,0.125,0.296875,0.0208740234375,0.012500000186264515
1880,0.13671875,0.24146999418735504,0.01275634765625,0.015747999772429466
1881,0.1923828125,0.25356099009513855,0.008056640625,0.0028490000404417515
1882,0.189453125,0.2315790057182312,0.0084228515625,0.0035089999437332153
1883,0.1513671875,0.1386139988899231,0.00185394287109375,0.02970300056040287
1884,0.1689453125,0.2700729966163635,0.005340576171875,0.007298999931663275
1885,0.1826171875,0.18918900191783905,-0.0020294189453125,0.02702699974179268
1886,0.1669921875,0.2522520124912262,0.00994873046875,0.009008999913930893
1887,0.1787109375,0.3250519931316376,0.0120849609375,0.031055999919772148
1888,0.1884765625,0.27272701263427734,-0.000316619873046875,0.025973999872803688
1889,0.185546875,0.2432429939508438,-0.007720947265625,0.0
1890,0.169921875,0.17948700487613678,-0.0029296875,0.006409999914467335
1891,0.019287109375,0.06617599725723267,0.0181884765625,0.0220589991658926
1892,0.1669921875,0.16581200063228607,0.01544189453125,0.04273499920964241
1893,0.1728515625,0.3005949854850769,0.0159912109375,0.020833000540733337
1894,0.1767578125,0.12195099890232086,0.007568359375,0.032519999891519547
1895,0.1474609375,0.1354839950799942,0.018310546875,0.01935500092804432
1896,0.1904296875,0.2311830073595047,0.0081787109375,0.026882000267505646
1897,0.193359375,0.3013699948787689,0.004913330078125,0.013698999769985676
1898,0.1484375,0.15662699937820435,-0.005523681640625,0.02409599907696247
1899,0.07568359375,0.20000000298023224,0.021484375,0.024298999458551407
1900,0.14453125,0.18666699528694153,-0.005615234375,0.013333000242710114
1901,0.189453125,0.19047600030899048,0.0019989013671875,0.0
1902,0.1865234375,0.2758620083332062,-0.00124359130859375,0.011494000442326069
1903,0.1796875,0.3125,0.011962890625,0.017361000180244446
1904,0.1767578125,0.25835201144218445,0.01263427734375,0.020044999197125435
1905,0.189453125,0.2179490029811859,0.004241943359375,0.012821000069379807
1906,0.1904296875,0.3198530077934265,0.0098876953125,0.0220589991658926
1907,0.1796875,0.21212099492549896,-0.01068115234375,0.0
1908,0.18359375,0.1304350048303604,-0.002960205078125,0.04347800090909004
1909,0.1748046875,0.14028799533843994,0.01483154296875,0.050360001623630524
1910,0.2021484375,0.2076919972896576,0.00567626953125,0.046153999865055084
1911,0.185546875,0.21333299577236176,0.01055908203125,0.03111100010573864
1912,0.1640625,0.3076919913291931,-0.006805419921875,0.07692299783229828
1913,0.173828125,0.24122799932956696,0.0126953125,0.043859999626874924
1914,0.19921875,0.19827599823474884,-0.00116729736328125,0.02586200088262558
1915,0.16796875,0.19178099930286407,0.00628662109375,0.013698999769985676
1916,0.1103515625,0.13846200704574585,-0.01336669921875,0.030768999829888344
1917,0.1591796875,0.11510799825191498,0.01226806640625,0.007193999830633402
1918,0.18359375,0.34693899750709534,0.0042724609375,0.08163300156593323
1919,0.1904296875,0.24528299272060394,0.00762939453125,0.007546999957412481
1920,0.169921875,0.21875,0.01104736328125,0.01875000074505806
1921,0.0966796875,0.18835599720478058,0.0260009765625,0.03424699977040291
1922,0.15625,0.2599340081214905,0.01708984375,0.006622999906539917
1923,0.0634765625,0.20833300054073334,0.0286865234375,0.013888999819755554
1924,0.1435546875,0.09027799963951111,0.0035247802734375,0.013888999819755554
1925,0.1884765625,0.17460300028324127,-0.003509521484375,0.06349200010299683
1926,0.11376953125,0.3703700006008148,0.00823974609375,0.018518999218940735
1927,0.1826171875,0.20895500481128693,-0.00518798828125,0.0
1928,0.154296875,0.2179490029811859,0.01336669921875,0.012821000069379807
1929,0.1123046875,0.3076919913291931,0.0096435546875,0.0
1930,0.1572265625,0.1754390001296997,0.0003795623779296875,0.03508799895644188
1931,0.05126953125,0.2902370095252991,0.029541015625,0.03957799822092056
1932,0.1943359375,0.21782200038433075,0.0068359375,0.009901000186800957
1933,0.1787109375,0.21138200163841248,0.0137939453125,0.02710000053048134
1934,0.162109375,0.33105799555778503,0.017333984375,0.027303999289870262
1935,0.111328125,0.02173900045454502,-0.005126953125,0.02173900045454502
1936,0.16015625,0.18300700187683105,0.01507568359375,0.01830100081861019
1937,0.2138671875,0.11904799938201904,0.00848388671875,0.07142899930477142
1938,0.1904296875,0.18918900191783905,0.010009765625,0.009008999913930893
1939,0.2001953125,0.24299100041389465,0.00860595703125,0.04672899842262268
1940,0.1572265625,0.1206900030374527,-0.0086669921875,0.08620700240135193
1941,0.0859375,0.1333329975605011,0.0172119140625,0.013333000242710114
1942,0.1337890625,0.14388500154018402,0.00921630859375,0.0
1943,0.1396484375,0.25423699617385864,0.0216064453125,0.023729000240564346
1944,0.19140625,0.3139530122280121,0.011474609375,0.011628000065684319
1945,0.205078125,0.25,0.0047607421875,0.07142899930477142
1946,0.1865234375,0.1612900048494339,0.00457763671875,0.01612900011241436
1947,0.1552734375,0.2702699899673462,0.010986328125,0.009008999913930893
1948,0.1748046875,0.2659569978713989,0.00396728515625,0.031915001571178436
1949,0.18359375,0.3428570032119751,-0.0026702880859375,0.028571000322699547
1950,0.185546875,0.15384599566459656,0.004150390625,0.025640999898314476
1951,0.1875,0.26582300662994385,0.005523681640625,0.037974998354911804
1952,0.1552734375,0.20000000298023224,-0.006866455078125,0.019999999552965164
1953,0.09033203125,0.17241400480270386,0.00408935546875,0.06896600127220154
1954,0.177734375,0.3547169864177704,0.01397705078125,0.0452830009162426
1955,0.1767578125,0.21621599793434143,0.0018463134765625,0.0
1956,0.203125,0.32432401180267334,-0.00360107421875,0.02702699974179268
1957,0.193359375,0.3499999940395355,-0.0040283203125,0.0
1958,0.14453125,0.19718299806118011,-0.0002689361572265625,0.028169000521302223
1959,0.1865234375,0.21153800189495087,0.0084228515625,0.019231000915169716
1960,0.189453125,0.3443709909915924,0.010009765625,0.0
1961,0.201171875,0.09090899676084518,0.004119873046875,0.0
1962,0.1865234375,0.2627739906311035,7.724761962890625e-05,0.0
1963,0.18359375,0.17857100069522858,-0.00567626953125,0.03571400046348572
1964,0.1953125,0.17777800559997559,-0.00102996826171875,0.08888900279998779
1965,0.1865234375,0.3387100100517273,-0.00016498565673828125,0.01612900011241436
1966,0.1865234375,0.2808220088481903,0.01055908203125,0.03424699977040291
1967,0.166015625,0.20987699925899506,0.00469970703125,0.06172800064086914
1968,0.1484375,0.15000000596046448,-0.008544921875,0.0
1969,0.09716796875,0.19367599487304688,0.025146484375,0.011858000420033932
1970,0.11572265625,0.09638600051403046,0.004913330078125,0.012047999538481236
1971,0.1787109375,0.3269230127334595,0.0038299560546875,0.0
1972,0.1455078125,0.22352899610996246,0.00848388671875,0.041175998747348785
1973,0.13671875,0.09090899676084518,-0.0089111328125,0.030302999541163445
1974,0.13671875,0.32162201404571533,0.0213623046875,0.02702699974179268
1975,0.1826171875,0.14130400121212006,0.0020599365234375,0.06521700322628021
1976,0.10205078125,0.17777800559997559,0.0162353515625,0.03333299979567528
1977,0.18359375,0.2743360102176666,0.01214599609375,0.022123999893665314
1978,0.1806640625,0.3290489912033081,0.0130615234375,0.023135999217629433
1979,0.193359375,0.32558101415634155,0.001983642578125,0.023256000131368637
1980,0.1708984375,0.29113900661468506,0.01458740234375,0.0021100000012665987
1981,0.212890625,0.20253199338912964,0.0062255859375,0.0
1982,0.0439453125,0.1216220036149025,0.0206298828125,0.0
1983,0.212890625,0.375,0.004150390625,0.0
1984,0.0966796875,0.21276600658893585,-0.01031494140625,0.04255300015211105
1985,0.1826171875,0.3382900059223175,0.01104736328125,0.03903299942612648
1986,0.15625,0.28125,0.007110595703125,0.03125
1987,0.1845703125,0.22147700190544128,0.0033721923828125,0.02013400010764599
1988,0.15625,0.2769230008125305,-0.0091552734375,0.0
1989,0.1708984375,0.1754390001296997,0.0025482177734375,0.01754399947822094
1990,0.189453125,0.2762430012226105,0.003631591796875,0.022098999470472336
1991,0.203125,0.14705899357795715,-0.009765625,0.029411999508738518
1992,0.181640625,0.20353999733924866,0.0037689208984375,0.03539799898862839
1993,0.1865234375,0.30000001192092896,0.006591796875,0.02758600004017353
1994,0.1826171875,0.24480000138282776,0.0101318359375,0.0015999999595806003
1995,0.1240234375,0.23655900359153748,0.0120849609375,0.021505000069737434
1996,0.1259765625,0.19697000086307526,-0.0096435546875,0.030302999541163445
1997,0.1875,0.19008299708366394,0.0023345947265625,0.03305799886584282
1998,0.07958984375,0.18452399969100952,0.0150146484375,0.01785700023174286
1999,0.1748046875,0.30882400274276733,-0.006561279296875,0.014705999754369259
2000,0.1875,0.3023259937763214,0.00885009765625,0.034883998334407806
2001,0.1328125,0.23598800599575043,0.0205078125,0.056046999990940094
2002,0.169921875,0.22535200417041779,-0.00433349609375,0.0422540009021759
2003,0.1728515625,0.3076919913291931,0.00933837890625,0.01398599985986948
2004,0.1572265625,0.21428599953651428,0.00555419921875,0.04761900007724762
2005,0.142578125,0.17948700487613678,-0.019287109375,0.0
2006,0.1650390625,0.14406800270080566,0.00408935546875,0.0338979996740818
2007,0.1591796875,0.16249999403953552,0.015625,0.029167000204324722
2008,0.1572265625,0.16875000298023224,0.01519775390625,0.0062500000931322575
2009,0.16015625,0.078125,-0.00360107421875,0.03125
2010,0.1787109375,0.21769900619983673,0.01123046875,0.026549000293016434
2011,0.1513671875,0.23566900193691254,0.005218505859375,0.03184700012207031
2012,0.1533203125,0.11039000004529953,0.0024566650390625,0.025973999872803688
2013,0.15234375,0.3035709857940674,0.0142822265625,0.015625
2014,0.193359375,0.24626900255680084,0.0084228515625,0.0
2015,0.02392578125,0.12195099890232086,0.021240234375,0.012195000424981117
2016,0.1875,0.2874999940395355,0.0026702880859375,0.012500000186264515
2017,0.1611328125,0.07692299783229828,-0.006866455078125,0.01538500003516674
2018,0.1708984375,0.23404300212860107,-0.00848388671875,0.04255300015211105
2019,0.134765625,0.1617249995470047,0.016357421875,0.021562999114394188
2020,0.13671875,0.15238100290298462,0.006439208984375,0.028571000322699547
2021,0.10302734375,0.22169800102710724,0.01953125,0.0
2022,0.125,0.17768600583076477,0.0167236328125,0.004131999798119068
2023,0.1064453125,0.18415799736976624,0.021484375,0.02970300056040287
2024,0.154296875,0.2540540099143982,0.01275634765625,0.02702699974179268
2025,0.181640625,0.26388901472091675,0.000904083251953125,0.013888999819755554
2026,-0.3125,0.06626500189304352,0.042236328125,0.03012000024318695
2027,0.15625,0.25806498527526855,-0.00726318359375,0.06451600044965744
2028,0.169921875,0.38775500655174255,-0.003753662109375,0.02040800079703331
2029,0.154296875,0.26605498790740967,0.00811767578125,0.03669700026512146
2030,0.08544921875,0.09876500070095062,0.01263427734375,0.012346000410616398
2031,0.123046875,0.3090614974498749,0.01904296875,0.02103560045361519
2032,0.1826171875,0.21226400136947632,0.00634765625,0.00943399965763092
2033,0.1435546875,0.3134329915046692,-0.0017852783203125,0.0
2034,0.0400390625,0.1278200000524521,0.0177001953125,0.03759400174021721
2035,0.158203125,0.21806900203227997,0.01312255859375,0.021807000041007996
2036,0.1552734375,0.15873000025749207,0.01019287109375,0.03174600005149841
2037,0.15625,0.25,0.0001583099365234375,0.013158000074326992
2038,0.1767578125,0.4399999976158142,-0.010498046875,0.0
2039,0.1494140625,0.12820500135421753,-0.01416015625,0.0
2040,0.1513671875,0.3076919913291931,0.001251220703125,0.0
2041,0.1845703125,0.1584700047969818,0.00823974609375,0.02185799926519394
2042,0.18359375,0.33333298563957214,-0.0027618408203125,0.020833000540733337
2043,0.12353515625,0.2790699899196625,-0.0087890625,0.046512000262737274
2044,0.05908203125,0.10588199645280838,0.00095367431640625,0.035294000059366226
2045,0.06494140625,0.16071400046348572,0.0022735595703125,0.008929000236093998
2046,0.18359375,0.125,0.0001277923583984375,0.01785700023174286
2047,0.1708984375,0.2801859974861145,0.01611328125,0.020123999565839767
2048,0.1826171875,0.26315799355506897,0.00604248046875,0.00877199973911047
2049,0.173828125,0.2903229892253876,-0.00872802734375,0.0
2050,0.1845703125,0.30172398686408997,0.010009765625,0.022988999262452126
2051,0.1884765625,0.2903229892253876,0.0004825592041015625,0.03225800022482872
2052,0.193359375,0.2696250081062317,0.0067138671875,0.01023900043219328
2053,0.1787109375,0.2777779996395111,0.0103759765625,0.0
2054,0.1796875,0.2602039873600006,0.01153564453125,0.03571400046348572
2055,0.19140625,0.28636398911476135,0.00848388671875,0.018182000145316124
2056,0.1962890625,0.14655199646949768,0.01031494140625,0.00862099975347519
2057,0.1728515625,0.07291699945926666,0.006591796875,0.05208300054073334
2058,0.1982421875,0.3139530122280121,0.00457763671875,0.034883998334407806
2059,0.20703125,0.2592589855194092,0.00445556640625,0.018518999218940735
2060,0.169921875,0.1686750054359436,-0.007049560546875,0.012047999538481236
2061,0.1611328125,0.2325579971075058,0.0096435546875,0.003321999916806817
2062,0.19140625,0.17117099463939667,0.004669189453125,0.03603599965572357
2063,0.19140625,0.24060200154781342,0.008056640625,0.026316000148653984
2064,0.1337890625,0.11320800334215164,0.007476806640625,0.01886799931526184
2065,0.130859375,0.30000001192092896,-0.01416015625,0.0
2066,0.1904296875,0.2514970004558563,0.00946044921875,0.011975999921560287
2067,0.123046875,0.1355929970741272,-0.0050048828125,0.0169489998370409
2068,0.0126953125,0.10000000149011612,0.025146484375,0.028571000322699547
2069,0.1865234375,0.3472220003604889,0.01202392578125,0.013888999819755554
2070,0.1982421875,0.3734939992427826,0.00909423828125,0.06024099886417389
2071,0.1884765625,0.29597699642181396,0.0096435546875,0.011494000442326069
2072,0.1953125,0.24418599903583527,0.0003223419189453125,0.046512000262737274
2073,0.0498046875,0.09210500121116638,0.0030517578125,0.0
2074,0.1982421875,0.31034499406814575,0.00347900390625,0.0
2075,0.1611328125,0.1851850003004074,0.01275634765625,0.06172800064086914
2076,0.1435546875,0.21333299577236176,0.0027008056640625,0.026667000725865364
2077,0.1748046875,0.4090909957885742,-0.01177978515625,0.0
2078,0.17578125,0.15789499878883362,-0.0059814453125,0.026316000148653984
2079,0.19140625,0.241007000207901,0.007415771484375,0.017985999584197998
2080,0.061279296875,0.13157899677753448,0.01556396484375,0.006579000037163496
2081,0.1787109375,0.27338099479675293,0.0101318359375,0.028776999562978745
2082,0.18359375,0.1945209950208664,0.01348876953125,0.027396999299526215
2083,0.11962890625,0.181660994887352,0.0198974609375,0.03114200010895729
2084,0.162109375,0.15827299654483795,0.00555419921875,0.05755399912595749
2085,0.1337890625,0.1899999976158142,-0.004241943359375,0.0
2086,0.166015625,0.2800000011920929,0.01708984375,0.023703699931502342
2087,0.1923828125,0.20000000298023224,0.00958251953125,0.007143000140786171
2088,0.1953125,0.30120500922203064,0.007110595703125,0.004015999846160412
2089,0.0927734375,0.3076919913291931,0.0007171630859375,0.05128199979662895
2090,0.039306640625,0.1025639995932579,0.01214599609375,0.03846200183033943
2091,0.19140625,0.10434799641370773,0.006622314453125,0.026086999103426933
2092,0.1494140625,0.3389829993247986,-0.007598876953125,0.0
2093,0.1689453125,0.3040289878845215,0.01531982421875,0.02930399961769581
2094,0.193359375,0.3132529854774475,0.00946044921875,0.02409599907696247
2095,0.166015625,0.2941179871559143,0.01385498046875,0.02352900058031082
2096,0.142578125,0.2448980063199997,0.0010986328125,0.0
2097,0.1865234375,0.12631599605083466,0.0123291015625,0.010525999590754509
2098,0.1923828125,0.21875,0.005767822265625,0.01875000074505806
2099,0.1748046875,0.2109380066394806,0.01263427734375,0.0078119998797774315
2100,0.169921875,0.2884620130062103,0.0034027099609375,0.0
2101,0.1787109375,0.18181799352169037,-0.0054931640625,0.0
2102,0.19140625,0.24731199443340302,0.00762939453125,0.021505000069737434
2103,0.1943359375,0.19724799692630768,0.006622314453125,0.045871999114751816
2104,0.1845703125,0.295181006193161,0.01092529296875,0.01807199977338314
2105,0.12158203125,0.2747249901294708,0.009521484375,0.04395600035786629
2106,0.0859375,0.14000000059604645,0.005706787109375,0.05999999865889549
2107,0.1884765625,0.22407400608062744,0.007415771484375,0.031481001526117325
2108,0.173828125,0.1860470026731491,-0.0037689208984375,0.023256000131368637
2109,0.193359375,0.17647099494934082,0.008544921875,0.0261439997702837
2110,0.1884765625,0.1704549938440323,-0.002044677734375,0.0
2111,0.1796875,0.19626200199127197,0.0072021484375,0.037383001297712326
2112,0.1630859375,0.10126599669456482,-0.000492095947265625,0.0316459983587265
2113,0.2041015625,0.1351349949836731,-0.0028839111328125,0.08108100295066833
2114,0.1328125,0.28213199973106384,0.0201416015625,0.02194399945437908
2115,0.1611328125,0.1411760002374649,0.006805419921875,0.01176500041037798
2116,0.1865234375,0.1206900030374527,-0.0081787109375,0.06896600127220154
2117,0.1611328125,0.23357699811458588,0.0167236328125,0.014599000103771687
2118,0.1650390625,0.28125,-0.010009765625,0.0
2119,0.11279296875,0.1359650045633316,0.015625,0.00877199973911047
2120,0.1455078125,0.1278200000524521,0.00518798828125,0.015038000419735909
2121,0.1484375,0.38095200061798096,-0.0181884765625,0.0
2122,0.1240234375,0.2898550033569336,0.01190185546875,0.009662000462412834
2123,0.11328125,0.2046779990196228,0.0208740234375,0.03508799895644188
2124,-0.07861328125,0.12790699303150177,0.033935546875,0.038759998977184296
2125,0.189453125,0.20786499977111816,0.008544921875,0.03370799869298935
2126,0.1650390625,0.10000000149011612,-0.01055908203125,0.0
2127,0.1435546875,0.15757599472999573,0.015869140625,0.012121000327169895
2128,0.09326171875,0.2199999988079071,-0.0126953125,0.019999999552965164
2129,0.11279296875,0.11267600208520889,0.00116729736328125,0.01408500038087368
2130,0.1669921875,0.2901307940483093,0.01416015625,0.008323423564434052
2131,0.1748046875,0.18095199763774872,-0.01251220703125,0.03809500113129616
2132,0.1953125,0.26470598578453064,0.0025787353515625,0.04901999980211258
2133,0.177734375,0.28453001379966736,0.0126953125,0.041436001658439636
2134,0.1962890625,0.31972798705101013,0.00604248046875,0.02040800079703331
2135,0.1904296875,0.19354799389839172,0.00148773193359375,0.008065000176429749
2136,0.1533203125,0.29722198843955994,0.01806640625,0.016666999086737633
2137,0.19140625,0.3142859935760498,0.006134033203125,0.05714299902319908
2138,0.203125,0.161764994263649,0.0032196044921875,0.07352899760007858
2139,0.1689453125,0.2967909872531891,0.01507568359375,0.016042999923229218
2140,0.177734375,0.2950820028781891,0.01348876953125,0.01092899963259697
2141,0.17578125,0.20000000298023224,-0.01312255859375,0.07500000298023224
2142,0.171875,0.23076899349689484,0.01043701171875,0.024038000032305717
2143,0.18359375,0.23999999463558197,-0.01171875,0.0
2144,0.1708984375,0.2325579971075058,0.005706787109375,0.0
2145,0.1826171875,0.25179898738861084,0.00860595703125,0.05755399912595749
2146,0.1884765625,0.26618701219558716,0.0021209716796875,0.007193999830633402
2147,0.1845703125,0.23756900429725647,0.0107421875,0.00828699953854084
2148,0.0830078125,0.17298580706119537,0.0274658203125,0.011848339810967445
2149,0.01318359375,0.18965500593185425,0.0223388671875,0.06896600127220154
2150,0.1181640625,0.2432429939508438,-0.006134033203125,0.0
2151,0.09814453125,0.21138200163841248,0.0234375,0.024390000849962234
2152,0.125,0.11764699965715408,0.006500244140625,0.0
2153,0.11376953125,0.27272701263427734,0.01251220703125,0.030302999541163445
2154,0.197265625,0.10576900094747543,0.0004520416259765625,0.07692299783229828
2155,0.18359375,0.1358020007610321,-0.0002002716064453125,0.02469100058078766
2156,0.142578125,0.17894700169563293,0.0113525390625,0.010525999590754509
2157,0.1787109375,0.07575800269842148,0.00421142578125,0.0
2158,0.1708984375,0.2199999988079071,0.008056640625,0.07000000029802322
2159,0.1640625,0.26582300662994385,0.0067138671875,0.02531599998474121
2160,0.177734375,0.23134300112724304,0.013427734375,0.05970099940896034
2161,0.1171875,0.14000000059604645,-0.0181884765625,0.07999999821186066
2162,0.1484375,0.1860470026731491,-1.1622905731201172e-05,0.023256000131368637
2163,0.1728515625,0.3346770107746124,0.01416015625,0.03225800022482872
2164,0.16796875,0.18181799352169037,0.006256103515625,0.03636400029063225
2165,0.1845703125,0.19426800310611725,0.010498046875,0.0031850000377744436
2166,0.181640625,0.2527469992637634,0.01226806640625,0.027473000809550285
2167,0.1728515625,0.2643679976463318,0.0079345703125,0.011494000442326069
2168,0.1806640625,0.14035099744796753,-0.01422119140625,0.03508799895644188
2169,0.1962890625,0.16981099545955658,0.00799560546875,0.03773599863052368
2170,0.1279296875,0.2554349899291992,0.00860595703125,0.02173900045454502
2171,0.1875,0.2910049855709076,0.00750732421875,0.005291000008583069
2172,0.18359375,0.07999999821186066,-0.006317138671875,0.019999999552965164
2173,0.15625,0.08108100295066833,-0.0159912109375,0.08108100295066833
2174,0.1904296875,0.21897800266742706,0.0045166015625,0.007298999931663275
2175,0.2001953125,0.375,0.00994873046875,0.046875
2176,0.1591796875,0.2328770011663437,-0.004913330078125,0.041095998138189316
2177,0.0849609375,0.11999999731779099,-0.012451171875,0.0
2178,0.16796875,0.2560980021953583,0.01483154296875,0.005226000212132931
2179,0.197265625,0.31756800413131714,0.0059814453125,0.013513999991118908
2180,0.1689453125,0.41666701436042786,-0.00714111328125,0.0
2181,0.1416015625,0.2045450061559677,-0.00787353515625,0.0
2182,0.16796875,0.19148899614810944,-0.006256103515625,0.02127699926495552
2183,0.2119140625,0.09411799907684326,0.00823974609375,0.02352900058031082
2184,0.177734375,0.16483500599861145,-0.00567626953125,0.021978000178933144
2185,0.154296875,0.21985800564289093,0.0155029296875,0.02127699926495552
2186,0.158203125,0.19417500495910645,-0.00183868408203125,0.009708999656140804
2187,0.1904296875,0.23384599387645721,0.007598876953125,0.0
2188,0.1728515625,0.18055599927902222,-0.01104736328125,0.02777799963951111
2189,0.173828125,0.15625,-0.00567626953125,0.0
2190,0.1806640625,0.1816280037164688,0.01220703125,0.029227999970316887
2191,0.1787109375,0.150735005736351,0.01104736328125,0.0220589991658926
2192,0.1962890625,0.25,0.01519775390625,0.011904999613761902
2193,0.142578125,0.26845601201057434,0.0155029296875,0.02013400010764599
2194,0.1591796875,0.2541179955005646,0.0150146484375,0.007058999966830015
2195,0.1748046875,0.30727800726890564,0.01513671875,0.01886799931526184
2196,0.1796875,0.31168800592422485,0.006561279296875,0.025973999872803688
2197,0.1689453125,0.274073988199234,0.01171875,0.009877000004053116
2198,0.12255859375,0.2857140004634857,-0.01263427734375,0.01785700023174286
2199,0.19140625,0.19183699786663055,0.0069580078125,0.032653000205755234
2200,0.1865234375,0.20886099338531494,0.01031494140625,0.05063299834728241
2201,0.1923828125,0.35616400837898254,0.0030517578125,0.0
2202,0.1865234375,0.2923080027103424,0.00439453125,0.0
2203,0.201171875,0.16037699580192566,0.004791259765625,0.02830200083553791
2204,0.181640625,0.17073200643062592,0.0086669921875,0.024390000849962234
2205,0.1357421875,0.19417500495910645,0.013671875,0.03883500024676323
2206,0.154296875,0.3169400095939636,0.0179443359375,0.03278699889779091
2207,0.09521484375,0.18181799352169037,-0.001953125,0.01515199989080429
2208,0.119140625,0.307888001203537,0.0213623046875,0.02035599946975708
2209,0.19921875,0.08791200071573257,0.00347900390625,0.054944999516010284
2210,0.1982421875,0.2619050145149231,0.0140380859375,0.023809999227523804
2211,0.1962890625,0.20000000298023224,-0.00799560546875,0.0
2212,0.1953125,0.27188900113105774,0.006103515625,0.013825000263750553
2213,0.18359375,0.19642899930477142,0.00714111328125,0.026785999536514282
2214,0.1806640625,0.2432429939508438,0.00555419921875,0.013513999991118908
2215,0.14453125,0.19480499625205994,-0.0031280517578125,0.025973999872803688
2216,0.19140625,0.22487999498844147,0.01007080078125,0.028707999736070633
2217,0.1884765625,0.13636399805545807,0.00933837890625,0.025973999872803688
2218,0.07763671875,0.15789499878883362,-0.0067138671875,0.05263200029730797
2219,0.1826171875,0.15853700041770935,0.01031494140625,0.02845500037074089
2220,0.1513671875,0.29629600048065186,-0.015869140625,0.0
2221,0.177734375,0.2222220003604889,0.0016632080078125,0.0
2222,0.15234375,0.11188799887895584,0.009033203125,0.041958000510931015
2223,0.1884765625,0.12962999939918518,0.00836181640625,0.02469100058078766
2224,0.1640625,0.2905760109424591,0.0162353515625,0.010471000336110592
2225,0.1884765625,0.2514970004558563,0.0081787109375,0.0
2226,0.1923828125,0.14876000583171844,0.0021820068359375,0.04958700016140938
2227,0.1923828125,0.31606200337409973,0.007415771484375,0.005181000102311373
2228,0.18359375,0.1149429976940155,0.0024261474609375,0.022988999262452126
2229,0.1884765625,0.1693120002746582,0.006317138671875,0.005291000008583069
2230,0.1767578125,0.21538500487804413,0.01123046875,0.03461499884724617
2231,0.1376953125,0.11111100018024445,0.0076904296875,0.0
2232,0.17578125,0.35468000173568726,0.01422119140625,0.03940900042653084
2233,0.154296875,0.19130399823188782,0.004913330078125,0.01739099994301796
2234,0.1630859375,0.25,-0.00180816650390625,0.015625
2235,0.158203125,0.2608700096607208,-0.01025390625,0.08695700019598007
2236,0.1923828125,0.3061220049858093,0.006744384765625,0.02040800079703331
2237,0.05859375,0.13888899981975555,0.0179443359375,0.04166699945926666
2238,0.185546875,0.20738600194454193,0.0115966796875,0.011363999918103218
2239,0.17578125,0.2429250031709671,0.01531982421875,0.0235849991440773
2240,0.1982421875,0.34615400433540344,0.00665283203125,0.0
2241,0.1875,0.17333300411701202,0.004486083984375,0.026667000725865364
2242,0.19140625,0.3134329915046692,0.006591796875,0.014925000257790089
2243,0.17578125,0.25980401039123535,0.0115966796875,0.01960800029337406
2244,0.0673828125,0.14754100143909454,-0.000278472900390625,0.01639300025999546
2245,0.1806640625,0.22092999517917633,0.004119873046875,0.046512000262737274
2246,0.1806640625,0.17647099494934082,-0.0007476806640625,0.058823999017477036
2247,0.1796875,0.26285699009895325,0.01129150390625,0.022856999188661575
2248,0.1865234375,0.27272701263427734,0.002166748046875,0.01652899943292141
2249,0.18359375,0.26162800192832947,0.007293701171875,0.011628000065684319
2250,0.1787109375,0.24189500510692596,0.01263427734375,0.022444000467658043
2251,0.052978515625,0.12790699303150177,0.01043701171875,0.011628000065684319
2252,0.1923828125,0.3833329975605011,0.007171630859375,0.0
2253,0.173828125,0.16517899930477142,0.0181884765625,0.026785999536514282
2254,0.1796875,0.3061220049858093,-0.0032501220703125,0.0
2255,0.1162109375,0.22105300426483154,-0.005523681640625,0.0
2256,0.2041015625,0.03773599863052368,-0.000782012939453125,0.03773599863052368
2257,0.1845703125,0.30654799938201904,0.0107421875,0.020833000540733337
2258,0.18359375,0.3043479919433594,0.007232666015625,0.011858000420033932
2259,0.193359375,0.41666701436042786,-0.0067138671875,0.0
2260,0.1923828125,0.2820509970188141,0.00152587890625,0.025640999898314476
2261,0.1865234375,0.25210100412368774,0.005523681640625,0.01680699922144413
2262,0.1689453125,0.24083800613880157,0.01104736328125,0.0026179999113082886
2263,0.1884765625,0.2680410146713257,0.00848388671875,0.0
2264,0.1689453125,0.26511600613594055,0.0108642578125,0.023256000131368637
2265,0.1826171875,0.2223930060863495,0.01129150390625,0.004600999876856804
2266,0.1796875,0.22989900410175323,0.0125732421875,0.007538000121712685
2267,0.18359375,0.2446810007095337,0.00830078125,0.010638000443577766
2268,0.19140625,0.19342400133609772,0.00836181640625,0.01740800030529499
2269,0.1845703125,0.39130398631095886,-0.009765625,0.0
2270,0.1572265625,0.21818199753761292,-0.00738525390625,0.0
2271,0.1787109375,0.22807000577449799,0.0098876953125,0.01754399947822094
2272,0.11328125,0.26045000553131104,0.01470947265625,0.02572299912571907
2273,0.1708984375,0.16022099554538727,0.0086669921875,0.022098999470472336
2274,0.15625,0.21428599953651428,-0.0045166015625,0.01785700023174286
2275,0.1904296875,0.25,0.00421142578125,0.0
2276,0.1787109375,0.20863300561904907,0.0137939453125,0.028776999562978745
2277,0.1826171875,0.2222220003604889,0.00469970703125,0.010100999847054482
2278,0.181640625,0.145455002784729,0.0010223388671875,0.0
2279,0.185546875,0.25,-0.000843048095703125,0.011904999613761902
2280,0.1513671875,0.2543250024318695,0.019287109375,0.017301000654697418
2281,0.1923828125,0.16666699945926666,0.0035552978515625,0.011904999613761902
2282,0.1904296875,0.24242399632930756,0.0036773681640625,0.01515199989080429
2283,0.1962890625,0.32558101415634155,0.000820159912109375,0.0
2284,0.12890625,0.09589000046253204,0.00872802734375,0.041095998138189316
2285,0.06640625,0.13915100693702698,0.029052734375,0.030659999698400497
2286,0.1787109375,0.2602739930152893,0.01043701171875,0.027396999299526215
2287,0.1904296875,0.15555599331855774,0.000118255615234375,0.0
2288,0.1845703125,0.24210500717163086,0.0108642578125,0.010525999590754509
2289,0.1884765625,0.17647099494934082,0.0005035400390625,0.058823999017477036
2290,0.189453125,0.14563100039958954,-0.0012969970703125,0.01941699907183647
2291,0.203125,0.27272701263427734,0.0026702880859375,0.0227269995957613
2292,0.1796875,0.267441987991333,-0.00127410888671875,0.011628000065684319
2293,0.1787109375,0.23701299726963043,0.01446533203125,0.01623399928212166
2294,0.16015625,0.2327589988708496,0.00860595703125,0.01724099926650524
2295,0.1611328125,0.2105260044336319,-0.007110595703125,0.0
2296,0.1552734375,0.16326500475406647,0.00823974609375,0.02040800079703331
2297,0.189453125,0.23188400268554688,0.0047607421875,0.014492999762296677
2298,0.166015625,0.1875,-0.00070953369140625,0.046875
2299,0.19140625,0.10000000149011612,0.00836181640625,0.019999999552965164
2300,0.201171875,0.25641000270843506,0.01123046875,0.025640999898314476
2301,0.17578125,0.2909089922904968,0.0079345703125,0.009091000072658062
2302,0.1630859375,0.19512200355529785,-0.01080322265625,0.024390000849962234
2303,0.1357421875,0.20754699409008026,0.01806640625,0.010482000187039375
2304,0.189453125,0.21782200038433075,0.002197265625,0.0
2305,0.1591796875,0.3204230070114136,0.0115966796875,0.010563000105321407
2306,0.193359375,0.19642899930477142,0.01007080078125,0.03571400046348572
2307,0.2001953125,0.18987299501895905,0.004669189453125,0.012657999992370605
2308,0.16796875,0.2648650109767914,0.0167236328125,0.04324299842119217
2309,0.15625,0.24910999834537506,0.01263427734375,0.00355900009162724
2310,0.1484375,0.10810799896717072,0.00162506103515625,0.04054100066423416
2311,0.103515625,0.18644100427627563,0.01025390625,0.0338979996740818
2312,0.1630859375,0.1003040000796318,0.0126953125,0.024315999820828438
2313,0.140625,0.261588990688324,0.01239013671875,0.02980099990963936
2314,0.2080078125,0.08888900279998779,0.006317138671875,0.022221999242901802
2315,0.193359375,0.22388100624084473,0.00225830078125,0.029851000756025314
2316,0.1806640625,0.15283800661563873,0.0162353515625,0.07860299944877625
2317,0.1875,0.18994399905204773,0.00750732421875,0.00558699993416667
2318,0.197265625,0.08695700019598007,0.003753662109375,0.02173900045454502
2319,0.1787109375,0.26938799023628235,0.01220703125,0.028571000322699547
2320,0.134765625,0.3448280096054077,0.0023956298828125,0.03448300063610077
2321,0.193359375,0.3359380066394806,0.0067138671875,0.023437999188899994
2322,0.1845703125,0.21748000383377075,0.01068115234375,0.014228000305593014
2323,0.1572265625,0.20000000298023224,-0.0036163330078125,0.0
2324,0.19140625,0.699999988079071,-0.007598876953125,0.10000000149011612
2325,0.1865234375,0.23529399931430817,0.01416015625,0.01960800029337406
2326,0.189453125,0.24285699427127838,0.00518798828125,0.007143000140786171
2327,0.1689453125,0.1704549938440323,-0.00262451171875,0.011363999918103218
2328,0.1884765625,0.11403500288724899,0.0089111328125,0.0394739992916584
2329,0.1689453125,0.31648901104927063,0.0164794921875,0.02393599972128868
2330,0.171875,0.2523080110549927,0.0135498046875,0.01538500003516674
2331,0.189453125,0.3695650100708008,0.0091552734375,0.08695700019598007
2332,0.177734375,0.1264919936656952,0.01214599609375,0.021479999646544456
2333,0.1435546875,0.2045450061559677,-0.005859375,0.0227269995957613
2334,0.15625,0.08333300054073334,0.0194091796875,0.02777799963951111
2335,0.173828125,0.24092400074005127,0.009033203125,0.013201000168919563
2336,0.09228515625,0.08860799670219421,0.015380859375,0.0
2337,0.1767578125,0.20253199338912964,0.00084686279296875,0.0
2338,0.2138671875,0.0928570032119751,0.01226806640625,0.014286000281572342
2339,0.1875,0.16949200630187988,0.0010528564453125,0.0338979996740818
2340,0.1826171875,0.17777800559997559,-0.004608154296875,0.022221999242901802
2341,0.1845703125,0.3235290050506592,0.00567626953125,0.00980400014668703
2342,0.173828125,0.19642899930477142,0.00933837890625,0.011904999613761902
2343,0.16015625,0.09375,-0.01171875,0.0
2344,0.1728515625,0.16265100240707397,0.0107421875,0.03012000024318695
2345,0.18359375,0.26204198598861694,0.009033203125,0.007706999778747559
2346,0.1748046875,0.1599999964237213,0.0027313232421875,0.0
2347,0.193359375,0.2637360095977783,0.005706787109375,0.021978000178933144
2348,0.177734375,0.22985099256038666,0.01495361328125,0.011939999647438526
2349,0.1806640625,0.3398059904575348,0.010986328125,0.004854000173509121
2350,0.181640625,0.19718299806118011,0.0089111328125,0.0422540009021759
2351,0.1484375,0.28169000148773193,0.006378173828125,0.01408500038087368
2352,0.1943359375,0.3081760108470917,0.0064697265625,0.0
2353,0.0010833740234375,0.1829269975423813,0.018798828125,0.030487999320030212
2354,0.09765625,0.08928599953651428,0.01397705078125,0.01785700023174286
2355,0.185546875,0.27966099977493286,0.00897216796875,0.01271199993789196
2356,0.11328125,0.19047600030899048,0.009521484375,0.03571400046348572
2357,0.1484375,0.38775500655174255,0.00946044921875,0.0
2358,0.203125,0.2857140004634857,-0.0021820068359375,0.0
2359,0.171875,0.2995389997959137,0.007781982421875,0.004608000162988901
2360,0.08203125,0.1550929993391037,0.0164794921875,0.009259000420570374
2361,0.185546875,0.22033900022506714,0.00151824951171875,0.0
2362,0.1865234375,0.1855670064687729,0.0021209716796875,0.020618999376893044
2363,0.19140625,0.24496600031852722,0.0086669921875,0.01677899993956089
2364,0.1875,0.30522099137306213,0.00982666015625,0.03212900087237358
2365,0.150390625,0.18461500108242035,0.00885009765625,0.0
2366,0.171875,0.11864399909973145,-0.005645751953125,0.0
2367,0.19140625,0.10526300221681595,0.00482177734375,0.013158000074326992
2368,0.1904296875,0.18367299437522888,0.005401611328125,0.04081600159406662
2369,0.1904296875,0.267441987991333,0.0093994140625,0.019379999488592148
2370,0.1884765625,0.1860470026731491,-0.0079345703125,0.0
2371,0.18359375,0.26535099744796753,0.01202392578125,0.03289499878883362
2372,0.050048828125,0.27941200137138367,0.020751953125,0.0
2373,0.1845703125,0.3199999928474426,-0.00830078125,0.07999999821186066
2374,0.109375,0.10526300221681595,-0.01068115234375,0.026316000148653984
2375,0.189453125,0.274509996175766,0.00933837890625,0.011203999631106853
2376,0.17578125,0.10714299976825714,0.01104736328125,0.03571400046348572
2377,0.1748046875,0.18561500310897827,0.013671875,0.04872399941086769
2378,0.1689453125,0.3207550048828125,0.01361083984375,0.02830200083553791
2379,0.1767578125,0.3142859935760498,-0.009765625,0.05714299902319908
2380,0.1552734375,0.2173909991979599,0.0181884765625,0.027173999696969986
2381,0.16796875,0.2588239908218384,0.0087890625,0.01176500041037798
2382,0.1943359375,0.265625,0.001953125,0.015625
2383,0.1171875,0.3076919913291931,-0.004150390625,0.07692299783229828
2384,0.193359375,0.2754240036010742,0.00933837890625,0.004236999899148941
2385,0.1689453125,0.32608699798583984,0.0026702880859375,0.0
2386,0.1953125,0.23646700382232666,0.00665283203125,0.008546999655663967
2387,0.16015625,0.11111100018024445,-0.00579833984375,0.02777799963951111
2388,0.16796875,0.30158698558807373,0.016845703125,0.02777799963951111
2389,0.16796875,0.15730300545692444,-0.000514984130859375,0.022471999749541283
2390,0.177734375,0.13750000298023224,-0.0033111572265625,0.012500000186264515
2391,0.1845703125,0.2795700132846832,0.007781982421875,0.010753000155091286
2392,-0.05810546875,0.09375,0.033203125,0.0
2393,0.193359375,0.2734380066394806,0.007354736328125,0.0078119998797774315
2394,0.1923828125,0.23773600161075592,0.01116943359375,0.011320999823510647
2395,0.1806640625,0.09589000046253204,-0.001800537109375,0.027396999299526215
2396,0.19140625,0.24285699427127838,0.001678466796875,0.028571000322699547
2397,0.181640625,0.4745759963989258,0.0087890625,0.05084700137376785
2398,0.1787109375,0.19424499571323395,0.00921630859375,0.02158300019800663
2399,0.181640625,0.14465400576591492,0.00811767578125,0.012578999623656273
2400,0.16796875,0.1857140064239502,-0.006591796875,0.014286000281572342
2401,0.1845703125,0.25909098982810974,0.01202392578125,0.03636400029063225
2402,0.1748046875,0.20000000298023224,6.151199340820312e-05,0.0
2403,0.16015625,0.26215600967407227,0.0181884765625,0.012684999965131283
2404,0.1396484375,0.10909099876880646,0.00848388671875,0.03636400029063225
2405,0.1962890625,0.3093529939651489,0.010986328125,0.06474799662828445
2406,0.1875,0.1654140055179596,0.0089111328125,0.007519000209867954
2407,0.173828125,0.22727300226688385,-0.0076904296875,0.0
2408,0.1796875,0.2818180024623871,0.0076904296875,0.02727299928665161
2409,0.1787109375,0.2886599898338318,0.0150146484375,0.020618999376893044
2410,0.1806640625,0.3246749937534332,0.0133056640625,0.017316000536084175
2411,0.1650390625,0.25118499994277954,0.0164794921875,0.018957000225782394
2412,0.083984375,0.19003699719905853,0.0233154296875,0.027674999088048935
2413,0.17578125,0.25185200572013855,0.00830078125,0.02962999977171421
2414,0.1826171875,0.2870039939880371,0.01171875,0.0018050000071525574
2415,0.08251953125,0.10909099876880646,0.023193359375,0.018182000145316124
2416,0.1650390625,0.234265998005867,0.0169677734375,0.01398599985986948
2417,0.099609375,0.12048199772834778,0.0162353515625,0.0
2418,0.1845703125,0.18543000519275665,-0.004058837890625,0.013244999572634697
2419,0.11474609375,0.025640999898314476,0.01318359375,0.03846200183033943
2420,0.171875,0.26302701234817505,0.0150146484375,0.024814000353217125
2421,0.1240234375,0.18421100080013275,-4.506111145019531e-05,0.10526300221681595
2422,0.185546875,0.16666699945926666,-0.00286865234375,0.030302999541163445
2423,0.1904296875,0.22543400526046753,0.006317138671875,0.023120999336242676
2424,0.154296875,0.16430599987506866,0.0185546875,0.04532599821686745
2425,0.1845703125,0.22972999513149261,0.0115966796875,0.020269999280571938
2426,0.1962890625,0.24561400711536407,0.00634765625,0.01754399947822094
2427,0.1689453125,0.18333299458026886,0.002288818359375,0.03333299979567528
2428,0.1494140625,0.2705880105495453,0.0140380859375,0.0
2429,0.1728515625,0.28813600540161133,-0.00347900390625,0.0169489998370409
2430,0.189453125,0.21167899668216705,0.004150390625,0.007298999931663275
2431,0.1611328125,0.23511900007724762,0.0174560546875,0.04464299976825714
2432,0.1787109375,0.26771700382232666,-0.0012664794921875,0.015747999772429466
2433,0.1953125,0.32432401180267334,0.00518798828125,0.0
2434,0.0791015625,0.09677399694919586,0.004425048828125,0.03225800022482872
2435,0.1787109375,0.11999999731779099,0.0014495849609375,0.04571399837732315
2436,0.1455078125,0.3703700006008148,-0.0167236328125,0.0
2437,0.18359375,0.27383899688720703,0.01092529296875,0.017115000635385513
2438,0.173828125,0.17073200643062592,0.01226806640625,0.029810000211000443
2439,0.189453125,0.24799999594688416,0.00823974609375,0.012000000104308128
2440,0.1865234375,0.2966510057449341,0.00885009765625,0.014353999868035316
2441,0.173828125,0.25555598735809326,-0.000553131103515625,0.022221999242901802
2442,0.181640625,0.20689700543880463,0.00152587890625,0.03448300063610077
2443,0.173828125,0.3259490132331848,0.01025390625,0.028480999171733856
2444,0.1923828125,0.2608700096607208,0.006561279296875,0.0
2445,0.1884765625,0.3111110031604767,0.00286865234375,0.08888900279998779
2446,0.177734375,0.3478260040283203,-0.00457763671875,0.02173900045454502
2447,0.1787109375,0.24115799367427826,0.00897216796875,0.03858499974012375
2448,0.1591796875,0.05084700137376785,0.00836181640625,0.03954799845814705
2449,0.1845703125,0.34693899750709534,0.00104522705078125,0.02040800079703331
2450,0.1552734375,0.21904799342155457,0.00153350830078125,0.03809500113129616
2451,0.1728515625,0.20909099280834198,-0.000530242919921875,0.0
2452,0.1865234375,0.30188700556755066,0.000179290771484375,0.0
2453,0.138671875,0.1612900048494339,0.0013275146484375,0.0
2454,0.126953125,0.28070199489593506,0.00787353515625,0.05263200029730797
2455,0.166015625,0.3098590075969696,-0.0050048828125,0.028169000521302223
2456,0.19140625,0.33620700240135193,0.005157470703125,0.0
2457,0.19140625,0.30681800842285156,0.005157470703125,0.056818000972270966
2458,0.1826171875,0.321586012840271,0.01104736328125,0.022026000544428825
2459,0.1650390625,0.26139798760414124,0.0167236328125,0.03039499931037426
2460,0.1767578125,0.22772300243377686,0.00994873046875,0.0
2461,0.11669921875,0.2689869999885559,0.0189208984375,0.0316459983587265
2462,0.1669921875,0.2222220003604889,0.0020904541015625,0.0
2463,0.1484375,0.26136401295661926,0.01068115234375,0.0227269995957613
2464,0.18359375,0.2713409960269928,0.0115966796875,0.024390000849962234
2465,0.1474609375,0.2244900017976761,0.0029754638671875,0.010204000398516655
2466,0.1884765625,0.2554740011692047,0.006256103515625,0.014599000103771687
2467,0.154296875,0.22077900171279907,0.01422119140625,0.058442000299692154
2468,0.1455078125,0.11363600194454193,-0.0054931640625,0.0
2469,0.1689453125,0.2985779941082001,0.01397705078125,0.02369699999690056
2470,0.1748046875,0.1328119933605194,0.005523681640625,0.0078119998797774315
2471,-0.01068115234375,0.20408199727535248,0.0072021484375,0.02040800079703331
2472,0.1357421875,0.12766000628471375,-0.01080322265625,0.0
2473,0.1708984375,0.26175498962402344,0.01409912109375,0.023510999977588654
2474,0.166015625,0.16216200590133667,-0.015869140625,0.05405399948358536
2475,0.1767578125,0.26930299401283264,0.0135498046875,0.009415999986231327
2476,0.1875,0.2279909998178482,0.00909423828125,0.027087999507784843
2477,0.1533203125,0.18181799352169037,0.0052490234375,0.0
2478,0.1708984375,0.2702699899673462,0.00445556640625,0.006756999995559454
2479,0.1884765625,0.24528299272060394,0.00701904296875,0.011320999823510647
2480,0.087890625,0.1351349949836731,0.01544189453125,0.045044999569654465
2481,-0.01397705078125,0.11656399816274643,0.02587890625,0.018404999747872353
2482,0.2099609375,0.22499999403953552,-0.00016307830810546875,0.0
2483,0.1826171875,0.2666670083999634,-0.00159454345703125,0.11111100018024445
2484,0.1572265625,0.12345699965953827,0.019775390625,0.03292199969291687
2485,0.1689453125,0.2465749979019165,0.0107421875,0.02283100038766861
2486,0.17578125,0.08823499828577042,-0.00506591796875,0.014705999754369259
2487,0.1826171875,0.2619050145149231,0.0045166015625,0.023809999227523804
2488,0.02978515625,0.16666699945926666,0.0003376007080078125,0.0
2489,0.189453125,0.31578901410102844,-0.004486083984375,0.01754399947822094
2490,0.203125,0.39285698533058167,-0.00445556640625,0.03571400046348572
2491,0.126953125,0.2199310064315796,0.015869140625,0.027490999549627304
2492,0.162109375,0.15636399388313293,0.0126953125,0.021818000823259354
2493,0.1103515625,0.17796599864959717,0.0159912109375,0.014124000445008278
2494,0.173828125,0.2971009910106659,0.0093994140625,0.0036230001132935286
2495,0.189453125,0.20484599471092224,0.0089111328125,0.022026000544428825
2496,0.1484375,0.24545499682426453,0.0032196044921875,0.045455001294612885
2497,0.181640625,0.15702499449253082,0.007598876953125,0.03305799886584282
2498,-0.0174560546875,0.18151800334453583,0.02783203125,0.02970300056040287
2499,0.0615234375,0.25,-0.008056640625,0.05000000074505806
2500,0.1474609375,0.09465000033378601,0.01708984375,0.03292199969291687
2501,0.18359375,0.18831199407577515,0.002166748046875,0.025973999872803688
2502,0.087890625,0.18055599927902222,0.0036773681640625,0.05555599927902222
2503,0.1513671875,0.3098590075969696,-0.004608154296875,0.0
2504,0.1298828125,0.27567601203918457,0.020263671875,0.023422999307513237
2505,0.17578125,0.25806498527526855,-0.0030517578125,0.03225800022482872
2506,0.169921875,0.29651200771331787,0.00823974609375,0.011628000065684319
2507,0.1533203125,0.13846200704574585,-0.0027618408203125,0.01538500003516674
2508,0.185546875,0.2653059959411621,0.00194549560546875,0.02040800079703331
2509,0.169921875,0.17647099494934082,-0.003265380859375,0.04705899953842163
2510,0.138671875,0.125,-0.0002994537353515625,0.01785700023174286
2511,0.1806640625,0.2857140004634857,-0.0023956298828125,0.0
2512,0.1884765625,0.25284698605537415,0.00555419921875,0.011389999650418758
2513,0.1640625,0.2438270002603531,0.0146484375,0.043209999799728394
2514,0.1630859375,0.25757598876953125,-0.01068115234375,0.0
2515,0.15234375,0.23566900193691254,0.007171630859375,0.00636899983510375
2516,-0.005645751953125,0.1774190068244934,0.021728515625,0.01612900011241436
2517,0.1728515625,0.2526319921016693,0.00897216796875,0.0035089999437332153
2518,0.17578125,0.24193499982357025,0.011474609375,0.03225800022482872
2519,0.1416015625,0.26455000042915344,0.006500244140625,0.03174600005149841
2520,0.1494140625,0.2870369851589203,0.0172119140625,0.009259000420570374
2521,-0.1220703125,0.11111100018024445,0.01806640625,0.012346000410616398
2522,0.12890625,0.2222220003604889,0.009765625,0.046296000480651855
2523,0.16796875,0.282353013753891,-0.0016937255859375,0.035294000059366226
2524,0.18359375,0.30578500032424927,0.005859375,0.01652899943292141
2525,0.1669921875,0.30501100420951843,0.01531982421875,0.05010899901390076
2526,0.14453125,0.2553189992904663,-0.02001953125,0.0
2527,0.1328125,0.25766900181770325,0.0087890625,0.012269999831914902
2528,0.140625,0.09589000046253204,0.009521484375,0.013698999769985676
2529,0.1865234375,0.281480997800827,0.00146484375,0.0
2530,0.1572265625,0.3235290050506592,-0.002105712890625,0.14705899357795715
2531,0.123046875,0.22727300226688385,0.0108642578125,0.0227269995957613
2532,0.166015625,0.27354300022125244,0.00946044921875,0.0
2533,0.181640625,0.2636359930038452,0.001190185546875,0.018182000145316124
2534,0.1552734375,0.3109540045261383,0.0150146484375,0.01943499967455864
2535,0.150390625,0.2807610034942627,0.016357421875,0.02684600092470646
2536,-0.03173828125,0.3076919913291931,-0.006317138671875,0.0
2537,0.1875,0.2702699899673462,0.003143310546875,0.018017999827861786
2538,0.15625,0.17985600233078003,0.01361083984375,0.02158300019800663
2539,0.15234375,0.24814799427986145,0.01385498046875,0.011110999621450901
2540,0.17578125,0.2534559965133667,-0.0010986328125,0.009216999635100365
2541,0.173828125,0.2261579930782318,0.01361083984375,0.027248000726103783
2542,0.1875,0.1149429976940155,0.00421142578125,0.06896600127220154
2543,0.1640625,0.23913000524044037,-0.01165771484375,0.02173900045454502
2544,0.14453125,0.23376600444316864,-0.0089111328125,0.012986999936401844
2545,0.13671875,0.23333300650119781,0.006072998046875,0.03333299979567528
2546,0.1240234375,0.23076899349689484,0.00179290771484375,0.0
2547,0.177734375,0.06410299986600876,0.00604248046875,0.0
2548,0.1416015625,0.23140500485897064,0.006866455078125,0.01652899943292141
2549,0.1181640625,0.2893480062484741,0.0213623046875,0.014307999983429909
2550,0.1611328125,0.25316500663757324,0.005584716796875,0.02531599998474121
2551,0.18359375,0.29577499628067017,0.003936767578125,0.0422540009021759
2552,0.162109375,0.3783780038356781,-5.1975250244140625e-05,0.04054100066423416
2553,0.171875,0.2609429955482483,0.01348876953125,0.01515199989080429
2554,0.1669921875,0.35897400975227356,-0.01129150390625,0.05128199979662895
2555,0.2041015625,0.30882400274276733,0.0023956298828125,0.0
2556,0.1845703125,0.38271600008010864,0.00762939453125,0.012346000410616398
2557,0.12109375,0.11764699965715408,-0.0146484375,0.0
2558,0.1630859375,0.2060299962759018,0.000560760498046875,0.005024999845772982
2559,0.15234375,0.34615400433540344,-0.01458740234375,0.03846200183033943
2560,0.19140625,0.34375,0.00144195556640625,0.0
2561,0.1923828125,0.35514000058174133,0.006744384765625,0.009345999918878078
2562,0.171875,0.23188400268554688,-0.00061798095703125,0.014492999762296677
2563,0.1865234375,0.23595499992370605,0.00885009765625,0.016853999346494675
2564,0.09912109375,0.2933329939842224,0.01446533203125,0.03111100010573864
2565,0.146484375,0.34615400433540344,0.0086669921875,0.05769199877977371
2566,0.1748046875,0.19032299518585205,0.014404296875,0.012903000228106976
2567,0.11376953125,0.21875,0.01611328125,0.0054350001737475395
2568,0.16796875,0.10869599878787994,-0.00537109375,0.02173900045454502
2569,0.19140625,0.29565200209617615,0.0033416748046875,0.0
2570,0.1083984375,0.37333300709724426,0.01251220703125,0.019999999552965164
2571,0.203125,0.33333298563957214,-0.000270843505859375,0.01754399947822094
2572,0.1767578125,0.23214299976825714,-0.0048828125,0.03571400046348572
2573,0.1923828125,0.2446810007095337,0.01123046875,0.010638000443577766
2574,0.189453125,0.1871660053730011,0.00836181640625,0.032085999846458435
2575,0.1767578125,0.24444399774074554,0.0040283203125,0.022221999242901802
2576,0.0908203125,0.2857140004634857,-0.005615234375,0.03571400046348572
2577,0.193359375,0.3111110031604767,0.00095367431640625,0.022221999242901802
2578,0.08642578125,0.20408199727535248,0.00927734375,0.02040800079703331
2579,0.185546875,0.35064899921417236,0.01141357421875,0.008658000268042088
2580,0.181640625,0.19916099309921265,0.01190185546875,0.023060999810695648
2581,0.0693359375,0.25,-0.005035400390625,0.02777799963951111
2582,0.1826171875,0.32432401180267334,-0.0024871826171875,0.02702699974179268
2583,0.1953125,0.25581398606300354,0.006805419921875,0.023256000131368637
2584,0.162109375,0.2738099992275238,0.01385498046875,0.011904999613761902
2585,0.1875,0.19871799647808075,0.01165771484375,0.032051000744104385
2586,0.1845703125,0.27000001072883606,0.01153564453125,0.04500000178813934
2587,0.189453125,0.3106060028076172,0.00799560546875,0.007575999945402145
2588,0.154296875,0.2233009934425354,0.00872802734375,0.01941699907183647
2589,0.12890625,0.10000000149011612,0.0184326171875,0.006666999775916338
2590,0.10986328125,0.06060599908232689,0.006500244140625,0.12121199816465378
2591,0.1806640625,0.21133999526500702,0.013671875,0.010308999568223953
2592,0.1142578125,0.25721800327301025,0.01708984375,0.020997000858187675
2593,0.185546875,0.18461500108242035,0.0037078857421875,0.01538500003516674
2594,0.1689453125,0.3264710009098053,0.016357421875,0.05000000074505806
2595,0.16796875,0.2822189927101135,0.0164794921875,0.024469999596476555
2596,0.193359375,0.2666670083999634,0.0087890625,0.03333299979567528
2597,0.1806640625,0.28971999883651733,0.01361083984375,0.009345999918878078
2598,0.171875,0.23595499992370605,0.006439208984375,0.0
2599,0.1845703125,0.2325579971075058,0.006011962890625,0.0
2600,0.169921875,0.17948700487613678,-0.007354736328125,0.0
2601,0.1884765625,0.2650600075721741,0.00238037109375,0.0
2602,0.1826171875,0.22727300226688385,0.0126953125,0.02727299928665161
2603,0.1982421875,0.2325579971075058,0.004425048828125,0.0
2604,0.1904296875,0.2562499940395355,0.0096435546875,0.01875000074505806
2605,0.1728515625,0.11945399641990662,0.01324462890625,0.02047800086438656
2606,0.19140625,0.29130399227142334,0.00927734375,0.03478299826383591
2607,0.138671875,0.3111110031604767,0.00189971923828125,0.022221999242901802
2608,0.1865234375,0.2777779996395111,0.0057373046875,0.0
2609,0.1806640625,0.2033900022506714,0.0033111572265625,0.0
2610,0.19140625,0.24731199443340302,0.00439453125,0.010753000155091286
2611,0.040283203125,0.15805499255657196,0.03271484375,0.009119000285863876
2612,0.134765625,0.18509000539779663,0.021484375,0.035989999771118164
2613,0.12890625,0.19607800245285034,0.00537109375,0.058823999017477036
2614,0.181640625,0.3428570032119751,0.0128173828125,0.014286000281572342
2615,0.1650390625,0.3170729875564575,-0.004486083984375,0.04878000169992447
2616,0.1884765625,0.24922099709510803,0.0086669921875,0.006231000181287527
2617,0.1875,0.14814800024032593,-0.00592041015625,0.03703700006008148
2618,0.162109375,0.19780200719833374,0.011962890625,0.03296700119972229
2619,0.1748046875,0.23711299896240234,0.004180908203125,0.010308999568223953
2620,-0.02783203125,0.15131600201129913,0.0322265625,0.029604999348521233
2621,0.1748046875,0.15178599953651428,0.00191497802734375,0.008929000236093998
2622,0.201171875,0.22499999403953552,-0.00077056884765625,0.02500000037252903
2623,0.12158203125,0.1576090008020401,0.01373291015625,0.010870000347495079
2624,-0.1796875,0.16923099756240845,0.01519775390625,0.0
2625,0.1767578125,0.2881355881690979,0.01251220703125,0.015536719933152199
2626,0.11474609375,0.09523800015449524,-0.01239013671875,0.023809999227523804
2627,-0.234375,0.1511629968881607,0.0262451171875,0.023256000131368637
2628,0.1708984375,0.3418799936771393,0.004913330078125,0.008546999655663967
2629,0.189453125,0.26996201276779175,0.0086669921875,0.01901100017130375
2630,0.17578125,0.24719099700450897,0.0101318359375,0.011235999874770641
2631,0.138671875,0.19642899930477142,0.00093841552734375,0.05357100069522858
2632,0.1435546875,0.13888899981975555,-0.0147705078125,0.11111100018024445
2633,0.025634765625,0.17777800559997559,0.0022735595703125,0.022221999242901802
2634,0.177734375,0.38709700107574463,-0.00726318359375,0.03225800022482872
2635,0.1787109375,0.2371789962053299,0.004913330078125,0.025640999898314476
2636,0.169921875,0.22857099771499634,0.008544921875,0.009523999877274036
2637,0.10107421875,0.09090899676084518,0.005859375,0.01515199989080429
2638,0.1826171875,0.30303001403808594,0.00927734375,0.004329000134021044
2639,0.146484375,0.203125,-0.007781982421875,0.0
2640,0.044189453125,0.24444399774074554,0.00860595703125,0.022221999242901802
2641,0.1376953125,0.2568179965019226,0.01434326171875,0.020455000922083855
2642,0.1376953125,0.29896900057792664,0.0118408203125,0.010308999568223953
2643,0.1796875,0.14592300355434418,0.01202392578125,0.021459000185132027
2644,0.1982421875,0.20689700543880463,0.0025177001953125,0.01724099926650524
2645,0.1884765625,0.16953299939632416,0.01019287109375,0.00737100001424551
2646,0.1435546875,0.3125,-0.0203857421875,0.0
2647,0.064453125,0.27876800298690796,0.0263671875,0.024311000481247902
2648,0.1708984375,0.22463800013065338,0.013427734375,0.030434999614953995
2649,0.15625,0.25,0.0140380859375,0.0072119999676942825
2650,0.181640625,0.24735000729560852,0.00872802734375,0.010600999929010868
2651,0.1845703125,0.19834700226783752,0.006927490234375,0.01652899943292141
2652,0.1181640625,0.23613999783992767,0.0240478515625,0.03080100007355213
2653,0.1533203125,0.2705880105495453,-0.00396728515625,0.01176500041037798
2654,0.1533203125,0.21556900441646576,0.0079345703125,0.01796399988234043
2655,0.1689453125,0.21875,-0.01141357421875,0.03125
2656,0.15234375,0.11607100069522858,0.00286865234375,0.026785999536514282
2657,0.13671875,0.25373101234436035,-0.0016326904296875,0.04477600008249283
2658,0.1826171875,0.18867899477481842,-0.0028839111328125,0.01886799931526184
2659,0.1435546875,0.2673029899597168,0.0174560546875,0.007160000037401915
2660,0.11328125,0.310573011636734,0.01806640625,0.015418999828398228
2661,0.1611328125,0.22314000129699707,-0.00421142578125,0.008263999596238136
2662,0.173828125,0.22033900022506714,0.009033203125,0.0169489998370409
2663,0.1923828125,0.25376299023628235,0.007293701171875,0.015053999610245228
2664,0.169921875,0.3522390127182007,0.0125732421875,0.011939999647438526
2665,0.1552734375,0.2222220003604889,-0.01416015625,0.0
2666,0.166015625,0.08333300054073334,-0.003814697265625,0.03571400046348572
2667,-0.11181640625,0.09473700076341629,0.013671875,0.0
2668,0.1875,0.24409399926662445,0.0015106201171875,0.04724400117993355
2669,0.16015625,0.252032995223999,-0.00811767578125,0.032519999891519547
2670,0.166015625,0.19631899893283844,0.002349853515625,0.030674999579787254
2671,0.189453125,0.2751680016517639,0.003631591796875,0.01342300046235323
2672,0.185546875,0.19491499662399292,0.0004329681396484375,0.0169489998370409
2673,0.1630859375,0.294871985912323,0.0031585693359375,0.025640999898314476
2674,-0.1142578125,0.046512000262737274,0.0211181640625,0.1162789985537529
2675,-0.01263427734375,0.15384599566459656,0.004913330078125,0.025640999898314476
2676,0.15234375,0.18978099524974823,0.01080322265625,0.007298999931663275
2677,0.15234375,0.2413789927959442,-0.00115966796875,0.022988999262452126
2678,0.1865234375,0.2828280031681061,0.0078125,0.020201999694108963
2679,0.1787109375,0.2586210072040558,0.00023937225341796875,0.0
2680,0.169921875,0.34920600056648254,0.00170135498046875,0.0
2681,0.162109375,0.22365599870681763,0.0123291015625,0.021505000069737434
2682,0.1796875,0.3076919913291931,0.00567626953125,0.021978000178933144
2683,0.16796875,0.16949200630187988,-0.0087890625,0.0
2684,0.1474609375,0.2029699981212616,0.01177978515625,0.024752000346779823
2685,0.19140625,0.29041099548339844,0.006866455078125,0.0054790000431239605
2686,0.185546875,0.3606559932231903,-0.00830078125,0.01639300025999546
2687,0.173828125,0.24107100069522858,0.00714111328125,0.03571400046348572
2688,0.12158203125,0.20930199325084686,-0.00897216796875,0.023256000131368637
2689,0.1748046875,0.225490003824234,-0.00028228759765625,0.00980400014668703
2690,0.0712890625,0.1599999964237213,0.01519775390625,0.014999999664723873
2691,0.193359375,0.168831005692482,0.0027008056640625,0.025973999872803688
2692,0.1708984375,0.1492539942264557,0.004241943359375,0.0
2693,0.1806640625,0.28813600540161133,0.0033416748046875,0.0169489998370409
2694,0.185546875,0.38589200377464294,0.01165771484375,0.01244799979031086
2695,0.1845703125,0.2716050148010254,-0.00130462646484375,0.02469100058078766
2696,0.11181640625,0.23076899349689484,-0.00469970703125,0.0
2697,0.11767578125,0.3235290050506592,0.0031890869140625,0.029411999508738518
2698,0.185546875,0.23021599650382996,0.0025482177734375,0.028776999562978745
2699,0.189453125,0.21250000596046448,-0.001220703125,0.012500000186264515
2700,0.193359375,0.21875,0.00086212158203125,0.0625
2701,0.14453125,0.10714299976825714,-0.0021209716796875,0.0
2702,0.1943359375,0.3170729875564575,-0.007476806640625,0.0
2703,0.107421875,0.14098399877548218,0.023681640625,0.031147999688982964
2704,0.1279296875,0.20487800240516663,0.02294921875,0.039023999124765396
2705,0.11376953125,0.13402099907398224,0.01007080078125,0.020618999376893044
2706,0.1943359375,0.25311198830604553,0.007171630859375,0.045643001794815063
2707,0.1376953125,0.21525900065898895,0.018798828125,0.014986000023782253
2708,-0.027587890625,0.125,0.0238037109375,0.02500000037252903
2709,0.1904296875,0.16216200590133667,0.00958251953125,0.03603599965572357
2710,0.177734375,0.2041880041360855,0.01300048828125,0.047120001167058945
2711,0.19140625,0.25373101234436035,0.005584716796875,0.0
2712,0.193359375,0.24637700617313385,0.0038604736328125,0.028985999524593353
2713,0.1005859375,0.26315799355506897,-0.01171875,0.0
2714,0.1650390625,0.2857140004634857,-0.005096435546875,0.0
2715,0.05712890625,0.14285700023174286,-0.001434326171875,0.02040800079703331
2716,0.181640625,0.2747249901294708,-0.00115203857421875,0.010989000089466572
2717,0.2021484375,0.06896600127220154,0.004241943359375,0.0
2718,0.1875,0.23270399868488312,0.0107421875,0.012578999623656273
2719,0.1826171875,0.2800000011920929,0.00970458984375,0.03333299979567528
2720,0.19140625,0.23443199694156647,0.00811767578125,0.010989000089466572
2721,0.1796875,0.24107100069522858,0.01312255859375,0.03571400046348572
2722,0.171875,0.17410700023174286,0.01251220703125,0.020089000463485718
2723,0.1796875,0.2579370141029358,0.01116943359375,0.007937000133097172
2724,0.1875,0.4727270007133484,0.0040283203125,0.0
2725,0.18359375,0.18333299458026886,-0.004425048828125,0.016666999086737633
2726,0.1787109375,0.30303001403808594,0.01397705078125,0.005051000043749809
2727,0.171875,0.11363600194454193,-0.01153564453125,0.0227269995957613
2728,0.2109375,0.33333298563957214,-0.006866455078125,0.0
2729,0.15234375,0.14876000583171844,0.013427734375,0.0
2730,0.1669921875,0.325747013092041,0.0162353515625,0.015646999701857567
2731,0.16796875,0.24096399545669556,-0.0002899169921875,0.0
2732,0.166015625,0.29154500365257263,0.01513671875,0.02040800079703331
2733,0.1533203125,0.09411799907684326,0.006072998046875,0.01176500041037798
2734,0.1728515625,0.25984299182891846,0.0115966796875,0.007873999886214733
2735,0.1904296875,0.27272701263427734,0.0096435546875,0.010695000179111958
2736,0.2001953125,0.31818199157714844,0.00089263916015625,0.0
2737,0.1279296875,0.16666699945926666,0.0189208984375,0.018518999218940735
2738,0.173828125,0.21111099421977997,-0.0018768310546875,0.022221999242901802
2739,0.1494140625,0.25663700699806213,0.01129150390625,0.017698999494314194
2740,0.1865234375,0.23026299476623535,0.0103759765625,0.008224000222980976
2741,0.1484375,0.24770599603652954,-0.00213623046875,0.018348999321460724
2742,0.1875,0.3370789885520935,0.00982666015625,0.005617999937385321
2743,0.146484375,0.2874999940395355,0.0181884765625,0.016666999086737633
2744,0.1806640625,0.27841800451278687,0.01214599609375,0.02471200004220009
2745,0.17578125,0.13114799559116364,-0.006439208984375,0.01639300025999546
2746,0.177734375,0.16666699945926666,0.014892578125,0.01612900011241436
2747,0.1728515625,0.29435479640960693,0.01397705078125,0.016129029914736748
2748,0.1708984375,0.2680650055408478,0.0162353515625,0.041958000510931015
2749,0.1904296875,0.145455002784729,-0.00081634521484375,0.0
2750,0.1591796875,0.26153799891471863,-0.01214599609375,0.01538500003516674
2751,0.11572265625,0.15254199504852295,0.0205078125,0.02033899910748005
2752,0.138671875,0.32618701457977295,0.017822265625,0.009188000112771988
2753,0.1806640625,0.2466370016336441,0.00799560546875,0.040359001606702805
2754,0.061279296875,0.3232319951057434,0.01177978515625,0.030302999541163445
2755,0.11083984375,0.29437869787216187,0.02392578125,0.025147929787635803
2756,0.1162109375,0.2619050145149231,-0.00162506103515625,0.07142899930477142
2757,0.126953125,0.20773600041866302,0.018310546875,0.04011499881744385
2758,0.1416015625,0.3062019944190979,0.014404296875,0.023256000131368637
2759,0.14453125,0.2903229892253876,-0.0185546875,0.0
2760,0.1943359375,0.18699200451374054,0.00872802734375,0.024390000849962234
2761,0.1923828125,0.3199999928474426,0.00897216796875,0.006666999775916338
2762,0.1630859375,0.17171700298786163,0.00872802734375,0.010100999847054482
2763,0.177734375,0.31770798563957214,0.0113525390625,0.015625
2764,-0.2080078125,0.06383000314235687,0.000736236572265625,0.02127699926495552
2765,0.1767578125,0.33333298563957214,0.0123291015625,0.017777999863028526
2766,0.1328125,0.3138369917869568,0.01953125,0.022825000807642937
2767,0.03369140625,0.1346150040626526,0.0198974609375,0.025640999898314476
2768,0.15234375,0.21118000149726868,0.00921630859375,0.00621100002899766
2769,0.1494140625,0.37953799962997437,0.017822265625,0.026403000578284264
2770,0.039306640625,0.17241400480270386,0.00408935546875,0.06896600127220154
2771,0.16796875,0.17721499502658844,0.006744384765625,0.08860799670219421
2772,0.1806640625,0.36774200201034546,0.00897216796875,0.006451999768614769
2773,0.138671875,0.17391300201416016,-0.0198974609375,0.04347800090909004
2774,0.1806640625,0.3477010130882263,0.0113525390625,0.011494000442326069
2775,0.12353515625,0.20469799637794495,0.01556396484375,0.01342300046235323
2776,0.18359375,0.23592500388622284,0.01214599609375,0.03217199817299843
2777,0.1650390625,0.23999999463558197,0.005462646484375,0.0
2778,0.17578125,0.2659569978713989,0.00174713134765625,0.0
2779,0.189453125,0.23595499992370605,0.007354736328125,0.016853999346494675
2780,0.169921875,0.17528100311756134,0.015869140625,0.03146100044250488
2781,0.16796875,0.2666670083999634,-0.005126953125,0.0
2782,0.166015625,0.27441900968551636,0.0103759765625,0.018604999408125877
2783,0.18359375,0.2833330035209656,0.00738525390625,0.022221999242901802
2784,0.140625,0.15941999852657318,-0.002166748046875,0.04347800090909004
2785,0.173828125,0.16901400685310364,4.8160552978515625e-05,0.0422540009021759
2786,0.12890625,0.17391300201416016,-0.01165771484375,0.04347800090909004
2787,0.146484375,0.20833300054073334,-0.01422119140625,0.04166699945926666
2788,0.19140625,0.24113500118255615,0.000762939453125,0.014183999970555305
2789,0.1435546875,0.3214290142059326,-0.004150390625,0.01785700023174286
2790,0.185546875,0.2487179934978485,0.00958251953125,0.012821000069379807
2791,0.10986328125,0.22310100495815277,0.0196533203125,0.03480999916791916
2792,0.171875,0.2677820026874542,0.0076904296875,0.004184000194072723
2793,0.1796875,0.2179490029811859,0.0018768310546875,0.012821000069379807
2794,0.1494140625,0.25,-0.008544921875,0.0
2795,0.1552734375,0.24590200185775757,0.0157470703125,0.027868999168276787
2796,0.134765625,0.1774190068244934,-0.008544921875,0.02419400028884411
2797,0.1357421875,0.2571429908275604,-0.006927490234375,0.028571000322699547
2798,0.1357421875,0.20930199325084686,0.003814697265625,0.034883998334407806
2799,0.18359375,0.1434430032968521,0.004150390625,0.01639300025999546
2800,0.162109375,0.2543860077857971,0.0101318359375,0.026316000148653984
2801,0.1533203125,0.3095239996910095,-0.01495361328125,0.09523800015449524
2802,0.06103515625,0.05555599927902222,-0.00726318359375,0.0
2803,0.1689453125,0.31905800104141235,0.01373291015625,0.027837000787258148
2804,0.1513671875,0.2870660126209259,0.0164794921875,0.028390999883413315
2805,0.1474609375,0.20408199727535248,-0.00640869140625,0.010204000398516655
2806,0.06591796875,0.21167899668216705,0.0150146484375,0.007298999931663275
2807,0.1796875,0.32199999690055847,0.0115966796875,0.029999999329447746
2808,0.1806640625,0.2608700096607208,0.003173828125,0.0
2809,0.16796875,0.2313549965620041,0.01239013671875,0.019787000492215157
2810,0.1845703125,0.2751320004463196,0.0098876953125,0.010582000017166138
2811,0.11181640625,0.3428570032119751,0.006988525390625,0.014286000281572342
2812,0.1474609375,0.11403500288724899,0.00433349609375,0.01754399947822094
2813,0.189453125,0.30000001192092896,0.002593994140625,0.014286000281572342
2814,0.078125,0.26075270771980286,0.0228271484375,0.010752690024673939
2815,0.1201171875,0.20754699409008026,-0.003509521484375,0.0
2816,0.15625,0.2833330035209656,0.008056640625,0.016666999086737633
2817,0.1884765625,0.25,0.00150299072265625,0.0
2818,0.1923828125,0.32093000411987305,0.004486083984375,0.023256000131368637
2819,0.1396484375,0.1722629964351654,0.015380859375,0.024817999452352524
2820,0.15625,0.20195400714874268,0.0181884765625,0.03583100065588951
2821,0.1787109375,0.2732450067996979,0.01251220703125,0.013283000327646732
2822,0.1708984375,0.2941179871559143,-0.002166748046875,0.058823999017477036
2823,0.08740234375,0.15608899295330048,0.0244140625,0.012006999924778938
2824,0.1123046875,0.09174299985170364,0.00848388671875,0.013760999776422977
2825,0.1669921875,0.22278499603271484,0.01275634765625,0.03544300049543381
2826,0.1865234375,0.33333298563957214,-0.004638671875,0.020833000540733337
2827,0.1806640625,0.2707419991493225,0.0125732421875,0.0218339990824461
2828,0.181640625,0.25280898809432983,0.01129150390625,0.011235999874770641
2829,0.1689453125,0.26923099160194397,-0.0087890625,0.0
2830,0.19140625,0.3802820146083832,0.003021240234375,0.01408500038087368
2831,0.1328125,0.1595740020275116,0.0032806396484375,0.02127699926495552
2832,0.1416015625,0.35087698698043823,0.00189971923828125,0.01754399947822094
2833,0.1787109375,0.24786299467086792,0.00299072265625,0.025640999898314476
2834,0.072265625,0.12195099890232086,0.0098876953125,0.012195000424981117
2835,0.1640625,0.22857099771499634,-0.001251220703125,0.028571000322699547
2836,0.140625,0.15328499674797058,-0.005218505859375,0.03649599850177765
2837,0.185546875,0.32558101415634155,0.01123046875,0.005814000032842159
2838,0.18359375,0.2571429908275604,-0.0013427734375,0.07142899930477142
2839,0.1572265625,0.21666699647903442,-0.01153564453125,0.0
2840,0.1845703125,0.22179000079631805,0.0135498046875,0.015564000234007835
2841,0.1875,0.2939299941062927,0.0108642578125,0.022363999858498573
2842,0.19140625,0.28467199206352234,0.00665283203125,0.014599000103771687
2843,0.1845703125,0.2707580029964447,0.00958251953125,0.010830000042915344
2844,0.1953125,0.3499999940395355,0.00579833984375,0.05000000074505806
2845,0.1630859375,0.25555598735809326,-0.00035858154296875,0.0
2846,0.1865234375,0.25,0.00188446044921875,0.03409099951386452
2847,0.20703125,0.21621599793434143,0.008056640625,0.05405399948358536
2848,0.18359375,0.19587600231170654,0.0031890869140625,0.06185600161552429
2849,0.1806640625,0.19974100589752197,0.01123046875,0.02075199969112873
2850,0.1923828125,0.3349280059337616,0.00811767578125,0.0430620014667511
2851,0.1845703125,0.29166701436042786,-0.007171630859375,0.0
2852,0.1201171875,0.2222220003604889,0.017333984375,0.03703700006008148
2853,0.193359375,0.2550339996814728,0.00469970703125,0.023490000516176224
2854,0.1865234375,0.33507901430130005,0.0115966796875,0.03664899989962578
2855,0.1845703125,0.38095200061798096,-0.00909423828125,0.0
2856,0.1787109375,0.34156399965286255,0.012451171875,0.012346000410616398
2857,0.1484375,0.34615400433540344,-0.00714111328125,0.0
2858,0.2060546875,0.36363598704338074,-0.000621795654296875,0.09090899676084518
2859,0.1474609375,0.23333300650119781,0.01055908203125,0.012500000186264515
2860,0.193359375,0.17857100069522858,0.0028076171875,0.008929000236093998
2861,0.193359375,0.2912620007991791,0.005706787109375,0.02912599965929985
2862,0.10595703125,0.12727299332618713,0.005645751953125,0.03636400029063225
2863,0.1416015625,0.2142857015132904,-0.00958251953125,0.0
2864,0.181640625,0.1571429967880249,-0.01043701171875,0.0
2865,0.166015625,0.2810159921646118,0.0166015625,0.013453000225126743
2866,0.189453125,0.26455000042915344,0.00885009765625,0.010582000017166138
2867,0.1875,0.33684200048446655,0.0012969970703125,0.0
2868,0.0361328125,0.319148987531662,0.007232666015625,0.02127699926495552
2869,0.205078125,0.15517200529575348,0.0030517578125,0.03448300063610077
2870,0.1875,0.2214609980583191,0.0084228515625,0.015982000157237053
2871,0.1943359375,0.3484160006046295,0.00860595703125,0.027148999273777008
2872,0.1689453125,0.26923099160194397,-0.004241943359375,0.019231000915169716
2873,0.1669921875,0.3089889883995056,0.010009765625,0.022471999749541283
2874,0.14453125,0.25757598876953125,0.017578125,0.045455001294612885
2875,0.1416015625,0.19718299806118011,-0.0013427734375,0.0422540009021759
2876,0.1865234375,0.27272701263427734,-0.00238037109375,0.01515199989080429
2877,0.1884765625,0.23265300691127777,0.005767822265625,0.012245000340044498
2878,0.1953125,0.2430109977722168,0.005645751953125,0.004300999920815229
2879,0.1513671875,0.26162800192832947,-0.00341796875,0.011628000065684319
2880,0.1875,0.2597399950027466,0.0020751953125,0.0
2881,0.1865234375,0.28455299139022827,0.00787353515625,0.008129999972879887
2882,0.13671875,0.22033900022506714,0.0029754638671875,0.05084700137376785
2883,0.13671875,0.20000000298023224,-0.01214599609375,0.0
2884,0.15625,0.28971999883651733,0.00069427490234375,0.028037000447511673
2885,0.17578125,0.26185598969459534,0.01177978515625,0.00824700016528368
2886,0.1787109375,0.2867650091648102,0.01312255859375,0.014705999754369259
2887,0.123046875,0.10909099876880646,-0.007720947265625,0.03636400029063225
2888,0.1962890625,0.35384601354599,0.0036773681640625,0.007691999897360802
2889,0.0625,0.10526300221681595,0.016845703125,0.013158000074326992
2890,0.193359375,0.33333298563957214,0.00897216796875,0.051642999053001404
2891,0.09619140625,0.26978400349617004,0.021484375,0.025180000811815262
2892,0.18359375,0.3278689980506897,0.0107421875,0.028689000755548477
2893,0.18359375,0.25146201252937317,0.01080322265625,0.029239999130368233
2894,0.189453125,0.3445949852466583,0.011962890625,0.006756999995559454
2895,0.189453125,0.26011601090431213,0.009521484375,0.005779999773949385
2896,0.1953125,0.3518519997596741,0.0035552978515625,0.0
2897,0.193359375,0.24198700487613678,0.007476806640625,0.0032049999572336674
2898,0.1904296875,0.2359350025653839,0.00823974609375,0.007259999867528677
2899,0.1748046875,0.19047600030899048,-0.01171875,0.04761900007724762
2900,0.1806640625,0.18421100080013275,-0.00067901611328125,0.0
2901,0.1494140625,0.14525100588798523,0.00628662109375,0.00558699993416667
2902,0.1943359375,0.32432401180267334,0.006866455078125,0.013513999991118908
2903,0.1630859375,0.22926799952983856,0.0155029296875,0.024390000849962234
2904,0.13671875,0.23268699645996094,0.0189208984375,0.029085999354720116
2905,0.18359375,0.23913000524044037,0.00860595703125,0.03846200183033943
2906,0.1845703125,0.21367500722408295,0.006195068359375,0.0
2907,0.14453125,0.22857099771499634,-0.00762939453125,0.0
2908,0.07568359375,0.10909099876880646,-0.0019683837890625,0.054545000195503235
2909,0.1865234375,0.20930199325084686,0.007080078125,0.031007999554276466
2910,0.11767578125,0.24634699523448944,0.0184326171875,0.029227999970316887
2911,0.1787109375,0.2839510142803192,0.006561279296875,0.0
2912,0.1845703125,0.3061220049858093,0.01116943359375,0.02040800079703331
2913,0.1865234375,0.18149499595165253,0.00946044921875,0.01601400040090084
2914,0.1787109375,0.24686199426651,0.01092529296875,0.025104999542236328
2915,0.173828125,0.2413789927959442,0.0107421875,0.007662999909371138
2916,0.1904296875,0.20895500481128693,0.00286865234375,0.0074629997834563255
2917,0.181640625,0.3143810033798218,0.0108642578125,0.013377999886870384
2918,0.055419921875,0.2199999988079071,0.01202392578125,0.0
2919,0.173828125,0.20523999631404877,0.01190185546875,0.03493399918079376
2920,0.1904296875,0.2451609969139099,0.005645751953125,0.006451999768614769
2921,0.171875,0.261260986328125,0.00154876708984375,0.0
2922,0.146484375,0.1529410034418106,0.01116943359375,0.02352900058031082
2923,0.150390625,0.44999998807907104,-0.00897216796875,0.0
2924,0.171875,0.10810799896717072,-0.00274658203125,0.02702699974179268
2925,0.189453125,0.3409090042114258,-0.005828857421875,0.0227269995957613
2926,0.06298828125,0.07692299783229828,-0.001190185546875,0.03846200183033943
2927,0.1806640625,0.23999999463558197,0.00921630859375,0.009999999776482582
2928,0.169921875,0.12820500135421753,-0.009765625,0.07692299783229828
2929,0.1484375,0.11193999648094177,0.01171875,0.05223900079727173
2930,-0.0311279296875,0.12903200089931488,-0.005279541015625,0.0
2931,0.1572265625,0.0625,-0.007659912109375,0.0
2932,0.19140625,0.29166701436042786,0.00077056884765625,0.0
2933,0.1962890625,0.23557700216770172,0.006072998046875,0.019231000915169716
2934,0.11328125,0.12096799910068512,0.0101318359375,0.008065000176429749
2935,0.1875,0.11173199862241745,0.00970458984375,0.022345999255776405
2936,0.1748046875,0.24822700023651123,0.00897216796875,0.028369000181555748
2937,0.1767578125,0.1355929970741272,-0.0022430419921875,0.0338979996740818
2938,0.154296875,0.24390199780464172,-0.0074462890625,0.0
2939,0.1787109375,0.24347800016403198,0.01202392578125,0.013043000362813473
2940,0.1689453125,0.29087498784065247,0.0157470703125,0.020912999287247658
2941,0.1376953125,0.30188700556755066,-0.004791259765625,0.0
2942,0.1962890625,0.2671230137348175,0.0074462890625,0.013698999769985676
2943,0.1884765625,0.12244900315999985,0.002532958984375,0.04081600159406662
2944,0.169921875,0.26315799355506897,-0.005859375,0.0
2945,0.1884765625,0.32231399416923523,0.00811767578125,0.041322000324726105
2946,0.185546875,0.26875001192092896,0.007659912109375,0.012500000186264515
2947,0.1513671875,0.23076899349689484,-0.004913330078125,0.01538500003516674
2948,0.189453125,0.08602199703454971,0.01025390625,0.021505000069737434
2949,0.1953125,0.2758620083332062,0.006011962890625,0.03448300063610077
2950,0.1796875,0.15909099578857422,-0.0089111328125,0.0
2951,0.1611328125,0.21929800510406494,0.004364013671875,0.00877199973911047
2952,0.1728515625,0.19431999325752258,0.0130615234375,0.028401000425219536
2953,0.0810546875,0.22972999513149261,0.00927734375,0.013513999991118908
2954,0.1962890625,0.3070180118083954,0.007568359375,0.00877199973911047
2955,0.2080078125,0.1333329975605011,-0.006103515625,0.06666699796915054
2956,0.13671875,0.10526300221681595,-0.005096435546875,0.05263200029730797
2957,0.1865234375,0.2574850022792816,0.004058837890625,0.005987999960780144
2958,0.1904296875,0.14285700023174286,-0.0003719329833984375,0.0
2959,0.1728515625,0.19470399618148804,0.01068115234375,0.023364000022411346
2960,0.1748046875,0.17279399931430817,0.0111083984375,0.036765001714229584
2961,0.1904296875,0.25296398997306824,0.00958251953125,0.0039530000649392605
2962,0.1455078125,0.2793869972229004,0.021240234375,0.01192499976605177
2963,0.212890625,0.24210500717163086,0.000354766845703125,0.031578999012708664
2964,0.185546875,0.3269230127334595,0.00897216796875,0.019231000915169716
2965,0.185546875,0.23104700446128845,0.010009765625,0.021661000326275826
2966,0.1728515625,0.16993500292301178,0.01409912109375,0.032680001109838486
2967,0.197265625,0.2903229892253876,0.001251220703125,0.06451600044965744
2968,0.166015625,0.34693899750709534,-0.00927734375,0.0
2969,0.0546875,0.2033900022506714,0.01531982421875,0.0169489998370409
2970,0.169921875,0.20103099942207336,0.00799560546875,0.0
2971,0.19140625,0.2597399950027466,0.00506591796875,0.012986999936401844
2972,0.169921875,0.3014180064201355,0.00799560546875,0.0
2973,0.1611328125,0.19444400072097778,-0.00958251953125,0.0
2974,0.1337890625,0.15909099578857422,0.01220703125,0.0
2975,0.17578125,0.26865699887275696,-0.006195068359375,0.014925000257790089
2976,0.11669921875,0.20348800718784332,0.01483154296875,0.023256000131368637
2977,0.1806640625,0.19834700226783752,0.003631591796875,0.01652899943292141
2978,0.1884765625,0.13095200061798096,0.004241943359375,0.023809999227523804
2979,0.08642578125,0.12021899968385696,0.0157470703125,0.02185799926519394
2980,0.173828125,0.18991099298000336,0.01171875,0.023739000782370567
2981,0.1953125,0.05000000074505806,0.006805419921875,0.07500000298023224
2982,0.17578125,0.2818790078163147,0.007354736328125,0.006711000110954046
2983,0.205078125,0.28169000148773193,0.00177001953125,0.0
2984,0.1923828125,0.31034499406814575,0.0037994384765625,0.01724099926650524
2985,0.177734375,0.4375,-0.006988525390625,0.0
2986,0.173828125,0.23966899514198303,0.01300048828125,0.008263999596238136
2987,0.1943359375,0.2702699899673462,-0.004150390625,0.02702699974179268
2988,0.07958984375,0.125,0.00958251953125,0.013888999819755554
2989,0.1962890625,0.24561400711536407,0.00836181640625,0.0058479998260736465
2990,0.0220947265625,0.15517200529575348,0.0125732421875,0.01724099926650524
2991,0.154296875,0.14912299811840057,0.006561279296875,0.01754399947822094
2992,0.162109375,0.17987799644470215,0.014404296875,0.015243900008499622
2993,0.1416015625,0.22818799316883087,0.0234375,0.03355700150132179
2994,0.1689453125,0.11688300222158432,-0.01165771484375,0.012986999936401844
2995,0.12255859375,0.1379310041666031,-0.00994873046875,0.01724099926650524
2996,0.1259765625,0.20238099992275238,0.00750732421875,0.011904999613761902
2997,0.1552734375,0.26865699887275696,-0.005279541015625,0.0
2998,0.12451171875,0.125,0.002471923828125,0.02500000037252903
2999,0.189453125,0.328357994556427,0.00225830078125,0.014925000257790089
3000,0.1650390625,0.17073200643062592,-0.0103759765625,0.0
3001,0.045654296875,0.08904100209474564,0.0115966796875,0.054795000702142715
3002,0.1728515625,0.20247900485992432,0.00848388671875,0.012396999634802341
3003,0.1845703125,0.21326999366283417,0.0029449462890625,0.009479000233113766
3004,0.1904296875,0.2448980063199997,0.0020599365234375,0.0
3005,0.1953125,0.4393939971923828,0.00970458984375,0.01515199989080429
3006,0.158203125,0.26153799891471863,-0.008544921875,0.0
3007,0.2001953125,0.33333298563957214,0.0037384033203125,0.0
3008,0.1591796875,0.2723880112171173,0.011474609375,0.022388000041246414
3009,0.1845703125,0.2547529935836792,0.01202392578125,0.015208999626338482
3010,0.1875,0.09302300214767456,-0.0024261474609375,0.046512000262737274
3011,0.1806640625,0.2876709997653961,-0.0018157958984375,0.027396999299526215
3012,0.1865234375,0.25984299182891846,0.0072021484375,0.0
3013,0.169921875,0.27597400546073914,0.015869140625,0.019480999559164047
3014,0.08837890625,0.33333298563957214,-0.00750732421875,0.0
3015,0.1640625,0.3066670000553131,-0.0069580078125,0.026667000725865364
3016,0.1826171875,0.21348300576210022,0.007049560546875,0.03370799869298935
3017,0.1806640625,0.2195120006799698,0.003570556640625,0.0365849994122982
3018,0.212890625,0.14705899357795715,-0.004364013671875,0.058823999017477036
3019,0.1650390625,0.23076899349689484,-0.006072998046875,0.01538500003516674
3020,0.185546875,0.2661289870738983,0.0072021484375,0.04032300040125847
3021,0.1806640625,0.25,-0.002777099609375,0.0227269995957613
3022,0.189453125,0.2903229892253876,0.006683349609375,0.023041000589728355
3023,0.171875,0.3202250003814697,0.01348876953125,0.044943999499082565
3024,0.1875,0.16216200590133667,0.009765625,0.021622000262141228
3025,0.1083984375,0.25373101234436035,0.019287109375,0.08955200016498566
3026,0.2099609375,0.07920800149440765,0.007781982421875,0.049504999071359634
3027,0.2080078125,0.18333299458026886,0.007415771484375,0.05000000074505806
3028,0.1884765625,0.16393400728702545,0.006591796875,0.07377000153064728
3029,0.1943359375,0.21875,0.0057373046875,0.03125
3030,0.1845703125,0.2669680118560791,0.011474609375,0.004525000229477882
3031,0.1943359375,0.3246749937534332,0.0037994384765625,0.012986999936401844
3032,0.1318359375,0.3076919913291931,0.0001354217529296875,0.07692299783229828
3033,0.189453125,0.21229100227355957,0.010009765625,0.027932999655604362
3034,0.1552734375,0.10000000149011612,-0.0029296875,0.10000000149011612
3035,0.1826171875,0.12955500185489655,0.01116943359375,0.02429099939763546
3036,0.205078125,0.3404259979724884,0.005645751953125,0.02127699926495552
3037,0.2060546875,0.20000000298023224,0.003631591796875,0.03999999910593033
3038,0.1689453125,0.14379100501537323,0.00946044921875,0.02287600003182888
3039,0.1630859375,0.29094401001930237,0.0185546875,0.03468199819326401
3040,0.185546875,0.2300879955291748,0.01080322265625,0.026549000293016434
3041,0.1943359375,0.17582400143146515,0.0081787109375,0.054944999516010284
3042,0.1728515625,0.23636400699615479,0.00885009765625,0.0
3043,0.171875,0.18421100080013275,-0.00946044921875,0.0
3044,0.125,0.209524005651474,0.01214599609375,0.0
3045,0.1787109375,0.3061220049858093,0.01470947265625,0.012245000340044498
3046,0.193359375,0.38095200061798096,-0.002166748046875,0.0
3047,0.18359375,0.2781609892845154,0.01171875,0.018391000106930733
3048,0.1982421875,0.09090899676084518,0.006622314453125,0.06060599908232689
3049,0.1533203125,0.21518999338150024,0.00762939453125,0.012657999992370605
3050,0.185546875,0.2608700096607208,0.0089111328125,0.0
3051,0.1884765625,0.2016810029745102,0.0047607421875,0.008403000421822071
3052,0.17578125,0.2882100045681,0.01434326171875,0.01746699959039688
3053,0.1884765625,0.25789499282836914,0.0103759765625,0.04736800119280815
3054,0.2001953125,0.16216200590133667,-0.00531005859375,0.0
3055,-0.0115966796875,0.03636400029063225,0.01611328125,0.03636400029063225
3056,0.1728515625,0.21428599953651428,0.01312255859375,0.03781500086188316
3057,0.002716064453125,0.1327430009841919,0.0303955078125,0.017698999494314194
3058,0.058837890625,0.22077900171279907,0.0198974609375,0.012986999936401844
3059,0.1611328125,0.18333299458026886,-0.00506591796875,0.06666699796915054
3060,0.1904296875,0.28918901085853577,0.00897216796875,0.02702699974179268
3061,0.1884765625,0.22127699851989746,0.01171875,0.02978700026869774
3062,0.181640625,0.23740999400615692,0.0145263671875,0.028776999562978745
3063,0.2109375,0.21621599793434143,0.004913330078125,0.02702699974179268
3064,0.1845703125,0.3164060115814209,0.01177978515625,0.0078119998797774315
3065,0.189453125,0.25,0.005767822265625,0.0
3066,0.1474609375,0.32876700162887573,0.0087890625,0.013698999769985676
3067,0.1806640625,0.21686699986457825,-0.00390625,0.02409599907696247
3068,0.1865234375,0.2864859998226166,0.00958251953125,0.010811000131070614
3069,0.1416015625,0.3380280137062073,0.01019287109375,0.0070420000702142715
3070,0.1357421875,0.26315799355506897,0.004180908203125,0.01754399947822094
3071,0.197265625,0.21839100122451782,0.00482177734375,0.022988999262452126
3072,0.189453125,0.26237601041793823,0.010498046875,0.00494999997317791
3073,0.173828125,0.27977800369262695,0.0145263671875,0.03047100082039833
3074,0.1806640625,0.274509996175766,-0.004180908203125,0.03921600058674812
3075,0.1630859375,0.227183997631073,0.0172119140625,0.027184000238776207
3076,0.1806640625,0.2021860033273697,0.00933837890625,0.01639300025999546
3077,0.12353515625,0.12307699769735336,0.00323486328125,0.06153799965977669
3078,0.193359375,0.21212099492549896,0.0078125,0.01515199989080429
3079,0.09033203125,0.27222201228141785,0.0142822265625,0.03333299979567528
3080,0.126953125,0.13157899677753448,-0.0111083984375,0.0
3081,0.2021484375,0.21276600658893585,0.00160980224609375,0.04255300015211105
3082,0.197265625,0.2184869945049286,0.005615234375,0.008403000421822071
3083,0.16796875,0.18181799352169037,-0.007232666015625,0.0227269995957613
3084,0.16796875,0.22480599582195282,0.01019287109375,0.007751999888569117
3085,0.1875,0.28191500902175903,0.0130615234375,0.02659600041806698
3086,0.1435546875,0.10869599878787994,-0.0089111328125,0.02173900045454502
3087,0.119140625,0.09774400293827057,0.017822265625,0.05263200029730797
3088,0.1845703125,0.22514599561691284,0.0118408203125,0.00877199973911047
3089,0.1748046875,0.31034499406814575,-0.002166748046875,0.0
3090,0.15234375,0.1686750054359436,0.01104736328125,0.012047999538481236
3091,0.1767578125,0.19354799389839172,-0.0003070831298828125,0.0
3092,0.1943359375,0.26851901412010193,0.00860595703125,0.046296000480651855
3093,0.1865234375,0.09803900122642517,0.00171661376953125,0.0
3094,0.1650390625,0.22388100624084473,0.01611328125,0.008954999968409538
3095,0.1591796875,0.12179499864578247,0.0103759765625,0.03846200183033943
3096,0.1474609375,0.31818199157714844,-0.00689697265625,0.045455001294612885
3097,0.1357421875,0.20000000298023224,0.0186767578125,0.007406999822705984
3098,0.1689453125,0.32727301120758057,-0.004364013671875,0.0
3099,0.1552734375,0.2296299934387207,0.0106201171875,0.022221999242901802
3100,0.13671875,0.2051279991865158,0.003753662109375,0.012821000069379807
3101,0.1494140625,0.2105260044336319,-0.01129150390625,0.0
3102,0.095703125,0.19480499625205994,-0.0036773681640625,0.0
3103,0.17578125,0.1691180020570755,0.01123046875,0.0220589991658926
3104,0.142578125,0.21982799470424652,0.021240234375,0.00862099975347519
3105,0.06298828125,0.03278699889779091,0.01348876953125,0.06557399779558182
3106,0.1875,0.18032799661159515,-2.6464462280273438e-05,0.03278699889779091
3107,0.171875,0.2369229942560196,0.01385498046875,0.006153999827802181
3108,0.15625,0.21333299577236176,-0.006683349609375,0.0
3109,0.15625,0.18120799958705902,0.0098876953125,0.02684600092470646
3110,0.1806640625,0.15625,-0.00860595703125,0.09375
3111,0.173828125,0.26923099160194397,-0.007049560546875,0.03846200183033943
3112,0.1416015625,0.15967699885368347,0.015625,0.02741900086402893
3113,0.1142578125,0.23404300212860107,0.003021240234375,0.02127699926495552
3114,0.1435546875,0.3235290050506592,-0.0054931640625,0.029411999508738518
3115,0.166015625,0.23076899349689484,0.003570556640625,0.03846200183033943
3116,-0.0201416015625,0.14551100134849548,0.034423828125,0.0464400015771389
3117,0.1884765625,0.21264399588108063,0.009521484375,0.04022999852895737
3118,0.1630859375,0.3165139853954315,0.0174560546875,0.06880699843168259
3119,0.193359375,0.2159619927406311,0.00830078125,0.0422540009021759
3120,0.1533203125,0.18181799352169037,-0.00099945068359375,0.030302999541163445
3121,0.1962890625,0.3296700119972229,0.0052490234375,0.04395600035786629
3122,0.1552734375,0.20000000298023224,-0.005584716796875,0.02352900058031082
3123,0.1884765625,0.25999999046325684,0.0032806396484375,0.0
3124,0.138671875,0.24719099700450897,0.01275634765625,0.016853999346494675
3125,0.185546875,0.24120600521564484,0.01312255859375,0.010049999691545963
3126,0.07763671875,0.11874999850988388,0.01519775390625,0.0
3127,0.16015625,0.19819800555706024,0.009033203125,0.009008999913930893
3128,0.130859375,0.15433399379253387,0.0245361328125,0.027483999729156494
3129,0.1767578125,0.3409090042114258,0.0142822265625,0.0227269995957613
3130,0.1728515625,0.06493499875068665,0.00188446044921875,0.0
3131,0.1669921875,0.18644100427627563,-0.00677490234375,0.0169489998370409
3132,0.11328125,0.12676100432872772,-2.9087066650390625e-05,0.0422540009021759
3133,0.189453125,0.07692299783229828,0.00421142578125,0.046153999865055084
3134,0.162109375,0.1719300001859665,0.018310546875,0.04210500046610832
3135,0.1953125,0.3185189962387085,0.01025390625,0.02962999977171421
3136,0.1865234375,0.25266900658607483,0.010986328125,0.007116999942809343
3137,0.1416015625,0.161764994263649,-0.00677490234375,0.029411999508738518
3138,0.166015625,0.18565399944782257,0.014892578125,0.03375500068068504
3139,0.169921875,0.29044100642204285,0.0107421875,0.011029000394046307
3140,0.166015625,0.125,0.01263427734375,0.03125
3141,0.1669921875,0.2268040031194687,0.006622314453125,0.020618999376893044
3142,0.1875,0.27272701263427734,0.005218505859375,0.018182000145316124
3143,0.1796875,0.3584910035133362,-0.0002994537353515625,0.0
3144,0.18359375,0.23999999463558197,-0.01239013671875,0.0
3145,0.177734375,0.20000000298023224,9.584426879882812e-05,0.03333299979567528
3146,0.140625,0.22857099771499634,-0.01068115234375,0.0
3147,0.02880859375,0.12195099890232086,0.0159912109375,0.012195000424981117
3148,0.1474609375,0.3169400095939636,0.01385498046875,0.005464000161737204
3149,0.1826171875,0.20000000298023224,-0.0002803802490234375,0.028571000322699547
3150,0.1396484375,0.1946759968996048,0.01708984375,0.004991999827325344
3151,0.15625,0.25645801424980164,0.0179443359375,0.03136499971151352
3152,0.1904296875,0.31034499406814575,-0.000606536865234375,0.011494000442326069
3153,0.171875,0.25,-0.005279541015625,0.03750000149011612
3154,0.16796875,0.20083700120449066,0.01239013671875,0.016736000776290894
3155,0.1689453125,0.3061220049858093,0.00457763671875,0.02040800079703331
3156,0.201171875,0.22807000577449799,-0.007720947265625,0.0
3157,0.13671875,0.09493699669837952,0.002960205078125,0.05696199834346771
3158,0.197265625,0.27000001072883606,0.0064697265625,0.029999999329447746
3159,0.1953125,0.33333298563957214,0.007080078125,0.028571000322699547
3160,0.1943359375,0.21428599953651428,0.00897216796875,0.015305999666452408
3161,0.1728515625,0.33333298563957214,0.008544921875,0.03703700006008148
3162,0.1435546875,0.2405800074338913,0.021240234375,0.01739099994301796
3163,0.1611328125,0.17880800366401672,0.0137939453125,0.026489999145269394
3164,0.185546875,0.31578901410102844,0.000568389892578125,0.0
3165,0.1171875,0.234375,0.0223388671875,0.029296999797225
3166,0.1923828125,0.3095239996910095,0.01031494140625,0.011904999613761902
3167,0.1826171875,0.23140500485897064,0.008056640625,0.04958700016140938
3168,0.1884765625,0.12903200089931488,0.00823974609375,0.0
3169,0.18359375,0.27142900228500366,-0.0030364990234375,0.014286000281572342
3170,0.1943359375,0.2903229892253876,0.0086669921875,0.021505000069737434
3171,0.189453125,0.17460300028324127,0.002838134765625,0.015873000025749207
3172,0.1591796875,0.19650700688362122,0.0108642578125,0.030567999929189682
3173,0.1376953125,0.22352899610996246,0.01031494140625,0.0
3174,0.193359375,0.280254989862442,0.0059814453125,0.012738999910652637
3175,0.171875,0.2912459969520569,0.01556396484375,0.01683500036597252
3176,0.16796875,0.1626020073890686,0.0028076171875,0.0
3177,0.1748046875,0.3076919913291931,-0.00970458984375,0.025640999898314476
3178,0.134765625,0.25982901453971863,0.0191650390625,0.032478999346494675
3179,0.130859375,0.1463409960269928,0.0031890869140625,0.04878000169992447
3180,0.1943359375,0.15053799748420715,0.0115966796875,0.04301099851727486
3181,0.1474609375,0.17460300028324127,-0.01031494140625,0.015873000025749207
3182,0.12060546875,0.14035099744796753,0.007232666015625,0.05263200029730797
3183,0.1943359375,0.08124999701976776,0.00982666015625,0.03125
3184,0.1337890625,0.225490003824234,0.0186767578125,0.02450999990105629
3185,0.177734375,0.2415730059146881,0.01165771484375,0.05056200176477432
3186,-0.126953125,0.06896600127220154,0.02978515625,0.0
3187,0.197265625,0.35526299476623535,0.005889892578125,0.013158000074326992
3188,0.193359375,0.2877190113067627,0.00775146484375,0.007017999887466431
3189,0.1875,0.23393699526786804,0.009521484375,0.01976899988949299
3190,0.1787109375,0.2593249976634979,0.0120849609375,0.05506199970841408
3191,0.1904296875,0.23076899349689484,-0.01312255859375,0.0
3192,0.1767578125,0.23999999463558197,0.00982666015625,0.0
3193,0.1845703125,0.18367299437522888,0.009521484375,0.02040800079703331
3194,0.1689453125,0.19387799501419067,0.00048828125,0.0
3195,0.197265625,0.27272701263427734,-0.00150299072265625,0.03409099951386452
3196,0.1904296875,0.23394499719142914,0.006103515625,0.022935999557375908
3197,0.1865234375,0.21212099492549896,-0.00148773193359375,0.010100999847054482
3198,0.18359375,0.27272701263427734,-0.000885009765625,0.01515199989080429
3199,0.177734375,0.3859649896621704,-0.0027923583984375,0.01754399947822094
3200,0.19140625,0.2627120018005371,0.00982666015625,0.0338979996740818
3201,0.1591796875,0.2666670083999634,0.002227783203125,0.0
3202,0.177734375,0.28251999616622925,0.012939453125,0.030487999320030212
3203,0.1533203125,0.2711859941482544,0.00244140625,0.0
3204,0.193359375,0.27979299426078796,0.00860595703125,0.031088000163435936
3205,0.185546875,0.15730300545692444,0.00933837890625,0.005617999937385321
3206,0.1650390625,0.2467530071735382,-0.006561279296875,0.0
3207,0.177734375,0.20408199727535248,0.0086669921875,0.030611999332904816
3208,0.17578125,0.39285698533058167,-0.00335693359375,0.0
3209,0.1630859375,0.2711859941482544,-0.005126953125,0.0338979996740818
3210,0.1708984375,0.19877299666404724,0.0162353515625,0.022086000069975853
3211,0.08837890625,0.20000000298023224,0.0108642578125,0.01538500003516674
3212,0.1796875,0.25409799814224243,0.01153564453125,0.03278699889779091
3213,0.16015625,0.23064999282360077,0.01483154296875,0.007739999797195196
3214,0.1904296875,0.20833300054073334,-0.0009918212890625,0.0
3215,0.1875,0.15384599566459656,0.006561279296875,0.08974400162696838
3216,0.1640625,0.37254899740219116,-0.00107574462890625,0.0
3217,0.150390625,0.19034899771213531,0.01409912109375,0.02144799940288067
3218,0.177734375,0.14906799793243408,0.004119873046875,0.031055999919772148
3219,-0.0157470703125,0.24615399539470673,0.00762939453125,0.030768999829888344
3220,0.19140625,0.1923079937696457,0.0040283203125,0.00961500033736229
3221,0.1962890625,0.2451609969139099,0.00836181640625,0.006451999768614769
3222,0.2041015625,0.2380950003862381,0.0013275146484375,0.11904799938201904
3223,0.1875,0.213235005736351,0.00457763671875,0.0073529998771846294
3224,0.1865234375,0.20765000581741333,0.00286865234375,0.005464000161737204
3225,0.16796875,0.282353013753891,0.006072998046875,0.01176500041037798
3226,0.181640625,0.31818199157714844,-0.0026397705078125,0.0227269995957613
3227,0.189453125,0.3615820109844208,0.009521484375,0.022599000483751297
3228,0.09619140625,0.04166699945926666,0.01031494140625,0.03125
3229,0.19921875,0.19811299443244934,0.0016021728515625,0.00943399965763092
3230,0.1865234375,0.3481009900569916,0.01080322265625,0.012657999992370605
3231,0.1533203125,0.1549299955368042,0.0172119140625,0.0422540009021759
3232,0.15625,0.3235290050506592,0.007080078125,0.01960800029337406
3233,0.1923828125,0.26041701436042786,0.00421142578125,0.010417000390589237
3234,0.1611328125,0.18918900191783905,-0.01123046875,0.02702699974179268
3235,0.1953125,0.15384599566459656,0.004730224609375,0.01538500003516674
3236,0.1826171875,0.2413789927959442,0.0128173828125,0.00862099975347519
3237,0.2099609375,0.3125,0.003936767578125,0.0
3238,0.1767578125,0.2903229892253876,-0.011962890625,0.03225800022482872
3239,0.189453125,0.28965499997138977,0.0091552734375,0.013793000020086765
3240,0.1591796875,0.1893939971923828,0.01373291015625,0.03787900134921074
3241,0.1640625,0.1660650074481964,0.0155029296875,0.028881000354886055
3242,0.1923828125,0.3198989927768707,0.0078125,0.010076000355184078
3243,0.16015625,0.15384599566459656,-0.0125732421875,0.0
3244,0.1708984375,0.2445410043001175,0.01470947265625,0.013100000098347664
3245,0.1640625,0.3703700006008148,-0.005584716796875,0.0
3246,0.1982421875,0.31746000051498413,0.0011138916015625,0.015873000025749207
3247,0.1982421875,0.375,0.00677490234375,0.019231000915169716
3248,0.1572265625,0.03508799895644188,-0.00142669677734375,0.0
3249,0.1494140625,0.20800000429153442,0.00799560546875,0.01600000075995922
3250,0.173828125,0.03125,-0.004730224609375,0.0625
3251,0.1748046875,0.16091999411582947,0.004364013671875,0.022988999262452126
3252,0.1953125,0.3719010055065155,0.00665283203125,0.0
3253,0.154296875,0.25326400995254517,0.019775390625,0.02088800072669983
3254,0.1708984375,0.31180399656295776,0.01470947265625,0.035634998232126236
3255,0.1865234375,0.30103799700737,0.00958251953125,0.0017300000181421638
3256,0.1787109375,0.3069309890270233,0.0001735687255859375,0.009901000186800957
3257,0.1962890625,0.22413800656795502,0.00170135498046875,0.0
3258,0.1943359375,0.2702699899673462,0.00482177734375,0.0
3259,0.15625,0.2448980063199997,-0.005615234375,0.0
3260,0.1748046875,0.2300879955291748,0.01226806640625,0.017698999494314194
3261,0.17578125,0.19166700541973114,0.00970458984375,0.016666999086737633
3262,0.1240234375,0.05769199877977371,0.004852294921875,0.0
3263,0.1904296875,0.1599999964237213,0.00848388671875,0.024000000208616257
3264,0.189453125,0.230336993932724,0.0074462890625,0.011235999874770641
3265,0.0299072265625,0.1599999964237213,0.01483154296875,0.013333000242710114
3266,0.1494140625,0.30112698674201965,0.01397705078125,0.040258001536130905
3267,0.1845703125,0.2484080046415329,0.005279541015625,0.00636899983510375
3268,0.16796875,0.1569090038537979,0.01953125,0.021076999604701996
3269,0.1865234375,0.20047199726104736,0.01129150390625,0.011792000383138657
3270,0.20703125,0.1452990025281906,0.00909423828125,0.04273499920964241
3271,0.1689453125,0.32476601004600525,0.0162353515625,0.028037000447511673
3272,0.1767578125,0.2592589855194092,-0.00714111328125,0.0
3273,0.18359375,0.14736799895763397,5.4836273193359375e-05,0.021052999421954155
3274,0.203125,0.24528299272060394,-0.00191497802734375,0.01886799931526184
3275,0.189453125,0.30000001192092896,-0.004638671875,0.0
3276,0.1748046875,0.17857100069522858,0.0084228515625,0.023809999227523804
3277,0.177734375,0.20000000298023224,0.001495361328125,0.0
3278,0.1953125,0.1976740062236786,0.00653076171875,0.034883998334407806
3279,0.154296875,0.23999999463558197,0.01214599609375,0.03333299979567528
3280,0.1572265625,0.25423699617385864,-0.000423431396484375,0.0
3281,0.07373046875,0.20967699587345123,0.01507568359375,0.01612900011241436
3282,0.189453125,0.23076899349689484,0.0101318359375,0.019231000915169716
3283,0.193359375,0.2553189992904663,-0.0052490234375,0.0
3284,0.1611328125,0.2650600075721741,0.004913330078125,0.0
3285,0.1806640625,0.26937299966812134,0.01202392578125,0.018449999392032623
3286,0.197265625,0.24242399632930756,0.005340576171875,0.030302999541163445
3287,0.1845703125,0.3488369882106781,0.003936767578125,0.046512000262737274
3288,0.07080078125,0.060975998640060425,0.0252685546875,0.0
3289,0.1904296875,0.24475499987602234,0.004119873046875,0.04895099997520447
3290,0.1943359375,0.18085099756717682,0.004730224609375,0.031915001571178436
3291,0.177734375,0.2280369997024536,0.01348876953125,0.022430000826716423
3292,0.14453125,0.25,-0.0023651123046875,0.0
3293,0.185546875,0.2891570031642914,0.00445556640625,0.0
3294,0.1630859375,0.1961210072040558,0.01446533203125,0.006465999875217676
3295,0.16796875,0.27848100662231445,0.0047607421875,0.0
3296,0.01373291015625,0.0625,0.01263427734375,0.04166699945926666
3297,0.162109375,0.15555599331855774,0.0019989013671875,0.044443998485803604
3298,0.03759765625,0.06060599908232689,0.004974365234375,0.0
3299,0.158203125,0.09210500121116638,0.0123291015625,0.026316000148653984
3300,0.1962890625,0.1929820030927658,0.004608154296875,0.01754399947822094
3301,0.18359375,0.33333298563957214,0.01495361328125,0.024390000849962234
3302,0.15625,0.18300700187683105,0.019287109375,0.01742899976670742
3303,0.189453125,0.31746000051498413,0.0037841796875,0.0
3304,0.189453125,0.22727300226688385,0.00140380859375,0.0227269995957613
3305,0.1328125,0.22807000577449799,0.009521484375,0.0058479998260736465
3306,0.201171875,0.17499999701976776,0.0078125,0.02500000037252903
3307,0.12890625,0.14179100096225739,0.0203857421875,0.022388000041246414
3308,0.1708984375,0.3111110031604767,-0.00579833984375,0.0
3309,0.1669921875,0.20370399951934814,-0.003936767578125,0.03703700006008148
3310,0.1318359375,0.2873240113258362,0.0224609375,0.0422540009021759
3311,0.185546875,0.15789499878883362,0.002197265625,0.05263200029730797
3312,0.1923828125,0.10000000149011612,0.0086669921875,0.03333299979567528
3313,0.1826171875,0.07407400012016296,-0.01043701171875,0.03703700006008148
3314,0.19140625,0.2553189992904663,0.007171630859375,0.010638000443577766
3315,0.193359375,0.17073200643062592,0.00732421875,0.024390000849962234
3316,0.1591796875,0.2173909991979599,0.0216064453125,0.02675599977374077
3317,0.1787109375,0.27748700976371765,0.01495361328125,0.02617800049483776
3318,0.197265625,0.36363598704338074,0.00142669677734375,0.0
3319,0.1875,0.24896299839019775,0.00970458984375,0.03734400123357773
3320,0.1279296875,0.3054549992084503,0.01446533203125,0.021818000823259354
3321,0.07421875,0.09090899676084518,-0.003265380859375,0.0
3322,0.158203125,0.1754390001296997,0.0140380859375,0.03508799895644188
3323,0.1708984375,0.24120600521564484,0.01092529296875,0.04020100086927414
3324,0.16015625,0.264151006937027,0.017578125,0.00471699982881546
3325,0.0341796875,0.07317099720239639,-0.005218505859375,0.024390000849962234
3326,0.1845703125,0.18181799352169037,0.01153564453125,0.01398599985986948
3327,0.1728515625,0.16666699945926666,-0.0016326904296875,0.016666999086737633
3328,0.0703125,0.20895500481128693,0.007476806640625,0.029851000756025314
3329,0.07861328125,0.15151500701904297,-0.0025482177734375,0.030302999541163445
3330,0.19140625,0.23127800226211548,0.007720947265625,0.015418999828398228
3331,0.1611328125,0.168831005692482,0.000553131103515625,0.012986999936401844
3332,0.1318359375,0.20238099992275238,-0.01287841796875,0.0
3333,0.1416015625,0.2222220003604889,-0.00982666015625,0.013888999819755554
3334,0.181640625,0.20597000420093536,0.00799560546875,0.014925000257790089
3335,0.12109375,0.2596150040626526,0.003265380859375,0.019231000915169716
3336,0.1484375,0.15151500701904297,-0.01007080078125,0.0
3337,0.1962890625,0.2751089930534363,0.006561279296875,0.030567999929189682
3338,0.169921875,0.33333298563957214,-0.008056640625,0.01960800029337406
3339,0.1640625,0.21276600658893585,-0.0155029296875,0.04255300015211105
3340,0.111328125,0.26315799355506897,0.015869140625,0.043859999626874924
3341,0.1787109375,0.31645599007606506,-0.00016117095947265625,0.0
3342,0.177734375,0.20370399951934814,0.00543212890625,0.05555599927902222
3343,0.189453125,0.31046900153160095,0.00921630859375,0.014440000057220459
3344,0.1689453125,0.226950004696846,-0.0033721923828125,0.014183999970555305
3345,0.1455078125,0.23664100468158722,0.013427734375,0.01526699960231781
3346,0.1435546875,0.18181799352169037,0.01116943359375,0.045455001294612885
3347,0.17578125,0.3066670000553131,0.00106048583984375,0.0
3348,0.072265625,0.06451600044965744,-0.01312255859375,0.03225800022482872
3349,0.1806640625,0.14179100096225739,0.006317138671875,0.029851000756025314
3350,0.177734375,0.2549020051956177,0.0062255859375,0.0
3351,0.1787109375,0.35714301466941833,0.000812530517578125,0.023809999227523804
3352,0.1904296875,0.24226799607276917,0.007232666015625,0.020618999376893044
3353,0.1748046875,0.27932998538017273,0.01324462890625,0.016759999096393585
3354,0.15234375,0.2626259922981262,-0.000713348388671875,0.020201999694108963
3355,0.042724609375,0.13418500125408173,0.0240478515625,0.01278000045567751
3356,0.18359375,0.2103320062160492,0.00848388671875,0.007379999849945307
3357,0.1826171875,0.13537099957466125,0.00958251953125,0.03930100053548813
3358,0.1513671875,0.20000000298023224,-0.0179443359375,0.0
3359,0.1796875,0.33152198791503906,0.01171875,0.027173999696969986
3360,0.189453125,0.30097100138664246,0.00244140625,0.009708999656140804
3361,0.1904296875,0.27272701263427734,0.004608154296875,0.06060599908232689
3362,0.1552734375,0.2486869990825653,0.017578125,0.02101599983870983
3363,0.19140625,0.17499999701976776,-0.0108642578125,0.0
3364,0.14453125,0.14508600533008575,0.0189208984375,0.034320998936891556
3365,0.047607421875,0.11999999731779099,-0.005096435546875,0.01600000075995922
3366,0.158203125,0.319148987531662,-0.01324462890625,0.0
3367,0.1845703125,0.2666670083999634,0.01177978515625,0.042424000799655914
3368,0.1416015625,0.2757200002670288,0.02099609375,0.03497900068759918
3369,0.06396484375,0.08695700019598007,0.00927734375,0.014492999762296677
3370,0.1455078125,0.17241400480270386,-0.0194091796875,0.0
3371,0.1943359375,0.26923099160194397,0.00191497802734375,0.09615399688482285
3372,0.1640625,0.24089600145816803,0.01483154296875,0.03361300006508827
3373,0.1572265625,0.26956498622894287,0.0024566650390625,0.008696000091731548
3374,0.17578125,0.17647099494934082,-0.00133514404296875,0.02352900058031082
3375,0.1962890625,0.31645599007606506,-0.00019741058349609375,0.02531599998474121
3376,0.146484375,0.28888899087905884,-0.01409912109375,0.022221999242901802
3377,0.19140625,0.27374300360679626,0.00933837890625,0.0446930006146431
3378,0.1396484375,0.21686699986457825,0.0040283203125,0.04819300025701523
3379,0.1845703125,0.1851850003004074,-0.00170135498046875,0.012346000410616398
3380,0.185546875,0.235043004155159,0.00933837890625,0.008546999655663967
3381,0.14453125,0.19354799389839172,0.01531982421875,0.008065000176429749
3382,0.162109375,0.2325579971075058,-0.01068115234375,0.023256000131368637
3383,0.010009765625,0.12195099890232086,0.006011962890625,0.04878000169992447
3384,0.12109375,0.24528299272060394,0.0155029296875,0.00471699982881546
3385,0.173828125,0.3076919913291931,0.01373291015625,0.012821000069379807
3386,0.1787109375,0.3125,0.0113525390625,0.013257999904453754
3387,0.1884765625,0.45833298563957214,0.00081634521484375,0.0
3388,0.1865234375,0.3672569990158081,0.011474609375,0.004424999933689833
3389,0.07861328125,0.15060199797153473,0.0194091796875,0.07228899747133255
3390,0.1318359375,0.21666699647903442,0.0045166015625,0.011110999621450901
3391,0.1923828125,0.17465800046920776,0.01019287109375,0.020547999069094658
3392,0.07958984375,0.2051279991865158,-0.0024871826171875,0.0
3393,0.1923828125,0.20382200181484222,0.00970458984375,0.0191079992800951
3394,0.185546875,0.22784799337387085,0.0026092529296875,0.012657999992370605
3395,0.193359375,0.16267900168895721,0.01141357421875,0.023923000320792198
3396,0.1923828125,0.17777800559997559,0.007659912109375,0.041269998997449875
3397,0.19140625,0.21568599343299866,0.00506591796875,0.0
3398,0.0830078125,0.2284419983625412,0.025634765625,0.012102999724447727
3399,0.1787109375,0.2765530049800873,0.011962890625,0.006012000143527985
3400,0.1728515625,0.35294100642204285,-0.00543212890625,0.01960800029337406
3401,0.177734375,0.2703700065612793,0.0125732421875,0.0018520000157877803
3402,0.2119140625,0.11999999731779099,0.007659912109375,0.019999999552965164
3403,0.1162109375,0.17499999701976776,-0.01226806640625,0.0
3404,0.162109375,0.3048210144042969,0.0162353515625,0.015552000142633915
3405,0.1787109375,0.21808500587940216,0.0118408203125,0.015956999734044075
3406,0.154296875,0.23076899349689484,-0.0162353515625,0.03846200183033943
3407,0.177734375,0.2831049859523773,0.00958251953125,0.03196299821138382
3408,0.1435546875,0.06666699796915054,-0.01300048828125,0.0
3409,0.1875,0.25238099694252014,0.007110595703125,0.019047999754548073
3410,0.1669921875,0.18681299686431885,0.01025390625,0.027473000809550285
3411,0.1875,0.26168200373649597,-0.00098419189453125,0.018691999837756157
3412,0.1953125,0.24822700023651123,0.0054931640625,0.028369000181555748
3413,0.171875,0.125,-0.00860595703125,0.01785700023174286
3414,0.0927734375,0.12903200089931488,0.0101318359375,0.03871000185608864
3415,0.177734375,0.2029220014810562,0.0125732421875,0.0227269995957613
3416,-0.030517578125,0.15165899693965912,0.0277099609375,0.014217999763786793
3417,0.203125,0.06153799965977669,-0.004058837890625,0.07692299783229828
3418,0.18359375,0.203125,0.011962890625,0.006696000229567289
3419,0.1708984375,0.15422900021076202,0.00738525390625,0.019899999722838402
3420,0.1328125,0.25764200091362,0.0189208984375,0.03930100053548813
3421,0.1787109375,0.25,0.00616455078125,0.06944400072097778
3422,0.1748046875,0.2992419898509979,0.01031494140625,0.03409099951386452
3423,0.1484375,0.25641000270843506,-0.00634765625,0.0
3424,0.1904296875,0.32183900475502014,0.00811767578125,0.03448300063610077
3425,0.1435546875,0.20772899687290192,0.0159912109375,0.01932400092482567
3426,0.1669921875,0.15517200529575348,-0.003570556640625,0.03448300063610077
3427,0.158203125,0.15189899504184723,0.007049560546875,0.012657999992370605
3428,0.1953125,0.3125,-0.0054931640625,0.0
3429,0.1640625,0.19540199637413025,0.00141143798828125,0.06896600127220154
3430,0.19140625,0.25,0.00157928466796875,0.02777799963951111
3431,0.10302734375,0.2571429908275604,-0.00653076171875,0.028571000322699547
3432,0.158203125,0.29729700088500977,0.00634765625,0.05405399948358536
3433,0.1650390625,0.2743360102176666,0.00836181640625,0.017698999494314194
3434,0.12255859375,0.2028989940881729,0.0166015625,0.050725001841783524
3435,0.123046875,0.09615399688482285,0.007781982421875,0.028845999389886856
3436,0.09912109375,0.15384599566459656,0.000858306884765625,0.11538500338792801
3437,0.1953125,0.21428599953651428,0.00145721435546875,0.01785700023174286
3438,0.17578125,0.18875500559806824,0.0167236328125,0.040160998702049255
3439,0.1923828125,0.36170199513435364,0.005218505859375,0.02127699926495552
3440,0.18359375,0.2723950147628784,0.01025390625,0.009140999987721443
3441,0.1513671875,0.2884620130062103,0.0027618408203125,0.0
3442,0.177734375,0.22413800656795502,0.0024261474609375,0.00862099975347519
3443,0.1728515625,0.16666699945926666,-0.01385498046875,0.05555599927902222
3444,0.1767578125,0.3846150040626526,0.00125885009765625,0.03846200183033943
3445,0.1767578125,0.24651199579238892,0.01025390625,0.006976999808102846
3446,0.1875,0.29166701436042786,0.01007080078125,0.013888999819755554
3447,0.169921875,0.2123890072107315,0.0047607421875,0.017698999494314194
3448,0.16015625,0.20000000298023224,-0.002349853515625,0.0
3449,0.2001953125,0.09677399694919586,-0.002716064453125,0.06451600044965744
3450,0.08935546875,0.2149530053138733,0.0174560546875,0.04672899842262268
3451,0.09228515625,0.15094299614429474,0.002197265625,0.01886799931526184
3452,0.1708984375,0.264151006937027,0.01318359375,0.014674999751150608
3453,0.197265625,0.4000000059604645,-0.00811767578125,0.0
3454,0.18359375,0.23076899349689484,0.013427734375,0.012019000016152859
3455,0.193359375,0.3584910035133362,-0.001708984375,0.01886799931526184
3456,0.193359375,0.2530120015144348,0.0111083984375,0.03614500164985657
3457,0.1357421875,0.161764994263649,0.0068359375,0.058823999017477036
3458,0.1845703125,0.2022469937801361,0.0021820068359375,0.03370799869298935
3459,0.1484375,0.4242419898509979,-0.005828857421875,0.0
3460,-0.042724609375,0.09090899676084518,0.0026702880859375,0.09090899676084518
3461,0.1708984375,0.2105260044336319,-0.00994873046875,0.07017499953508377
3462,0.1357421875,0.23943699896335602,0.00830078125,0.0
3463,0.1533203125,0.2045450061559677,0.0030517578125,0.045455001294612885
3464,0.1845703125,0.3076919913291931,0.0103759765625,0.0
3465,0.1513671875,0.20422500371932983,-0.0118408203125,0.0070420000702142715
3466,0.15625,0.22972999513149261,0.0034942626953125,0.02702699974179268
3467,0.0020751953125,0.14814800024032593,0.015625,0.02469100058078766
3468,0.19921875,0.3061220049858093,-0.0034637451171875,0.0
3469,0.1865234375,0.17333300411701202,-0.00099945068359375,0.013333000242710114
3470,0.1591796875,0.28979599475860596,0.01055908203125,0.008163000456988811
3471,0.1826171875,0.2152779996395111,0.00848388671875,0.010417000390589237
3472,0.171875,0.3886460065841675,0.0142822265625,0.026201000437140465
3473,0.17578125,0.2735849916934967,-0.003204345703125,0.02830200083553791
3474,0.1611328125,0.27480900287628174,0.00714111328125,0.0
3475,0.1806640625,0.140625,0.00677490234375,0.078125
3476,0.1005859375,0.25264549255371094,0.0235595703125,0.034391529858112335
3477,0.16796875,0.25373101234436035,0.00927734375,0.0074629997834563255
3478,0.0498046875,0.1877395063638687,0.0264892578125,0.007662835065275431
3479,0.1806640625,0.20535700023174286,0.00677490234375,0.020833000540733337
3480,0.17578125,0.2571429908275604,0.01373291015625,0.022856999188661575
3481,0.1796875,0.40310099720954895,0.01239013671875,0.015503999777138233
3482,0.1787109375,0.23703700304031372,0.0015869140625,0.022221999242901802
3483,0.15234375,0.2954550087451935,-0.0146484375,0.0227269995957613
3484,0.06201171875,0.25313809514045715,0.0264892578125,0.012552299536764622
3485,0.18359375,0.27350398898124695,0.0010986328125,0.025640999898314476
3486,-0.10009765625,0.18309900164604187,0.0107421875,0.01408500038087368
3487,0.12890625,0.2792080044746399,0.0205078125,0.005940999835729599
3488,0.1923828125,0.2806119918823242,0.005340576171875,0.0
3489,0.058837890625,0.2058819979429245,0.0167236328125,0.014705999754369259
3490,0.1240234375,0.3055950105190277,0.0230712890625,0.028694000095129013
3491,0.06396484375,0.14864900708198547,0.016357421875,0.0
3492,0.173828125,0.13157899677753448,-0.00537109375,0.026316000148653984
3493,0.06494140625,0.10000000149011612,0.006134033203125,0.03333299979567528
3494,0.04833984375,0.22807000577449799,0.00787353515625,0.05263200029730797
3495,0.1728515625,0.2380950003862381,0.013916015625,0.03258100152015686
3496,0.1416015625,0.29166701436042786,-0.016845703125,0.04166699945926666
3497,0.1435546875,0.23841099441051483,0.0184326171875,0.031456999480724335
3498,0.1826171875,0.04761900007724762,-0.00390625,0.06349200010299683
3499,0.1806640625,0.21428599953651428,0.002044677734375,0.023809999227523804
3500,0.083984375,0.09615399688482285,-0.01287841796875,0.019231000915169716
3501,0.1337890625,0.21818199753761292,-0.00970458984375,0.0
3502,0.2041015625,0.09909900277853012,0.0067138671875,0.009008999913930893
3503,0.177734375,0.2932330071926117,0.001434326171875,0.015038000419735909
3504,0.1474609375,0.16853900253772736,0.0162353515625,0.03146100044250488
3505,0.1708984375,0.27374300360679626,0.00958251953125,0.0
3506,0.181640625,0.30882400274276733,0.00089263916015625,0.0
3507,0.173828125,0.23376600444316864,0.00017070770263671875,0.0
3508,0.15625,0.4000000059604645,-0.006072998046875,0.06666699796915054
3509,0.0595703125,0.18421100080013275,0.01409912109375,0.013158000074326992
3510,0.18359375,0.2803030014038086,0.005584716796875,0.030302999541163445
3511,0.18359375,0.27859199047088623,0.01129150390625,0.011730000376701355
3512,0.048828125,0.1875,0.00946044921875,0.012500000186264515
3513,0.1767578125,0.11249999701976776,-0.01397705078125,0.0625
3514,0.0654296875,0.19718299806118011,-0.0035400390625,0.01408500038087368
3515,0.1826171875,0.27419400215148926,-0.005523681640625,0.0
3516,0.146484375,0.24060200154781342,-0.0001983642578125,0.007519000209867954
3517,0.1689453125,0.2620689868927002,0.0123291015625,0.00965499971061945
3518,0.140625,0.31123900413513184,0.0196533203125,0.011526999995112419
3519,0.1611328125,0.17948700487613678,0.0078125,0.025640999898314476
3520,0.18359375,0.24561400711536407,0.00958251953125,0.00877199973911047
3521,0.1904296875,0.16304300725460052,0.000762939453125,0.010870000347495079
3522,0.185546875,0.20000000298023224,0.001373291015625,0.011110999621450901
3523,0.1796875,0.2432429939508438,0.011474609375,0.0
3524,0.1552734375,0.18367299437522888,-0.01092529296875,0.02040800079703331
3525,0.18359375,0.31818199157714844,0.0111083984375,0.0227269995957613
3526,0.173828125,0.25727400183677673,0.0142822265625,0.015313999727368355
3527,0.059326171875,0.12977099418640137,0.016845703125,0.045802000910043716
3528,0.193359375,0.31081101298332214,0.005584716796875,0.004505000077188015
3529,0.11767578125,0.2372879981994629,0.02099609375,0.023729000240564346
3530,0.1748046875,0.145455002784729,0.016845703125,0.03636400029063225
3531,0.1064453125,0.10309299826622009,0.0062255859375,0.030928000807762146
3532,0.12890625,0.2734380066394806,0.02197265625,0.015625
3533,0.189453125,0.2874999940395355,0.00299072265625,0.012500000186264515
3534,0.171875,0.29600000381469727,0.01446533203125,0.02266700007021427
3535,0.11865234375,0.2336450070142746,0.011962890625,0.018691999837756157
3536,0.169921875,0.19565199315547943,-0.000408172607421875,0.02173900045454502
3537,0.18359375,0.3763439953327179,0.00408935546875,0.0
3538,0.16796875,0.23848700523376465,0.0140380859375,0.013158000074326992
3539,0.197265625,0.19417500495910645,0.003631591796875,0.024272000417113304
3540,0.1669921875,0.11403500288724899,-0.00872802734375,0.03508799895644188
3541,0.10693359375,0.17272700369358063,0.002685546875,0.03636400029063225
3542,0.091796875,0.22033900022506714,-0.01336669921875,0.0
3543,0.1806640625,0.2952379882335663,0.0140380859375,0.0523810014128685
3544,0.185546875,0.33620700240135193,0.01312255859375,0.01724099926650524
3545,-0.00579833984375,0.1157890036702156,0.021728515625,0.031578999012708664
3546,0.1875,0.26168200373649597,0.00299072265625,0.056074999272823334
3547,0.1611328125,0.17000000178813934,0.0152587890625,0.03999999910593033
3548,0.193359375,0.20987699925899506,0.010498046875,0.012346000410616398
3549,0.205078125,0.26249998807907104,0.0014495849609375,0.03750000149011612
3550,0.1796875,0.23762400448322296,0.004119873046875,0.03960400074720383
3551,0.1767578125,0.17419399321079254,0.00836181640625,0.05161299929022789
3552,0.1826171875,0.261260986328125,0.01275634765625,0.0
3553,0.197265625,0.33333298563957214,-0.009033203125,0.025640999898314476
3554,0.1884765625,0.20689700543880463,0.0035247802734375,0.01724099926650524
3555,0.1865234375,0.2783510088920593,0.00830078125,0.03608199954032898
3556,0.1826171875,0.21481500566005707,0.0108642578125,0.022221999242901802
3557,0.1708984375,0.06818199902772903,-0.01092529296875,0.0
3558,0.1767578125,0.2666670083999634,0.0006256103515625,0.05000000074505806
3559,0.1767578125,0.15584400296211243,0.006805419921875,0.025973999872803688
3560,0.1826171875,0.2875320017337799,0.01324462890625,0.017812000587582588
3561,0.1689453125,0.3366340100765228,0.0145263671875,0.019802000373601913
3562,0.0703125,0.19565199315547943,-0.00021839141845703125,0.04347800090909004
3563,0.1865234375,0.3294120132923126,0.00836181640625,0.005882000084966421
3564,0.1787109375,0.19512200355529785,0.013427734375,0.02032499946653843
3565,0.1748046875,0.25,-0.00787353515625,0.00961500033736229
3566,0.185546875,0.27619001269340515,0.003173828125,0.019047999754548073
3567,0.13671875,0.19612599909305573,0.01904296875,0.0169489998370409
3568,0.0888671875,0.19607800245285034,-0.0052490234375,0.0
3569,0.189453125,0.31746000051498413,0.001129150390625,0.0
3570,0.1845703125,0.19444400072097778,0.00567626953125,0.013888999819755554
3571,0.1865234375,0.23931600153446198,0.004150390625,0.025640999898314476
3572,0.1923828125,0.3045690059661865,0.01055908203125,0.020305000245571136
3573,0.1767578125,0.19895300269126892,0.01031494140625,0.007853000424802303
3574,0.1884765625,0.2222220003604889,0.0023345947265625,0.03333299979567528
3575,0.1806640625,0.11851900070905685,0.0027313232421875,0.007406999822705984
3576,0.1943359375,0.2276419997215271,0.0074462890625,0.008129999972879887
3577,0.1494140625,0.19786100089550018,0.0062255859375,0.016042999923229218
3578,0.177734375,0.2903229892253876,-0.00848388671875,0.03225800022482872
3579,0.1806640625,0.28358200192451477,0.00017547607421875,0.0
3580,0.1513671875,0.06666699796915054,-0.00909423828125,0.0
3581,0.125,0.28813600540161133,-0.00946044921875,0.0169489998370409
3582,0.1884765625,0.23913000524044037,-0.010009765625,0.0
3583,0.1591796875,0.3170729875564575,0.01153564453125,0.024390000849962234
3584,0.193359375,0.31746000051498413,0.006439208984375,0.023809999227523804
3585,0.1513671875,0.19487200677394867,0.0130615234375,0.025640999898314476
3586,0.212890625,0.14864900708198547,-0.00482177734375,0.10810799896717072
3587,0.1884765625,0.2828280031681061,0.0078125,0.040403999388217926
3588,0.150390625,0.282927006483078,0.00823974609375,0.024390000849962234
3589,0.19921875,0.3013699948787689,0.00010156631469726562,0.08219199627637863
3590,0.1748046875,0.25641000270843506,-0.0079345703125,0.0
3591,0.19140625,0.2105260044336319,-0.0084228515625,0.05263200029730797
3592,0.1953125,0.2128710001707077,0.006805419921875,0.009901000186800957
3593,0.185546875,0.3482140004634857,0.0125732421875,0.026785999536514282
3594,0.1611328125,0.2264149934053421,-0.00921630859375,0.01886799931526184
3595,0.181640625,0.140625,0.000736236572265625,0.023437999188899994
3596,0.16015625,0.2820509970188141,-0.00860595703125,0.0
3597,0.1767578125,0.17460300028324127,-0.00173187255859375,0.0
3598,0.16015625,0.17948700487613678,-0.01116943359375,0.025640999898314476
3599,0.1943359375,0.1466670036315918,0.00274658203125,0.07999999821186066
3600,0.1845703125,0.2811740040779114,0.01214599609375,0.007335000205785036
3601,0.15625,0.30000001192092896,-0.00775146484375,0.02500000037252903
3602,0.1865234375,0.1612900048494339,0.0003414154052734375,0.0
3603,0.1904296875,0.22988499701023102,0.0032958984375,0.011494000442326069
3604,0.1875,0.24907100200653076,0.0111083984375,0.022305000573396683
3605,0.189453125,0.24096399545669556,0.00848388671875,0.03012000024318695
3606,0.0908203125,0.1612900048494339,-0.0003204345703125,0.0
3607,0.1884765625,0.2833330035209656,0.00058746337890625,0.0
3608,0.1796875,0.26582300662994385,-0.0024871826171875,0.012657999992370605
3609,0.177734375,0.28358200192451477,0.0003719329833984375,0.014925000257790089
3610,0.1904296875,0.2923080027103424,0.01019287109375,0.01538500003516674
3611,0.1845703125,0.14814800024032593,-0.007598876953125,0.0
3612,0.08544921875,0.22807000577449799,0.01043701171875,0.03508799895644188
3613,0.1865234375,0.1857140064239502,0.00811767578125,0.014286000281572342
3614,0.1748046875,0.2448980063199997,-0.004638671875,0.0
3615,0.1806640625,0.1952189952135086,0.010986328125,0.03585699945688248
3616,0.171875,0.21837300062179565,0.0113525390625,0.00903599988669157
3617,0.16796875,0.1968500018119812,0.0152587890625,0.05511799827218056
3618,0.205078125,0.16326500475406647,-0.001983642578125,0.06122399866580963
3619,0.1650390625,0.2608700096607208,0.0177001953125,0.01199399959295988
3620,0.111328125,0.20408199727535248,-0.007110595703125,0.0
3621,0.1875,0.26341500878334045,0.01153564453125,0.04390199854969978
3622,0.1826171875,0.09375,-0.005615234375,0.015625
3623,0.1455078125,0.19540199637413025,0.00531005859375,0.011494000442326069
3624,0.1591796875,0.2235579937696457,0.0177001953125,0.012019000016152859
3625,0.171875,0.20805400609970093,0.0162353515625,0.01342300046235323
3626,0.1669921875,0.2022469937801361,0.016845703125,0.005617999937385321
3627,0.1845703125,0.23355300724506378,0.0098876953125,0.026316000148653984
3628,0.1728515625,0.20571400225162506,0.01470947265625,0.008570999838411808
3629,0.19921875,0.21428599953651428,-0.004913330078125,0.05357100069522858
3630,0.1904296875,0.14093999564647675,0.0034637451171875,0.04698000103235245
3631,0.050048828125,0.16666699945926666,0.0118408203125,0.03703700006008148
3632,0.1962890625,0.07692299783229828,-0.004791259765625,0.0
3633,0.19140625,0.3584910035133362,0.007781982421875,0.00943399965763092
3634,0.1953125,0.4074069857597351,6.389617919921875e-05,0.0
3635,0.13671875,0.13253000378608704,-0.002593994140625,0.02409599907696247
3636,0.19140625,0.294871985912323,0.003753662109375,0.0
3637,0.1357421875,0.12820500135421753,0.0123291015625,0.012821000069379807
3638,0.2001953125,0.16666699945926666,0.0048828125,0.0
3639,0.1982421875,0.23369599878787994,0.01422119140625,0.04347800090909004
3640,0.189453125,0.34920600056648254,0.002777099609375,0.0
3641,0.19140625,0.23134300112724304,0.006134033203125,0.0
3642,0.138671875,0.17441900074481964,-0.00909423828125,0.0
3643,0.1689453125,0.24267800152301788,0.01556396484375,0.033472999930381775
3644,0.1875,0.29361701011657715,0.01123046875,0.004255000036209822
3645,0.1953125,0.10526300221681595,0.001922607421875,0.013158000074326992
3646,0.193359375,0.28888899087905884,-0.008544921875,0.022221999242901802
3647,0.1640625,0.22261500358581543,0.017578125,0.024734999984502792
3648,0.1162109375,0.20161299407482147,0.01904296875,0.02419400028884411
3649,0.1875,0.33333298563957214,0.0045166015625,0.0
3650,0.083984375,0.19642899930477142,-0.01092529296875,0.05357100069522858
3651,0.1796875,0.26923099160194397,-0.0079345703125,0.0
3652,0.1630859375,0.07142899930477142,0.005584716796875,0.04761900007724762
3653,0.1552734375,0.23076899349689484,0.0024871826171875,0.0
3654,0.1376953125,0.18644100427627563,0.006256103515625,0.0169489998370409
3655,0.181640625,0.25316500663757324,-0.0016937255859375,0.0
3656,0.1884765625,0.2337159961462021,0.0081787109375,0.022988999262452126
3657,0.1826171875,0.3214290142059326,8.726119995117188e-05,0.0
3658,0.1552734375,0.13157899677753448,-0.0016021728515625,0.0
3659,0.1865234375,0.16564400494098663,0.00872802734375,0.036809999495744705
3660,0.1728515625,0.27228501439094543,0.01312255859375,0.024311000481247902
3661,0.18359375,0.2719300091266632,0.0096435546875,0.03508799895644188
3662,0.048828125,0.1855670064687729,0.0201416015625,0.020618999376893044
3663,0.1796875,0.2661600112915039,0.01177978515625,0.0076049999333918095
3664,0.169921875,0.25,0.00225830078125,0.045455001294612885
3665,0.1796875,0.3246529996395111,0.0084228515625,0.013888999819755554
3666,0.16796875,0.2172279953956604,0.01373291015625,0.029962999746203423
3667,0.138671875,0.2448980063199997,-0.00958251953125,0.02040800079703331
3668,0.1455078125,0.07936500012874603,0.0093994140625,0.03174600005149841
3669,0.1826171875,0.25,-0.000156402587890625,0.023809999227523804
3670,0.1689453125,0.2427539974451065,0.01165771484375,0.0326090008020401
3671,0.1865234375,0.24336299300193787,0.00933837890625,0.013274000026285648
3672,0.07861328125,0.22162200510501862,0.023193359375,0.0018019999843090773
3673,0.1826171875,0.23846200108528137,0.00701904296875,0.023076999932527542
3674,0.18359375,0.28070199489593506,0.0034027099609375,0.0
3675,0.09521484375,0.13253000378608704,0.0042724609375,0.0
3676,0.138671875,0.16065600514411926,0.017578125,0.02950800023972988
3677,0.1826171875,0.2551020085811615,0.005523681640625,0.06122399866580963
3678,0.189453125,0.15104199945926666,0.009033203125,0.03125
3679,0.1484375,0.25806498527526855,0.0198974609375,0.017595000565052032
3680,0.14453125,0.22159099578857422,0.00811767578125,0.0227269995957613
3681,0.19140625,0.15517200529575348,0.00506591796875,0.03448300063610077
3682,0.203125,0.2432429939508438,0.007781982421875,0.013513999991118908
3683,0.1171875,0.07042299956083298,0.00096893310546875,0.0422540009021759
3684,0.1884765625,0.25423699617385864,0.00921630859375,0.0338979996740818
3685,0.095703125,0.19047600030899048,0.0133056640625,0.06349200010299683
3686,0.1533203125,0.2090030014514923,0.0172119140625,0.01607700064778328
3687,0.1904296875,0.23529399931430817,-0.00494384765625,0.035294000059366226
3688,0.1865234375,0.23076899349689484,-0.00145721435546875,0.05128199979662895
3689,0.080078125,0.18181799352169037,0.007049560546875,0.0
3690,0.193359375,0.25991201400756836,0.005889892578125,0.004404999781399965
3691,0.19140625,0.2105260044336319,0.00445556640625,0.026316000148653984
3692,0.1875,0.3269230127334595,-0.00225830078125,0.03846200183033943
3693,0.0908203125,0.07920800149440765,0.0159912109375,0.009901000186800957
3694,0.0263671875,0.060975998640060425,0.000545501708984375,0.0
3695,0.181640625,0.18987299501895905,-0.007110595703125,0.05063299834728241
3696,0.1611328125,0.11129000037908554,0.01177978515625,0.01451599970459938
3697,0.1806640625,0.22123900055885315,-0.004180908203125,0.017698999494314194
3698,0.051513671875,0.21428599953651428,0.00677490234375,0.0
3699,0.1787109375,0.2050209939479828,0.00160980224609375,0.008368000388145447
3700,0.185546875,0.3111110031604767,0.010986328125,0.011110999621450901
3701,0.1494140625,0.21402199566364288,0.01611328125,0.025830000638961792
3702,0.1748046875,0.21774199604988098,0.01190185546875,0.008065000176429749
3703,0.1513671875,0.25641000270843506,-0.0107421875,0.0
3704,0.1845703125,0.33246099948883057,0.01007080078125,0.007853000424802303
3705,0.162109375,0.2857140004634857,-0.01043701171875,0.05714299902319908
3706,0.16015625,0.4000000059604645,-0.0113525390625,0.0
3707,0.13671875,0.26041701436042786,0.01116943359375,0.03125
3708,0.109375,0.14285700023174286,-0.0086669921875,0.028571000322699547
3709,0.158203125,0.17857100069522858,-0.002166748046875,0.05357100069522858
3710,0.140625,0.2222220003604889,-0.01171875,0.013888999819755554
3711,0.1904296875,0.1508519947528839,0.0093994140625,0.014599000103771687
3712,0.1591796875,0.26582300662994385,0.0040283203125,0.012657999992370605
3713,0.1875,0.21875,0.002197265625,0.010417000390589237
3714,0.19921875,0.2509090006351471,0.0076904296875,0.014545000158250332
3715,0.19140625,0.33333298563957214,-0.007568359375,0.0
3716,0.12353515625,0.20634900033473969,0.009765625,0.0
3717,0.1640625,0.1565220057964325,0.013671875,0.01739099994301796
3718,0.1748046875,0.224264994263649,0.0133056640625,0.020221000537276268
3719,0.1767578125,0.17391300201416016,-0.0137939453125,0.1304350048303604
3720,0.1806640625,0.32653099298477173,0.009033203125,0.030611999332904816
3721,0.1533203125,0.2214290052652359,0.019287109375,0.03571400046348572
3722,0.1875,0.19047600030899048,0.003997802734375,0.0
3723,0.138671875,0.15175099670886993,0.01007080078125,0.02334599941968918
3724,0.10986328125,0.33333298563957214,-0.0108642578125,0.0
3725,0.1845703125,0.23243199288845062,0.00897216796875,0.02702699974179268
3726,0.13671875,0.22857099771499634,0.001434326171875,0.0
3727,0.1689453125,0.23404300212860107,0.0011138916015625,0.007091999985277653
3728,0.193359375,0.2222220003604889,0.006378173828125,0.02962999977171421
3729,0.1474609375,0.17142899334430695,-0.004058837890625,0.0
3730,0.185546875,0.2380950003862381,0.00110626220703125,0.009523999877274036
3731,0.189453125,0.23861199617385864,0.00750732421875,0.023861000314354897
3732,0.11865234375,0.05000000074505806,-0.01202392578125,0.02500000037252903
3733,0.17578125,0.26428601145744324,0.0004119873046875,0.007143000140786171
3734,0.1845703125,0.3703700006008148,0.0019378662109375,0.02469100058078766
3735,0.171875,0.269663006067276,-0.0017547607421875,0.0
3736,0.1376953125,0.3125,0.00390625,0.013888999819755554
3737,0.1875,0.19354799389839172,0.00286865234375,0.04838699847459793
3738,0.1552734375,0.24637700617313385,0.01806640625,0.031055999919772148
3739,0.189453125,0.2057420015335083,0.00933837890625,0.0382779985666275
3740,0.1845703125,0.29914501309394836,0.002532958984375,0.017093999311327934
3741,0.1904296875,0.26771700382232666,0.00408935546875,0.015747999772429466
3742,0.169921875,0.18421100080013275,-0.009521484375,0.07894700020551682
3743,0.111328125,0.08695700019598007,-0.01300048828125,0.04347800090909004
3744,0.12158203125,0.08421099931001663,0.00726318359375,0.06315799802541733
3745,0.1806640625,0.26096999645233154,0.01202392578125,0.009238000027835369
3746,0.1962890625,0.32843101024627686,0.00799560546875,0.004902000073343515
3747,0.1533203125,0.2030850052833557,0.0120849609375,0.053984999656677246
3748,0.1640625,0.2448980063199997,-0.004730224609375,0.02040800079703331
3749,0.10205078125,0.14559400081634521,0.0201416015625,0.042146001011133194
3750,0.166015625,0.21942399442195892,0.01409912109375,0.019783999770879745
3751,0.1875,0.2528739869594574,0.00141143798828125,0.0
3752,0.1640625,0.15000000596046448,-0.0015106201171875,0.03333299979567528
3753,0.1708984375,0.29629600048065186,9.250640869140625e-05,0.02962999977171421
3754,0.08544921875,0.16216200590133667,0.00179290771484375,0.0
3755,0.1591796875,0.22413800656795502,-0.0059814453125,0.0
3756,0.1669921875,0.2222220003604889,0.006622314453125,0.009259000420570374
3757,0.1884765625,0.13215899467468262,0.00909423828125,0.008810999803245068
3758,0.17578125,0.128712996840477,0.01226806640625,0.00660100020468235
3759,0.1875,0.25,0.00897216796875,0.017045000568032265
3760,0.1748046875,0.1959799975156784,0.0107421875,0.010049999691545963
3761,0.09521484375,0.31818199157714844,0.006072998046875,0.01515199989080429
3762,0.1767578125,0.3008129894733429,0.00188446044921875,0.008129999972879887
3763,0.12451171875,0.1780100017786026,0.0194091796875,0.03141399845480919
3764,0.17578125,0.2795029878616333,0.013916015625,0.018634000793099403
3765,0.12451171875,0.10126599669456482,-0.0098876953125,0.037974998354911804
3766,0.1552734375,0.22857099771499634,-0.011962890625,0.0
3767,0.1689453125,0.11249999701976776,0.00482177734375,0.02500000037252903
3768,0.19140625,0.3496930003166199,0.0076904296875,0.018404999747872353
3769,0.1904296875,0.3658539950847626,0.0027008056640625,0.024390000849962234
3770,0.1845703125,0.2325579971075058,-0.002227783203125,0.023256000131368637
3771,0.17578125,0.2943040132522583,0.010986328125,0.02531599998474121
3772,0.07470703125,0.04347800090909004,-0.01031494140625,0.0
3773,0.171875,0.20862099528312683,0.0125732421875,0.02413799986243248
3774,0.1943359375,0.2861950099468231,0.007598876953125,0.010100999847054482
3775,0.1865234375,0.17241400480270386,0.00982666015625,0.03103400021791458
3776,0.0537109375,0.19614100456237793,0.0262451171875,0.00964600034058094
3777,0.1591796875,0.20909099280834198,0.006378173828125,0.02727299928665161
3778,0.1328125,0.08695700019598007,-0.016845703125,0.0
3779,0.1796875,0.1834859997034073,-0.004119873046875,0.018348999321460724
3780,0.1669921875,0.2888199985027313,0.0142822265625,0.013975000008940697
3781,0.10693359375,0.2484470009803772,0.0203857421875,0.02173900045454502
3782,0.03369140625,0.1955309957265854,0.0220947265625,0.055865999311208725
3783,0.0189208984375,0.13753600418567657,0.0230712890625,0.025787999853491783
3784,0.1982421875,0.274509996175766,-0.00162506103515625,0.01960800029337406
3785,0.13671875,0.20689700543880463,-0.00830078125,0.0
3786,0.185546875,0.26851901412010193,0.01171875,0.02469100058078766
3787,0.12158203125,0.16071400046348572,0.0002613067626953125,0.07142899930477142
3788,0.13671875,0.32764899730682373,0.01953125,0.01583399996161461
3789,0.1767578125,0.27794599533081055,0.01171875,0.033233001828193665
3790,0.142578125,0.16666699945926666,-0.01373291015625,0.03333299979567528
3791,-0.033935546875,0.05263200029730797,0.0047607421875,0.026316000148653984
3792,0.1416015625,0.2608169913291931,0.0177001953125,0.016827000305056572
3793,0.115234375,0.14606699347496033,0.005279541015625,0.022471999749541283
3794,0.185546875,0.22058799862861633,0.00830078125,0.020587999373674393
3795,0.162109375,0.10227300226688385,-0.00213623046875,0.0227269995957613
3796,0.16015625,0.20000000298023224,-0.0101318359375,0.05714299902319908
3797,0.15234375,0.2941179871559143,-0.01263427734375,0.058823999017477036
3798,0.0595703125,0.14035099744796753,0.00897216796875,0.03508799895644188
3799,0.1162109375,0.171875,0.0111083984375,0.015625
3800,0.1787109375,0.38888901472091675,-0.00958251953125,0.02777799963951111
3801,0.1875,0.22784799337387085,0.0030059814453125,0.05063299834728241
3802,0.1728515625,0.23880599439144135,-0.0123291015625,0.04477600008249283
3803,0.130859375,0.1851850003004074,0.0177001953125,0.0028490000404417515
3804,0.17578125,0.17105300724506378,-0.01275634765625,0.0394739992916584
3805,0.208984375,0.14705899357795715,0.0003185272216796875,0.0
3806,0.11767578125,0.1162789985537529,-0.010986328125,0.0
3807,0.1640625,0.21192100644111633,-0.00323486328125,0.026489999145269394
3808,0.1611328125,0.2547529935836792,0.01300048828125,0.017109999433159828
3809,0.1279296875,0.2446810007095337,0.0205078125,0.01329800020903349
3810,0.1767578125,0.3173080086708069,0.01043701171875,0.0
3811,0.1884765625,0.35294100642204285,0.0014190673828125,0.02352900058031082
3812,0.10791015625,0.11538500338792801,-0.0012664794921875,0.0
3813,0.1650390625,0.2277580052614212,0.01171875,0.014235000126063824
3814,0.17578125,0.23684200644493103,-0.0018768310546875,0.0
3815,0.15234375,0.2758620083332062,-0.01226806640625,0.0
3816,0.185546875,0.15441200137138367,0.0079345703125,0.014705999754369259
3817,0.1435546875,0.17777800559997559,-0.01385498046875,0.0
3818,0.1669921875,0.2750000059604645,0.0017852783203125,0.008333000354468822
3819,0.1796875,0.25,0.0108642578125,0.01785700023174286
3820,0.169921875,0.3319840133190155,0.00872802734375,0.004048999864608049
3821,0.1708984375,0.1612900048494339,-0.0115966796875,0.0
3822,0.1533203125,0.2602739930152893,-0.003997802734375,0.0
3823,0.138671875,0.25479501485824585,0.0184326171875,0.013698999769985676
3824,0.1162109375,0.23309999704360962,0.0201416015625,0.03263400122523308
3825,0.1904296875,0.2111549973487854,0.005645751953125,0.003984000068157911
3826,0.1064453125,0.14124299585819244,0.018310546875,0.01129900012165308
3827,0.1484375,0.17272700369358063,0.0084228515625,0.03636400029063225
3828,0.08935546875,0.12381000071763992,-0.006256103515625,0.04761900007724762
3829,0.16796875,0.3004930019378662,0.00677490234375,0.004925999790430069
3830,0.181640625,0.2926830053329468,0.00848388671875,0.019511999562382698
3831,0.1533203125,0.17647099494934082,-0.0164794921875,0.058823999017477036
3832,0.1474609375,0.27083298563957214,-0.006622314453125,0.0
3833,0.1611328125,0.2610290050506592,0.00994873046875,0.01838199980556965
3834,0.1962890625,0.2551020085811615,0.0057373046875,0.02040800079703331
3835,0.1806640625,0.1847829967737198,0.007232666015625,0.0326090008020401
3836,0.158203125,0.2261900007724762,-0.00286865234375,0.0
3837,0.185546875,0.1589599996805191,0.01165771484375,0.011560999788343906
3838,0.173828125,0.2216981053352356,0.01422119140625,0.023584909737110138
3839,0.1865234375,0.08737900108098984,0.000919342041015625,0.03883500024676323
3840,0.1796875,0.3278689980506897,0.00970458984375,0.02459000051021576
3841,0.1298828125,0.25,-0.01611328125,0.0
3842,0.11669921875,0.20161299407482147,0.0064697265625,0.01612900011241436
3843,0.181640625,0.2195120006799698,-0.00311279296875,0.04878000169992447
3844,0.1416015625,0.125,0.0037841796875,0.008929000236093998
3845,0.1474609375,0.2560980021953583,0.014404296875,0.0024389999452978373
3846,0.193359375,0.2783510088920593,0.0018768310546875,0.010308999568223953
3847,0.037353515625,0.13698600232601166,-0.0035552978515625,0.06849300116300583
3848,0.177734375,0.2126699984073639,0.01220703125,0.013574999757111073
3849,0.1708984375,0.20000000298023224,0.00970458984375,0.010909000411629677
3850,0.177734375,0.2826089859008789,-0.000652313232421875,0.06521700322628021
3851,0.1474609375,0.3513509929180145,-0.0172119140625,0.02702699974179268
3852,0.03662109375,0.11904799938201904,0.006805419921875,0.09523800015449524
3853,0.1865234375,0.2769230008125305,0.0003681182861328125,0.01538500003516674
3854,-0.0205078125,0.20000000298023224,-0.00194549560546875,0.0
3855,0.1953125,0.23655900359153748,-0.0002536773681640625,0.010753000155091286
3856,0.1826171875,0.14166699349880219,0.0106201171875,0.008333000354468822
3857,0.169921875,0.3518519997596741,0.0113525390625,0.009259000420570374
3858,0.166015625,0.28269198536872864,0.01458740234375,0.007691999897360802
3859,0.1767578125,0.3302749991416931,0.006744384765625,0.03669700026512146
3860,0.171875,0.258992999792099,0.01043701171875,0.0023980000987648964
3861,0.185546875,0.2702699899673462,0.00994873046875,0.01621600054204464
3862,0.10498046875,0.17621099948883057,0.018798828125,0.004404999781399965
3863,0.1669921875,0.33333298563957214,-0.0027313232421875,0.0
3864,0.1923828125,0.303737998008728,0.01055908203125,0.023364000022411346
3865,0.1630859375,0.3223299980163574,0.01556396484375,0.021359000355005264
3866,0.1748046875,0.22068999707698822,0.002044677734375,0.03448300063610077
3867,0.1748046875,0.2830190062522888,-0.00689697265625,0.07547199726104736
3868,0.193359375,0.3076919913291931,0.00689697265625,0.013574999757111073
3869,-0.006439208984375,0.12448100000619888,0.027587890625,0.03734400123357773
3870,0.1796875,0.25806498527526855,0.00665283203125,0.021505000069737434
3871,0.18359375,0.15985099971294403,0.011474609375,0.05204499885439873
3872,0.1826171875,0.24691399931907654,0.005462646484375,0.0
3873,0.134765625,0.06666699796915054,-0.0035247802734375,0.05333299934864044
3874,0.1650390625,0.338346004486084,0.00982666015625,0.03007500059902668
3875,0.1435546875,0.19354799389839172,-0.009521484375,0.01612900011241436
3876,0.1171875,0.14285700023174286,-0.0177001953125,0.08571399748325348
3877,0.181640625,0.3345719873905182,0.00921630859375,0.029740000143647194
3878,0.1796875,0.191429004073143,0.0135498046875,0.034285999834537506
3879,0.09130859375,0.20915000140666962,0.013916015625,0.01960800029337406
3880,0.10302734375,0.2857140004634857,0.02392578125,0.018735000863671303
3881,0.16796875,0.22496099770069122,0.0155029296875,0.02311200089752674
3882,0.1875,0.21818199753761292,0.00225830078125,0.009091000072658062
3883,0.154296875,0.31818199157714844,-0.01434326171875,0.0227269995957613
3884,0.16796875,0.24358999729156494,0.01324462890625,0.019231000915169716
3885,0.140625,0.31818199157714844,-0.0027313232421875,0.0
3886,0.11279296875,0.1636359989643097,-0.0089111328125,0.045455001294612885
3887,0.1650390625,0.3448280096054077,-0.00086212158203125,0.0
3888,0.1875,0.2901020050048828,0.00970458984375,0.02047800086438656
3889,0.171875,0.32233500480651855,0.014404296875,0.010152000002563
3890,0.1748046875,0.10309299826622009,0.0142822265625,0.025772999972105026
3891,0.1474609375,0.23312899470329285,0.01177978515625,0.012269999831914902
3892,0.1884765625,0.2960290014743805,0.00970458984375,0.0072200000286102295
3893,0.1865234375,0.15873000025749207,0.0019683837890625,0.015873000025749207
3894,0.07763671875,0.26693201065063477,0.0235595703125,0.021247999742627144
3895,0.1748046875,0.2586210072040558,-0.00836181640625,0.0
3896,0.14453125,0.2380950003862381,0.00701904296875,0.01785700023174286
3897,0.1298828125,0.1612900048494339,-0.005645751953125,0.0
3898,-0.0230712890625,0.1568630039691925,0.0159912109375,0.00980400014668703
3899,0.1298828125,0.17647099494934082,-0.0096435546875,0.03921600058674812
3900,0.1865234375,0.3296700119972229,0.00958251953125,0.010989000089466572
3901,0.1787109375,0.23703700304031372,0.01141357421875,0.014814999885857105
3902,0.1572265625,0.2795700132846832,0.01104736328125,0.012544999830424786
3903,0.1787109375,0.2296299934387207,0.0091552734375,0.0
3904,0.11376953125,0.20000000298023224,-0.01165771484375,0.04210500046610832
3905,0.06005859375,0.19718299806118011,0.0107421875,0.0422540009021759
3906,0.205078125,0.2380950003862381,-0.0062255859375,0.07142899930477142
3907,0.138671875,0.24074099957942963,-0.01263427734375,0.0
3908,0.12890625,0.22499999403953552,-0.00982666015625,0.0
3909,0.130859375,0.3091680109500885,0.0177001953125,0.025585999712347984
3910,0.080078125,0.09333299845457077,0.01239013671875,0.09333299845457077
3911,0.1416015625,0.27619001269340515,0.0045166015625,0.009523999877274036
3912,0.166015625,0.2922079861164093,0.015625,0.009739999659359455
3913,0.17578125,0.07692299783229828,-0.01287841796875,0.025640999898314476
3914,0.1884765625,0.32608699798583984,0.00078582763671875,0.02173900045454502
3915,-0.1416015625,0.07142899930477142,0.0167236328125,0.04285699874162674
3916,0.1533203125,0.2857140004634857,-0.012451171875,0.06122399866580963
3917,0.1435546875,0.10638300329446793,-0.00762939453125,0.06383000314235687
3918,0.1279296875,0.20000000298023224,-0.01092529296875,0.06666699796915054
3919,0.158203125,0.11999999731779099,0.0137939453125,0.0
3920,0.166015625,0.24528299272060394,0.007080078125,0.01886799931526184
3921,0.1376953125,0.18421100080013275,0.0169677734375,0.013158000074326992
3922,0.16796875,0.3094170093536377,0.01519775390625,0.008968999609351158
3923,0.1884765625,0.20000000298023224,0.004241943359375,0.02758600004017353
3924,0.1943359375,0.08988799899816513,0.004119873046875,0.03370799869298935
3925,0.1826171875,0.25242701172828674,0.0126953125,0.02912599965929985
3926,0.1875,0.21165600419044495,0.0106201171875,0.012269999831914902
3927,0.171875,0.323076993227005,0.0086669921875,0.023076999932527542
3928,0.154296875,0.18166379630565643,0.018310546875,0.02886248007416725
3929,0.1875,0.3783780038356781,0.0026092529296875,0.013513999991118908
3930,0.189453125,0.31468498706817627,0.00811767578125,0.00699299992993474
3931,0.026123046875,0.08196700364351273,0.0225830078125,0.0
3932,0.208984375,0.21818199753761292,0.006011962890625,0.03636400029063225
3933,0.1904296875,0.3304089903831482,0.0093994140625,0.0
3934,0.1884765625,0.22535200417041779,0.001922607421875,0.01408500038087368
3935,0.1982421875,0.256197988986969,0.007232666015625,0.01652899943292141
3936,0.07373046875,0.125,-0.0113525390625,0.02500000037252903
3937,0.1640625,0.17123299837112427,0.0020751953125,0.020547999069094658
3938,0.1796875,0.21069200336933136,0.0118408203125,0.012578999623656273
3939,0.1298828125,0.26923099160194397,0.0032501220703125,0.03846200183033943
3940,-0.007415771484375,0.19148899614810944,0.028076171875,0.06383000314235687
3941,0.1806640625,0.39285698533058167,-0.0038604736328125,0.03571400046348572
3942,0.1650390625,0.26330500841140747,0.0146484375,0.022408999502658844
3943,0.16796875,0.23431000113487244,0.01385498046875,0.05439300090074539
3944,0.1953125,0.12121199816465378,-0.005950927734375,0.06060599908232689
3945,0.109375,0.10638300329446793,0.00384521484375,0.02127699926495552
3946,0.18359375,0.2903229892253876,0.004974365234375,0.03225800022482872
3947,0.1611328125,0.19791699945926666,-0.004302978515625,0.05208300054073334
3948,0.1796875,0.15584400296211243,-0.00311279296875,0.025973999872803688
3949,0.1337890625,0.15170300006866455,0.021240234375,0.02786399982869625
3950,0.04248046875,0.07258100062608719,0.01409912109375,0.03225800022482872
3951,0.0634765625,0.08695700019598007,0.00982666015625,0.02173900045454502
3952,-0.07177734375,0.092009998857975,0.035888671875,0.019370000809431076
3953,0.181640625,0.15941999852657318,-0.0032196044921875,0.0
3954,0.15234375,0.19148899614810944,-0.015625,0.04255300015211105
3955,0.142578125,0.23250800371170044,0.0194091796875,0.008611000142991543
3956,0.189453125,0.3387100100517273,0.0033111572265625,0.008065000176429749
3957,0.193359375,0.2857140004634857,-0.00421142578125,0.023809999227523804
3958,0.1708984375,0.1652889996767044,0.006439208984375,0.057851001620292664
3959,0.169921875,0.1923079937696457,-0.01409912109375,0.03846200183033943
3960,0.1494140625,0.15644800662994385,0.0177001953125,0.019027000293135643
3961,0.1796875,0.21568599343299866,-0.006072998046875,0.09803900122642517
3962,0.19140625,0.2628209888935089,0.00567626953125,0.032051000744104385
3963,0.19140625,0.328125,-0.00165557861328125,0.03125
3964,0.0625,0.2702699899673462,-0.009033203125,0.0
3965,0.158203125,0.18181799352169037,-0.004150390625,0.0
3966,0.189453125,0.2329549938440323,0.0064697265625,0.005681999959051609
3967,0.1708984375,0.2619050145149231,-0.01116943359375,0.04761900007724762
3968,0.193359375,0.35714301466941833,0.00421142578125,0.01785700023174286
3969,0.162109375,0.26153799891471863,0.017333984375,0.046153999865055084
3970,0.1845703125,0.3191010057926178,0.0107421875,0.013482999987900257
3971,0.10888671875,0.25179898738861084,0.007415771484375,0.02158300019800663
3972,0.1826171875,0.27272701263427734,0.0091552734375,0.0021649999544024467
3973,0.189453125,0.21590900421142578,0.00119781494140625,0.0
3974,0.1845703125,0.22857099771499634,-0.00439453125,0.05714299902319908
3975,0.1767578125,0.17857100069522858,0.002105712890625,0.03571400046348572
3976,0.13671875,0.21076199412345886,0.015869140625,0.022422000765800476
3977,0.1767578125,0.23999999463558197,0.004425048828125,0.0
3978,0.1201171875,0.16666699945926666,-0.010009765625,0.012821000069379807
3979,0.173828125,0.28988000750541687,0.0146484375,0.03087499924004078
3980,0.19140625,0.22251300513744354,0.00872802734375,0.018324999138712883
3981,0.1689453125,0.12766000628471375,-0.009521484375,0.0
3982,0.0908203125,0.1833910048007965,0.0225830078125,0.02422099933028221
3983,0.1806640625,0.3651230037212372,0.01153564453125,0.008174000307917595
3984,0.1728515625,0.21428599953651428,-0.01116943359375,0.0
3985,0.1923828125,0.14966000616550446,0.0133056640625,0.0
3986,0.1923828125,0.17567600309848785,0.00390625,0.013513999991118908
3987,0.1611328125,0.24096399545669556,-0.00445556640625,0.02409599907696247
3988,0.035888671875,0.26315799355506897,0.00012111663818359375,0.026316000148653984
3989,0.171875,0.2666670083999634,-0.0103759765625,0.03333299979567528
3990,0.150390625,0.28125,0.0003662109375,0.03125
3991,0.169921875,0.343284010887146,-0.0021514892578125,0.014925000257790089
3992,0.1796875,0.10869599878787994,-0.00848388671875,0.06521700322628021
3993,0.1376953125,0.11111100018024445,-0.00634765625,0.0
3994,0.1826171875,0.2089889943599701,0.011474609375,0.011235999874770641
3995,0.1806640625,0.16054999828338623,0.01226806640625,0.013760999776422977
3996,0.197265625,0.21782200038433075,0.006011962890625,0.019802000373601913
3997,0.140625,0.2105260044336319,0.00567626953125,0.13157899677753448
3998,0.169921875,0.18947400152683258,-0.001220703125,0.010525999590754509
3999,0.1748046875,0.33333298563957214,-0.00165557861328125,0.01960800029337406
4000,0.1767578125,0.29827600717544556,0.01171875,0.02413799986243248
4001,0.0615234375,0.18309900164604187,-0.004180908203125,0.028169000521302223
4002,0.1904296875,0.2592589855194092,0.0074462890625,0.03703700006008148
4003,0.19921875,0.2970300018787384,0.002532958984375,0.009901000186800957
4004,0.1865234375,0.3194440007209778,0.0030059814453125,0.02777799963951111
4005,0.1376953125,0.2528739869594574,0.010009765625,0.011494000442326069
4006,0.177734375,0.13124999403953552,0.005706787109375,0.0062500000931322575
4007,0.1123046875,0.2472829967737198,0.013671875,0.027173999696969986
4008,0.177734375,0.319148987531662,0.010986328125,0.010638000443577766
4009,0.150390625,0.13846200704574585,0.00909423828125,0.0
4010,0.1103515625,0.2941179871559143,0.00543212890625,0.0
4011,0.1533203125,0.2516559958457947,0.019287109375,0.019867999479174614
4012,0.1904296875,0.24050599336624146,0.010009765625,0.0
4013,0.18359375,0.31645599007606506,0.00171661376953125,0.02531599998474121
4014,0.1845703125,0.29835399985313416,0.01092529296875,0.02880699932575226
4015,0.1953125,0.2481199949979782,0.006744384765625,0.015038000419735909
4016,0.162109375,0.2137400060892105,0.0108642578125,0.022901000455021858
4017,0.1787109375,0.2849160134792328,0.006103515625,0.00558699993416667
4018,0.193359375,0.17171700298786163,0.00714111328125,0.040403999388217926
4019,0.1875,0.3651689887046814,0.007232666015625,0.005617999937385321
4020,0.19140625,0.26708099246025085,0.0042724609375,0.0
4021,0.1669921875,0.16666699945926666,0.0106201171875,0.043209999799728394
4022,0.119140625,0.2592589855194092,-0.00115203857421875,0.03703700006008148
4023,0.1923828125,0.1955309957265854,0.005218505859375,0.016759999096393585
4024,0.1845703125,0.38888901472091675,0.004150390625,0.013888999819755554
4025,0.1298828125,0.25581398606300354,-0.006988525390625,0.06976699829101562
4026,0.181640625,0.3043479919433594,-0.0014801025390625,0.014492999762296677
4027,0.19140625,0.11267600208520889,0.002838134765625,0.0422540009021759
4028,0.2001953125,0.37313398718833923,0.003936767578125,0.029851000756025314
4029,0.189453125,0.18006399273872375,0.0089111328125,0.02250799909234047
4030,0.080078125,0.07792200148105621,0.016357421875,0.051947999745607376
4031,0.1904296875,0.24683499336242676,0.01080322265625,0.018986999988555908
4032,0.189453125,0.18181799352169037,0.0048828125,0.01515199989080429
4033,0.15625,0.1923079937696457,-0.0028228759765625,0.019231000915169716
4034,0.1640625,0.3177570104598999,0.01031494140625,0.04205600172281265
4035,0.189453125,0.23188400268554688,-0.003509521484375,0.014492999762296677
4036,0.1787109375,0.18235300481319427,0.01092529296875,0.05294099822640419
4037,0.1806640625,0.24557499587535858,0.01177978515625,0.013274000026285648
4038,0.1953125,0.2767300009727478,0.005645751953125,0.012578999623656273
4039,-0.16796875,0.03773599863052368,0.0203857421875,0.01886799931526184
4040,0.1904296875,0.25210100412368774,0.007049560546875,0.025210000574588776
4041,0.0006866455078125,0.08771900087594986,0.0218505859375,0.01754399947822094
4042,0.1572265625,0.2571429908275604,-0.0014801025390625,0.014286000281572342
4043,0.169921875,0.16981099545955658,0.006683349609375,0.012578999623656273
4044,0.17578125,0.22499999403953552,0.000904083251953125,0.012500000186264515
4045,0.171875,0.34375,-0.008544921875,0.0
4046,0.154296875,0.1856289952993393,0.0166015625,0.05389200150966644
4047,0.130859375,0.33333298563957214,-0.00138092041015625,0.0
4048,0.125,0.2844040095806122,0.0059814453125,0.009173999540507793
4049,-0.05224609375,0.1025639995932579,0.0228271484375,0.025640999898314476
4050,0.15234375,0.203125,0.0164794921875,0.023437999188899994
4051,0.197265625,0.3193280100822449,0.006927490234375,0.0
4052,0.20703125,0.11594200134277344,0.007110595703125,0.0
4053,0.1875,0.19469000399112701,0.007415771484375,0.008849999867379665
4054,0.19140625,0.22727300226688385,0.006622314453125,0.020201999694108963
4055,0.1982421875,0.2800000011920929,0.003326416015625,0.026667000725865364
4056,0.193359375,0.24778799712657928,0.005218505859375,0.004424999933689833
4057,0.193359375,0.2857140004634857,0.007354736328125,0.026785999536514282
4058,0.1826171875,0.10655699670314789,0.0052490234375,0.03278699889779091
4059,0.1904296875,0.234483003616333,0.0036468505859375,0.02068999968469143
4060,0.1904296875,0.20720699429512024,0.0032958984375,0.018017999827861786
4061,0.140625,0.09459500014781952,0.004852294921875,0.02702699974179268
4062,0.1953125,0.3448280096054077,0.006011962890625,0.04597700014710426
4063,0.1875,0.35714301466941833,-0.004425048828125,0.0
4064,0.14453125,0.20155000686645508,-0.0036468505859375,0.05426400154829025
4065,0.0615234375,0.11764699965715408,0.007049560546875,0.04705899953842163
4066,0.1650390625,0.2051279991865158,0.01171875,0.0
4067,0.1845703125,0.22834600508213043,0.00775146484375,0.023622000589966774
4068,0.19140625,0.32758599519729614,0.005950927734375,0.0
4069,0.1728515625,0.18918900191783905,-0.004364013671875,0.0
4070,0.162109375,0.10769200325012207,0.005584716796875,0.07692299783229828
4071,0.1826171875,0.22807000577449799,0.002716064453125,0.0
4072,0.1982421875,0.2894740104675293,0.006561279296875,0.026316000148653984
4073,0.1640625,0.2388720065355301,0.016845703125,0.029673999175429344
4074,0.162109375,0.33333298563957214,-0.00946044921875,0.02777799963951111
4075,0.1650390625,0.1755319982767105,0.008544921875,0.02659600041806698
4076,0.1669921875,0.20000000298023224,0.01171875,0.05000000074505806
4077,0.173828125,0.32676100730895996,0.0130615234375,0.0028170000296086073
4078,0.19140625,0.21929800510406494,0.007781982421875,0.01754399947822094
4079,0.1787109375,0.28063198924064636,0.01287841796875,0.019763000309467316
4080,0.177734375,0.2372879981994629,0.00762939453125,0.0338979996740818
4081,0.1884765625,0.30833300948143005,0.00933837890625,0.016666999086737633
4082,0.208984375,0.2800000011920929,0.0024261474609375,0.019999999552965164
4083,0.1904296875,0.27205899357795715,0.0084228515625,0.0220589991658926
4084,0.1875,0.31168800592422485,0.00469970703125,0.03896100074052811
4085,0.1796875,0.2592589855194092,-0.0048828125,0.0
4086,0.1865234375,0.2831540107727051,0.010009765625,0.008960999548435211
4087,0.18359375,0.23333300650119781,0.0191650390625,0.0
4088,0.1904296875,0.3111110031604767,0.005523681640625,0.011110999621450901
4089,0.12890625,0.145455002784729,-0.0120849609375,0.0
4090,0.19140625,0.24498000741004944,0.009033203125,0.03212900087237358
4091,0.1845703125,0.18041199445724487,0.0101318359375,0.03608199954032898
4092,0.1748046875,0.2407809942960739,0.0084228515625,0.026030000299215317
4093,0.189453125,0.2758620083332062,0.00408935546875,0.022988999262452126
4094,0.19140625,0.3317970037460327,0.00958251953125,0.009216999635100365
4095,0.185546875,0.2475000023841858,0.01165771484375,0.02250000089406967
4096,0.07373046875,0.2045450061559677,-0.0059814453125,0.06818199902772903
4097,0.1826171875,0.2429250031709671,0.01129150390625,0.02830200083553791
4098,0.171875,0.2089810073375702,0.01507568359375,0.020725000649690628
4099,0.12158203125,0.20000000298023224,0.01416015625,0.03333299979567528
4100,0.1708984375,0.2800000011920929,-0.004119873046875,0.019999999552965164
4101,0.177734375,0.2711859941482544,0.0037384033203125,0.05084700137376785
4102,0.1572265625,0.2479339987039566,0.0146484375,0.041322000324726105
4103,0.150390625,0.25077399611473083,0.0181884765625,0.02683199942111969
4104,0.171875,0.26546400785446167,0.01251220703125,0.03221600130200386
4105,0.189453125,0.36633700132369995,0.005950927734375,0.019802000373601913
4106,0.1435546875,0.17777800559997559,0.0172119140625,0.026667000725865364
4107,0.134765625,0.25773200392723083,0.004547119140625,0.010308999568223953
4108,0.08349609375,0.13106800615787506,0.021728515625,0.009708999656140804
4109,0.06396484375,0.24299100041389465,0.015869140625,0.018691999837756157
4110,0.1787109375,0.30000001192092896,-0.017333984375,0.0
4111,0.158203125,0.21428599953651428,-0.0166015625,0.03571400046348572
4112,0.1787109375,0.29113900661468506,0.004119873046875,0.0
4113,0.193359375,0.26388901472091675,0.007415771484375,0.004629999864846468
4114,0.17578125,0.3214290142059326,-0.0027618408203125,0.03571400046348572
4115,0.1767578125,0.29193899035453796,0.01171875,0.01960800029337406
4116,0.1806640625,0.22530899941921234,0.0118408203125,0.02469100058078766
4117,0.1884765625,0.3392859995365143,0.0035400390625,0.03571400046348572
4118,0.19140625,0.28353700041770935,0.00897216796875,0.00304899993352592
4119,0.16796875,0.19148899614810944,-0.000522613525390625,0.0
4120,0.1787109375,0.3418799936771393,0.01324462890625,0.025640999898314476
4121,0.14453125,0.2222220003604889,-0.009033203125,0.0
4122,0.1787109375,0.1166670024394989,-0.007598876953125,0.03333299979567528
4123,0.1630859375,0.1767439991235733,0.00390625,0.023256000131368637
4124,0.1845703125,0.33333298563957214,-0.01177978515625,0.03703700006008148
4125,0.169921875,0.1647060066461563,-0.00162506103515625,0.0
4126,0.173828125,0.2833330035209656,0.0035247802734375,0.08333300054073334
4127,0.1181640625,0.18918900191783905,0.00238037109375,0.013513999991118908
4128,0.1923828125,0.23931600153446198,0.0050048828125,0.008546999655663967
4129,-0.020751953125,0.1449279934167862,0.0140380859375,0.014492999762296677
4130,0.19140625,0.24418599903583527,-0.000621795654296875,0.023256000131368637
4131,0.09619140625,0.08333300054073334,0.017822265625,0.05555599927902222
4132,0.1748046875,0.19178099930286407,0.000789642333984375,0.027396999299526215
4133,0.1923828125,0.32758599519729614,0.006927490234375,0.022988999262452126
4134,0.197265625,0.31884101033210754,0.00171661376953125,0.0
4135,0.1279296875,0.1599999964237213,0.00015926361083984375,0.0
4136,0.173828125,0.2803739905357361,0.006744384765625,0.04672899842262268
4137,0.1865234375,0.2460319995880127,0.00848388671875,0.011904999613761902
4138,0.15625,0.1930689960718155,0.00946044921875,0.04455399885773659
4139,0.1748046875,0.22580599784851074,-0.00921630859375,0.0
4140,0.1337890625,0.14141400158405304,0.00408935546875,0.010100999847054482
4141,0.181640625,0.282150000333786,0.011962890625,0.001918999943882227
4142,0.166015625,0.23529399931430817,0.00092315673828125,0.0
4143,0.1865234375,0.3692309856414795,0.002655029296875,0.0
4144,0.1728515625,0.2105260044336319,0.01123046875,0.021929999813437462
4145,0.1298828125,0.2610360085964203,0.0172119140625,0.021113000810146332
4146,0.1826171875,0.20253199338912964,0.002105712890625,0.02531599998474121
4147,0.19140625,0.3289470076560974,0.0019683837890625,0.0
4148,0.173828125,0.24507039785385132,0.0146484375,0.01690140925347805
4149,0.2099609375,0.2954550087451935,0.0025787353515625,0.0
4150,0.15625,0.19480499625205994,-0.005645751953125,0.051947999745607376
4151,0.171875,0.2914290130138397,0.01348876953125,0.028571000322699547
4152,0.1357421875,0.2560980021953583,-0.00921630859375,0.012195000424981117
4153,0.12451171875,0.11320800334215164,0.00994873046875,0.06603799760341644
4154,0.0908203125,0.20000000298023224,-0.00970458984375,0.009999999776482582
4155,0.1865234375,0.2536590099334717,0.010498046875,0.009755999781191349
4156,0.1455078125,0.3209879994392395,0.0185546875,0.040123000741004944
4157,0.1923828125,0.21875,-0.00061798095703125,0.03125
4158,0.1826171875,0.17391300201416016,0.005401611328125,0.050725001841783524
4159,0.171875,0.15584400296211243,0.01007080078125,0.012986999936401844
4160,0.169921875,0.16964299976825714,-0.00726318359375,0.01785700023174286
4161,0.055908203125,0.15702499449253082,0.0172119140625,0.01652899943292141
4162,0.0771484375,0.07999999821186066,0.003875732421875,0.019999999552965164
4163,0.1650390625,0.46875,-0.00714111328125,0.03125
4164,0.171875,0.2750000059604645,-0.006378173828125,0.02500000037252903
4165,0.1259765625,0.2105260044336319,0.0198974609375,0.015038000419735909
4166,0.1865234375,0.3037300109863281,0.0089111328125,0.008880999870598316
4167,0.14453125,0.375,-0.01611328125,0.0
4168,0.1591796875,0.24418599903583527,0.006500244140625,0.011628000065684319
4169,0.1767578125,0.14150899648666382,0.01104736328125,0.022012999281287193
4170,0.055419921875,0.25190800428390503,0.027099609375,0.04961799830198288
4171,0.1767578125,0.13157899677753448,0.01348876953125,0.0197369996458292
4172,0.19140625,0.25,0.0026092529296875,0.058823999017477036
4173,0.140625,0.21379299461841583,0.0084228515625,0.02758600004017353
4174,0.12353515625,0.2546580135822296,0.015625,0.01242200005799532
4175,0.162109375,0.25,-0.0030517578125,0.010417000390589237
4176,0.140625,0.10000000149011612,-0.010009765625,0.05714299902319908
4177,0.1572265625,0.22175699472427368,0.0101318359375,0.04184100031852722
4178,0.1875,0.35263198614120483,0.00921630859375,0.0052629997953772545
4179,0.13671875,0.2244900017976761,-0.0123291015625,0.010204000398516655
4180,0.19140625,0.4301080107688904,0.00946044921875,0.0
4181,0.16015625,0.24242399632930756,-0.0033416748046875,0.0
4182,0.1552734375,0.1333329975605011,0.004608154296875,0.03999999910593033
4183,0.1923828125,0.23886600136756897,0.007171630859375,0.02834000065922737
4184,0.1630859375,0.23188400268554688,-0.007171630859375,0.014492999762296677
4185,0.1865234375,0.37254899740219116,0.00141143798828125,0.058823999017477036
4186,0.12890625,0.23214299976825714,-0.01434326171875,0.01785700023174286
4187,0.1826171875,0.27083298563957214,0.0020751953125,0.006943999789655209
4188,0.1923828125,0.19852900505065918,0.007171630859375,0.029411999508738518
4189,0.1953125,0.24050599336624146,-0.0025482177734375,0.012657999992370605
4190,0.1689453125,0.17647099494934082,-0.0137939453125,0.0441179983317852
4191,0.15625,0.15384599566459656,-0.0133056640625,0.025640999898314476
4192,0.1826171875,0.264151006937027,-0.00136566162109375,0.02830200083553791
4193,0.1826171875,0.31330499053001404,0.0093994140625,0.017167000100016594
4194,0.1689453125,0.2794409990310669,0.0157470703125,0.02794400043785572
4195,0.1689453125,0.2954550087451935,0.00360107421875,0.0
4196,0.11376953125,0.059112999588251114,0.01611328125,0.009851999580860138
4197,0.1865234375,0.26291099190711975,0.00567626953125,0.028169000521302223
4198,0.1474609375,0.1929820030927658,-0.007537841796875,0.03508799895644188
4199,0.1796875,0.22522500157356262,-0.002593994140625,0.02702699974179268
4200,0.169921875,0.24761900305747986,0.00616455078125,0.03809500113129616
4201,0.2001953125,0.2448980063199997,-0.0093994140625,0.04081600159406662
4202,0.1787109375,0.29494398832321167,0.01104736328125,0.014045000076293945
4203,0.1845703125,0.2232699990272522,0.0087890625,0.025157000869512558
4204,0.1884765625,0.15104199945926666,0.0107421875,0.03645800054073334
4205,0.0869140625,0.16776299476623535,0.0152587890625,0.046052999794483185
4206,0.173828125,0.35294100642204285,-0.007080078125,0.01960800029337406
4207,0.043212890625,0.1333329975605011,-0.00982666015625,0.022221999242901802
4208,0.1552734375,0.2702699899673462,-0.0128173828125,0.0
4209,0.134765625,0.27941200137138367,0.00494384765625,0.0
4210,0.17578125,0.38709700107574463,-0.005615234375,0.0
4211,0.11083984375,0.23139500617980957,0.0218505859375,0.011628000065684319
4212,0.12890625,0.27272701263427734,0.005035400390625,0.010100999847054482
4213,0.10400390625,0.1679999977350235,0.00946044921875,0.03200000151991844
4214,0.166015625,0.2790699899196625,-0.00634765625,0.023256000131368637
4215,0.146484375,0.21064800024032593,0.01434326171875,0.03935199975967407
4216,0.1767578125,0.19774000346660614,0.00885009765625,0.045198000967502594
4217,0.1376953125,0.22133299708366394,0.0189208984375,0.02133299969136715
4218,0.10302734375,0.41379299759864807,-0.0140380859375,0.0
4219,0.1787109375,0.18181799352169037,-0.00946044921875,0.0
4220,0.0240478515625,0.20000000298023224,0.001068115234375,0.0
4221,0.1708984375,0.2179490029811859,0.00982666015625,0.008546999655663967
4222,0.154296875,0.2608700096607208,-0.0174560546875,0.0
4223,0.115234375,0.2619050145149231,-0.01708984375,0.023809999227523804
4224,0.1455078125,0.1043614000082016,0.0169677734375,0.032710280269384384
4225,0.130859375,0.10000000149011612,-0.000263214111328125,0.03750000149011612
4226,0.1923828125,0.2328770011663437,0.0029449462890625,0.013698999769985676
4227,0.158203125,0.3407819867134094,0.01470947265625,0.01955300010740757
4228,0.1845703125,0.19642899930477142,0.005401611328125,0.00595200015231967
4229,0.1806640625,0.23004700243473053,0.0096435546875,0.01408500038087368
4230,0.10107421875,0.2222220003604889,0.0020294189453125,0.0
4231,0.1884765625,0.32450300455093384,0.006378173828125,0.013244999572634697
4232,0.1318359375,0.11538500338792801,-0.01434326171875,0.03846200183033943
4233,0.1884765625,0.32499998807907104,-0.00103759765625,0.0
4234,0.177734375,0.16666699945926666,0.0142822265625,0.010100999847054482
4235,0.1328125,0.21013100445270538,0.01531982421875,0.016885999590158463
4236,0.1328125,0.2621360123157501,0.0167236328125,0.008321999572217464
4237,0.1767578125,0.5,0.0001277923583984375,0.05555599927902222
4238,0.1826171875,0.3014709949493408,0.005218505859375,0.0441179983317852
4239,0.177734375,0.36800000071525574,0.00982666015625,0.004000000189989805
4240,0.1767578125,0.3693690001964569,-0.00121307373046875,0.009008999913930893
4241,0.158203125,0.19771899282932281,0.01287841796875,0.02281400002539158
4242,0.1953125,0.1023619994521141,0.007049560546875,0.023622000589966774
4243,0.1552734375,0.3684209883213043,0.0029144287109375,0.0
4244,-0.13671875,0.14285700023174286,0.0189208984375,0.04761900007724762
4245,0.1552734375,0.2653059959411621,-0.0032806396484375,0.04081600159406662
4246,0.1259765625,0.3478260040283203,0.01300048828125,0.010870000347495079
4247,0.1630859375,0.18699200451374054,0.00909423828125,0.04064999893307686
4248,0.1240234375,0.2101449966430664,0.01092529296875,0.014492999762296677
4249,0.087890625,0.3081510066986084,0.0244140625,0.02584500052034855
4250,0.1376953125,0.2628774046897888,0.0166015625,0.012433390133082867
4251,0.1611328125,0.3059360086917877,0.0142822265625,0.027396999299526215
4252,0.12060546875,0.20689700543880463,0.0169677734375,0.05747099965810776
4253,0.1318359375,0.19047600030899048,-0.005126953125,0.009523999877274036
4254,0.154296875,0.2820509970188141,-0.01165771484375,0.025640999898314476
4255,0.1728515625,0.3010750114917755,0.00665283203125,0.010753000155091286
4256,0.07958984375,0.20526300370693207,0.0185546875,0.010525999590754509
4257,0.1806640625,0.43333300948143005,-0.00482177734375,0.03333299979567528
4258,0.1865234375,0.19289299845695496,0.00726318359375,0.010152000002563
4259,0.1796875,0.18067200481891632,0.00811767578125,0.04621800035238266
4260,0.1767578125,0.17482499778270721,0.005340576171875,0.020979000255465508
4261,0.18359375,0.29285699129104614,0.00262451171875,0.014286000281572342
4262,0.13671875,0.20930199325084686,-0.012451171875,0.046512000262737274
4263,0.1904296875,0.20937000215053558,0.006439208984375,0.02196200005710125
4264,-0.032958984375,0.1343279927968979,0.0174560546875,0.0074629997834563255
4265,0.1025390625,0.23636400699615479,0.00921630859375,0.018182000145316124
4266,0.18359375,0.23451299965381622,0.01202392578125,0.017698999494314194
4267,0.1943359375,0.36000001430511475,-0.01068115234375,0.03999999910593033
4268,0.1865234375,0.36708900332450867,0.0045166015625,0.012657999992370605
4269,0.16796875,0.3232319951057434,-0.004150390625,0.010100999847054482
4270,0.10302734375,0.16666699945926666,-0.0111083984375,0.0
4271,0.166015625,0.235602006316185,0.01422119140625,0.015706999227404594
4272,0.1474609375,0.30208298563957214,0.0133056640625,0.0
4273,0.1474609375,0.20000000298023224,0.004669189453125,0.02727299928665161
4274,0.1513671875,0.2030850052833557,0.0142822265625,0.012853000313043594
4275,0.1875,0.25786200165748596,0.007781982421875,0.012578999623656273
4276,0.1875,0.30042898654937744,0.010009765625,0.004292000085115433
4277,0.1416015625,0.20863300561904907,0.01220703125,0.0
4278,0.197265625,0.2751089930534363,0.0084228515625,0.03493399918079376
4279,0.1728515625,0.2374729961156845,0.01129150390625,0.01742899976670742
4280,0.1796875,0.18181799352169037,0.009765625,0.030302999541163445
4281,0.1611328125,0.3684209883213043,0.00396728515625,0.01754399947822094
4282,0.16796875,0.43333300948143005,-0.00665283203125,0.0
4283,-0.091796875,0.1206900030374527,0.017333984375,0.08620700240135193
4284,0.181640625,0.27390599250793457,0.00982666015625,0.022690000012516975
4285,0.12255859375,0.1970440000295639,0.0096435546875,0.0
4286,0.166015625,0.318681001663208,0.00634765625,0.021978000178933144
4287,0.06396484375,0.2451609969139099,0.0240478515625,0.008601999841630459
4288,0.146484375,0.28704899549484253,0.018798828125,0.014685999602079391
4289,0.2041015625,0.28070199489593506,0.00372314453125,0.03508799895644188
4290,0.19140625,0.23602500557899475,0.0067138671875,0.024845000356435776
4291,0.1796875,0.247422993183136,0.0098876953125,0.010308999568223953
4292,0.1806640625,0.25,-0.00238037109375,0.03846200183033943
4293,0.193359375,0.2403849959373474,0.00634765625,0.014422999694943428
4294,0.1884765625,0.30519500374794006,0.006988525390625,0.0
4295,0.158203125,0.3082849979400635,0.01519775390625,0.003854000009596348
4296,0.1845703125,0.20159199833869934,0.00982666015625,0.018567999824881554
4297,0.1591796875,0.14814800024032593,-0.0010986328125,0.03703700006008148
4298,0.1591796875,0.223021999001503,0.007720947265625,0.03597100079059601
4299,0.16796875,0.27001601457595825,0.0126953125,0.00784900039434433
4300,0.1572265625,0.2468090057373047,0.0164794921875,0.004255000036209822
4301,0.1552734375,0.17647099494934082,-0.007720947265625,0.0
4302,0.197265625,0.22627699375152588,0.00457763671875,0.010948999784886837
4303,0.19140625,0.2176869958639145,0.003997802734375,0.03401400148868561
4304,-0.208984375,0.10000000149011612,0.030029296875,0.0
4305,0.1923828125,0.3098590075969696,0.00885009765625,0.018779000267386436
4306,0.1748046875,0.25238099694252014,0.01202392578125,0.026189999654889107
4307,0.1787109375,0.23518499732017517,0.01239013671875,0.03518500179052353
4308,0.1845703125,0.39473700523376465,0.00799560546875,0.0
4309,0.1953125,0.3076919913291931,0.004913330078125,0.0
4310,0.1435546875,0.20833300054073334,-0.01434326171875,0.0
4311,0.1533203125,0.08928599953651428,-0.00543212890625,0.03571400046348572
4312,0.1572265625,0.16783200204372406,0.0030517578125,0.00699299992993474
4313,0.134765625,0.11999999731779099,0.00543212890625,0.026667000725865364
4314,0.177734375,0.12727299332618713,-0.009033203125,0.03636400029063225
4315,0.1640625,0.29629600048065186,-0.0113525390625,0.03703700006008148
4316,0.1728515625,0.31578901410102844,-0.012939453125,0.0
4317,0.019287109375,0.1617020070552826,0.0263671875,0.04680899903178215
4318,0.1220703125,0.15151500701904297,-0.0081787109375,0.0
4319,0.185546875,0.11224500089883804,0.01165771484375,0.04761900007724762
4320,0.1826171875,0.32608699798583984,0.00592041015625,0.02173900045454502
4321,0.169921875,0.1908400058746338,0.00665283203125,0.0
4322,0.17578125,0.28244298696517944,0.00732421875,0.0
4323,0.1181640625,0.17424200475215912,-0.00148773193359375,0.0227269995957613
4324,0.171875,0.2602739930152893,0.009521484375,0.02283100038766861
4325,0.189453125,0.20833300054073334,0.00860595703125,0.01785700023174286
4326,0.12451171875,0.2589290142059326,0.01519775390625,0.01785700023174286
4327,0.2021484375,0.2857140004634857,-0.001251220703125,0.023809999227523804
4328,0.1923828125,0.2571429908275604,0.00732421875,0.0
4329,0.171875,0.3246749937534332,0.004608154296875,0.06493499875068665
4330,0.03955078125,0.11949700117111206,0.0286865234375,0.016770999878644943
4331,0.11669921875,0.08641999959945679,-0.0021514892578125,0.0
4332,0.158203125,0.22499999403953552,0.00982666015625,0.02500000037252903
4333,0.0174560546875,0.26470598578453064,-0.00408935546875,0.058823999017477036
4334,0.181640625,0.23376600444316864,0.0123291015625,0.02164500020444393
4335,-0.236328125,0.12144699692726135,0.043212890625,0.02842400036752224
4336,0.1513671875,0.27049198746681213,0.01239013671875,0.0
4337,0.162109375,0.2344209998846054,0.0155029296875,0.010386000387370586
4338,0.1123046875,0.11818200349807739,0.0169677734375,0.0227269995957613
4339,0.1865234375,0.24030999839305878,0.00506591796875,0.023256000131368637
4340,0.1611328125,0.24460400640964508,0.0147705078125,0.007193999830633402
4341,0.1904296875,0.29714301228523254,0.007293701171875,0.022856999188661575
4342,0.17578125,0.27504900097846985,0.01165771484375,0.025539999827742577
4343,-0.125,0.06201599910855293,0.02783203125,0.015503999777138233
4344,0.18359375,0.2820509970188141,0.01025390625,0.01538500003516674
4345,0.11865234375,0.1162789985537529,-0.009033203125,0.011628000065684319
4346,0.1787109375,0.3184080123901367,0.0130615234375,0.017412999644875526
4347,0.154296875,0.1686750054359436,-0.00159454345703125,0.012047999538481236
4348,0.1728515625,0.26900601387023926,0.01312255859375,0.03508799895644188
4349,0.12890625,0.25316500663757324,-0.004302978515625,0.037974998354911804
4350,0.1875,0.24705900251865387,0.00750732421875,0.0
4351,0.185546875,0.20833300054073334,-0.00927734375,0.125
4352,0.171875,0.2790699899196625,0.0023345947265625,0.023256000131368637
4353,0.177734375,0.3208828866481781,0.0107421875,0.010186759755015373
4354,0.1748046875,0.21698099374771118,0.0107421875,0.00943399965763092
4355,0.1357421875,0.2536715865135193,0.0198974609375,0.009345794096589088
4356,0.1884765625,0.2543349862098694,0.01153564453125,0.0
4357,0.1767578125,0.16981099545955658,-0.0038604736328125,0.0
4358,0.1875,0.2240000069141388,0.0037078857421875,0.0
4359,0.16796875,0.20479300618171692,0.01434326171875,0.01960800029337406
4360,0.1787109375,0.11392399668693542,0.00048065185546875,0.0
4361,0.1025390625,0.1358020007610321,0.015869140625,0.0
4362,0.166015625,0.2820509970188141,0.0113525390625,0.031339000910520554
4363,0.1884765625,0.3428570032119751,0.00885009765625,0.007143000140786171
4364,0.1904296875,0.31386899948120117,0.0035858154296875,0.007298999931663275
4365,0.181640625,0.2301589995622635,0.005279541015625,0.007937000133097172
4366,0.150390625,0.17592599987983704,0.00518798828125,0.0
4367,0.11572265625,0.14285700023174286,-0.005126953125,0.05714299902319908
4368,0.1767578125,0.24719099700450897,0.01055908203125,0.05618000030517578
4369,0.1845703125,0.2923080027103424,-0.0079345703125,0.0
4370,0.15625,0.1704549938440323,0.00640869140625,0.045455001294612885
4371,0.177734375,0.2697100043296814,0.0123291015625,0.00829899962991476
4372,0.1865234375,0.058139998465776443,-0.00194549560546875,0.023256000131368637
4373,0.19140625,0.17579300701618195,0.00958251953125,0.005764000117778778
4374,0.1884765625,0.36363598704338074,-0.0022125244140625,0.0227269995957613
4375,0.19140625,0.24691399931907654,0.004058837890625,0.006173000205308199
4376,0.158203125,0.2033900022506714,0.0022125244140625,0.0
4377,0.177734375,0.26956498622894287,0.00689697265625,0.008696000091731548
4378,-0.0107421875,0.1953119933605194,0.025634765625,0.027343999594449997
4379,0.1396484375,0.2485550045967102,0.0166015625,0.023120999336242676
4380,0.1767578125,0.3076919913291931,-0.00244140625,0.019231000915169716
4381,0.1240234375,0.21977999806404114,0.00115203857421875,0.010989000089466572
4382,0.173828125,0.29573899507522583,0.01318359375,0.03759400174021721
4383,0.0556640625,0.1346150040626526,0.017822265625,0.07692299783229828
4384,0.181640625,0.23404300212860107,0.0084228515625,0.02127699926495552
4385,0.1748046875,0.2380950003862381,-0.0027008056640625,0.04761900007724762
4386,0.197265625,0.2222220003604889,-0.0042724609375,0.02469100058078766
4387,0.177734375,0.20000000298023224,-0.0029296875,0.0
4388,0.12255859375,0.14583300054073334,0.002410888671875,0.03125
4389,0.1689453125,0.27419400215148926,-0.006927490234375,0.01612900011241436
4390,0.12890625,0.23566900193691254,0.017333984375,0.0191079992800951
4391,0.1376953125,0.27848100662231445,0.020751953125,0.03435799852013588
4392,0.189453125,0.3388429880142212,0.0033721923828125,0.0
4393,0.1865234375,0.2196969985961914,0.0091552734375,0.08333300054073334
4394,0.1787109375,0.20849399268627167,0.00848388671875,0.019305000081658363
4395,0.1533203125,0.27838799357414246,0.01519775390625,0.021978000178933144
4396,0.177734375,0.2573530077934265,0.01251220703125,0.029411999508738518
4397,0.1669921875,0.03086400032043457,0.00762939453125,0.049382999539375305
4398,0.1337890625,0.24528299272060394,-0.007781982421875,0.03773599863052368
4399,-0.14453125,0.06976699829101562,0.0155029296875,0.011628000065684319
4400,0.1591796875,0.22950799763202667,0.003021240234375,0.01639300025999546
4401,0.1826171875,0.1612900048494339,-0.0086669921875,0.09677399694919586
4402,0.1875,0.3170729875564575,0.005126953125,0.016259999945759773
4403,0.18359375,0.2668269872665405,0.010498046875,0.02163499966263771
4404,0.18359375,0.5,0.00421142578125,0.01785700023174286
4405,0.115234375,0.3478260040283203,-0.0084228515625,0.0
4406,0.1279296875,0.21212099492549896,-0.007720947265625,0.0
4407,0.154296875,0.3440510034561157,0.0166015625,0.02893899939954281
4408,0.181640625,0.2077919989824295,-0.00052642822265625,0.03896100074052811
4409,0.177734375,0.24400000274181366,0.008056640625,0.035999998450279236
4410,0.162109375,0.06060599908232689,0.00714111328125,0.05050500109791756
4411,0.1572265625,0.20408199727535248,0.00958251953125,0.06122399866580963
4412,0.1767578125,0.18905499577522278,0.006805419921875,0.019899999722838402
4413,0.103515625,0.28070199489593506,0.0081787109375,0.01754399947822094
4414,0.1787109375,0.2754490077495575,0.01312255859375,0.01796399988234043
4415,0.169921875,0.20731699466705322,-0.0026397705078125,0.024390000849962234
4416,0.1865234375,0.33333298563957214,-0.00628662109375,0.08333300054073334
4417,0.034912109375,0.19843299686908722,0.03515625,0.015666000545024872
4418,0.173828125,0.22510799765586853,0.00933837890625,0.004329000134021044
4419,0.1748046875,0.09565199911594391,0.0118408203125,0.01739099994301796
4420,0.1787109375,0.10576900094747543,0.006591796875,0.05769199877977371
4421,0.1767578125,0.25613999366760254,0.01336669921875,0.01754399947822094
4422,0.1982421875,0.3214290142059326,-0.004730224609375,0.0
4423,0.1826171875,0.2746109962463379,0.0113525390625,0.015544000081717968
4424,0.2080078125,0.1379310041666031,-0.000885009765625,0.03448300063610077
4425,0.1689453125,0.2041880041360855,0.01708984375,0.041884999722242355
4426,0.09033203125,0.16666699945926666,0.008544921875,0.01515199989080429
4427,0.1572265625,0.21201400458812714,0.017822265625,0.024734999984502792
4428,0.197265625,0.0851060003042221,0.0081787109375,0.02127699926495552
4429,0.1845703125,0.23999999463558197,0.0101318359375,0.02615400031208992
4430,0.1767578125,0.2448509931564331,0.01348876953125,0.034324999898672104
4431,0.0634765625,0.05797100067138672,0.0137939453125,0.04347800090909004
4432,0.1240234375,0.16216200590133667,-0.01153564453125,0.05405399948358536
4433,0.1865234375,0.21774199604988098,0.01025390625,0.008065000176429749
4434,0.1943359375,0.1313129961490631,0.0137939453125,0.005051000043749809
4435,0.14453125,0.22499999403953552,0.0026397705078125,0.02500000037252903
4436,0.19140625,0.3076919913291931,-0.005523681640625,0.05769199877977371
4437,0.1494140625,0.20560699701309204,0.013671875,0.018691999837756157
4438,0.173828125,0.21639299392700195,0.0146484375,0.022950999438762665
4439,0.1669921875,0.2711859941482544,0.01092529296875,0.02542399987578392
4440,0.173828125,0.2876709997653961,0.01544189453125,0.029354000464081764
4441,0.185546875,0.23856200277805328,0.0120849609375,0.035948000848293304
4442,0.185546875,0.22972999513149261,0.006072998046875,0.0
4443,0.1884765625,0.22580599784851074,0.000606536865234375,0.010753000155091286
4444,0.166015625,0.35555601119995117,-0.00897216796875,0.0
4445,0.09423828125,0.23308299481868744,0.0108642578125,0.0
4446,0.1728515625,0.30084699392318726,0.01116943359375,0.021185999736189842
4447,0.1904296875,0.18017999827861786,0.0023956298828125,0.045044999569654465
4448,0.162109375,0.23943699896335602,0.01373291015625,0.004695000126957893
4449,0.1923828125,0.2195120006799698,0.004119873046875,0.024390000849962234
4450,0.169921875,0.15941999852657318,0.00970458984375,0.014492999762296677
4451,0.12158203125,0.31034499406814575,-0.0062255859375,0.03448300063610077
4452,0.150390625,0.3121210038661957,0.01287841796875,0.03939399868249893
4453,0.2080078125,0.17333300411701202,0.0031890869140625,0.03999999910593033
4454,0.10986328125,0.21186399459838867,0.0169677734375,0.0169489998370409
4455,0.19140625,0.26219499111175537,0.008544921875,0.04268300160765648
4456,0.171875,0.20000000298023224,0.01324462890625,0.03571400046348572
4457,0.1533203125,0.4000000059604645,-0.00933837890625,0.0
4458,0.1962890625,0.20895500481128693,0.0032806396484375,0.014925000257790089
4459,0.1953125,0.41935500502586365,-0.00494384765625,0.0
4460,0.1630859375,0.25,-0.007080078125,0.02500000037252903
4461,0.1982421875,0.25581398606300354,0.005767822265625,0.0
4462,0.1943359375,0.2432429939508438,0.007110595703125,0.013513999991118908
4463,0.11474609375,0.29569900035858154,0.01519775390625,0.021505000069737434
4464,0.1708984375,0.17241400480270386,0.0031280517578125,0.03448300063610077
4465,0.171875,0.128712996840477,0.01226806640625,0.03960400074720383
4466,0.16015625,0.2173909991979599,-0.0113525390625,0.0
4467,0.1923828125,0.26315799355506897,0.006927490234375,0.03007500059902668
4468,0.197265625,0.13888899981975555,0.00145721435546875,0.0
4469,0.185546875,0.2476010024547577,0.010009765625,0.019193999469280243
4470,0.2099609375,0.27272701263427734,0.002471923828125,0.0
4471,0.1552734375,0.21818199753761292,0.0162353515625,0.018182000145316124
4472,0.1923828125,0.2781069874763489,0.00921630859375,0.035503000020980835
4473,0.197265625,0.35384601354599,0.0037841796875,0.01538500003516674
4474,0.1806640625,0.22377599775791168,0.01202392578125,0.020979000255465508
4475,0.1748046875,0.3043479919433594,0.00153350830078125,0.0
4476,0.1708984375,0.28918901085853577,0.0159912109375,0.03513500094413757
4477,0.1865234375,0.31818199157714844,-0.01043701171875,0.0
4478,0.2119140625,0.20833300054073334,-0.004913330078125,0.020833000540733337
4479,0.185546875,0.16666699945926666,0.00830078125,0.03333299979567528
4480,0.0279541015625,0.18421100080013275,-0.005706787109375,0.10526300221681595
4481,0.185546875,0.2878339886665344,0.0111083984375,0.0029670000076293945
4482,0.1904296875,0.38297900557518005,0.0010986328125,0.06383000314235687
4483,0.1796875,0.25773200392723083,-0.004241943359375,0.010308999568223953
4484,0.185546875,0.23529399931430817,0.010986328125,0.004902000073343515
4485,0.09326171875,0.10988999903202057,0.00799560546875,0.021978000178933144
4486,0.1826171875,0.2634730041027069,0.01171875,0.03592799976468086
4487,0.1923828125,0.282353013753891,0.0031280517578125,0.04705899953842163
4488,0.1865234375,0.3451330065727234,0.002655029296875,0.008849999867379665
4489,0.1630859375,0.21929800510406494,0.01141357421875,0.00877199973911047
4490,0.06298828125,0.07773900032043457,0.0277099609375,0.024734999984502792
4491,0.1708984375,0.26956498622894287,0.0106201171875,0.008696000091731548
4492,0.1943359375,0.33333298563957214,-0.0007476806640625,0.0
4493,0.16015625,0.20408199727535248,0.00122833251953125,0.04081600159406662
4494,0.1552734375,0.26264598965644836,0.017822265625,0.02334599941968918
4495,0.1572265625,0.2123890072107315,0.00994873046875,0.017698999494314194
4496,0.17578125,0.2033900022506714,-0.0091552734375,0.06779699772596359
4497,0.1923828125,0.2663320004940033,0.005340576171875,0.015075000002980232
4498,0.1875,0.3409090042114258,0.01031494140625,0.01515199989080429
4499,0.138671875,0.13020800054073334,0.018798828125,0.010417000390589237
4500,0.1669921875,0.389831006526947,0.001983642578125,0.0169489998370409
4501,0.158203125,0.3600820004940033,0.0169677734375,0.022633999586105347
4502,0.15625,0.20000000298023224,0.0166015625,0.03793099895119667
4503,0.1572265625,0.16296300292015076,0.0078125,0.044443998485803604
4504,0.134765625,0.2560980021953583,-0.009765625,0.012195000424981117
4505,0.154296875,0.25471699237823486,0.016845703125,0.02830200083553791
4506,0.1865234375,0.15384599566459656,0.00628662109375,0.00961500033736229
4507,0.201171875,0.32394400238990784,0.005584716796875,0.01408500038087368
4508,0.1171875,0.2557379901409149,0.016845703125,0.019672000780701637
4509,0.1552734375,0.17857100069522858,-0.0133056640625,0.03571400046348572
4510,0.1474609375,0.2448980063199997,-0.01226806640625,0.06122399866580963
4511,0.166015625,0.21160399913787842,0.0162353515625,0.017064999788999557
4512,0.1181640625,0.1206900030374527,0.0115966796875,0.05172400176525116
4513,0.1572265625,0.2603040039539337,0.0174560546875,0.013015000149607658
4514,0.185546875,0.09195400029420853,-0.00022602081298828125,0.05747099965810776
4515,0.166015625,0.21259799599647522,0.0130615234375,0.007873999886214733
4516,0.201171875,0.16438399255275726,0.00677490234375,0.041095998138189316
4517,0.173828125,0.35384601354599,0.0079345703125,0.01538500003516674
4518,0.046630859375,0.125,-0.00119781494140625,0.08928599953651428
4519,0.181640625,0.21649500727653503,-0.0016021728515625,0.020618999376893044
4520,0.1865234375,0.1463409960269928,0.005828857421875,0.024390000849962234
4521,0.1787109375,0.28431400656700134,0.0115966796875,0.004902000073343515
4522,0.0810546875,0.2590230107307434,0.02685546875,0.033969998359680176
4523,0.18359375,0.25784000754356384,0.01177978515625,0.01742199994623661
4524,0.1865234375,0.33540400862693787,0.008056640625,0.031055999919772148
4525,0.154296875,0.3235290050506592,-0.01446533203125,0.029411999508738518
4526,0.1435546875,0.26923099160194397,-0.01239013671875,0.07692299783229828
4527,0.1962890625,0.13636399805545807,0.00159454345703125,0.0
4528,0.12451171875,0.23372800648212433,0.01904296875,0.014793000183999538
4529,0.138671875,0.2903229892253876,-0.01116943359375,0.0
4530,0.08447265625,0.14285700023174286,0.0014495849609375,0.0
4531,0.1767578125,0.2650600075721741,0.00909423828125,0.03012000024318695
4532,0.1474609375,0.14617900550365448,0.0172119140625,0.016611000522971153
4533,0.1572265625,0.21904799342155457,0.00396728515625,0.0
4534,0.08740234375,0.1612900048494339,-0.0130615234375,0.0
4535,-0.0123291015625,0.10204099863767624,0.0023345947265625,0.04081600159406662
4536,-0.053955078125,0.1485150009393692,0.02978515625,0.019802000373601913
4537,0.18359375,0.25311198830604553,0.007720947265625,0.00829899962991476
4538,0.1787109375,0.3106060028076172,0.004974365234375,0.007575999945402145
4539,0.1806640625,0.33260899782180786,0.01177978515625,0.01739099994301796
4540,0.1953125,0.1636359989643097,0.003936767578125,0.018182000145316124
4541,0.1884765625,0.19047600030899048,0.00927734375,0.023809999227523804
4542,0.1904296875,0.2833330035209656,0.00927734375,0.008333000354468822
4543,0.1728515625,0.27272701263427734,-0.017578125,0.0
4544,0.181640625,0.32911399006843567,0.0035400390625,0.02531599998474121
4545,0.181640625,0.2372879981994629,-0.0001277923583984375,0.0338979996740818
4546,0.173828125,0.28398799896240234,0.01068115234375,0.015106000006198883
4547,0.162109375,0.10370399802923203,-0.00390625,0.014814999885857105
4548,0.189453125,0.16666699945926666,0.0030517578125,0.028985999524593353
4549,0.16015625,0.2739729881286621,-0.00262451171875,0.027396999299526215
4550,0.1630859375,0.2403849959373474,0.0081787109375,0.004807999823242426
4551,0.08349609375,0.15315300226211548,0.004364013671875,0.045044999569654465
4552,-0.00750732421875,0.19444400072097778,-0.007171630859375,0.05555599927902222
4553,0.13671875,0.2672410011291504,0.0186767578125,0.0057470002211630344
4554,0.146484375,0.17452800273895264,0.01104736328125,0.0235849991440773
4555,0.1884765625,0.26923099160194397,0.002349853515625,0.0
4556,0.1923828125,0.2476779967546463,0.00830078125,0.02786399982869625
4557,0.0947265625,0.203125,-0.0084228515625,0.015625
4558,0.1552734375,0.09756100177764893,-0.004974365234375,0.012195000424981117
4559,0.1689453125,0.1683170050382614,0.006805419921875,0.03465300053358078
4560,0.1767578125,0.2555069923400879,0.0130615234375,0.035241998732089996
4561,0.1435546875,0.16666699945926666,0.005279541015625,0.01960800029337406
4562,0.03125,0.17470499873161316,0.026611328125,0.020363999530673027
4563,0.134765625,0.2926830053329468,-0.016357421875,0.024390000849962234
4564,0.1806640625,0.25581398606300354,-0.00848388671875,0.046512000262737274
4565,0.09326171875,0.2312929928302765,0.01611328125,0.006802999880164862
4566,-0.1943359375,0.11363600194454193,0.0022735595703125,0.0227269995957613
4567,0.15234375,0.274509996175766,-0.01190185546875,0.0
4568,0.1552734375,0.20000000298023224,-3.8623809814453125e-05,0.0
4569,0.1376953125,0.2654869854450226,0.01129150390625,0.03539799898862839
4570,0.154296875,0.2808989882469177,0.0098876953125,0.022471999749541283
4571,0.1708984375,0.1875,-0.00921630859375,0.03125
4572,0.11962890625,0.28358200192451477,-0.01318359375,0.0
4573,0.1650390625,0.3042509853839874,0.014404296875,0.01565999910235405
4574,0.1865234375,0.4090909957885742,0.006866455078125,0.02727299928665161
4575,0.1103515625,0.23867100477218628,0.019287109375,0.04833799973130226
4576,0.15234375,0.17511500418186188,0.00909423828125,0.03225800022482872
