true_Speciation,true_HGT,true_Loss,true_Duplication,pred_Speciation,pred_HGT,pred_Loss,pred_Duplication
0.833299994468689,0.11110000312328339,0.0,0.05559999868273735,0.8442465662956238,0.10902417451143265,0.0049422443844377995,0.04178699851036072
0.7221999764442444,0.05559999868273735,0.05559999868273735,0.16670000553131104,0.7324139475822449,0.058270495384931564,0.0632520243525505,0.14606346189975739
0.666700005531311,0.05559999868273735,0.11110000312328339,0.16670000553131104,0.7018952965736389,0.020866796374320984,0.08906184136867523,0.18817605078220367
0.7894999980926514,0.10530000180006027,0.05260000005364418,0.05260000005364418,0.8254313468933105,0.06290888041257858,0.05256233736872673,0.05909742787480354
0.7778000235557556,0.05559999868273735,0.11110000312328339,0.05559999868273735,0.817011296749115,0.04229697212576866,0.0506228432059288,0.09006888419389725
0.7221999764442444,0.05559999868273735,0.11110000312328339,0.11110000312328339,0.7233027815818787,0.07189697027206421,0.11807592958211899,0.08672430366277695
0.833299994468689,0.05559999868273735,0.0,0.11110000312328339,0.8326421976089478,0.040336642414331436,0.009846380911767483,0.11717475205659866
0.6841999888420105,0.10530000180006027,0.15790000557899475,0.05260000005364418,0.7041373252868652,0.10968344658613205,0.12465228885412216,0.0615268349647522
0.833299994468689,0.0,0.05559999868273735,0.11110000312328339,0.8168782591819763,0.0018436368554830551,0.061742380261421204,0.11953569948673248
0.7368000149726868,0.10530000180006027,0.05260000005364418,0.10530000180006027,0.7406812310218811,0.06371661275625229,0.05939041078090668,0.13621178269386292
0.8888999819755554,0.05559999868273735,0.0,0.05559999868273735,0.8835884928703308,0.055393390357494354,0.014735233038663864,0.04628290608525276
0.7221999764442444,0.05559999868273735,0.11110000312328339,0.11110000312328339,0.7213010787963867,0.04720472916960716,0.11913715302944183,0.11235703527927399
0.7778000235557556,0.05559999868273735,0.0,0.16670000553131104,0.8046752214431763,0.048894137144088745,0.012218347750604153,0.13421234488487244
0.8888999819755554,0.05559999868273735,0.0,0.05559999868273735,0.9127498269081116,0.058693043887615204,0.002815702697262168,0.025741448625922203
0.9444000124931335,0.05559999868273735,0.0,0.0,0.9452890753746033,0.04855712130665779,0.002380036748945713,0.003773690201342106
0.833299994468689,0.0,0.0,0.16670000553131104,0.7940848469734192,0.0028195162303745747,0.04550468549132347,0.15759095549583435
0.631600022315979,0.0,0.15790000557899475,0.21050000190734863,0.6473844051361084,0.022326018661260605,0.1628871113061905,0.1674025058746338
0.7894999980926514,0.05260000005364418,0.05260000005364418,0.10530000180006027,0.7849506735801697,0.09844017773866653,0.043597329407930374,0.07301178574562073
0.6000000238418579,0.20000000298023224,0.15000000596046448,0.05000000074505806,0.5829254388809204,0.17130573093891144,0.17695944011211395,0.0688094049692154
0.8888999819755554,0.05559999868273735,0.0,0.05559999868273735,0.9067484140396118,0.05819335952401161,0.00231895106844604,0.032739296555519104
0.9444000124931335,0.0,0.0,0.05559999868273735,0.9486658573150635,0.0006843276787549257,0.0019192444160580635,0.048730574548244476
0.8888999819755554,0.0,0.0,0.11110000312328339,0.8789137601852417,0.0020466141868382692,0.004648289643228054,0.11439122259616852
0.9444000124931335,0.0,0.0,0.05559999868273735,0.9383654594421387,0.0009696107590571046,0.004311677068471909,0.05635322630405426
0.7778000235557556,0.0,0.05559999868273735,0.16670000553131104,0.8114981651306152,0.002209203550592065,0.030200742185115814,0.1560918539762497
0.666700005531311,0.05559999868273735,0.11110000312328339,0.16670000553131104,0.6636753082275391,0.07895569503307343,0.11852654069662094,0.13884246349334717
0.7778000235557556,0.05559999868273735,0.05559999868273735,0.11110000312328339,0.7580698132514954,0.04660524055361748,0.055779170244932175,0.13954578340053558
0.833299994468689,0.0,0.05559999868273735,0.11110000312328339,0.7842945456504822,0.0026160343550145626,0.07519299536943436,0.13789650797843933
0.7221999764442444,0.05559999868273735,0.05559999868273735,0.16670000553131104,0.718991219997406,0.04632406681776047,0.07697449624538422,0.1577102243900299
0.6841999888420105,0.10530000180006027,0.10530000180006027,0.10530000180006027,0.7123346328735352,0.08181702345609665,0.09091764688491821,0.1149306669831276
0.8888999819755554,0.0,0.05559999868273735,0.05559999868273735,0.8908305168151855,0.01053448487073183,0.052875254303216934,0.045759718865156174
0.7368000149726868,0.0,0.10530000180006027,0.15790000557899475,0.7127931118011475,0.03867249935865402,0.09423142671585083,0.1543029546737671
0.6190000176429749,0.09520000219345093,0.19050000607967377,0.09520000219345093,0.6407610177993774,0.06833180040121078,0.20519991219043732,0.08570729196071625
0.41429999470710754,0.22859999537467957,0.17139999568462372,0.18569999933242798,0.4610489308834076,0.16121241450309753,0.1666550487279892,0.21108359098434448
0.49300000071525574,0.09860000014305115,0.15489999949932098,0.2535000145435333,0.46502962708473206,0.10457595437765121,0.19328609108924866,0.23710833489894867
0.375,0.2361000031232834,0.19439999759197235,0.19439999759197235,0.4189279079437256,0.2319619357585907,0.18409155309200287,0.16501860320568085
0.41429999470710754,0.10000000149011612,0.24289999902248383,0.24289999902248383,0.47807204723358154,0.11489059031009674,0.20361801981925964,0.2034192979335785
0.6111000180244446,0.08330000191926956,0.19439999759197235,0.11110000312328339,0.576148509979248,0.08630849421024323,0.19717662036418915,0.14036639034748077
0.614300012588501,0.10000000149011612,0.15710000693798065,0.12860000133514404,0.6261271834373474,0.10221245884895325,0.13331016898155212,0.13835017383098602
0.20000000298023224,0.2856999933719635,0.27140000462532043,0.24289999902248383,0.293723464012146,0.263484925031662,0.24559496343135834,0.1971966177225113
0.3239000141620636,0.1972000002861023,0.22540000081062317,0.2535000145435333,0.32104095816612244,0.17938555777072906,0.23974516987800598,0.25982826948165894
0.45829999446868896,0.16670000553131104,0.19439999759197235,0.18060000240802765,0.48851916193962097,0.14639385044574738,0.17692992091178894,0.1881570816040039
0.49320000410079956,0.1096000000834465,0.13699999451637268,0.26030001044273376,0.47643086314201355,0.11054085195064545,0.15588758885860443,0.2571406960487366
0.5285999774932861,0.1429000049829483,0.15710000693798065,0.17139999568462372,0.49743637442588806,0.13976135849952698,0.1732577085494995,0.18954452872276306
0.4860999882221222,0.22220000624656677,0.125,0.16670000553131104,0.4821571111679077,0.18771234154701233,0.1277589201927185,0.20237167179584503
0.6000000238418579,0.1429000049829483,0.1429000049829483,0.11429999768733978,0.5340558886528015,0.1600397676229477,0.18674035370349884,0.11916397511959076
0.685699999332428,0.042899999767541885,0.08569999784231186,0.18569999933242798,0.6915247440338135,0.02876649983227253,0.11601769179105759,0.16369107365608215
0.31940001249313354,0.20829999446868896,0.16670000553131104,0.30559998750686646,0.32494980096817017,0.20354707539081573,0.16564427316188812,0.30585888028144836
0.6805999875068665,0.013899999670684338,0.18060000240802765,0.125,0.6963543891906738,0.05163998156785965,0.15552948415279388,0.09647618234157562
0.5,0.15710000693798065,0.18569999933242798,0.15710000693798065,0.4804064631462097,0.15324753522872925,0.1712942123413086,0.19505184888839722
0.4571000039577484,0.10000000149011612,0.1429000049829483,0.30000001192092896,0.38124293088912964,0.11469368636608124,0.1947198510169983,0.309343546628952
0.571399986743927,0.10000000149011612,0.1429000049829483,0.18569999933242798,0.6020474433898926,0.09196702390909195,0.11947996914386749,0.18650558590888977
0.5570999979972839,0.17139999568462372,0.10000000149011612,0.17139999568462372,0.5536422729492188,0.17421124875545502,0.10817022621631622,0.1639762967824936
0.2328999936580658,0.16439999639987946,0.30140000581741333,0.30140000581741333,0.23304440081119537,0.1412106156349182,0.3662724792957306,0.2594725489616394
0.41429999470710754,0.08569999784231186,0.08569999784231186,0.41429999470710754,0.3798462450504303,0.0941825807094574,0.15347175300121307,0.37249937653541565
0.48570001125335693,0.17139999568462372,0.18569999933242798,0.15710000693798065,0.46467626094818115,0.1571744829416275,0.19829948246479034,0.17984983325004578
0.3285999894142151,0.1429000049829483,0.3285999894142151,0.20000000298023224,0.36616212129592896,0.1442338079214096,0.28994107246398926,0.19966299831867218
0.44440001249313354,0.06939999759197235,0.20829999446868896,0.2777999937534332,0.4199056625366211,0.09224102646112442,0.21514858305454254,0.2727046608924866
0.4794999957084656,0.1096000000834465,0.219200000166893,0.19179999828338623,0.4600312411785126,0.17089682817459106,0.22904406487941742,0.14002783596515656
0.3889000117778778,0.11110000312328339,0.22220000624656677,0.2777999937534332,0.41187918186187744,0.0904778465628624,0.2137322723865509,0.28391069173812866
0.48570001125335693,0.18569999933242798,0.12860000133514404,0.20000000298023224,0.5054448843002319,0.1939171999692917,0.12146884202957153,0.17916902899742126
0.3472000062465668,0.15279999375343323,0.2639000117778778,0.2361000031232834,0.3773413300514221,0.17275945842266083,0.2524089515209198,0.19749027490615845
0.5351999998092651,0.11270000040531158,0.12680000066757202,0.22540000081062317,0.5028924345970154,0.10058481246232986,0.13992120325565338,0.25660160183906555
0.5070000290870667,0.15489999949932098,0.16899999976158142,0.16899999976158142,0.5022484064102173,0.16021500527858734,0.1649782359600067,0.17255835235118866
0.39730000495910645,0.16439999639987946,0.13699999451637268,0.30140000581741333,0.4093075692653656,0.1420065313577652,0.154448002576828,0.2942379415035248
0.666700005531311,0.08699999749660492,0.057999998331069946,0.188400000333786,0.6606689691543579,0.07412499934434891,0.06440091133117676,0.20080511271953583
0.5152000188827515,0.045499999076128006,0.1817999929189682,0.25760000944137573,0.48019641637802124,0.07838991284370422,0.1769997626543045,0.26441386342048645
0.5942000150680542,0.11590000241994858,0.15940000116825104,0.13040000200271606,0.5906122326850891,0.11494353413581848,0.13517232239246368,0.15927191078662872
0.4848000109195709,0.060600001364946365,0.15150000154972076,0.30300000309944153,0.5291404128074646,0.058447495102882385,0.16633890569210052,0.2460731565952301
0.7462999820709229,0.059700001031160355,0.059700001031160355,0.13429999351501465,0.7182505130767822,0.054526861757040024,0.08412360399961472,0.14309906959533691
0.5507000088691711,0.14489999413490295,0.17389999330043793,0.13040000200271606,0.5887686014175415,0.12102558463811874,0.11684469878673553,0.173361137509346
0.4544999897480011,0.1363999992609024,0.15150000154972076,0.25760000944137573,0.4705953598022461,0.1358852982521057,0.13965217769145966,0.25386714935302734
0.5672000050544739,0.04479999840259552,0.11940000206232071,0.2687000036239624,0.5398613214492798,0.044662076979875565,0.14874742925167084,0.2667292654514313
0.5881999731063843,0.11760000139474869,0.11760000139474869,0.17649999260902405,0.6026437282562256,0.0979953408241272,0.10889549553394318,0.19046543538570404
0.5734999775886536,0.14710000157356262,0.14710000157356262,0.1324000060558319,0.5940411686897278,0.14815762639045715,0.1356918066740036,0.12210940569639206
0.6470999717712402,0.19120000302791595,0.08820000290870667,0.07349999994039536,0.6345083713531494,0.15398186445236206,0.11645884811878204,0.09505094587802887
0.44119998812675476,0.11760000139474869,0.16179999709129333,0.2793999910354614,0.4592331051826477,0.11079514771699905,0.1464933156967163,0.28347840905189514
0.42649999260902405,0.22059999406337738,0.11760000139474869,0.2353000044822693,0.41316288709640503,0.20037871599197388,0.15559856593608856,0.23085980117321014
0.6417999863624573,0.11940000206232071,0.10450000315904617,0.13429999351501465,0.6113439798355103,0.14046476781368256,0.1337708979845047,0.11442030221223831
0.33329999446868896,0.19699999690055847,0.1817999929189682,0.28790000081062317,0.40842390060424805,0.2081955075263977,0.12553921341896057,0.25784140825271606
0.5,0.19699999690055847,0.12120000272989273,0.1817999929189682,0.44682011008262634,0.1746358573436737,0.14506125450134277,0.23348277807235718
0.5,0.08820000290870667,0.19120000302791595,0.22059999406337738,0.532530665397644,0.09146182239055634,0.13385820388793945,0.24214930832386017
0.5605999827384949,0.1817999929189682,0.07580000162124634,0.1817999929189682,0.5572877526283264,0.1912347376346588,0.05474955216050148,0.1967279613018036
0.4927999973297119,0.13040000200271606,0.15940000116825104,0.21739999949932098,0.5054459571838379,0.11911967396736145,0.2000732272863388,0.17536112666130066
0.43479999899864197,0.07249999791383743,0.2029000073671341,0.289900004863739,0.4760977327823639,0.03729085624217987,0.17559613287448883,0.3110152781009674
0.5796999931335449,0.14489999413490295,0.15940000116825104,0.11590000241994858,0.6341468691825867,0.11730537563562393,0.09763018786907196,0.15091754496097565
0.41179999709129333,0.1324000060558319,0.17649999260902405,0.2793999910354614,0.391514390707016,0.17037315666675568,0.20035693049430847,0.23775553703308105
0.5909000039100647,0.07580000162124634,0.1363999992609024,0.19699999690055847,0.5958767533302307,0.10851721465587616,0.0928196981549263,0.20278635621070862
0.4090999960899353,0.16670000553131104,0.12120000272989273,0.30300000309944153,0.4617193639278412,0.13809281587600708,0.11628581583499908,0.28390201926231384
0.41179999709129333,0.07349999994039536,0.16179999709129333,0.3528999984264374,0.38893574476242065,0.09681376814842224,0.17633728682994843,0.3379132151603699
0.6567000150680542,0.08959999680519104,0.08959999680519104,0.16419999301433563,0.6287400722503662,0.10223884135484695,0.1054842546582222,0.16353683173656464
0.7164000272750854,0.04479999840259552,0.10450000315904617,0.13429999351501465,0.6926137208938599,0.044277314096689224,0.1049783006310463,0.15813066065311432
0.5,0.07580000162124634,0.12120000272989273,0.30300000309944153,0.4893658757209778,0.07161004841327667,0.11047941446304321,0.3285447061061859
0.5,0.07349999994039536,0.20589999854564667,0.22059999406337738,0.534161388874054,0.05586206167936325,0.19193148612976074,0.21804508566856384
0.666700005531311,0.060600001364946365,0.12120000272989273,0.15150000154972076,0.6572679877281189,0.07728244364261627,0.10563258081674576,0.15981698036193848
0.6363999843597412,0.10610000044107437,0.045499999076128006,0.21209999918937683,0.574289083480835,0.12275177240371704,0.09559918195009232,0.20735995471477509
0.3188000023365021,0.24639999866485596,0.188400000333786,0.24639999866485596,0.32624152302742004,0.2901652157306671,0.19366960227489471,0.1899237036705017
0.585099995136261,0.06379999965429306,0.08510000258684158,0.26600000262260437,0.5710751414299011,0.08067990094423294,0.11157625168561935,0.23666873574256897
0.7233999967575073,0.11699999868869781,0.03189999982714653,0.12770000100135803,0.7046112418174744,0.11752259731292725,0.0510418675839901,0.1268242746591568
0.6000000238418579,0.08420000225305557,0.10530000180006027,0.21050000190734863,0.6180054545402527,0.06988212466239929,0.10327908396720886,0.20883332192897797
0.6632000207901001,0.13680000603199005,0.10530000180006027,0.09470000118017197,0.6616469025611877,0.10758978873491287,0.11143951863050461,0.11932387202978134
0.6736999750137329,0.08420000225305557,0.08420000225305557,0.15790000557899475,0.6360853314399719,0.10424449294805527,0.0945456400513649,0.16512452065944672
0.5425999760627747,0.10639999806880951,0.13830000162124634,0.21279999613761902,0.5621517300605774,0.06609854847192764,0.12592393159866333,0.245825856924057
0.5895000100135803,0.14740000665187836,0.07370000332593918,0.18950000405311584,0.5785315632820129,0.12758393585681915,0.08803025633096695,0.2058541625738144
0.6915000081062317,0.10639999806880951,0.06379999965429306,0.13830000162124634,0.6388328075408936,0.10717751830816269,0.0983516126871109,0.15563808381557465
0.5728999972343445,0.11460000276565552,0.08330000191926956,0.22920000553131104,0.5986679196357727,0.10733524709939957,0.0914507806301117,0.20254597067832947
0.5669999718666077,0.12370000034570694,0.08250000327825546,0.22679999470710754,0.5605318546295166,0.13523460924625397,0.09008567035198212,0.2141478955745697
0.6597999930381775,0.09279999881982803,0.08250000327825546,0.164900004863739,0.6443422436714172,0.11965782940387726,0.06791317462921143,0.1680867224931717
0.6420999765396118,0.12630000710487366,0.042100001126527786,0.18950000405311584,0.5887437462806702,0.08156730234622955,0.08854047954082489,0.24114850163459778
0.585099995136261,0.15960000455379486,0.11699999868869781,0.13830000162124634,0.60240238904953,0.12850962579250336,0.11407579481601715,0.15501219034194946
0.5521000027656555,0.17710000276565552,0.09380000084638596,0.17710000276565552,0.5288904905319214,0.1609877496957779,0.12464490532875061,0.18547680974006653
0.734000027179718,0.06379999965429306,0.053199999034404755,0.14890000224113464,0.7349679470062256,0.0660010501742363,0.05080282315611839,0.14822815358638763
0.744700014591217,0.03189999982714653,0.03189999982714653,0.1914999932050705,0.7473092675209045,0.04216030612587929,0.03441024199128151,0.17612017691135406
0.6353999972343445,0.14579999446868896,0.07289999723434448,0.14579999446868896,0.6014608144760132,0.11751299351453781,0.07382556796073914,0.20720063149929047
0.5895000100135803,0.13680000603199005,0.10530000180006027,0.16840000450611115,0.5927607417106628,0.13046683371067047,0.11313037574291229,0.1636420637369156
0.6495000123977661,0.09279999881982803,0.09279999881982803,0.164900004863739,0.642725944519043,0.07498446106910706,0.08235432207584381,0.19993528723716736
0.583299994468689,0.14579999446868896,0.08330000191926956,0.1875,0.5928223133087158,0.17643997073173523,0.09020476043224335,0.14053291082382202
0.604200005531311,0.04170000180602074,0.125,0.22920000553131104,0.6051960587501526,0.067901112139225,0.09764453768730164,0.22925829887390137
0.670199990272522,0.06379999965429306,0.08510000258684158,0.1808999925851822,0.6671708822250366,0.0927947387099266,0.07573685795068741,0.16429753601551056
0.6064000129699707,0.10639999806880951,0.10639999806880951,0.1808999925851822,0.6247596740722656,0.10522669553756714,0.09618498384952545,0.17382867634296417
0.604200005531311,0.11460000276565552,0.10419999808073044,0.17710000276565552,0.6475511789321899,0.11078294366598129,0.06932619214057922,0.17233966290950775
0.6525999903678894,0.0210999995470047,0.08420000225305557,0.24210000038146973,0.6435545682907104,0.04625614732503891,0.06971047818660736,0.24047879874706268
0.5684000253677368,0.13680000603199005,0.14740000665187836,0.14740000665187836,0.5617226958274841,0.15968382358551025,0.12291303277015686,0.15568040311336517
0.5625,0.19789999723434448,0.09380000084638596,0.14579999446868896,0.555683434009552,0.18022790551185608,0.11157868057489395,0.15250997245311737
0.6276999711990356,0.13830000162124634,0.06379999965429306,0.17020000517368317,0.6524387001991272,0.12697605788707733,0.06561748683452606,0.1549677848815918
0.6488999724388123,0.15960000455379486,0.08510000258684158,0.10639999806880951,0.6476401686668396,0.16152556240558624,0.059771131724119186,0.13106311857700348
0.583299994468689,0.11460000276565552,0.13539999723434448,0.16670000553131104,0.5866818428039551,0.09577317535877228,0.14293260872364044,0.1746123880147934
0.520799994468689,0.08330000191926956,0.14579999446868896,0.25,0.5515829920768738,0.0826285183429718,0.12599344551563263,0.2397950440645218
0.6211000084877014,0.07370000332593918,0.07370000332593918,0.23160000145435333,0.5991107225418091,0.14426015317440033,0.09009955078363419,0.166529580950737
0.5454999804496765,0.07580000162124634,0.1363999992609024,0.24240000545978546,0.5918375849723816,0.07151813060045242,0.09775369614362717,0.2388906031847
0.5909000039100647,0.060600001364946365,0.1363999992609024,0.21209999918937683,0.6224429607391357,0.07851891964673996,0.10524682700634003,0.19379130005836487
0.5909000039100647,0.12120000272989273,0.10610000044107437,0.1817999929189682,0.6006728410720825,0.11920717358589172,0.11781836301088333,0.16230164468288422
0.6514999866485596,0.045499999076128006,0.15150000154972076,0.15150000154972076,0.6250990629196167,0.05591583624482155,0.1555994600057602,0.16338562965393066
0.5796999931335449,0.15940000116825104,0.15940000116825104,0.10140000283718109,0.5650594830513,0.1686704307794571,0.15629959106445312,0.10997051745653152
0.5796999931335449,0.028999999165534973,0.17389999330043793,0.21739999949932098,0.5894203186035156,0.055254627019166946,0.16512101888656616,0.19020399451255798
0.4848000109195709,0.045499999076128006,0.1817999929189682,0.28790000081062317,0.5130292773246765,0.048850782215595245,0.1760902851819992,0.2620297074317932
0.4706000089645386,0.08820000290870667,0.25,0.19120000302791595,0.530700147151947,0.05593537911772728,0.23827272653579712,0.17509178817272186
0.5734999775886536,0.11760000139474869,0.14710000157356262,0.16179999709129333,0.5828599333763123,0.09150416404008865,0.15535010397434235,0.17028579115867615
0.582099974155426,0.08959999680519104,0.16419999301433563,0.16419999301433563,0.5573944449424744,0.09877102822065353,0.17267274856567383,0.17116175591945648
0.5293999910354614,0.029400000348687172,0.20589999854564667,0.2353000044822693,0.5397908091545105,0.059159912168979645,0.18727682530879974,0.21377244591712952
0.6765000224113464,0.11760000139474869,0.11760000139474869,0.08820000290870667,0.6826280951499939,0.0913073718547821,0.11678390204906464,0.10928060859441757
0.666700005531311,0.0908999964594841,0.12120000272989273,0.12120000272989273,0.6528961062431335,0.06566349416971207,0.12906605005264282,0.1523742973804474
0.6212000250816345,0.07580000162124634,0.0908999964594841,0.21209999918937683,0.6063483357429504,0.1009359285235405,0.11260215938091278,0.1801135540008545
0.7727000117301941,0.030300000682473183,0.0908999964594841,0.10610000044107437,0.775400698184967,0.05359763652086258,0.0962975025177002,0.07470418512821198
0.5152000188827515,0.1363999992609024,0.1817999929189682,0.16670000553131104,0.5417444705963135,0.15551583468914032,0.1475272923707962,0.1552123874425888
0.6061000227928162,0.12120000272989273,0.10610000044107437,0.16670000553131104,0.5912487506866455,0.08788128197193146,0.10641995817422867,0.21445003151893616
0.6514999866485596,0.060600001364946365,0.0908999964594841,0.19699999690055847,0.631223738193512,0.04829595610499382,0.112730972468853,0.20774933695793152
0.5605999827384949,0.0908999964594841,0.1817999929189682,0.16670000553131104,0.5478515625,0.10579179972410202,0.19687457382678986,0.14948204159736633
0.623199999332428,0.07249999791383743,0.13040000200271606,0.17389999330043793,0.5992075204849243,0.09935834258794785,0.13984432816505432,0.1615898162126541
0.5881999731063843,0.04410000145435333,0.19120000302791595,0.17649999260902405,0.5722392201423645,0.0837370902299881,0.16898848116397858,0.17503514885902405
0.4090999960899353,0.10610000044107437,0.24240000545978546,0.24240000545978546,0.5149967074394226,0.1247350350022316,0.18470683693885803,0.17556136846542358
0.6818000078201294,0.1363999992609024,0.12120000272989273,0.060600001364946365,0.6617382168769836,0.11476848274469376,0.1270371377468109,0.09645618498325348
0.4925000071525574,0.13429999351501465,0.1940000057220459,0.17910000681877136,0.5349316596984863,0.11659443378448486,0.17883004248142242,0.16964389383792877
0.6061000227928162,0.060600001364946365,0.1363999992609024,0.19699999690055847,0.5991787314414978,0.06670283526182175,0.1331736147403717,0.20094487071037292
0.6061000227928162,0.0908999964594841,0.12120000272989273,0.1817999929189682,0.5994559526443481,0.07924821972846985,0.13349571824073792,0.1878000944852829
0.6363999843597412,0.12120000272989273,0.10610000044107437,0.1363999992609024,0.5857648849487305,0.10139382630586624,0.11854139715433121,0.19429989159107208
0.6970000267028809,0.12120000272989273,0.12120000272989273,0.060600001364946365,0.7298738956451416,0.04487178847193718,0.12173617631196976,0.10351813584566116
0.5909000039100647,0.1363999992609024,0.15150000154972076,0.12120000272989273,0.6257972121238708,0.11485999077558517,0.11943549662828445,0.13990724086761475
0.5672000050544739,0.17910000681877136,0.10450000315904617,0.1492999941110611,0.5562323331832886,0.17536845803260803,0.13341329991817474,0.13498592376708984
0.7121000289916992,0.030300000682473183,0.10610000044107437,0.15150000154972076,0.7347774505615234,0.058917026966810226,0.08084521442651749,0.12546032667160034
0.5074999928474426,0.16419999301433563,0.23880000412464142,0.08959999680519104,0.49998003244400024,0.19829653203487396,0.21031394600868225,0.09140949696302414
0.7742000222206116,0.09679999947547913,0.03229999914765358,0.09679999947547913,0.772081196308136,0.08937488496303558,0.04321886971592903,0.09532506763935089
0.8065000176429749,0.09679999947547913,0.0,0.09679999947547913,0.7842108607292175,0.11098062992095947,0.0190283115953207,0.08578012883663177
0.7742000222206116,0.06449999660253525,0.03229999914765358,0.1289999932050705,0.7680232524871826,0.04038698226213455,0.03170010820031166,0.15988966822624207
0.8709999918937683,0.0,0.03229999914765358,0.09679999947547913,0.8572708368301392,0.007416846230626106,0.04855320602655411,0.08675907552242279
0.838699996471405,0.03229999914765358,0.03229999914765358,0.09679999947547913,0.8619648218154907,0.049879249185323715,0.006479151081293821,0.08167672902345657
0.7272999882698059,0.15150000154972076,0.030300000682473183,0.0908999964594841,0.7440565228462219,0.1356351375579834,0.018920425325632095,0.10138782113790512
0.6970000267028809,0.1817999929189682,0.030300000682473183,0.0908999964594841,0.6827828884124756,0.16838863492012024,0.04574360325932503,0.10308480262756348
0.7576000094413757,0.0908999964594841,0.0908999964594841,0.060600001364946365,0.7850866913795471,0.08638057857751846,0.05018891021609306,0.07834377884864807
0.666700005531311,0.060600001364946365,0.0908999964594841,0.1817999929189682,0.6292937397956848,0.0784582644701004,0.11151167750358582,0.18073637783527374
0.8709999918937683,0.0,0.0,0.1289999932050705,0.8551760911941528,0.0047769746743142605,0.010934603400528431,0.12911227345466614
0.7272999882698059,0.12120000272989273,0.030300000682473183,0.12120000272989273,0.7129500508308411,0.09839033335447311,0.0452226847410202,0.1434369832277298
0.7811999917030334,0.0625,0.031199999153614044,0.125,0.788904070854187,0.03718692809343338,0.030589129775762558,0.143319770693779
0.6875,0.031199999153614044,0.0625,0.21879999339580536,0.7291833162307739,0.017971733585000038,0.027835164219141006,0.22500978410243988
0.838699996471405,0.03229999914765358,0.03229999914765358,0.09679999947547913,0.8380105495452881,0.06386758387088776,0.019101765006780624,0.07902012765407562
0.7188000082969666,0.09380000084638596,0.0625,0.125,0.7307015061378479,0.05590716004371643,0.06164233013987541,0.15174897015094757
0.7188000082969666,0.09380000084638596,0.0625,0.125,0.7165751457214355,0.10609415173530579,0.04580911621451378,0.131521537899971
0.7576000094413757,0.060600001364946365,0.030300000682473183,0.15150000154972076,0.7172542214393616,0.034074705094099045,0.07739079743623734,0.17128030955791473
0.6561999917030334,0.0625,0.09380000084638596,0.1875,0.6156259775161743,0.05014040321111679,0.11343538016080856,0.22079817950725555
0.7096999883651733,0.03229999914765358,0.0,0.2581000030040741,0.6658168435096741,0.0486098974943161,0.039674241095781326,0.2458990067243576
0.7811999917030334,0.125,0.031199999153614044,0.0625,0.7749435305595398,0.13705307245254517,0.014644138514995575,0.07335922867059708
0.666700005531311,0.15150000154972076,0.030300000682473183,0.15150000154972076,0.6695539951324463,0.13235902786254883,0.05539139732718468,0.1426955610513687
0.7188000082969666,0.09380000084638596,0.09380000084638596,0.09380000084638596,0.7030652761459351,0.12434101104736328,0.08629687875509262,0.08629687875509262
0.8787999749183655,0.030300000682473183,0.0,0.0908999964594841,0.8652735948562622,0.022524604573845863,0.0094632962718606,0.10273844748735428
0.6875,0.031199999153614044,0.125,0.15620000660419464,0.7166399955749512,0.06931325048208237,0.08328178524971008,0.13076499104499817
0.75,0.0625,0.09380000084638596,0.09380000084638596,0.8123243451118469,0.08972726762294769,0.016728054732084274,0.08122030645608902
0.8125,0.031199999153614044,0.09380000084638596,0.0625,0.7883906364440918,0.036301854997873306,0.09601696580648422,0.07929053157567978
0.7811999917030334,0.031199999153614044,0.031199999153614044,0.15620000660419464,0.7667272090911865,0.0685846358537674,0.04325579106807709,0.12143239378929138
0.6452000141143799,0.06449999660253525,0.09679999947547913,0.19349999725818634,0.657181441783905,0.06306778639554977,0.08586737513542175,0.19388338923454285
0.75,0.09380000084638596,0.0625,0.09380000084638596,0.7617684602737427,0.11727819591760635,0.044340237975120544,0.07661306858062744
0.6875,0.09380000084638596,0.031199999153614044,0.1875,0.7318782806396484,0.08673015236854553,0.022802365943789482,0.1585892289876938
0.7742000222206116,0.03229999914765358,0.0,0.19349999725818634,0.7516140341758728,0.090471550822258,0.015721598640084267,0.1421927958726883
0.8181999921798706,0.0,0.060600001364946365,0.12120000272989273,0.8394733667373657,0.010242284275591373,0.04572378471493721,0.10456061363220215
0.6065999865531921,0.11479999870061874,0.0820000022649765,0.19670000672340393,0.6232478618621826,0.12224631756544113,0.09784471988677979,0.15666109323501587
0.5573999881744385,0.13109999895095825,0.11479999870061874,0.19670000672340393,0.5837113261222839,0.13649412989616394,0.07479260116815567,0.20500200986862183
0.6166999936103821,0.05000000074505806,0.10000000149011612,0.23330000042915344,0.605892539024353,0.043549150228500366,0.09699616581201553,0.25356215238571167
0.6557000279426575,0.11479999870061874,0.0820000022649765,0.14749999344348907,0.6785532832145691,0.06877914071083069,0.07763312757015228,0.17503440380096436
0.6230000257492065,0.0820000022649765,0.04919999837875366,0.2459000051021576,0.5616781711578369,0.1422921121120453,0.06975515931844711,0.22627459466457367
0.550000011920929,0.15000000596046448,0.11670000106096268,0.18330000340938568,0.5573400259017944,0.09534963220357895,0.09609747678041458,0.25121283531188965
0.7287999987602234,0.05079999938607216,0.08470000326633453,0.1356000006198883,0.6850903630256653,0.06224718317389488,0.1213989108800888,0.13126353919506073
0.6948999762535095,0.1356000006198883,0.06780000030994415,0.10170000046491623,0.7411195635795593,0.11691910773515701,0.024010099470615387,0.11795125156641006
0.6101999878883362,0.033900000154972076,0.033900000154972076,0.32199999690055847,0.5942744612693787,0.03981390595436096,0.04406997561454773,0.3218417465686798
0.7049000263214111,0.13109999895095825,0.06560000032186508,0.09839999675750732,0.6641379594802856,0.09680597484111786,0.11451175063848495,0.12454432249069214
0.786899983882904,0.06560000032186508,0.03280000016093254,0.11479999870061874,0.7606720328330994,0.044973671436309814,0.05797335132956505,0.13638098537921906
0.5902000069618225,0.19670000672340393,0.09839999675750732,0.11479999870061874,0.5918521285057068,0.15200020372867584,0.0929158553481102,0.1632317304611206
0.711899995803833,0.016899999231100082,0.06780000030994415,0.20340000092983246,0.6967955827713013,0.017857607454061508,0.06609039008617401,0.2192564606666565
0.6557000279426575,0.0820000022649765,0.0820000022649765,0.18029999732971191,0.6612765789031982,0.08309242129325867,0.05688587948679924,0.1987452208995819
0.699999988079071,0.11670000106096268,0.05000000074505806,0.13330000638961792,0.7092726826667786,0.11510913819074631,0.05731802433729172,0.11830008774995804
0.7627000212669373,0.05079999938607216,0.05079999938607216,0.1356000006198883,0.7596544623374939,0.08725205808877945,0.031600601971149445,0.1214929074048996
0.53329998254776,0.06669999659061432,0.11670000106096268,0.2833000123500824,0.5541784167289734,0.10535445809364319,0.10535445809364319,0.23511268198490143
0.5666999816894531,0.08330000191926956,0.06669999659061432,0.2833000123500824,0.5848937630653381,0.07553190737962723,0.096230149269104,0.243344247341156
0.699999988079071,0.11670000106096268,0.06669999659061432,0.11670000106096268,0.6724265813827515,0.13849231600761414,0.07844952493906021,0.11063157021999359
0.47540000081062317,0.1639000028371811,0.13109999895095825,0.22949999570846558,0.5321004986763,0.16259874403476715,0.1023496463894844,0.202951118350029
0.7049000263214111,0.09839999675750732,0.06560000032186508,0.13109999895095825,0.6879779100418091,0.09274469316005707,0.07365423440933228,0.14562317728996277
0.6884999871253967,0.18029999732971191,0.03280000016093254,0.09839999675750732,0.6571786999702454,0.15548507869243622,0.057423632591962814,0.12991264462471008
0.6833000183105469,0.08330000191926956,0.06669999659061432,0.16670000553131104,0.695206880569458,0.06267479807138443,0.05075560137629509,0.191362664103508
0.6610000133514404,0.06780000030994415,0.033900000154972076,0.23729999363422394,0.6768490672111511,0.05799848958849907,0.03531554713845253,0.22983695566654205
0.6884999871253967,0.06560000032186508,0.09839999675750732,0.14749999344348907,0.7085749506950378,0.04673558846116066,0.09330859035253525,0.15138085186481476
0.6230000257492065,0.11479999870061874,0.14749999344348907,0.11479999870061874,0.5790172815322876,0.13539648056030273,0.16702914237976074,0.11855712532997131
0.666700005531311,0.11670000106096268,0.10000000149011612,0.11670000106096268,0.6089633703231812,0.10499846190214157,0.12085248529911041,0.16518574953079224
0.699999988079071,0.15000000596046448,0.016699999570846558,0.13330000638961792,0.6866357922554016,0.13053582608699799,0.04709262773394585,0.13573578000068665
0.5573999881744385,0.14749999344348907,0.09839999675750732,0.19670000672340393,0.5241499543190002,0.1372678279876709,0.14329461753368378,0.1952875703573227
0.786899983882904,0.01640000008046627,0.03280000016093254,0.1639000028371811,0.7783666849136353,0.017062537372112274,0.04674455150961876,0.157826229929924
0.5738000273704529,0.09839999675750732,0.0820000022649765,0.2459000051021576,0.5895629525184631,0.1295097917318344,0.0816807970404625,0.19924648106098175
0.550000011920929,0.16670000553131104,0.13330000638961792,0.15000000596046448,0.6040550470352173,0.19306759536266327,0.07501797378063202,0.12785936892032623
0.5823000073432922,0.07590000331401825,0.10130000114440918,0.24050000309944153,0.5560354590415955,0.08010450750589371,0.13207000494003296,0.23179006576538086
0.7050999999046326,0.03849999979138374,0.05130000039935112,0.20509999990463257,0.6774829030036926,0.09422900527715683,0.07140617072582245,0.15688195824623108
0.6154000163078308,0.0640999972820282,0.15379999577999115,0.16670000553131104,0.6519228219985962,0.07342998683452606,0.10852249711751938,0.16612470149993896
0.5896999835968018,0.025599999353289604,0.17949999868869781,0.20509999990463257,0.611215353012085,0.049393776804208755,0.14531821012496948,0.1940726339817047
0.5769000053405762,0.08969999849796295,0.1281999945640564,0.20509999990463257,0.6109216213226318,0.06192389875650406,0.10996090620756149,0.21719355881214142
0.6913999915122986,0.024700000882148743,0.11110000312328339,0.1728000044822693,0.6900122165679932,0.04586818814277649,0.14350886642932892,0.12061076611280441
0.6202999949455261,0.07590000331401825,0.13920000195503235,0.16459999978542328,0.6356456279754639,0.10622705519199371,0.11712420731782913,0.1410031020641327
0.6025999784469604,0.08969999849796295,0.11540000140666962,0.1923000067472458,0.5879659652709961,0.04498623311519623,0.11760058999061584,0.24944719672203064
0.6154000163078308,0.1281999945640564,0.1281999945640564,0.1281999945640564,0.5979834198951721,0.12932297587394714,0.1339503526687622,0.1387433111667633
0.6025999784469604,0.08969999849796295,0.08969999849796295,0.21789999306201935,0.5845942497253418,0.0969352275133133,0.09884711354970932,0.2196233868598938
0.5823000073432922,0.08860000222921371,0.1265999972820282,0.20250000059604645,0.6014450192451477,0.09151680022478104,0.1179698184132576,0.18906834721565247
0.5443000197410583,0.16459999978542328,0.15189999341964722,0.13920000195503235,0.543523371219635,0.15034255385398865,0.1635143756866455,0.1426197588443756
0.6281999945640564,0.10260000079870224,0.16670000553131104,0.10260000079870224,0.6058789491653442,0.1099085882306099,0.17257308959960938,0.11163938790559769
0.6625000238418579,0.02500000037252903,0.13750000298023224,0.17499999701976776,0.6582452058792114,0.050758421421051025,0.13373063504695892,0.15726573765277863
0.692300021648407,0.025599999353289604,0.1281999945640564,0.15379999577999115,0.6360424757003784,0.05824396014213562,0.153752401471138,0.15196113288402557
0.5443000197410583,0.1265999972820282,0.15189999341964722,0.17720000445842743,0.5736350417137146,0.10528604686260223,0.12118349969387054,0.19989538192749023
0.6582000255584717,0.10130000114440918,0.07590000331401825,0.16459999978542328,0.6819705963134766,0.08081591874361038,0.08113223314285278,0.15608133375644684
0.5432000160217285,0.13580000400543213,0.13580000400543213,0.18520000576972961,0.5391027331352234,0.1280481368303299,0.13159775733947754,0.20125135779380798
0.7721999883651733,0.025299999862909317,0.11389999836683273,0.08860000222921371,0.7411345839500427,0.04347755014896393,0.11567220091819763,0.09971567243337631
0.5127999782562256,0.1923000067472458,0.14100000262260437,0.15379999577999115,0.5261245965957642,0.17900487780570984,0.15491580963134766,0.13995476067066193
0.6538000106811523,0.05130000039935112,0.1281999945640564,0.16670000553131104,0.6308205723762512,0.08604186773300171,0.13562749326229095,0.1475100815296173
0.5,0.17499999701976776,0.1875,0.13750000298023224,0.5494908094406128,0.11473049223423004,0.15651199221611023,0.17926673591136932
0.5641000270843506,0.03849999979138374,0.1281999945640564,0.26919999718666077,0.5697742104530334,0.038172490894794464,0.13271565735340118,0.2593376338481903
0.7050999999046326,0.05130000039935112,0.07689999788999557,0.16670000553131104,0.6728859543800354,0.07432525604963303,0.09923723340034485,0.1535516232252121
0.5641000270843506,0.11540000140666962,0.10260000079870224,0.21789999306201935,0.5787389278411865,0.08535243570804596,0.08602186292409897,0.24988673627376556
0.5512999892234802,0.08969999849796295,0.1923000067472458,0.16670000553131104,0.5773532390594482,0.08853999525308609,0.16476958990097046,0.1693371683359146
0.6025999784469604,0.1281999945640564,0.14100000262260437,0.1281999945640564,0.6037256717681885,0.12169980257749557,0.14117424190044403,0.13340029120445251
0.7178999781608582,0.1281999945640564,0.05130000039935112,0.10260000079870224,0.6917757391929626,0.12972716987133026,0.07883734256029129,0.0996597483754158
0.625,0.03750000149011612,0.1875,0.15000000596046448,0.6400418877601624,0.07555152475833893,0.15639016032218933,0.1280164271593094
0.6420000195503235,0.03700000047683716,0.18520000576972961,0.13580000400543213,0.6417840123176575,0.07458265870809555,0.1589745283126831,0.1246587485074997
0.637499988079071,0.10000000149011612,0.16249999403953552,0.10000000149011612,0.621462881565094,0.07480529695749283,0.13283497095108032,0.17089690268039703
0.5949000120162964,0.15189999341964722,0.13920000195503235,0.11389999836683273,0.6301062107086182,0.1275147646665573,0.12627556920051575,0.11610351502895355
0.5300999879837036,0.06019999831914902,0.13249999284744263,0.27709999680519104,0.5895033478736877,0.07854372262954712,0.09400452673435211,0.23794841766357422
0.5764999985694885,0.11760000139474869,0.0940999984741211,0.2117999941110611,0.5900362730026245,0.10703466832637787,0.10374155640602112,0.1991874724626541
0.5609999895095825,0.10980000346899033,0.14630000293254852,0.18289999663829803,0.5884135961532593,0.1042676642537117,0.11012860387563705,0.19719013571739197
0.75,0.05950000137090683,0.0357000008225441,0.15479999780654907,0.7341607809066772,0.03406994417309761,0.05840947479009628,0.1733597368001938
0.4706000089645386,0.0940999984741211,0.22349999845027924,0.2117999941110611,0.5015681982040405,0.09572596848011017,0.18650943040847778,0.21619632840156555
0.5,0.13410000503063202,0.12200000137090683,0.24390000104904175,0.509863555431366,0.17586031556129456,0.08004432916641235,0.23423178493976593
0.6705999970436096,0.0471000000834465,0.12939999997615814,0.15289999544620514,0.6453941464424133,0.03998927026987076,0.15047644078731537,0.16414013504981995
0.5422000288963318,0.1446000039577484,0.16869999468326569,0.1446000039577484,0.5225469470024109,0.130072221159935,0.17640408873558044,0.1709766983985901
0.6463000178337097,0.024399999529123306,0.08540000021457672,0.24390000104904175,0.6428214907646179,0.038604430854320526,0.09857986867427826,0.21999424695968628
0.6988000273704529,0.0723000019788742,0.08429999649524689,0.1446000039577484,0.6602385640144348,0.08970329165458679,0.12454068660736084,0.12551747262477875
0.5647000074386597,0.11760000139474869,0.1412000060081482,0.17649999260902405,0.5175350308418274,0.11062083393335342,0.146548792719841,0.22529533505439758
0.6352999806404114,0.058800000697374344,0.10589999705553055,0.20000000298023224,0.6372268795967102,0.06664054840803146,0.09620686620473862,0.1999257504940033
0.524399995803833,0.10980000346899033,0.07320000231266022,0.29269999265670776,0.4882076382637024,0.1569575071334839,0.10766473412513733,0.2471700757741928
0.559499979019165,0.1785999983549118,0.1429000049829483,0.11900000274181366,0.5392081141471863,0.1766005903482437,0.11302415281534195,0.17116715013980865
0.4471000134944916,0.15289999544620514,0.1881999969482422,0.2117999941110611,0.4807777404785156,0.17378640174865723,0.15456880629062653,0.19086702167987823
0.5529000163078308,0.0471000000834465,0.10589999705553055,0.29409998655319214,0.526852548122406,0.09557291865348816,0.09335895627737045,0.2842155992984772
0.5300999879837036,0.0723000019788742,0.3012000024318695,0.09640000015497208,0.5128325819969177,0.07160747796297073,0.27342933416366577,0.14213061332702637
0.6707000136375427,0.09759999811649323,0.03660000115633011,0.19509999454021454,0.6372923254966736,0.07493367791175842,0.06903214007616043,0.21874189376831055
0.5365999937057495,0.10980000346899033,0.12200000137090683,0.23170000314712524,0.561086118221283,0.11946212500333786,0.11623984575271606,0.2032119333744049
0.7529000043869019,0.08240000158548355,0.0706000030040741,0.0940999984741211,0.718651294708252,0.0825425311923027,0.10192642360925674,0.09687969833612442
0.42170000076293945,0.2289000004529953,0.19280000030994415,0.1565999984741211,0.4306914806365967,0.22040574252605438,0.18024161458015442,0.1686612069606781
0.6547999978065491,0.0357000008225441,0.1071000024676323,0.20239999890327454,0.6445177793502808,0.06482086330652237,0.1225288063287735,0.16813252866268158
0.36469998955726624,0.17649999260902405,0.1881999969482422,0.27059999108314514,0.3769994080066681,0.1689341962337494,0.18159426748752594,0.27247220277786255
0.602400004863739,0.10840000212192535,0.09640000015497208,0.19280000030994415,0.6715828776359558,0.10420458763837814,0.06701724231243134,0.1571952998638153
0.5475999712944031,0.08330000191926956,0.11900000274181366,0.25,0.5470345616340637,0.0946897491812706,0.09962239116430283,0.25865331292152405
0.6144999861717224,0.08429999649524689,0.09640000015497208,0.20479999482631683,0.6143803596496582,0.09312059730291367,0.10676328837871552,0.1857357770204544
0.4471000134944916,0.0706000030040741,0.20000000298023224,0.2824000120162964,0.4388337731361389,0.11138880997896194,0.2205517739057541,0.22922562062740326
0.6463000178337097,0.061000000685453415,0.14630000293254852,0.14630000293254852,0.6465857028961182,0.07752589136362076,0.10032595694065094,0.17556245625019073
0.6829000115394592,0.08540000021457672,0.061000000685453415,0.17069999873638153,0.6225377917289734,0.09888529777526855,0.09074225276708603,0.18783465027809143
0.6747000217437744,0.09640000015497208,0.08429999649524689,0.1446000039577484,0.6683940887451172,0.06774939596652985,0.06962747126817703,0.19422905147075653
0.6309999823570251,0.1071000024676323,0.1071000024676323,0.15479999780654907,0.6511759161949158,0.08118646591901779,0.08508268743753433,0.1825549602508545
0.6951000094413757,0.024399999529123306,0.08540000021457672,0.19509999454021454,0.694693922996521,0.03149161860346794,0.07322020083665848,0.2005942016839981
0.6295999884605408,0.09260000288486481,0.12960000336170197,0.14810000360012054,0.66424560546875,0.11542857438325882,0.08850216865539551,0.1318235844373703
0.7321000099182129,0.1785999983549118,0.053599998354911804,0.0357000008225441,0.6829907894134521,0.16293899714946747,0.09297594428062439,0.061094317585229874
0.7272999882698059,0.07270000129938126,0.10909999907016754,0.0908999964594841,0.7169589996337891,0.08397233486175537,0.10089506953954697,0.0981736034154892
0.6000000238418579,0.16359999775886536,0.0908999964594841,0.14550000429153442,0.5487194061279297,0.14913514256477356,0.11959964036941528,0.18254582583904266
0.7091000080108643,0.054499998688697815,0.10909999907016754,0.12729999423027039,0.7145530581474304,0.06342018395662308,0.10830361396074295,0.11372311413288116
0.6909000277519226,0.07270000129938126,0.10909999907016754,0.12729999423027039,0.7011128664016724,0.0736086517572403,0.08115971088409424,0.1441187560558319
0.7455000281333923,0.018200000748038292,0.07270000129938126,0.16359999775886536,0.7495356798171997,0.03167068585753441,0.0747961476445198,0.14399747550487518
0.631600022315979,0.035100001841783524,0.10530000180006027,0.2281000018119812,0.6448262333869934,0.07761753350496292,0.09735420346260071,0.18020202219486237
0.6481000185012817,0.11110000312328339,0.09260000288486481,0.14810000360012054,0.6229002475738525,0.09515244513750076,0.10208366811275482,0.17986363172531128
0.6000000238418579,0.10909999907016754,0.07270000129938126,0.21819999814033508,0.5945030450820923,0.15060777962207794,0.07045070827007294,0.18443843722343445
0.6545000076293945,0.0908999964594841,0.036400001496076584,0.21819999814033508,0.6330158710479736,0.10054966807365417,0.06122514605522156,0.20520932972431183
0.6545000076293945,0.12729999423027039,0.10909999907016754,0.10909999907016754,0.6508505940437317,0.13171282410621643,0.07446367293596268,0.1429729014635086
0.6481000185012817,0.09260000288486481,0.07410000264644623,0.18520000576972961,0.6270469427108765,0.14548659324645996,0.06017587333917618,0.167290598154068
0.6111000180244446,0.09260000288486481,0.07410000264644623,0.22220000624656677,0.6372867226600647,0.07671000808477402,0.06163822486996651,0.22436504065990448
0.6726999878883362,0.036400001496076584,0.036400001496076584,0.25450000166893005,0.6422733068466187,0.04269476979970932,0.08557463437318802,0.2294573187828064
0.6851999759674072,0.07410000264644623,0.05559999868273735,0.18520000576972961,0.6932624578475952,0.08443143963813782,0.05780259519815445,0.1645035296678543
0.6000000238418579,0.10909999907016754,0.054499998688697815,0.23639999330043793,0.6036025881767273,0.15592893958091736,0.06719531863927841,0.17327314615249634
0.7635999917984009,0.054499998688697815,0.054499998688697815,0.12729999423027039,0.7761132121086121,0.03104843758046627,0.06471049785614014,0.12812788784503937
0.6851999759674072,0.05559999868273735,0.05559999868273735,0.2037000060081482,0.7056365013122559,0.06640809774398804,0.037106335163116455,0.19084909558296204
0.666700005531311,0.11110000312328339,0.07410000264644623,0.14810000360012054,0.6711825728416443,0.10292918235063553,0.08270591497421265,0.1431823968887329
0.5925999879837036,0.11110000312328339,0.14810000360012054,0.14810000360012054,0.5677101612091064,0.08051842451095581,0.14984175562858582,0.2019297033548355
0.6111000180244446,0.09260000288486481,0.11110000312328339,0.18520000576972961,0.6212242841720581,0.08148689568042755,0.10023059695959091,0.19705814123153687
0.6295999884605408,0.01850000023841858,0.09260000288486481,0.25929999351501465,0.6261857151985168,0.013942748308181763,0.1193966194987297,0.2404749095439911
0.6851999759674072,0.0,0.11110000312328339,0.2037000060081482,0.6769919395446777,0.024467529729008675,0.09527065604925156,0.2032698392868042
0.5892999768257141,0.053599998354911804,0.1606999933719635,0.1964000016450882,0.6243926882743835,0.06684686988592148,0.11282546073198318,0.19593499600887299
0.696399986743927,0.0357000008225441,0.0892999991774559,0.1785999983549118,0.7137740254402161,0.0341753251850605,0.07122749835252762,0.1808231621980667
0.6726999878883362,0.054499998688697815,0.10909999907016754,0.16359999775886536,0.6539073586463928,0.11274777352809906,0.10633126646280289,0.12701356410980225
0.4821000099182129,0.1429000049829483,0.1785999983549118,0.1964000016450882,0.48322275280952454,0.12265602499246597,0.1574934720993042,0.23662781715393066
0.5925999879837036,0.11110000312328339,0.09260000288486481,0.2037000060081482,0.6317458152770996,0.08960061520338058,0.0763406753540039,0.20231285691261292
0.5817999839782715,0.07270000129938126,0.16359999775886536,0.1817999929189682,0.5876177549362183,0.077078677713871,0.18141436576843262,0.15388919413089752
0.7091000080108643,0.036400001496076584,0.07270000129938126,0.1817999929189682,0.6940900683403015,0.07518452405929565,0.0819314494729042,0.14879398047924042
0.631600022315979,0.07020000368356705,0.12280000001192093,0.1754000037908554,0.6386082768440247,0.07961957901716232,0.11999094486236572,0.16178113222122192
0.5169000029563904,0.1348000019788742,0.1348000019788742,0.2134999930858612,0.5597822070121765,0.16132277250289917,0.12344912439584732,0.1554459035396576
0.5281000137329102,0.04490000009536743,0.17980000376701355,0.24719999730587006,0.53373783826828,0.0748181939125061,0.1727723926305771,0.21867156028747559
0.6363999843597412,0.1932000070810318,0.0681999996304512,0.1023000031709671,0.6165893077850342,0.17063644528388977,0.08677040040493011,0.12600386142730713
0.6477000117301941,0.0794999971985817,0.0681999996304512,0.2045000046491623,0.625194787979126,0.06287749111652374,0.08461091667413712,0.22731676697731018
0.6092000007629395,0.10339999943971634,0.12639999389648438,0.16089999675750732,0.6280938386917114,0.09335781633853912,0.11755523830652237,0.16099309921264648
0.7010999917984009,0.0689999982714653,0.0689999982714653,0.16089999675750732,0.6857268810272217,0.0778433233499527,0.0841686949133873,0.15226107835769653
0.4269999861717224,0.16850000619888306,0.16850000619888306,0.23600000143051147,0.4140155017375946,0.17737165093421936,0.18515917658805847,0.22345367074012756
0.4885999858379364,0.1476999968290329,0.1363999992609024,0.2273000031709671,0.5151311159133911,0.15497280657291412,0.11858991533517838,0.21130616962909698
0.5842999815940857,0.05620000138878822,0.1348000019788742,0.22470000386238098,0.5560762882232666,0.05725231021642685,0.1442136913537979,0.24245774745941162
0.6477000117301941,0.1023000031709671,0.1136000007390976,0.1363999992609024,0.6541253328323364,0.11545997858047485,0.12195004522800446,0.10846460610628128
0.5698000192642212,0.11630000174045563,0.09300000220537186,0.22089999914169312,0.5804884433746338,0.1231112852692604,0.07380081713199615,0.22259943187236786
0.7441999912261963,0.09300000220537186,0.011599999852478504,0.15119999647140503,0.6994872689247131,0.09429623931646347,0.05786773934960365,0.14834880828857422
0.5286999940872192,0.11490000039339066,0.12639999389648438,0.22990000247955322,0.564964234828949,0.11522867530584335,0.11212058365345001,0.20768657326698303
0.5227000117301941,0.1817999929189682,0.1817999929189682,0.1136000007390976,0.5783283710479736,0.16797475516796112,0.1305636167526245,0.12313321232795715
0.6741999983787537,0.0674000009894371,0.10109999775886536,0.15729999542236328,0.650507390499115,0.050555165857076645,0.1157219335436821,0.18321548402309418
0.5286999940872192,0.19539999961853027,0.16089999675750732,0.11490000039339066,0.5333064198493958,0.17062152922153473,0.1585714966058731,0.13750049471855164
0.6704999804496765,0.1363999992609024,0.0568000003695488,0.1363999992609024,0.6561419367790222,0.1441352516412735,0.07052084803581238,0.1292019933462143
0.4885999858379364,0.0794999971985817,0.1817999929189682,0.25,0.4815899431705475,0.09483067691326141,0.1723882555961609,0.2511911392211914
0.6207000017166138,0.057500001043081284,0.09200000017881393,0.22990000247955322,0.6175069212913513,0.05788757652044296,0.09250408411026001,0.2321014702320099
0.550599992275238,0.1348000019788742,0.0674000009894371,0.24719999730587006,0.5307336449623108,0.13524293899536133,0.09150996059179306,0.24251344799995422
0.5681999921798706,0.1704999953508377,0.125,0.1363999992609024,0.5782946348190308,0.15353241562843323,0.12506498396396637,0.14310793578624725
0.5401999950408936,0.12639999389648438,0.10339999943971634,0.22990000247955322,0.5394020676612854,0.10334960371255875,0.10095550864934921,0.25629281997680664
0.6162999868392944,0.02329999953508377,0.13950000703334808,0.22089999914169312,0.5967585444450378,0.052965328097343445,0.1595211774110794,0.1907549500465393
0.5286999940872192,0.10339999943971634,0.17239999771118164,0.19539999961853027,0.5433164834976196,0.12362135201692581,0.16409185528755188,0.16897034645080566
0.4269999861717224,0.1348000019788742,0.2021999955177307,0.23600000143051147,0.4174634516239166,0.18927128612995148,0.1771107316017151,0.21615459024906158
0.666700005531311,0.12639999389648438,0.11490000039339066,0.09200000017881393,0.6684505343437195,0.105764240026474,0.10092093050479889,0.12486434727907181
0.5232999920845032,0.12790000438690186,0.1046999990940094,0.24420000612735748,0.5709855556488037,0.16439083218574524,0.09284742921590805,0.17177614569664001
0.5286999940872192,0.10339999943971634,0.10339999943971634,0.26440000534057617,0.5111942887306213,0.11540739983320236,0.1282443255186081,0.24515394866466522
0.6047000288963318,0.0348999984562397,0.15119999647140503,0.2092999964952469,0.6077715754508972,0.07373105734586716,0.1460600644350052,0.17243726551532745
0.5861999988555908,0.11490000039339066,0.10339999943971634,0.19539999961853027,0.5531395077705383,0.07968730479478836,0.13849644362926483,0.22867675125598907
0.6818000078201294,0.0681999996304512,0.1590999960899353,0.0908999964594841,0.6938250064849854,0.06658437103033066,0.12318707257509232,0.11640360951423645
0.5795000195503235,0.125,0.1476999968290329,0.1476999968290329,0.6193647980690002,0.11820784211158752,0.09572762995958328,0.16669978201389313
0.6392999887466431,0.01640000008046627,0.13109999895095825,0.21310000121593475,0.6223656535148621,0.057889021933078766,0.11158402264118195,0.20816123485565186
0.6499999761581421,0.11670000106096268,0.08330000191926956,0.15000000596046448,0.690973162651062,0.07058735191822052,0.07874587923288345,0.159693643450737
0.6833000183105469,0.10000000149011612,0.0333000011742115,0.18330000340938568,0.6485417485237122,0.08309951424598694,0.05323554947972298,0.21512317657470703
0.7541000247001648,0.03280000016093254,0.01640000008046627,0.19670000672340393,0.7371291518211365,0.03669949993491173,0.039066415280103683,0.18710486590862274
0.5246000289916992,0.14749999344348907,0.14749999344348907,0.18029999732971191,0.5894069671630859,0.14359652996063232,0.09546927362680435,0.1715272068977356
0.6392999887466431,0.11479999870061874,0.0820000022649765,0.1639000028371811,0.6294618844985962,0.14533551037311554,0.055867914110422134,0.16933467984199524
0.7376999855041504,0.14749999344348907,0.04919999837875366,0.06560000032186508,0.6981049180030823,0.12443207204341888,0.07329285144805908,0.10417014360427856
0.733299970626831,0.10000000149011612,0.05000000074505806,0.11670000106096268,0.739984393119812,0.0811007022857666,0.04842744022607803,0.13048751652240753
0.7376999855041504,0.03280000016093254,0.04919999837875366,0.18029999732971191,0.6901471018791199,0.07359841465950012,0.07534375786781311,0.16091077029705048
0.733299970626831,0.11670000106096268,0.016699999570846558,0.13330000638961792,0.7297365665435791,0.14624184370040894,0.0145649965852499,0.10945656895637512
0.7049000263214111,0.0820000022649765,0.04919999837875366,0.1639000028371811,0.6816371083259583,0.11821964383125305,0.06002793088555336,0.1401153802871704
0.6499999761581421,0.06669999659061432,0.05000000074505806,0.23330000042915344,0.6430869698524475,0.07131175696849823,0.09558634459972382,0.19001494348049164
0.6230000257492065,0.09839999675750732,0.09839999675750732,0.18029999732971191,0.6283414363861084,0.1404760330915451,0.09449553489685059,0.13668693602085114
0.5666999816894531,0.18330000340938568,0.06669999659061432,0.18330000340938568,0.6033755540847778,0.17783570289611816,0.07435045391321182,0.14443828165531158
0.5573999881744385,0.04919999837875366,0.13109999895095825,0.2623000144958496,0.5935711860656738,0.05435475707054138,0.11619824916124344,0.23587585985660553
0.7213000059127808,0.06560000032186508,0.01640000008046627,0.19670000672340393,0.7058873176574707,0.08766458928585052,0.035144057124853134,0.17130403220653534
0.7627000212669373,0.033900000154972076,0.06780000030994415,0.1356000006198883,0.761611819267273,0.024102412164211273,0.044678814709186554,0.1696069836616516
0.6779999732971191,0.11860000342130661,0.06780000030994415,0.1356000006198883,0.6910561919212341,0.12389955669641495,0.06842382997274399,0.11662040650844574
0.7049000263214111,0.04919999837875366,0.04919999837875366,0.19670000672340393,0.7101592421531677,0.0625397115945816,0.06377319991588593,0.16352784633636475
0.8033000230789185,0.03280000016093254,0.0820000022649765,0.0820000022649765,0.8103637099266052,0.017625700682401657,0.06756622344255447,0.10444441437721252
0.6557000279426575,0.0820000022649765,0.09839999675750732,0.1639000028371811,0.7031129002571106,0.051332805305719376,0.054643478244543076,0.19091086089611053
0.6557000279426575,0.0820000022649765,0.01640000008046627,0.2459000051021576,0.6653741598129272,0.08167052268981934,0.02789575420320034,0.22505955398082733
0.6721000075340271,0.01640000008046627,0.06560000032186508,0.2459000051021576,0.6839994788169861,0.023405175656080246,0.06879163533449173,0.22380377352237701
0.6610000133514404,0.1356000006198883,0.05079999938607216,0.1525000035762787,0.6363047361373901,0.15854351222515106,0.04868470877408981,0.15646706521511078
0.733299970626831,0.06669999659061432,0.016699999570846558,0.18330000340938568,0.7251462340354919,0.0671861469745636,0.03843134269118309,0.1692361831665039
0.7049000263214111,0.04919999837875366,0.04919999837875366,0.19670000672340393,0.6996883153915405,0.04836420714855194,0.051483429968357086,0.20046406984329224
0.6948999762535095,0.10170000046491623,0.016899999231100082,0.18639999628067017,0.6778431534767151,0.09708205610513687,0.025875352323055267,0.19919945299625397
0.6230000257492065,0.13109999895095825,0.0820000022649765,0.1639000028371811,0.6598031520843506,0.1162349283695221,0.06846458464860916,0.15549740195274353
0.7376999855041504,0.03280000016093254,0.06560000032186508,0.1639000028371811,0.7345576882362366,0.04959827661514282,0.054049137979745865,0.16179484128952026
0.78329998254776,0.05000000074505806,0.05000000074505806,0.11670000106096268,0.7540107369422913,0.05679618567228317,0.0737873837351799,0.11540567874908447
0.666700005531311,0.08330000191926956,0.06669999659061432,0.18330000340938568,0.6773619055747986,0.09311456978321075,0.06449858099222183,0.16502487659454346
0.6333000063896179,0.05000000074505806,0.13330000638961792,0.18330000340938568,0.6649098992347717,0.05675331503152847,0.11713457107543945,0.16120219230651855
0.4571000039577484,0.10480000078678131,0.17139999568462372,0.26669999957084656,0.49157947301864624,0.06372996419668198,0.17374427616596222,0.2709462642669678
0.48570001125335693,0.08569999784231186,0.15240000188350677,0.27619999647140503,0.5555815696716309,0.09248502552509308,0.09806596487760544,0.2538674771785736
0.609499990940094,0.15240000188350677,0.07620000094175339,0.16189999878406525,0.5326225757598877,0.1592988222837448,0.12454761564731598,0.18353095650672913
0.685699999332428,0.15240000188350677,0.06669999659061432,0.09520000219345093,0.6635267734527588,0.12202302366495132,0.07832371443510056,0.1361265331506729
0.5864999890327454,0.15379999577999115,0.07689999788999557,0.1826999932527542,0.5794099569320679,0.17093904316425323,0.08445586264133453,0.16519513726234436
0.5,0.10580000281333923,0.17309999465942383,0.22120000422000885,0.5387944579124451,0.09004158526659012,0.14874370396137238,0.22242024540901184
0.4000000059604645,0.15240000188350677,0.2094999998807907,0.23810000717639923,0.4369061291217804,0.15854626893997192,0.15069609880447388,0.2538515329360962
0.5619000196456909,0.057100001722574234,0.08569999784231186,0.295199990272522,0.5428597927093506,0.09619546681642532,0.06637287884950638,0.2945718467235565
0.6345999836921692,0.09619999676942825,0.08649999648332596,0.1826999932527542,0.6684918403625488,0.05750656872987747,0.08768704533576965,0.18631452322006226
0.6571000218391418,0.009499999694526196,0.09520000219345093,0.23810000717639923,0.6339379549026489,0.051230043172836304,0.08612996339797974,0.22870200872421265
0.6190000176429749,0.1429000049829483,0.10480000078678131,0.13330000638961792,0.6330044269561768,0.13583147525787354,0.10578565299510956,0.12537844479084015
0.5809999704360962,0.15240000188350677,0.07620000094175339,0.19050000607967377,0.5500934720039368,0.1931009739637375,0.09050460159778595,0.1663009524345398
0.5619000196456909,0.1429000049829483,0.08569999784231186,0.2094999998807907,0.5995670557022095,0.1335204690694809,0.08671388775110245,0.1801985651254654
0.5238000154495239,0.1809999942779541,0.07620000094175339,0.21899999678134918,0.5421887040138245,0.20009413361549377,0.0920357033610344,0.16568148136138916
0.628600001335144,0.09520000219345093,0.07620000094175339,0.20000000298023224,0.6532074809074402,0.10135341435670853,0.04622206464409828,0.19921700656414032
0.44760000705718994,0.22859999537467957,0.15240000188350677,0.17139999568462372,0.3970068693161011,0.20277127623558044,0.18937310576438904,0.21084874868392944
0.4952000081539154,0.057100001722574234,0.13330000638961792,0.314300000667572,0.48493772745132446,0.08167684078216553,0.1147337555885315,0.3186517059803009
0.628600001335144,0.10480000078678131,0.06669999659061432,0.20000000298023224,0.6426036357879639,0.12097769975662231,0.06564608961343765,0.17077259719371796
0.428600013256073,0.17139999568462372,0.1429000049829483,0.257099986076355,0.39199548959732056,0.15290917456150055,0.16150426864624023,0.29359105229377747
0.6381000280380249,0.1429000049829483,0.038100000470876694,0.1809999942779541,0.6769499182701111,0.13619418442249298,0.04715946689248085,0.13969649374485016
0.41350001096725464,0.21150000393390656,0.11540000140666962,0.2596000134944916,0.44059649109840393,0.19839854538440704,0.114936463534832,0.24606847763061523
0.5238000154495239,0.16189999878406525,0.06669999659061432,0.2476000040769577,0.5603343844413757,0.15499259531497955,0.06588485836982727,0.21878817677497864
0.5095999836921692,0.10580000281333923,0.15379999577999115,0.23080000281333923,0.5538967847824097,0.11701367795467377,0.11655748635530472,0.21253202855587006
0.42309999465942383,0.21150000393390656,0.10580000281333923,0.2596000134944916,0.4053691625595093,0.20383241772651672,0.11300752311944962,0.2777908444404602
0.5,0.13459999859333038,0.11540000140666962,0.25,0.5321632027626038,0.09805651009082794,0.09691412001848221,0.2728661596775055
0.6571000218391418,0.12380000203847885,0.08569999784231186,0.13330000638961792,0.6011061072349548,0.15819217264652252,0.083280049264431,0.15742161870002747
0.504800021648407,0.1429000049829483,0.20000000298023224,0.15240000188350677,0.5563687682151794,0.15003737807273865,0.1551027148962021,0.13849113881587982
0.6381000280380249,0.08569999784231186,0.06669999659061432,0.2094999998807907,0.6291075944900513,0.11682867258787155,0.0778246745467186,0.1762390434741974
0.6407999992370605,0.14560000598430634,0.07769999653100967,0.13590000569820404,0.6488532423973083,0.1325971931219101,0.06785642355680466,0.1506931334733963
0.567300021648407,0.23080000281333923,0.07689999788999557,0.125,0.5255982875823975,0.22190126776695251,0.07454568892717361,0.1779547482728958
0.48080000281333923,0.16349999606609344,0.11540000140666962,0.24040000140666962,0.48743510246276855,0.1724478155374527,0.0978747308254242,0.24224227666854858
0.5142999887466431,0.1429000049829483,0.15240000188350677,0.19050000607967377,0.5560402274131775,0.12166963517665863,0.13310697674751282,0.18918316066265106
0.6800000071525574,0.02669999934732914,0.14669999480247498,0.14669999480247498,0.7070422768592834,0.037180256098508835,0.10509244352579117,0.15068505704402924
0.5733000040054321,0.07999999821186066,0.13330000638961792,0.21330000460147858,0.5907033085823059,0.06945568323135376,0.11098986864089966,0.22885112464427948
0.5404999852180481,0.1485999971628189,0.1485999971628189,0.16220000386238098,0.5212322473526001,0.13544145226478577,0.15528438985347748,0.18804185092449188
0.5,0.17569999396800995,0.16220000386238098,0.16220000386238098,0.5169197916984558,0.15611955523490906,0.16044734418392181,0.1665133237838745
0.5134999752044678,0.17569999396800995,0.10809999704360962,0.20270000398159027,0.4996854364871979,0.1889197826385498,0.09877900034189224,0.2126157581806183
0.5867000222206116,0.13330000638961792,0.093299999833107,0.1867000013589859,0.5845422744750977,0.12890948355197906,0.11069366335868835,0.17585456371307373
0.6757000088691711,0.10809999704360962,0.08110000193119049,0.13510000705718994,0.6846374869346619,0.056639235466718674,0.1001845970749855,0.15853872895240784
0.5,0.17110000550746918,0.14470000565052032,0.1842000037431717,0.48174232244491577,0.17515838146209717,0.15518173575401306,0.18791751563549042
0.6215999722480774,0.13510000705718994,0.10809999704360962,0.13510000705718994,0.6189910769462585,0.14616434276103973,0.09345367550849915,0.14139090478420258
0.4474000036716461,0.07890000194311142,0.23680000007152557,0.23680000007152557,0.4810596704483032,0.10988439619541168,0.21201464533805847,0.19704127311706543
0.4415999948978424,0.1687999963760376,0.19480000436306,0.19480000436306,0.4227146506309509,0.16814427077770233,0.19016066193580627,0.21898044645786285
0.5810999870300293,0.12160000205039978,0.13510000705718994,0.16220000386238098,0.577168881893158,0.1123272180557251,0.14088988304138184,0.1696140468120575
0.4729999899864197,0.1891999989748001,0.13510000705718994,0.20270000398159027,0.47224336862564087,0.18277862668037415,0.15361469984054565,0.1913633793592453
0.6446999907493591,0.11840000003576279,0.09210000187158585,0.14470000565052032,0.6307244300842285,0.08535926789045334,0.10018569231033325,0.1837306171655655
0.5810999870300293,0.08110000193119049,0.1891999989748001,0.1485999971628189,0.5622140169143677,0.06307866424322128,0.19316084682941437,0.18154644966125488
0.5,0.21619999408721924,0.1485999971628189,0.13510000705718994,0.5178084969520569,0.21297238767147064,0.13066703081130981,0.13855206966400146
0.6363999843597412,0.0778999999165535,0.1429000049829483,0.1429000049829483,0.6268887519836426,0.08484016358852386,0.13878925144672394,0.1494818925857544
0.4323999881744385,0.1485999971628189,0.16220000386238098,0.25679999589920044,0.4406626224517822,0.1413954794406891,0.19232334196567535,0.22561858594417572
0.554099977016449,0.09459999948740005,0.20270000398159027,0.1485999971628189,0.5963742733001709,0.07291584461927414,0.16051197052001953,0.1701979637145996
0.4867999851703644,0.17110000550746918,0.15790000557899475,0.1842000037431717,0.4623887240886688,0.17177259922027588,0.17791889607906342,0.18791981041431427
0.5325000286102295,0.1429000049829483,0.1429000049829483,0.1817999929189682,0.5225381255149841,0.13738133013248444,0.13684570789337158,0.20323482155799866
0.5733000040054321,0.07999999821186066,0.14669999480247498,0.20000000298023224,0.5586419701576233,0.10620301216840744,0.16610467433929443,0.16905030608177185
0.5394999980926514,0.17110000550746918,0.15790000557899475,0.1316000074148178,0.6120184659957886,0.12828603386878967,0.13871029019355774,0.12098526209592819
0.5676000118255615,0.09459999948740005,0.1485999971628189,0.1891999989748001,0.5891861915588379,0.045433159917593,0.15611881017684937,0.20926178991794586
0.5065000057220459,0.0649000033736229,0.19480000436306,0.2337999939918518,0.505306601524353,0.0874667838215828,0.21136432886123657,0.19586223363876343
0.5467000007629395,0.093299999833107,0.13330000638961792,0.22669999301433563,0.5314760208129883,0.07686606049537659,0.16082963347434998,0.23082822561264038
0.5583999752998352,0.0908999964594841,0.1817999929189682,0.1687999963760376,0.5548567771911621,0.0662681981921196,0.16594870388507843,0.21292635798454285
0.5325000286102295,0.0649000033736229,0.2468000054359436,0.155799999833107,0.5540461540222168,0.07154832035303116,0.24585649371147156,0.12854905426502228
0.5134999752044678,0.09459999948740005,0.13510000705718994,0.25679999589920044,0.5348930358886719,0.0633867159485817,0.15028530359268188,0.25143489241600037
0.554099977016449,0.09459999948740005,0.21619999408721924,0.13510000705718994,0.5624224543571472,0.11606242507696152,0.1759401559829712,0.1455749124288559
0.5195000171661377,0.039000000804662704,0.1817999929189682,0.2597000002861023,0.5170390009880066,0.061510756611824036,0.16348987817764282,0.25796031951904297
0.47999998927116394,0.17329999804496765,0.1867000013589859,0.1599999964237213,0.4507151246070862,0.19748058915138245,0.18371295928955078,0.1680913269519806
0.29409998655319214,0.029400000348687172,0.4706000089645386,0.20589999854564667,0.2782016098499298,0.0299005638808012,0.4713919460773468,0.22050586342811584
0.678600013256073,0.0357000008225441,0.1071000024676323,0.1785999983549118,0.6694834232330322,0.01574474200606346,0.11532074958086014,0.19945105910301208
0.5184999704360962,0.11110000312328339,0.07410000264644623,0.2962999939918518,0.552526593208313,0.12376787513494492,0.07024586945772171,0.2534596621990204
0.6538000106811523,0.11540000140666962,0.15379999577999115,0.07689999788999557,0.7007685303688049,0.09300436824560165,0.1291237622499466,0.07710332423448563
0.7692000269889832,0.11540000140666962,0.07689999788999557,0.03849999979138374,0.7900856733322144,0.10328306257724762,0.07807643711566925,0.02855491079390049
0.5184999704360962,0.14810000360012054,0.22220000624656677,0.11110000312328339,0.5484533309936523,0.1344042718410492,0.16661669313907623,0.15052562952041626
0.5385000109672546,0.03849999979138374,0.15379999577999115,0.26919999718666077,0.6138814687728882,0.05984015017747879,0.08774977922439575,0.23852865397930145
0.321399986743927,0.2143000066280365,0.321399986743927,0.1429000049829483,0.32766053080558777,0.22159795463085175,0.28108519315719604,0.16965636610984802
0.4074000120162964,0.07410000264644623,0.33329999446868896,0.18520000576972961,0.4397324025630951,0.038423389196395874,0.3478569984436035,0.17398713529109955
0.5,0.1071000024676323,0.1785999983549118,0.2143000066280365,0.5363929867744446,0.11829107999801636,0.14721561968326569,0.1981002688407898
0.5385000109672546,0.15379999577999115,0.23080000281333923,0.07689999788999557,0.5509657859802246,0.16002732515335083,0.2105574756860733,0.07844940572977066
0.6071000099182129,0.0357000008225441,0.1429000049829483,0.2143000066280365,0.6192449331283569,0.028291555121541023,0.10128659754991531,0.2511768639087677
0.6154000163078308,0.11540000140666962,0.07689999788999557,0.1923000067472458,0.6091856360435486,0.09944681823253632,0.07595125585794449,0.21541626751422882
0.6154000163078308,0.23080000281333923,0.03849999979138374,0.11540000140666962,0.6242453455924988,0.20991438627243042,0.034671515226364136,0.13116876780986786
0.7692000269889832,0.15379999577999115,0.03849999979138374,0.03849999979138374,0.7467286586761475,0.1719067096710205,0.06486722081899643,0.016497384756803513
0.5925999879837036,0.14810000360012054,0.11110000312328339,0.14810000360012054,0.6001379489898682,0.1439441442489624,0.09720742702484131,0.15871044993400574
0.26919999718666077,0.15379999577999115,0.34619998931884766,0.23080000281333923,0.3360011875629425,0.16665782034397125,0.29942989349365234,0.1979110687971115
0.5769000053405762,0.07689999788999557,0.11540000140666962,0.23080000281333923,0.5862365961074829,0.10802008211612701,0.08955180644989014,0.21619154512882233
0.7692000269889832,0.07689999788999557,0.03849999979138374,0.11540000140666962,0.7648138403892517,0.058517150580883026,0.03360357508063316,0.14306539297103882
0.7407000064849854,0.07410000264644623,0.07410000264644623,0.11110000312328339,0.7176216244697571,0.08604313433170319,0.07895761728286743,0.11737754195928574
0.6295999884605408,0.03700000047683716,0.07410000264644623,0.25929999351501465,0.633528470993042,0.0414605513215065,0.0670347511768341,0.257976233959198
0.6428999900817871,0.0714000016450882,0.1785999983549118,0.1071000024676323,0.6427477598190308,0.06072632595896721,0.1740948110818863,0.1224311888217926
0.692300021648407,0.0,0.03849999979138374,0.26919999718666077,0.7180746793746948,0.009773734956979752,0.016114164143800735,0.2560374438762665
0.4643000066280365,0.1429000049829483,0.1071000024676323,0.2856999933719635,0.47155335545539856,0.13043512403964996,0.123493492603302,0.2745179533958435
0.666700005531311,0.03700000047683716,0.03700000047683716,0.25929999351501465,0.6497641205787659,0.03723444789648056,0.0565544031560421,0.2564469873905182
0.678600013256073,0.0357000008225441,0.1429000049829483,0.1429000049829483,0.6848762631416321,0.04660641402006149,0.16829775273799896,0.10021953284740448
0.6538000106811523,0.07689999788999557,0.11540000140666962,0.15379999577999115,0.6281173825263977,0.08467503637075424,0.11261524260044098,0.17459231615066528
0.5,0.1071000024676323,0.1429000049829483,0.25,0.4866167902946472,0.12303599715232849,0.15015915036201477,0.24018807709217072
0.7142999768257141,0.0714000016450882,0.0714000016450882,0.1429000049829483,0.704097330570221,0.047914426773786545,0.09793072938919067,0.15005744993686676
0.6428999900817871,0.0,0.1429000049829483,0.2143000066280365,0.6268145442008972,0.01657405123114586,0.15390783548355103,0.2027035504579544
0.7307999730110168,0.23080000281333923,0.0,0.03849999979138374,0.6969324946403503,0.20844127237796783,0.021883897483348846,0.0727422907948494
0.571399986743927,0.0714000016450882,0.1071000024676323,0.25,0.5706614255905151,0.06352818012237549,0.10352000594139099,0.26229041814804077
0.5,0.0714000016450882,0.2143000066280365,0.2143000066280365,0.5140089988708496,0.07821239531040192,0.19739553332328796,0.2103831022977829
0.5949000120162964,0.050599999725818634,0.11389999836683273,0.24050000309944153,0.5816901326179504,0.0745336189866066,0.10760185867547989,0.23617444932460785
0.7692000269889832,0.03849999979138374,0.05130000039935112,0.14100000262260437,0.7556788325309753,0.053056977689266205,0.054315194487571716,0.13694900274276733
0.699999988079071,0.02500000037252903,0.08749999850988388,0.1875,0.688930869102478,0.056994419544935226,0.07943861931562424,0.1746360957622528
0.7307999730110168,0.0,0.0640999972820282,0.20509999990463257,0.7191950678825378,0.041536398231983185,0.09179326891899109,0.1474751979112625
0.7436000108718872,0.03849999979138374,0.08969999849796295,0.1281999945640564,0.756729781627655,0.03738217055797577,0.08391357958316803,0.12197437137365341
0.6625000238418579,0.07500000298023224,0.0625,0.20000000298023224,0.6816452741622925,0.10997913032770157,0.0586380809545517,0.14973759651184082
0.5062000155448914,0.18520000576972961,0.16050000488758087,0.14810000360012054,0.5409642457962036,0.16530732810497284,0.13413166999816895,0.15959671139717102
0.6420000195503235,0.09880000352859497,0.12349999696016312,0.13580000400543213,0.6289205551147461,0.12877510488033295,0.1038786917924881,0.13842561841011047
0.4814999997615814,0.07410000264644623,0.16050000488758087,0.2840000092983246,0.45939117670059204,0.09045948088169098,0.1785001903772354,0.27164918184280396
0.7050999999046326,0.07689999788999557,0.0640999972820282,0.15379999577999115,0.7083717584609985,0.03638727217912674,0.09871786087751389,0.15652307868003845
0.6962000131607056,0.03799999877810478,0.11389999836683273,0.15189999341964722,0.7089492678642273,0.031149057671427727,0.10661803930997849,0.15328361093997955
0.550000011920929,0.07500000298023224,0.16249999403953552,0.21250000596046448,0.5659163594245911,0.0708327442407608,0.1282615214586258,0.23498933017253876
0.640999972820282,0.20509999990463257,0.03849999979138374,0.11540000140666962,0.6843374967575073,0.16599328815937042,0.043069981038570404,0.10659922659397125
0.6538000106811523,0.012799999676644802,0.16670000553131104,0.16670000553131104,0.6407217383384705,0.04605253413319588,0.1301705241203308,0.18305517733097076
0.6202999949455261,0.050599999725818634,0.11389999836683273,0.2152000069618225,0.616283655166626,0.08913157135248184,0.08243323117494583,0.21215158700942993
0.5184999704360962,0.07410000264644623,0.19750000536441803,0.20990000665187836,0.5427356362342834,0.0899943858385086,0.1678035855293274,0.19946639239788055
0.7178999781608582,0.03849999979138374,0.0640999972820282,0.17949999868869781,0.6977124810218811,0.06002024933695793,0.06989721953868866,0.17237015068531036
0.6000000238418579,0.05000000074505806,0.13750000298023224,0.21250000596046448,0.602630078792572,0.08187631517648697,0.1347278356552124,0.18076574802398682
0.5769000053405762,0.21789999306201935,0.08969999849796295,0.11540000140666962,0.5875520706176758,0.1935812383890152,0.09666751325130463,0.12219919264316559
0.7307999730110168,0.10260000079870224,0.05130000039935112,0.11540000140666962,0.7219767570495605,0.08896499127149582,0.05834466964006424,0.1307135820388794
0.5309000015258789,0.14810000360012054,0.14810000360012054,0.1728000044822693,0.546878457069397,0.17225107550621033,0.12989501655101776,0.15097545087337494
0.6625000238418579,0.08749999850988388,0.03750000149011612,0.21250000596046448,0.6483263969421387,0.10218020528554916,0.08020216226577759,0.16929128766059875
0.6281999945640564,0.05130000039935112,0.08969999849796295,0.23080000281333923,0.632763147354126,0.08732417970895767,0.09405184537172318,0.18586088716983795
0.675000011920929,0.02500000037252903,0.10000000149011612,0.20000000298023224,0.6746475696563721,0.038660384714603424,0.1280064880847931,0.1586855798959732
0.5874999761581421,0.15000000596046448,0.16249999403953552,0.10000000149011612,0.575713574886322,0.14584776759147644,0.14641860127449036,0.13202008605003357
0.6154000163078308,0.1281999945640564,0.05130000039935112,0.20509999990463257,0.5883092284202576,0.12093116343021393,0.10672138631343842,0.1840382069349289
0.48100000619888306,0.17720000445842743,0.15189999341964722,0.1898999959230423,0.47935643792152405,0.16056428849697113,0.19730468094348907,0.16277457773685455
0.666700005531311,0.03700000047683716,0.11110000312328339,0.18520000576972961,0.6706111431121826,0.07013184577226639,0.08970000594854355,0.16955704987049103
0.45570001006126404,0.10130000114440918,0.17720000445842743,0.26579999923706055,0.4565921127796173,0.11321166157722473,0.174321249127388,0.25587496161460876
0.5949000120162964,0.1265999972820282,0.07590000331401825,0.20250000059604645,0.6303396224975586,0.08497460931539536,0.06748353689908981,0.21720226109027863
0.5315999984741211,0.13920000195503235,0.13920000195503235,0.1898999959230423,0.5645792484283447,0.134624183177948,0.11425405740737915,0.18654246628284454
0.6049000024795532,0.13580000400543213,0.09880000352859497,0.16050000488758087,0.5716537833213806,0.12314681708812714,0.13818752765655518,0.16701184213161469
0.4724999964237213,0.13189999759197235,0.15379999577999115,0.241799995303154,0.5190484523773193,0.10922428965568542,0.1540309488773346,0.21769626438617706
0.571399986743927,0.1648000031709671,0.120899997651577,0.1429000049829483,0.5671036243438721,0.15056128799915314,0.14006471633911133,0.14227041602134705
0.6111000180244446,0.11110000312328339,0.15559999644756317,0.12219999730587006,0.59735506772995,0.14985965192317963,0.13698281347751617,0.11580255627632141
0.4129999876022339,0.21739999949932098,0.22830000519752502,0.1412999927997589,0.4183928966522217,0.19006355106830597,0.22769851982593536,0.1638450175523758
0.571399986743927,0.09889999777078629,0.10989999771118164,0.21979999542236328,0.5686991214752197,0.1263992190361023,0.1182781457901001,0.18662357330322266
0.5590999722480774,0.13979999721050262,0.16130000352859497,0.13979999721050262,0.5772922039031982,0.11913097649812698,0.15875035524368286,0.14482644200325012
0.5054000020027161,0.07530000060796738,0.2151000052690506,0.20430000126361847,0.48166775703430176,0.07832354307174683,0.20365241169929504,0.23635631799697876
0.478300005197525,0.06520000100135803,0.17389999330043793,0.2825999855995178,0.5216174125671387,0.09388687461614609,0.1566179394721985,0.22787776589393616
0.5435000061988831,0.07609999924898148,0.195700004696846,0.18479999899864197,0.5684390664100647,0.05628309026360512,0.1518026739358902,0.22347518801689148
0.5274999737739563,0.1648000031709671,0.1648000031709671,0.1429000049829483,0.509207010269165,0.1599164605140686,0.19139494001865387,0.13948160409927368
0.5777999758720398,0.11110000312328339,0.16670000553131104,0.1444000005722046,0.6032599806785583,0.10648170858621597,0.1432868093252182,0.14697152376174927
0.5110999941825867,0.022199999541044235,0.12219999730587006,0.34439998865127563,0.5187929272651672,0.04063500463962555,0.1246766597032547,0.3158953785896301
0.45649999380111694,0.195700004696846,0.195700004696846,0.15219999849796295,0.4608679711818695,0.19533444941043854,0.18296290934085846,0.16083471477031708
0.6154000163078308,0.07689999788999557,0.17579999566078186,0.13189999759197235,0.6581162810325623,0.08565428107976913,0.13449016213417053,0.12173927575349808
0.6556000113487244,0.06669999659061432,0.10000000149011612,0.1777999997138977,0.6676710247993469,0.04798953980207443,0.08965626358985901,0.19468320906162262
0.5666999816894531,0.18889999389648438,0.12219999730587006,0.12219999730587006,0.5754840970039368,0.17993828654289246,0.12252762913703918,0.12204995006322861
0.5604000091552734,0.21979999542236328,0.08789999783039093,0.13189999759197235,0.5618594884872437,0.19579192996025085,0.09917408972978592,0.14317451417446136
0.5889000296592712,0.13330000638961792,0.11110000312328339,0.16670000553131104,0.615558922290802,0.10367704182863235,0.10696808993816376,0.17379599809646606
0.571399986743927,0.19779999554157257,0.1648000031709671,0.06589999794960022,0.5638761520385742,0.16831719875335693,0.14680886268615723,0.12099777907133102
0.6237000226974487,0.01080000028014183,0.13979999721050262,0.22579999268054962,0.6257708072662354,0.024074947461485863,0.13219745457172394,0.2179567515850067
0.6263999938964844,0.10989999771118164,0.1429000049829483,0.120899997651577,0.6181877851486206,0.08940695971250534,0.14120741188526154,0.15119785070419312
0.6484000086784363,0.04399999976158142,0.08789999783039093,0.21979999542236328,0.6606482863426208,0.0789031907916069,0.08014573156833649,0.18030279874801636
0.5385000109672546,0.09889999777078629,0.13189999759197235,0.23080000281333923,0.5280935168266296,0.09034615010023117,0.14722022414207458,0.23434007167816162
0.41760000586509705,0.15379999577999115,0.1648000031709671,0.263700008392334,0.4177837371826172,0.1548994928598404,0.16201652586460114,0.26530030369758606
0.6333000063896179,0.13330000638961792,0.10000000149011612,0.13330000638961792,0.6438762545585632,0.09874162822961807,0.10593429952859879,0.15144778788089752
0.6129000186920166,0.0,0.15049999952316284,0.23659999668598175,0.5867289304733276,0.046679869294166565,0.1451951265335083,0.22139613330364227
0.6556000113487244,0.0333000011742115,0.11110000312328339,0.20000000298023224,0.6279228329658508,0.060259927064180374,0.13659586012363434,0.17522135376930237
0.5870000123977661,0.15219999849796295,0.11959999799728394,0.1412999927997589,0.5971492528915405,0.15216714143753052,0.12889058887958527,0.12179304659366608
0.3912999927997589,0.17389999330043793,0.23909999430179596,0.195700004696846,0.4420570135116577,0.16811394691467285,0.18901558220386505,0.2008134424686432
0.6484000086784363,0.05490000173449516,0.10989999771118164,0.1868000030517578,0.6328122019767761,0.09742471575737,0.12856359779834747,0.1411994993686676
0.5666999816894531,0.0333000011742115,0.1777999997138977,0.22220000624656677,0.5477443337440491,0.06415341794490814,0.17370720207691193,0.21439504623413086
0.49459999799728394,0.18279999494552612,0.11829999834299088,0.20430000126361847,0.5165801048278809,0.1827588975429535,0.12317875027656555,0.17748230695724487
0.5555999875068665,0.09260000288486481,0.2037000060081482,0.14810000360012054,0.5916343927383423,0.11073141545057297,0.14329710602760315,0.1543370634317398
0.6000000238418579,0.14550000429153442,0.12729999423027039,0.12729999423027039,0.6202678084373474,0.1569814831018448,0.09624240547418594,0.12650825083255768
0.38179999589920044,0.21819999814033508,0.20000000298023224,0.20000000298023224,0.5190688371658325,0.19548311829566956,0.10341554135084152,0.18203245103359222
0.4821000099182129,0.1429000049829483,0.1429000049829483,0.2320999950170517,0.4760967195034027,0.11990680545568466,0.13272473216056824,0.2712717056274414
0.6909000277519226,0.16359999775886536,0.07270000129938126,0.07270000129938126,0.6422670483589172,0.1501867026090622,0.08424709737300873,0.12329915165901184
0.5370000004768372,0.11110000312328339,0.22220000624656677,0.12960000336170197,0.5490956902503967,0.14352019131183624,0.18195883929729462,0.1254252791404724
0.303600013256073,0.1964000016450882,0.1785999983549118,0.321399986743927,0.35076332092285156,0.2060018628835678,0.13549570739269257,0.30773910880088806
0.4544999897480011,0.10909999907016754,0.0908999964594841,0.34549999237060547,0.44750794768333435,0.1367490291595459,0.08641514927148819,0.32932785153388977
0.6363999843597412,0.10909999907016754,0.0908999964594841,0.16359999775886536,0.6414592266082764,0.06107991933822632,0.08613649010658264,0.21132433414459229
0.5091000199317932,0.16359999775886536,0.16359999775886536,0.16359999775886536,0.5344071984291077,0.16914689540863037,0.15400998294353485,0.1424359530210495
0.7272999882698059,0.036400001496076584,0.10909999907016754,0.12729999423027039,0.6990838646888733,0.027966875582933426,0.14675074815750122,0.12619857490062714
0.4909000098705292,0.12729999423027039,0.23639999330043793,0.14550000429153442,0.4491506516933441,0.15222004055976868,0.2449154555797577,0.15371383726596832
0.6111000180244446,0.12960000336170197,0.16670000553131104,0.09260000288486481,0.5753926634788513,0.11067691445350647,0.1830107420682907,0.1309196799993515
0.5636000037193298,0.0908999964594841,0.10909999907016754,0.23639999330043793,0.548295795917511,0.1113930493593216,0.10712563991546631,0.2331855446100235
0.5370000004768372,0.07410000264644623,0.22220000624656677,0.16670000553131104,0.5548755526542664,0.08952564746141434,0.17172464728355408,0.18387417495250702
0.5370000004768372,0.2037000060081482,0.07410000264644623,0.18520000576972961,0.5716071128845215,0.20306776463985443,0.08331850916147232,0.14200663566589355
0.46299999952316284,0.11110000312328339,0.16670000553131104,0.25929999351501465,0.47355344891548157,0.10732802003622055,0.13357187807559967,0.2855466604232788
0.696399986743927,0.017899999395012856,0.0892999991774559,0.1964000016450882,0.6846967339515686,0.023612789809703827,0.11840289831161499,0.17328758537769318
0.6607000231742859,0.0,0.1071000024676323,0.2320999950170517,0.6220033168792725,0.025673143565654755,0.129238098859787,0.2230854332447052
0.6111000180244446,0.18520000576972961,0.05559999868273735,0.14810000360012054,0.5986368060112,0.17652520537376404,0.07347893714904785,0.15135909616947174
0.6071000099182129,0.1429000049829483,0.125,0.125,0.608906626701355,0.1616596281528473,0.1517169326543808,0.07771678268909454
0.6481000185012817,0.07410000264644623,0.11110000312328339,0.16670000553131104,0.6220234036445618,0.04759202152490616,0.11394456028938293,0.21644005179405212
0.6841999888420105,0.10530000180006027,0.05260000005364418,0.15790000557899475,0.6570270657539368,0.125151127576828,0.08223658800125122,0.13558518886566162
0.6607000231742859,0.125,0.125,0.0892999991774559,0.6301551461219788,0.1165669858455658,0.13761800527572632,0.11565985530614853
0.42590001225471497,0.12960000336170197,0.2037000060081482,0.24070000648498535,0.4683946371078491,0.10249151289463043,0.18022985756397247,0.24888400733470917
0.6909000277519226,0.036400001496076584,0.054499998688697815,0.21819999814033508,0.6935831904411316,0.02840481698513031,0.07338924705982208,0.20462274551391602
0.5,0.18520000576972961,0.14810000360012054,0.16670000553131104,0.5651184916496277,0.18150682747364044,0.08632586896419525,0.16704870760440826
0.5263000130653381,0.1404000073671341,0.10530000180006027,0.2281000018119812,0.5258985161781311,0.1582120805978775,0.12837453186511993,0.18751490116119385
0.4912000000476837,0.10530000180006027,0.19300000369548798,0.21050000190734863,0.5587255358695984,0.07832090556621552,0.13532640039920807,0.22762718796730042
0.6909000277519226,0.0908999964594841,0.036400001496076584,0.1817999929189682,0.7097923755645752,0.07365172356367111,0.058720268309116364,0.1578356772661209
0.5357000231742859,0.1429000049829483,0.1429000049829483,0.1785999983549118,0.533913254737854,0.12982285022735596,0.14884264767169952,0.18742118775844574
0.553600013256073,0.1071000024676323,0.0892999991774559,0.25,0.5501434206962585,0.1340307891368866,0.08738601207733154,0.2284398078918457
0.6327000260353088,0.08160000294446945,0.10199999809265137,0.18369999527931213,0.6469429135322571,0.07258497923612595,0.11990636587142944,0.16056573390960693
0.5957000255584717,0.14890000224113464,0.04259999841451645,0.21279999613761902,0.6067990064620972,0.11137302219867706,0.060552459210157394,0.22127552330493927
0.680899977684021,0.08510000258684158,0.04259999841451645,0.1914999932050705,0.6933126449584961,0.05388183519244194,0.06918565183877945,0.1836199015378952
0.6739000082015991,0.021700000390410423,0.10869999974966049,0.195700004696846,0.6989247798919678,0.024868592619895935,0.07280789315700531,0.2033987045288086
0.41670000553131104,0.25,0.1875,0.14579999446868896,0.45136764645576477,0.2509787082672119,0.1293189972639084,0.16833467781543732
0.666700005531311,0.14579999446868896,0.0625,0.125,0.6499310731887817,0.14305004477500916,0.07523498684167862,0.1317838728427887
0.4893999993801117,0.08510000258684158,0.12770000100135803,0.29789999127388,0.47585272789001465,0.08432172983884811,0.17471487820148468,0.26511070132255554
0.744700014591217,0.08510000258684158,0.06379999965429306,0.10639999806880951,0.7563022971153259,0.04613473266363144,0.057865921407938004,0.13969707489013672
0.625,0.10419999808073044,0.14579999446868896,0.125,0.6146326065063477,0.09135698527097702,0.144851952791214,0.14915843307971954
0.625,0.14579999446868896,0.08330000191926956,0.14579999446868896,0.6587187051773071,0.08309496939182281,0.06127038225531578,0.19691595435142517
0.44679999351501465,0.06379999965429306,0.23399999737739563,0.25529998540878296,0.4656793475151062,0.06277714669704437,0.18352390825748444,0.288019597530365
0.829800009727478,0.021299999207258224,0.10639999806880951,0.04259999841451645,0.7972001433372498,0.03670749068260193,0.1105557382106781,0.0555366575717926
0.5509999990463257,0.020400000736117363,0.1429000049829483,0.2856999933719635,0.577033519744873,0.062749482691288,0.1318068951368332,0.22841008007526398
0.7020999789237976,0.14890000224113464,0.10639999806880951,0.04259999841451645,0.6883465051651001,0.15723317861557007,0.1049446389079094,0.04947561398148537
0.5870000123977661,0.195700004696846,0.10869999974966049,0.10869999974966049,0.5777586698532104,0.13993632793426514,0.135366290807724,0.14693871140480042
0.7174000144004822,0.021700000390410423,0.10869999974966049,0.15219999849796295,0.6804047226905823,0.09537763148546219,0.07663808017969131,0.14757958054542542
0.583299994468689,0.0625,0.14579999446868896,0.20829999446868896,0.5867894887924194,0.1023678109049797,0.12493468075990677,0.1859080195426941
0.5,0.13040000200271606,0.15219999849796295,0.21739999949932098,0.5095803737640381,0.1393115222454071,0.15541322529315948,0.19569481909275055
0.5745000243186951,0.10639999806880951,0.12770000100135803,0.1914999932050705,0.5487704277038574,0.14066089689731598,0.14287598431110382,0.16769272089004517
0.7233999967575073,0.06379999965429306,0.04259999841451645,0.17020000517368317,0.7050414085388184,0.045071788132190704,0.06739698350429535,0.1824897676706314
0.6169999837875366,0.06379999965429306,0.12770000100135803,0.1914999932050705,0.6336966156959534,0.08745300024747849,0.11450663208961487,0.16434384882450104
0.645799994468689,0.08330000191926956,0.125,0.14579999446868896,0.621884822845459,0.0655461773276329,0.1390325427055359,0.17353644967079163
0.5957000255584717,0.04259999841451645,0.08510000258684158,0.2766000032424927,0.5553785562515259,0.061826836317777634,0.10893415659666061,0.27386045455932617
0.6383000016212463,0.17020000517368317,0.08510000258684158,0.10639999806880951,0.6680731773376465,0.13001880049705505,0.08329316228628159,0.11861488968133926
0.583299994468689,0.08330000191926956,0.16670000553131104,0.16670000553131104,0.5628491640090942,0.13290736079216003,0.15969185531139374,0.144551619887352
0.510200023651123,0.040800001472234726,0.16329999268054962,0.2856999933719635,0.4694702625274658,0.09463642537593842,0.16098196804523468,0.2749113440513611
0.541700005531311,0.125,0.14579999446868896,0.1875,0.5273041725158691,0.14844276010990143,0.14219945669174194,0.1820535808801651
0.5957000255584717,0.14890000224113464,0.021299999207258224,0.23399999737739563,0.5842418670654297,0.12859180569648743,0.0522611141204834,0.23490524291992188
0.45829999446868896,0.16670000553131104,0.16670000553131104,0.20829999446868896,0.4498283565044403,0.21000836789608002,0.16808858513832092,0.17207467555999756
0.5105999708175659,0.14890000224113464,0.12770000100135803,0.21279999613761902,0.49892905354499817,0.14519663155078888,0.12322678416967392,0.23264752328395844
0.6304000020027161,0.08699999749660492,0.13040000200271606,0.15219999849796295,0.6459603905677795,0.07654858380556107,0.11763813346624374,0.15985287725925446
0.5,0.021700000390410423,0.10869999974966049,0.36959999799728394,0.5254696011543274,0.04450236260890961,0.07308594137430191,0.3569420874118805
0.6000000238418579,0.057100001722574234,0.11429999768733978,0.22859999537467957,0.5937651991844177,0.08162283152341843,0.10521597415208817,0.21939603984355927
0.5142999887466431,0.1429000049829483,0.07620000094175339,0.26669999957084656,0.5212013721466064,0.17053644359111786,0.08676192164421082,0.2215002328157425
0.43689998984336853,0.19419999420642853,0.14560000598430634,0.2232999950647354,0.47885385155677795,0.17410816252231598,0.1319381147623062,0.21509988605976105
0.48080000281333923,0.17309999465942383,0.13459999859333038,0.21150000393390656,0.4786680042743683,0.17370100319385529,0.12008439004421234,0.2275465577840805
0.46149998903274536,0.17309999465942383,0.13459999859333038,0.23080000281333923,0.4214588701725006,0.1581040620803833,0.14565229415893555,0.2747846841812134
0.5048999786376953,0.10679999738931656,0.10679999738931656,0.2815999984741211,0.5164355039596558,0.13630829751491547,0.08630503714084625,0.2609511613845825
0.5385000109672546,0.13459999859333038,0.11540000140666962,0.21150000393390656,0.5646551847457886,0.11743708699941635,0.0985063910484314,0.21940135955810547
0.6373000144958496,0.17649999260902405,0.029400000348687172,0.15690000355243683,0.6441192626953125,0.1207902655005455,0.036910973489284515,0.1981794536113739
0.4571000039577484,0.17139999568462372,0.19050000607967377,0.1809999942779541,0.4697316586971283,0.1284174919128418,0.18721163272857666,0.21463921666145325
0.557699978351593,0.15379999577999115,0.10580000281333923,0.1826999932527542,0.5574439764022827,0.13527995347976685,0.12055571377277374,0.1867203414440155
0.6190000176429749,0.11429999768733978,0.11429999768733978,0.15240000188350677,0.5858548879623413,0.1475498378276825,0.10922223329544067,0.15737305581569672
0.5523999929428101,0.028599999845027924,0.17139999568462372,0.2476000040769577,0.5414998531341553,0.05981268361210823,0.13988590240478516,0.25880154967308044
0.7059000134468079,0.07840000092983246,0.06859999895095825,0.14710000157356262,0.7100010514259338,0.043650031089782715,0.06840341538190842,0.17794550955295563
0.5048999786376953,0.10679999738931656,0.15530000627040863,0.2329999953508377,0.550564169883728,0.11450644582509995,0.12478204071521759,0.21014732122421265
0.5784000158309937,0.14710000157356262,0.11760000139474869,0.15690000355243683,0.5773748159408569,0.14973726868629456,0.11192920058965683,0.16095870733261108
0.6057999730110168,0.09619999676942825,0.08649999648332596,0.21150000393390656,0.5882014632225037,0.08245278149843216,0.1262175589799881,0.2031281590461731
0.4666999876499176,0.20000000298023224,0.12380000203847885,0.2094999998807907,0.4499017894268036,0.16615740954875946,0.12444613873958588,0.25949472188949585
0.47620001435279846,0.09520000219345093,0.11429999768733978,0.314300000667572,0.4604637026786804,0.11642345786094666,0.13664554059505463,0.28646737337112427
0.5288000106811523,0.13459999859333038,0.16349999606609344,0.17309999465942383,0.6002095341682434,0.12679749727249146,0.12241721898317337,0.15057575702667236
0.41350001096725464,0.22120000422000885,0.16349999606609344,0.20190000534057617,0.438902884721756,0.1970577836036682,0.15138481557369232,0.2126545011997223
0.5048999786376953,0.18449999392032623,0.11649999767541885,0.19419999420642853,0.5648108720779419,0.1325913965702057,0.12504559755325317,0.17755214869976044
0.47620001435279846,0.1809999942779541,0.19050000607967377,0.15240000188350677,0.4574919044971466,0.19145742058753967,0.16764572262763977,0.18340498208999634
0.390500009059906,0.26669999957084656,0.13330000638961792,0.2094999998807907,0.3940318822860718,0.22561153769493103,0.15889263153076172,0.22146397829055786
0.4756999909877777,0.16500000655651093,0.11649999767541885,0.24269999563694,0.4939090609550476,0.17542213201522827,0.1159469410777092,0.2147218883037567
0.5192000269889832,0.125,0.06729999929666519,0.28850001096725464,0.5199421644210815,0.12891925871372223,0.058335889130830765,0.2928026616573334
0.647599995136261,0.09520000219345093,0.07620000094175339,0.1809999942779541,0.5755802392959595,0.15461306273937225,0.1239926666021347,0.14581398665905
0.46149998903274536,0.13459999859333038,0.17309999465942383,0.23080000281333923,0.5320942401885986,0.11417794227600098,0.16548024117946625,0.18824759125709534
0.5881999731063843,0.03920000046491623,0.08820000290870667,0.2842999994754791,0.6089369058609009,0.07216117531061172,0.08436496555805206,0.23453694581985474
0.666700005531311,0.028599999845027924,0.13330000638961792,0.17139999568462372,0.6623274683952332,0.036786653101444244,0.13169988989830017,0.16918601095676422
0.35580000281333923,0.32690000534057617,0.16349999606609344,0.15379999577999115,0.3370821177959442,0.29834669828414917,0.16621719300746918,0.19835396111011505
0.5392000079154968,0.1274999976158142,0.16670000553131104,0.16670000553131104,0.5687755346298218,0.09321346879005432,0.16043050587177277,0.17758040130138397
0.47620001435279846,0.19050000607967377,0.16189999878406525,0.17139999568462372,0.5069321393966675,0.16107866168022156,0.14695052802562714,0.18503864109516144
0.43549999594688416,0.09679999947547913,0.19349999725818634,0.2741999924182892,0.4435088634490967,0.11797810345888138,0.20625078678131104,0.2322622537612915
0.5806000232696533,0.04839999973773956,0.16130000352859497,0.20970000326633453,0.5689879655838013,0.06235986202955246,0.15194927155971527,0.2167029082775116
0.3547999858856201,0.16130000352859497,0.19349999725818634,0.29030001163482666,0.39090466499328613,0.11532572656869888,0.19984965026378632,0.29391998052597046
0.40619999170303345,0.14059999585151672,0.23440000414848328,0.21879999339580536,0.4302349388599396,0.1413232982158661,0.21008968353271484,0.2183520793914795
0.6769000291824341,0.061500001698732376,0.15379999577999115,0.10769999772310257,0.617434561252594,0.06406819820404053,0.1674836277961731,0.15101361274719238
0.4839000105857849,0.20970000326633453,0.1289999932050705,0.17739999294281006,0.5102441310882568,0.21229933202266693,0.1459021270275116,0.13155440986156464
0.5555999875068665,0.031700000166893005,0.20630000531673431,0.20630000531673431,0.5563110113143921,0.04223302751779556,0.19719994068145752,0.204256072640419
0.45159998536109924,0.08060000091791153,0.17739999294281006,0.29030001163482666,0.46546024084091187,0.07509905099868774,0.16759365797042847,0.29184702038764954
0.4000000059604645,0.09229999780654907,0.2768999934196472,0.23080000281333923,0.4071509838104248,0.09446662664413452,0.2579178512096405,0.24046455323696136
0.49230000376701355,0.09229999780654907,0.20000000298023224,0.21539999544620514,0.4814207851886749,0.1017027348279953,0.20235882699489594,0.21451768279075623
0.5483999848365784,0.16130000352859497,0.11289999634027481,0.17739999294281006,0.5553849935531616,0.1303786337375641,0.1641714870929718,0.1500648856163025
0.4307999908924103,0.09229999780654907,0.23080000281333923,0.24619999527931213,0.467730849981308,0.0620761513710022,0.22007904946804047,0.25011390447616577
0.44440001249313354,0.1746000051498413,0.22220000624656677,0.15870000422000885,0.45814067125320435,0.14757904410362244,0.19704385101795197,0.19723637402057648
0.5238000154495239,0.15870000422000885,0.12700000405311584,0.19050000607967377,0.5039509534835815,0.10813889652490616,0.1552046537399292,0.23270553350448608
0.40619999170303345,0.17190000414848328,0.23440000414848328,0.1875,0.38644543290138245,0.14244326949119568,0.2290731519460678,0.24203811585903168
0.49230000376701355,0.07689999788999557,0.21539999544620514,0.21539999544620514,0.49228695034980774,0.07231944054365158,0.21909193694591522,0.21630167961120605
0.5968000292778015,0.1451999992132187,0.11289999634027481,0.1451999992132187,0.5699633955955505,0.15551528334617615,0.11624828726053238,0.1582731008529663
0.47690001130104065,0.18459999561309814,0.18459999561309814,0.15379999577999115,0.42629218101501465,0.20775820314884186,0.18824459612369537,0.17770500481128693
0.28119999170303345,0.07810000330209732,0.25,0.3905999958515167,0.2586861550807953,0.09647534042596817,0.25269368290901184,0.3921447992324829
0.45159998536109924,0.08060000091791153,0.19349999725818634,0.2741999924182892,0.45289146900177,0.07627937197685242,0.1667722463607788,0.30405694246292114
0.5,0.1289999932050705,0.16130000352859497,0.20970000326633453,0.4976860582828522,0.11279753595590591,0.17504580318927765,0.21447059512138367
0.5625,0.20309999585151672,0.14059999585151672,0.09380000084638596,0.5556235313415527,0.1601242870092392,0.14809076488018036,0.13616140186786652
0.4602999985218048,0.031700000166893005,0.2856999933719635,0.22220000624656677,0.4634970724582672,0.09198381006717682,0.26825153827667236,0.1762675791978836
0.5806000232696533,0.1451999992132187,0.08060000091791153,0.19349999725818634,0.5694607496261597,0.15968537330627441,0.12171974033117294,0.14913412928581238
0.5,0.06449999660253525,0.1289999932050705,0.30649998784065247,0.5162267088890076,0.09183409065008163,0.11884214729070663,0.27309706807136536
0.3709999918937683,0.1289999932050705,0.22579999268054962,0.2741999924182892,0.4248746633529663,0.16284680366516113,0.14885401725769043,0.2634245455265045
0.46880000829696655,0.0625,0.23440000414848328,0.23440000414848328,0.48403218388557434,0.08378425985574722,0.21515536308288574,0.21702823042869568
0.571399986743927,0.11110000312328339,0.12700000405311584,0.19050000607967377,0.5377725958824158,0.15437565743923187,0.1531742960214615,0.15467746555805206
0.3547999858856201,0.06449999660253525,0.29030001163482666,0.29030001163482666,0.3709000051021576,0.08983401954174042,0.25516465306282043,0.28410133719444275
0.3650999963283539,0.09520000219345093,0.20630000531673431,0.33329999446868896,0.3923335075378418,0.10767780244350433,0.17409692704677582,0.32589179277420044
0.4530999958515167,0.14059999585151672,0.125,0.28119999170303345,0.3968914747238159,0.16544897854328156,0.16739925742149353,0.2702603042125702
0.5322999954223633,0.1451999992132187,0.16130000352859497,0.16130000352859497,0.5625527501106262,0.13466596603393555,0.1605457067489624,0.14223560690879822
0.5192000269889832,0.11540000140666962,0.125,0.24040000140666962,0.5597686171531677,0.08550863713026047,0.09919173270463943,0.25553104281425476
0.4950999915599823,0.06800000369548798,0.12620000541210175,0.310699999332428,0.4760502576828003,0.08272512257099152,0.15304893255233765,0.28817567229270935
0.5784000158309937,0.16670000553131104,0.058800000697374344,0.19609999656677246,0.5798975825309753,0.16875982284545898,0.08552331477403641,0.16581925749778748
0.4189999997615814,0.08569999784231186,0.22859999537467957,0.26669999957084656,0.3779833912849426,0.10537301003932953,0.24571841955184937,0.2709251344203949
0.5385000109672546,0.07689999788999557,0.1826999932527542,0.20190000534057617,0.5190539360046387,0.10627928376197815,0.17746363580226898,0.1972031444311142
0.6504999995231628,0.06800000369548798,0.10679999738931656,0.17479999363422394,0.6014907956123352,0.11039873957633972,0.12558777630329132,0.16252265870571136
0.5533999800682068,0.17479999363422394,0.09709999710321426,0.17479999363422394,0.5647962689399719,0.15868699550628662,0.11564528197050095,0.1608714610338211
0.7573000192642212,0.03880000114440918,0.08739999681711197,0.11649999767541885,0.7626699209213257,0.036516450345516205,0.09658457338809967,0.10422905534505844
0.3921999931335449,0.16670000553131104,0.18629999458789825,0.2549000084400177,0.44049394130706787,0.1458280235528946,0.16784702241420746,0.24583110213279724
0.5436999797821045,0.10679999738931656,0.14560000598430634,0.20389999449253082,0.5476975440979004,0.07441291213035583,0.12932956218719482,0.24855998158454895
0.39419999718666077,0.16349999606609344,0.125,0.3172999918460846,0.43827202916145325,0.16765399277210236,0.13262522220611572,0.2614487409591675
0.5587999820709229,0.08820000290870667,0.11760000139474869,0.2353000044822693,0.5229076743125916,0.09302259236574173,0.14101383090019226,0.24305592477321625
0.5784000158309937,0.10779999941587448,0.1274999976158142,0.18629999458789825,0.6052374243736267,0.10599939525127411,0.11871368438005447,0.1700494885444641
0.6274999976158142,0.019600000232458115,0.14710000157356262,0.20589999854564667,0.639735758304596,0.055464476346969604,0.11810831725597382,0.18669146299362183
0.5293999910354614,0.20589999854564667,0.11760000139474869,0.14710000157356262,0.5173419117927551,0.17948833107948303,0.11543458700180054,0.18773514032363892
0.5293999910354614,0.20589999854564667,0.14710000157356262,0.11760000139474869,0.5328388810157776,0.1731564700603485,0.1371118724346161,0.1568928062915802
0.519599974155426,0.1274999976158142,0.18629999458789825,0.16670000553131104,0.5082992911338806,0.1341608315706253,0.1944418102502823,0.1630980670452118
0.4952000081539154,0.09520000219345093,0.13330000638961792,0.27619999647140503,0.457074910402298,0.10079901665449142,0.1648961901664734,0.2772299349308014
0.5784000158309937,0.08820000290870667,0.16670000553131104,0.16670000553131104,0.5978730320930481,0.09875056892633438,0.14680153131484985,0.15657490491867065
0.4422999918460846,0.13459999859333038,0.22120000422000885,0.20190000534057617,0.3936048448085785,0.16698861122131348,0.23320315778255463,0.2062034010887146
0.390500009059906,0.17139999568462372,0.20000000298023224,0.23810000717639923,0.3848192095756531,0.162307471036911,0.21798238158226013,0.23489095270633698
0.4903999865055084,0.09619999676942825,0.11540000140666962,0.29809999465942383,0.4960554242134094,0.0972982868552208,0.1477837711572647,0.2588624954223633
0.592199981212616,0.05829999968409538,0.13590000569820404,0.21359999477863312,0.5884751677513123,0.06202482804656029,0.1397751122713089,0.20972488820552826
0.519599974155426,0.13729999959468842,0.15690000355243683,0.18629999458789825,0.5599196553230286,0.13195762038230896,0.09692011773586273,0.21120257675647736
0.5619000196456909,0.047600001096725464,0.21899999678134918,0.17139999568462372,0.5559878349304199,0.0623801052570343,0.21123537421226501,0.17039670050144196
0.6274999976158142,0.15690000355243683,0.07840000092983246,0.13729999959468842,0.6169635057449341,0.1456855684518814,0.07967332750558853,0.1576775461435318
0.666700005531311,0.04899999871850014,0.07840000092983246,0.20589999854564667,0.6407102942466736,0.060533832758665085,0.103779137134552,0.19497673213481903
0.48570001125335693,0.08569999784231186,0.17139999568462372,0.257099986076355,0.48686787486076355,0.11034566164016724,0.1946106106042862,0.2081759124994278
0.5979999899864197,0.03920000046491623,0.1274999976158142,0.2353000044822693,0.5955517888069153,0.04416470229625702,0.1510208696126938,0.20926260948181152
0.47620001435279846,0.2094999998807907,0.16189999878406525,0.15240000188350677,0.46365979313850403,0.17427515983581543,0.1756420135498047,0.18642298877239227
0.567300021648407,0.04809999838471413,0.16349999606609344,0.22120000422000885,0.5707574486732483,0.07694247364997864,0.1431870460510254,0.20911306142807007
0.4571000039577484,0.17139999568462372,0.15240000188350677,0.21899999678134918,0.44885778427124023,0.17203910648822784,0.15603266656398773,0.22307038307189941
0.6428999900817871,0.13269999623298645,0.06120000034570694,0.16329999268054962,0.6890037059783936,0.09887342154979706,0.0561167411506176,0.1560061126947403
0.5859000086784363,0.12120000272989273,0.060600001364946365,0.23229999840259552,0.629379153251648,0.0957672968506813,0.05542586371302605,0.21942771971225739
0.5299999713897705,0.15000000596046448,0.14000000059604645,0.18000000715255737,0.5234186053276062,0.1248093992471695,0.14060133695602417,0.21117067337036133
0.49000000953674316,0.1899999976158142,0.10999999940395355,0.20999999344348907,0.5143498182296753,0.1760270893573761,0.12604683637619019,0.18357625603675842
0.6039999723434448,0.16830000281333923,0.12870000302791595,0.0989999994635582,0.6320926547050476,0.1547497808933258,0.10158653557300568,0.11157098412513733
0.6435999870300293,0.16830000281333923,0.08910000324249268,0.0989999994635582,0.6345067024230957,0.11783131211996078,0.10855129361152649,0.13911065459251404
0.5400000214576721,0.1599999964237213,0.14000000059604645,0.1599999964237213,0.558191180229187,0.1425178498029709,0.10694960504770279,0.1923413723707199
0.5049999952316284,0.148499995470047,0.12870000302791595,0.21780000627040863,0.502620279788971,0.18062038719654083,0.14066728949546814,0.17609204351902008
0.33329999446868896,0.20200000703334808,0.17170000076293945,0.2928999960422516,0.3242121636867523,0.18509167432785034,0.2132473737001419,0.2774488031864166
0.6800000071525574,0.07999999821186066,0.07999999821186066,0.1599999964237213,0.6517585515975952,0.06950459629297256,0.07544652372598648,0.20329031348228455
0.5400000214576721,0.17000000178813934,0.14000000059604645,0.15000000596046448,0.5753331184387207,0.17718861997127533,0.10115641355514526,0.1463218331336975
0.5917999744415283,0.12240000069141388,0.13269999623298645,0.15309999883174896,0.6574233770370483,0.13304294645786285,0.07492242008447647,0.13461121916770935
0.5699999928474426,0.15000000596046448,0.18000000715255737,0.10000000149011612,0.5811166167259216,0.14213089644908905,0.14607089757919312,0.1306816190481186
0.49000000953674316,0.1599999964237213,0.12999999523162842,0.2199999988079071,0.5323894023895264,0.1432906687259674,0.12066283822059631,0.2036570906639099
0.445499986410141,0.148499995470047,0.15839999914169312,0.2475000023841858,0.45379287004470825,0.1659657508134842,0.15929628908634186,0.2209451049566269
0.6399999856948853,0.019999999552965164,0.14000000059604645,0.20000000298023224,0.6315469145774841,0.05920374020934105,0.12363242357969284,0.1856168955564499
0.6428999900817871,0.10199999809265137,0.08160000294446945,0.17350000143051147,0.6623638868331909,0.08964119851589203,0.0676647275686264,0.18033020198345184
0.5,0.18369999527931213,0.13269999623298645,0.18369999527931213,0.4957340955734253,0.20058830082416534,0.14768803119659424,0.1559896469116211
0.5600000023841858,0.07000000029802322,0.11999999731779099,0.25,0.5959469676017761,0.07636038959026337,0.11153856664896011,0.2161540985107422
0.5051000118255615,0.21209999918937683,0.12120000272989273,0.1615999937057495,0.5253609418869019,0.21097339689731598,0.10715128481388092,0.15651439130306244
0.6262999773025513,0.1615999937057495,0.060600001364946365,0.15150000154972076,0.5586662292480469,0.1845887452363968,0.1057935580611229,0.15095147490501404
0.6435999870300293,0.07919999957084656,0.0989999994635582,0.17820000648498535,0.6490930318832397,0.07874391973018646,0.10431873798370361,0.16784432530403137
0.5099999904632568,0.10999999940395355,0.10999999940395355,0.27000001072883606,0.5472432374954224,0.09811531007289886,0.12258438020944595,0.23205706477165222
0.5407999753952026,0.16329999268054962,0.08160000294446945,0.2143000066280365,0.5330075621604919,0.15633060038089752,0.11304142326116562,0.19762040674686432
0.5612000226974487,0.11219999939203262,0.09179999679327011,0.23469999432563782,0.5805251598358154,0.09113761782646179,0.08011510223150253,0.24822208285331726
0.6237999796867371,0.08910000324249268,0.13860000669956207,0.148499995470047,0.5961766242980957,0.12968991696834564,0.17332793772220612,0.10080553591251373
0.5149000287055969,0.18809999525547028,0.22769999504089355,0.06930000334978104,0.5270177125930786,0.12965671718120575,0.2302369773387909,0.11308860778808594
0.5842000246047974,0.13860000669956207,0.08910000324249268,0.18809999525547028,0.5400897860527039,0.1679668426513672,0.10511097311973572,0.18683239817619324
0.5,0.193900004029274,0.16329999268054962,0.1429000049829483,0.5098860263824463,0.14984147250652313,0.16814257204532623,0.17212994396686554
0.5353999733924866,0.07069999724626541,0.21209999918937683,0.1817999929189682,0.5631690621376038,0.06832015514373779,0.17259755730628967,0.1959131807088852
0.5049999952316284,0.12870000302791595,0.08910000324249268,0.27720001339912415,0.5456118583679199,0.13502006232738495,0.10251742601394653,0.2168506383895874
0.5509999990463257,0.06120000034570694,0.11219999939203262,0.27549999952316284,0.5539866089820862,0.08765342086553574,0.08731168508529663,0.27104824781417847
0.666700005531311,0.05559999868273735,0.1388999968767166,0.1388999968767166,0.6648154854774475,0.10768357664346695,0.12107189744710922,0.10642902553081512
0.8234999775886536,0.0,0.058800000697374344,0.11760000139474869,0.817649245262146,0.009083263576030731,0.05268052965402603,0.12058693170547485
0.6176000237464905,0.20589999854564667,0.058800000697374344,0.11760000139474869,0.6629226803779602,0.19329866766929626,0.03950178623199463,0.10427681356668472
0.6470999717712402,0.058800000697374344,0.11760000139474869,0.17649999260902405,0.675555944442749,0.086560919880867,0.11557399481534958,0.1223091185092926
0.7646999955177307,0.11760000139474869,0.0,0.11760000139474869,0.8048057556152344,0.06593357771635056,0.012806796468794346,0.11645390838384628
0.6757000088691711,0.08110000193119049,0.16220000386238098,0.08110000193119049,0.6911719441413879,0.09390605986118317,0.15309587121009827,0.06182613596320152
0.5946000218391418,0.0,0.21619999408721924,0.1891999989748001,0.5732257962226868,0.04560556262731552,0.18967700004577637,0.19149164855480194
0.6765000224113464,0.08820000290870667,0.058800000697374344,0.17649999260902405,0.6720596551895142,0.0831381157040596,0.0719500407576561,0.17285220324993134
0.7059000134468079,0.08820000290870667,0.08820000290870667,0.11760000139474869,0.7459138631820679,0.0967027097940445,0.046945396810770035,0.11043795943260193
0.7353000044822693,0.029400000348687172,0.058800000697374344,0.17649999260902405,0.72666996717453,0.03881414979696274,0.059882164001464844,0.17463380098342896
0.666700005531311,0.05559999868273735,0.11110000312328339,0.16670000553131104,0.6518550515174866,0.027759337797760963,0.13919514417648315,0.18119047582149506
0.5293999910354614,0.029400000348687172,0.2353000044822693,0.20589999854564667,0.5069477558135986,0.05078630521893501,0.24538342654705048,0.19688251614570618
0.7353000044822693,0.08820000290870667,0.058800000697374344,0.11760000139474869,0.7566060423851013,0.08324694633483887,0.06357880681753159,0.09656815230846405
0.6215999722480774,0.16220000386238098,0.10809999704360962,0.10809999704360962,0.6465194821357727,0.13058102130889893,0.12219128012657166,0.10070830583572388
0.6571000218391418,0.20000000298023224,0.08569999784231186,0.057100001722574234,0.683625340461731,0.15653645992279053,0.06875400990247726,0.09108426421880722
0.6765000224113464,0.029400000348687172,0.11760000139474869,0.17649999260902405,0.6914554834365845,0.01677767001092434,0.11487870663404465,0.17688815295696259
0.7059000134468079,0.058800000697374344,0.058800000697374344,0.17649999260902405,0.7695448398590088,0.053401052951812744,0.012245692312717438,0.16480840742588043
0.685699999332428,0.11429999768733978,0.11429999768733978,0.08569999784231186,0.6633987426757812,0.11217189580202103,0.10455570369958878,0.11987370252609253
0.583299994468689,0.11110000312328339,0.1388999968767166,0.16670000553131104,0.6172375082969666,0.1115325465798378,0.1329665631055832,0.13826334476470947
0.5881999731063843,0.058800000697374344,0.11760000139474869,0.2353000044822693,0.5734243988990784,0.06043848395347595,0.11902819573879242,0.24710892140865326
0.75,0.027799999341368675,0.08330000191926956,0.1388999968767166,0.7137781977653503,0.07320241630077362,0.10692575573921204,0.10609365254640579
0.628600001335144,0.1429000049829483,0.057100001722574234,0.17139999568462372,0.6349908709526062,0.13625773787498474,0.07068958133459091,0.15806174278259277
0.685699999332428,0.11429999768733978,0.028599999845027924,0.17139999568462372,0.681983470916748,0.13640527427196503,0.049402717500925064,0.13220851123332977
0.6470999717712402,0.029400000348687172,0.17649999260902405,0.14710000157356262,0.7448287010192871,0.03708283603191376,0.058339495211839676,0.15974895656108856
0.7353000044822693,0.058800000697374344,0.08820000290870667,0.11760000139474869,0.7819440364837646,0.058670636266469955,0.04998800903558731,0.10939729958772659
0.7059000134468079,0.11760000139474869,0.058800000697374344,0.11760000139474869,0.699253261089325,0.10113126039505005,0.06950642913579941,0.13010898232460022
0.7059000134468079,0.11760000139474869,0.058800000697374344,0.11760000139474869,0.6993746161460876,0.14320097863674164,0.03824208304286003,0.11918242275714874
0.75,0.0,0.11110000312328339,0.1388999968767166,0.7278502583503723,0.03652174770832062,0.10242775827646255,0.13320018351078033
0.7059000134468079,0.058800000697374344,0.08820000290870667,0.14710000157356262,0.7320299744606018,0.06471805274486542,0.083751380443573,0.11950060725212097
0.628600001335144,0.1429000049829483,0.08569999784231186,0.1429000049829483,0.6274533271789551,0.1325528919696808,0.11835642158985138,0.12163736671209335
0.771399974822998,0.028599999845027924,0.11429999768733978,0.08569999784231186,0.8078920245170593,0.026378609240055084,0.07543977349996567,0.09028959274291992
0.6176000237464905,0.14710000157356262,0.08820000290870667,0.14710000157356262,0.5996009707450867,0.10919545590877533,0.11222245544195175,0.17898108065128326
0.6295999884605408,0.03700000047683716,0.14810000360012054,0.18520000576972961,0.651849091053009,0.04401368647813797,0.16643065214157104,0.13770662248134613
0.44440001249313354,0.11110000312328339,0.14810000360012054,0.2962999939918518,0.49561840295791626,0.0838024765253067,0.13261456787586212,0.2879645824432373
0.6545000076293945,0.07270000129938126,0.12729999423027039,0.14550000429153442,0.6149251461029053,0.05457770451903343,0.13964153826236725,0.1908556967973709
0.5925999879837036,0.03700000047683716,0.16670000553131104,0.2037000060081482,0.5715138912200928,0.03828904405236244,0.15195460617542267,0.23824243247509003
0.4544999897480011,0.20000000298023224,0.20000000298023224,0.14550000429153442,0.41072869300842285,0.1999778002500534,0.23339851200580597,0.15589503943920135
0.4814999997615814,0.07410000264644623,0.18520000576972961,0.25929999351501465,0.431354284286499,0.07584172487258911,0.20207299292087555,0.2907310128211975
0.5273000001907349,0.20000000298023224,0.20000000298023224,0.07270000129938126,0.516279399394989,0.1724260449409485,0.1951935887336731,0.11610101908445358
0.5925999879837036,0.07410000264644623,0.16670000553131104,0.16670000553131104,0.5669305920600891,0.07151623070240021,0.19232414662837982,0.1692289561033249
0.4544999897480011,0.16359999775886536,0.21819999814033508,0.16359999775886536,0.4743545949459076,0.1543014645576477,0.18666917085647583,0.1846746802330017
0.631600022315979,0.07020000368356705,0.21050000190734863,0.0877000018954277,0.6080464720726013,0.03197450190782547,0.22899240255355835,0.13098661601543427
0.5370000004768372,0.12960000336170197,0.16670000553131104,0.16670000553131104,0.5284050107002258,0.0876181349158287,0.18585024774074554,0.19812656939029694
0.5178999900817871,0.125,0.2143000066280365,0.1429000049829483,0.5331069827079773,0.14803844690322876,0.1951638162136078,0.12369076162576675
0.6481000185012817,0.09260000288486481,0.14810000360012054,0.11110000312328339,0.6125142574310303,0.12468309700489044,0.17660574615001678,0.08619693666696548
0.5555999875068665,0.05559999868273735,0.18520000576972961,0.2037000060081482,0.5743957757949829,0.06753821671009064,0.1733090579509735,0.18475697934627533
0.5,0.05559999868273735,0.22220000624656677,0.22220000624656677,0.5103302001953125,0.08696682751178741,0.1905103325843811,0.2121926248073578
0.4000000059604645,0.14550000429153442,0.2727000117301941,0.1817999929189682,0.3943027853965759,0.13311076164245605,0.2865127921104431,0.1860736459493637
0.5,0.14810000360012054,0.18520000576972961,0.16670000553131104,0.5271245837211609,0.08243153989315033,0.20322461426258087,0.1872193068265915
0.5,0.125,0.2143000066280365,0.1606999933719635,0.49107110500335693,0.10253278911113739,0.24061784148216248,0.16577830910682678
0.6545000076293945,0.036400001496076584,0.16359999775886536,0.14550000429153442,0.649661123752594,0.031843263655900955,0.15058636665344238,0.16790923476219177
0.7221999764442444,0.03700000047683716,0.11110000312328339,0.12960000336170197,0.713981032371521,0.024815822020173073,0.14083167910575867,0.12037152796983719
0.6182000041007996,0.036400001496076584,0.16359999775886536,0.1817999929189682,0.6020715832710266,0.04194309562444687,0.17015409469604492,0.18583129346370697
0.5273000001907349,0.1817999929189682,0.1817999929189682,0.10909999907016754,0.5591432452201843,0.16936729848384857,0.1656055748462677,0.1058838963508606
0.4814999997615814,0.01850000023841858,0.24070000648498535,0.25929999351501465,0.4940967857837677,0.049305904656648636,0.18373115360736847,0.2728661298751831
0.5,0.05559999868273735,0.22220000624656677,0.22220000624656677,0.4664939343929291,0.09185809642076492,0.2367541790008545,0.20489367842674255
0.4814999997615814,0.24070000648498535,0.12960000336170197,0.14810000360012054,0.47916191816329956,0.24199886620044708,0.1338403820991516,0.14499889314174652
0.5,0.11110000312328339,0.18520000576972961,0.2037000060081482,0.5415452718734741,0.08144235610961914,0.16102120280265808,0.21599110960960388
0.5555999875068665,0.05559999868273735,0.18520000576972961,0.2037000060081482,0.5979182124137878,0.06451459974050522,0.13525013625621796,0.2023169994354248
0.6071000099182129,0.053599998354911804,0.1606999933719635,0.1785999983549118,0.6108682751655579,0.04494800418615341,0.19448404014110565,0.14969971776008606
0.5178999900817871,0.0714000016450882,0.1785999983549118,0.2320999950170517,0.48955196142196655,0.07333610951900482,0.2194763571023941,0.21763552725315094
0.4544999897480011,0.07270000129938126,0.21819999814033508,0.25450000166893005,0.5013405084609985,0.03492570295929909,0.21987667679786682,0.24385710060596466
0.5263000130653381,0.10530000180006027,0.19300000369548798,0.1754000037908554,0.5121220350265503,0.10005804151296616,0.20681500434875488,0.1810048669576645
0.43639999628067017,0.054499998688697815,0.23639999330043793,0.2727000117301941,0.4494961202144623,0.04965018853545189,0.25018227100372314,0.25067138671875
0.6352999806404114,0.03530000150203705,0.11760000139474869,0.2117999941110611,0.6780428886413574,0.039466824382543564,0.10177109390497208,0.1807192713022232
0.5293999910354614,0.17649999260902405,0.0940999984741211,0.20000000298023224,0.5258370637893677,0.14831915497779846,0.10354344546794891,0.22230036556720734
0.6428999900817871,0.11900000274181366,0.0714000016450882,0.16670000553131104,0.6422756314277649,0.12548735737800598,0.06984423846006393,0.16239270567893982
0.6547999978065491,0.09520000219345093,0.05950000137090683,0.19050000607967377,0.6200381517410278,0.08424147218465805,0.07290491461753845,0.2228153944015503
0.5475999712944031,0.2143000066280365,0.0357000008225441,0.20239999890327454,0.508888304233551,0.2081347107887268,0.06860204041004181,0.21437495946884155
0.3882000148296356,0.17649999260902405,0.1881999969482422,0.24709999561309814,0.37978020310401917,0.17455658316612244,0.1850900948047638,0.260573148727417
0.48240000009536743,0.1412000060081482,0.12939999997615814,0.24709999561309814,0.4907956123352051,0.16027435660362244,0.1320958435535431,0.21683424711227417
0.5293999910354614,0.1412000060081482,0.1412000060081482,0.1881999969482422,0.5424015522003174,0.15032559633255005,0.13957257568836212,0.16770030558109283
0.5952000021934509,0.20239999890327454,0.08330000191926956,0.11900000274181366,0.5652067065238953,0.18821445107460022,0.0944555252790451,0.1521233171224594
0.6234999895095825,0.1412000060081482,0.0940999984741211,0.1412000060081482,0.5986258387565613,0.09144435077905655,0.1410796046257019,0.16885016858577728
0.6823999881744385,0.0,0.08240000158548355,0.2353000044822693,0.6601337194442749,0.02539697103202343,0.08899107575416565,0.22547824680805206
0.5881999731063843,0.15289999544620514,0.08240000158548355,0.17649999260902405,0.5502225160598755,0.1779346913099289,0.08372270315885544,0.18812009692192078
0.5059000253677368,0.15289999544620514,0.0940999984741211,0.24709999561309814,0.4830227196216583,0.17700137197971344,0.10364806652069092,0.23632782697677612
0.678600013256073,0.0714000016450882,0.047600001096725464,0.20239999890327454,0.650617778301239,0.07102831453084946,0.07020080834627151,0.2081531137228012
0.48809999227523804,0.2143000066280365,0.08330000191926956,0.2143000066280365,0.4929150640964508,0.20328211784362793,0.12317648530006409,0.18062637746334076
0.5529000163078308,0.1881999969482422,0.10589999705553055,0.15289999544620514,0.5456780791282654,0.16772767901420593,0.11755108088254929,0.1690431833267212
0.6823999881744385,0.0940999984741211,0.08240000158548355,0.1412000060081482,0.7017262578010559,0.07168585062026978,0.06629857420921326,0.16028939187526703
0.3882000148296356,0.20000000298023224,0.15289999544620514,0.2587999999523163,0.404520183801651,0.197147399187088,0.12193436920642853,0.2763981223106384
0.6823999881744385,0.0471000000834465,0.08240000158548355,0.1881999969482422,0.6831141710281372,0.029318667948246002,0.09879710525274277,0.18876996636390686
0.7738000154495239,0.09520000219345093,0.047600001096725464,0.08330000191926956,0.7253723740577698,0.06412946432828903,0.06668408960103989,0.14381404221057892
0.5357000231742859,0.19050000607967377,0.05950000137090683,0.2143000066280365,0.4956820607185364,0.17553682625293732,0.08316099643707275,0.24562016129493713
0.5541999936103821,0.10840000212192535,0.09640000015497208,0.2409999966621399,0.5539082884788513,0.08561082184314728,0.12456301599740982,0.2359178066253662
0.5411999821662903,0.15289999544620514,0.0940999984741211,0.2117999941110611,0.5424780249595642,0.15542256832122803,0.0841723382472992,0.21792703866958618
0.4706000089645386,0.2587999999523163,0.15289999544620514,0.11760000139474869,0.4555476903915405,0.22886812686920166,0.17528657615184784,0.14029762148857117
0.5529000163078308,0.11760000139474869,0.0706000030040741,0.2587999999523163,0.5963786244392395,0.11697608232498169,0.06639111787080765,0.22025412321090698
0.4471000134944916,0.1412000060081482,0.15289999544620514,0.2587999999523163,0.45596784353256226,0.1785595566034317,0.13425835967063904,0.23121432960033417
0.6000000238418579,0.10589999705553055,0.12939999997615814,0.1647000014781952,0.6575220227241516,0.09621672332286835,0.0914527103304863,0.15480855107307434
0.4235000014305115,0.15289999544620514,0.11760000139474869,0.3059000074863434,0.4404143691062927,0.19524192810058594,0.11266680806875229,0.2516768276691437
0.45879998803138733,0.20000000298023224,0.15289999544620514,0.1881999969482422,0.45038172602653503,0.1877470314502716,0.12312750518321991,0.23874376714229584
0.3294000029563904,0.1881999969482422,0.2117999941110611,0.27059999108314514,0.31664273142814636,0.17098283767700195,0.2356538325548172,0.27672064304351807
0.6705999970436096,0.058800000697374344,0.11760000139474869,0.15289999544620514,0.676504909992218,0.08368802815675735,0.09938198328018188,0.14042507112026215
0.583299994468689,0.16670000553131104,0.0714000016450882,0.1785999983549118,0.5982954502105713,0.1283835470676422,0.08097048848867416,0.19235046207904816
0.6195999979972839,0.04349999874830246,0.11959999799728394,0.21739999949932098,0.6118955016136169,0.04296180605888367,0.13284963369369507,0.2122930884361267
0.45649999380111694,0.23909999430179596,0.16300000250339508,0.1412999927997589,0.47630417346954346,0.18688805401325226,0.17284320294857025,0.16396456956863403
0.49459999799728394,0.16130000352859497,0.19349999725818634,0.15049999952316284,0.5449219346046448,0.14868269860744476,0.15858131647109985,0.1478140503168106
0.5889000296592712,0.11110000312328339,0.1444000005722046,0.15559999644756317,0.6163833141326904,0.10586346685886383,0.1267019808292389,0.15105122327804565
0.5555999875068665,0.11110000312328339,0.16670000553131104,0.16670000553131104,0.5932296514511108,0.10268595069646835,0.15842305123806,0.145661398768425
0.6373999714851379,0.09889999777078629,0.10989999771118164,0.15379999577999115,0.6535422205924988,0.09714037925004959,0.1006162092089653,0.14870111644268036
0.5806000232696533,0.13979999721050262,0.19349999725818634,0.0860000029206276,0.5762291550636292,0.1425967961549759,0.16364775598049164,0.11752624064683914
0.45159998536109924,0.2151000052690506,0.22579999268054962,0.10750000178813934,0.48786672949790955,0.18753914535045624,0.20267917215824127,0.12191493809223175
0.46239998936653137,0.13979999721050262,0.15049999952316284,0.24729999899864197,0.4473704397678375,0.16619347035884857,0.15490934252738953,0.23152677714824677
0.6304000020027161,0.15219999849796295,0.09780000150203705,0.11959999799728394,0.6298107504844666,0.13943615555763245,0.1165032759308815,0.11424989998340607
0.5555999875068665,0.15559999644756317,0.13330000638961792,0.15559999644756317,0.5782583951950073,0.13548336923122406,0.1156589463353157,0.1705993115901947
0.5435000061988831,0.08699999749660492,0.1412999927997589,0.22830000519752502,0.5577232837677002,0.09247958660125732,0.13937166333198547,0.2104254812002182
0.6344000101089478,0.0430000014603138,0.1289999932050705,0.19349999725818634,0.6322879195213318,0.04544634371995926,0.14945001900196075,0.1728156954050064
0.5543000102043152,0.032600000500679016,0.1412999927997589,0.271699994802475,0.5712690353393555,0.06115949898958206,0.12354559451341629,0.24402587115764618
0.5978000164031982,0.08699999749660492,0.10869999974966049,0.20649999380111694,0.5690485835075378,0.12021457403898239,0.12796775996685028,0.18276910483837128
0.6556000113487244,0.04439999908208847,0.11110000312328339,0.18889999389648438,0.6677111387252808,0.04202357307076454,0.08622676879167557,0.20403850078582764
0.5889000296592712,0.1777999997138977,0.12219999730587006,0.11110000312328339,0.5583170056343079,0.15144754946231842,0.14171713590621948,0.14851829409599304
0.5604000091552734,0.1648000031709671,0.15379999577999115,0.120899997651577,0.5226905941963196,0.14599888026714325,0.18474023044109344,0.14657030999660492
0.5889000296592712,0.1777999997138977,0.12219999730587006,0.11110000312328339,0.6102370619773865,0.13405129313468933,0.10645833611488342,0.1492532342672348
0.7282999753952026,0.08699999749660492,0.08699999749660492,0.09780000150203705,0.7288438081741333,0.06172625720500946,0.09523078054189682,0.11419914662837982
0.6888999938964844,0.05559999868273735,0.08889999985694885,0.16670000553131104,0.6758623719215393,0.07068101316690445,0.10527905821800232,0.14817757904529572
0.5914000272750854,0.11829999834299088,0.15049999952316284,0.13979999721050262,0.5744490623474121,0.14077480137348175,0.1475307196378708,0.13724543154239655
0.6086999773979187,0.10869999974966049,0.09780000150203705,0.18479999899864197,0.6009833216667175,0.13124723732471466,0.12020422518253326,0.14756523072719574
0.45559999346733093,0.11110000312328339,0.2556000053882599,0.1777999997138977,0.46629366278648376,0.12211604416370392,0.25044354796409607,0.16114678978919983
0.6373999714851379,0.04399999976158142,0.120899997651577,0.19779999554157257,0.5953906774520874,0.06424187868833542,0.1341533362865448,0.20621411502361298
0.5760999917984009,0.11959999799728394,0.1412999927997589,0.16300000250339508,0.5636466145515442,0.11362061649560928,0.13866814970970154,0.1840645968914032
0.48350000381469727,0.1648000031709671,0.1429000049829483,0.20880000293254852,0.4907037019729614,0.15745215117931366,0.14058896899223328,0.2112552374601364
0.7311999797821045,0.0860000029206276,0.09679999947547913,0.0860000029206276,0.7279710173606873,0.04139142483472824,0.10487417131662369,0.12576334178447723
0.5590999722480774,0.01080000028014183,0.19349999725818634,0.23659999668598175,0.554834246635437,0.049244336783885956,0.18211817741394043,0.2138032466173172
0.5443999767303467,0.12219999730587006,0.20000000298023224,0.13330000638961792,0.5561922192573547,0.08107160776853561,0.18251933157444,0.18021686375141144
0.6956999897956848,0.04349999874830246,0.11959999799728394,0.1412999927997589,0.6613203287124634,0.07276295870542526,0.15539902448654175,0.110517717897892
0.6021999716758728,0.16130000352859497,0.20430000126361847,0.03229999914765358,0.5928327441215515,0.1058746874332428,0.184099942445755,0.1171925812959671
0.7231000065803528,0.061500001698732376,0.061500001698732376,0.15379999577999115,0.6854079961776733,0.075119249522686,0.08578888326883316,0.15368378162384033
0.5691999793052673,0.15379999577999115,0.09229999780654907,0.18459999561309814,0.5994587540626526,0.1621318757534027,0.08049657940864563,0.15791277587413788
0.625,0.09380000084638596,0.04690000042319298,0.23440000414848328,0.5963343977928162,0.12068035453557968,0.07761332392692566,0.2053719311952591
0.6462000012397766,0.04619999974966049,0.061500001698732376,0.24619999527931213,0.6580391526222229,0.04729723930358887,0.06990078836679459,0.22476281225681305
0.6875,0.1875,0.04690000042319298,0.07810000330209732,0.6572502255439758,0.17668069899082184,0.0717523843050003,0.09431672841310501
0.6154000163078308,0.04619999974966049,0.09229999780654907,0.24619999527931213,0.6016626358032227,0.06542778015136719,0.08838728070259094,0.24452225863933563
0.75,0.031199999153614044,0.031199999153614044,0.1875,0.7273265719413757,0.08002541959285736,0.048727840185165405,0.14392010867595673
0.7077000141143799,0.12309999763965607,0.07689999788999557,0.09229999780654907,0.6879435181617737,0.11056258529424667,0.06864986568689346,0.1328439861536026
0.6718999743461609,0.15620000660419464,0.015599999576807022,0.15620000660419464,0.6542804837226868,0.13984958827495575,0.05287397280335426,0.15299591422080994
0.6093999743461609,0.10939999669790268,0.0625,0.21879999339580536,0.6062051653862,0.13860560953617096,0.03967241197824478,0.21551679074764252
0.7031000256538391,0.04690000042319298,0.04690000042319298,0.20309999585151672,0.7276508808135986,0.08827406913042068,0.037966202944517136,0.1461089551448822
0.6462000012397766,0.13850000500679016,0.04619999974966049,0.16920000314712524,0.6390607953071594,0.09724047780036926,0.06132880598306656,0.20236991345882416
0.6093999743461609,0.14059999585151672,0.09380000084638596,0.15620000660419464,0.6499708890914917,0.16139602661132812,0.06385500729084015,0.12477809935808182
0.6614999771118164,0.09229999780654907,0.09229999780654907,0.15379999577999115,0.664225161075592,0.07481567561626434,0.08152949810028076,0.17942966520786285
0.625,0.07810000330209732,0.10939999669790268,0.1875,0.5929681658744812,0.0871100202202797,0.10631334036588669,0.21360845863819122
0.6769000291824341,0.16920000314712524,0.030799999833106995,0.12309999763965607,0.7009872198104858,0.11760521680116653,0.030085762962698936,0.15132178366184235
0.6000000238418579,0.15379999577999115,0.07689999788999557,0.16920000314712524,0.6483497619628906,0.15749461948871613,0.056652169674634933,0.1375034600496292
0.7384999990463257,0.09229999780654907,0.061500001698732376,0.10769999772310257,0.7221093773841858,0.08101841807365417,0.06459352374076843,0.1322786808013916
0.5781000256538391,0.10939999669790268,0.10939999669790268,0.20309999585151672,0.5620530843734741,0.16859422624111176,0.11418801546096802,0.1551646739244461
0.6614999771118164,0.10769999772310257,0.07689999788999557,0.15379999577999115,0.6437870860099792,0.10675035417079926,0.08184833824634552,0.1676141917705536
0.5625,0.015599999576807022,0.125,0.2969000041484833,0.5674471259117126,0.0683034360408783,0.11755765229463577,0.24669180810451508
0.6875,0.15620000660419464,0.10939999669790268,0.04690000042319298,0.7639349699020386,0.13858051598072052,0.04845667630434036,0.04902786761522293
0.7077000141143799,0.12309999763965607,0.061500001698732376,0.10769999772310257,0.7018564343452454,0.08716399222612381,0.0714196190237999,0.13955998420715332
0.6614999771118164,0.061500001698732376,0.09229999780654907,0.18459999561309814,0.6787685751914978,0.09855282306671143,0.08396805822849274,0.13871057331562042
0.6154000163078308,0.10769999772310257,0.061500001698732376,0.21539999544620514,0.5822907090187073,0.14297544956207275,0.08587624877691269,0.18885758519172668
0.5845999717712402,0.23080000281333923,0.061500001698732376,0.12309999763965607,0.5645603537559509,0.1816820651292801,0.08391440659761429,0.1698431670665741
0.7077000141143799,0.061500001698732376,0.04619999974966049,0.18459999561309814,0.6889981627464294,0.066639743745327,0.07821468263864517,0.1661474108695984
0.7968999743461609,0.031199999153614044,0.04690000042319298,0.125,0.7748817801475525,0.07523971796035767,0.04763881862163544,0.1022396832704544
0.7778000235557556,0.07940000295639038,0.047600001096725464,0.09520000219345093,0.7825223207473755,0.052836909890174866,0.02185429446399212,0.14278650283813477
0.6507999897003174,0.07940000295639038,0.07940000295639038,0.19050000607967377,0.6758351922035217,0.06092838570475578,0.08360517770051956,0.179631307721138
0.6769000291824341,0.015399999916553497,0.030799999833106995,0.2768999934196472,0.6946693062782288,0.024333970621228218,0.051919057965278625,0.22907765209674835
0.6308000087738037,0.15379999577999115,0.015399999916553497,0.20000000298023224,0.5721337795257568,0.13274571299552917,0.06077541783452034,0.23434509336948395
0.7436000108718872,0.025599999353289604,0.05130000039935112,0.17949999868869781,0.7792564034461975,0.017351044341921806,0.046615537256002426,0.156777024269104
0.8461999893188477,0.025599999353289604,0.07689999788999557,0.05130000039935112,0.8238039016723633,0.017778592184185982,0.0861525908112526,0.07226491719484329
0.8421000242233276,0.02630000002682209,0.0,0.1316000074148178,0.8468789458274841,0.028978604823350906,0.011526892893016338,0.11261553317308426
0.868399977684021,0.0,0.02630000002682209,0.10530000180006027,0.8644784688949585,0.029812833294272423,0.030759193003177643,0.07494945824146271
0.8421000242233276,0.05260000005364418,0.02630000002682209,0.07890000194311142,0.8133472204208374,0.08472742885351181,0.0401790477335453,0.06174624338746071
0.7631999850273132,0.05260000005364418,0.07890000194311142,0.10530000180006027,0.7664931416511536,0.09631335735321045,0.07500890642404556,0.06218457594513893
0.8205000162124634,0.05130000039935112,0.05130000039935112,0.07689999788999557,0.862709105014801,0.04034944251179695,0.02584882266819477,0.0710926428437233
0.7368000149726868,0.10530000180006027,0.07890000194311142,0.07890000194311142,0.7480291724205017,0.09362684190273285,0.08102726936340332,0.0773167535662651
0.8421000242233276,0.0,0.0,0.15790000557899475,0.8380778431892395,0.003761662868782878,0.007901467382907867,0.1502590924501419
0.8421000242233276,0.02630000002682209,0.05260000005364418,0.07890000194311142,0.8283994197845459,0.008249234408140182,0.050139445811510086,0.11321187764406204
0.7178999781608582,0.15379999577999115,0.07689999788999557,0.05130000039935112,0.7152308821678162,0.1462421864271164,0.07479812949895859,0.06372880190610886
0.8946999907493591,0.05260000005364418,0.0,0.05260000005364418,0.8899850845336914,0.04536052420735359,0.015799127519130707,0.04885520786046982
0.868399977684021,0.0,0.02630000002682209,0.10530000180006027,0.9033725261688232,0.005456240382045507,0.004815115127712488,0.08635604381561279
0.8158000111579895,0.10530000180006027,0.02630000002682209,0.05260000005364418,0.7722703814506531,0.10804391652345657,0.051941391080617905,0.06774434447288513
0.7894999980926514,0.07890000194311142,0.02630000002682209,0.10530000180006027,0.7789638638496399,0.08404918760061264,0.04751709848642349,0.08946988731622696
0.7894999980926514,0.05260000005364418,0.07890000194311142,0.07890000194311142,0.8101774454116821,0.07820726931095123,0.06445731967687607,0.047157976776361465
0.8158000111579895,0.07890000194311142,0.05260000005364418,0.05260000005364418,0.8381377458572388,0.034865401685237885,0.04765535518527031,0.07934144139289856
0.8718000054359436,0.0,0.025599999353289604,0.10260000079870224,0.8447791337966919,0.014649229124188423,0.033012546598911285,0.10755904763936996
0.8421000242233276,0.02630000002682209,0.05260000005364418,0.07890000194311142,0.8772528171539307,0.009013020433485508,0.05309632793068886,0.060637906193733215
0.7692000269889832,0.05130000039935112,0.07689999788999557,0.10260000079870224,0.7648167014122009,0.04927656799554825,0.07722069323062897,0.10868614166975021
0.8048999905586243,0.024399999529123306,0.09759999811649323,0.07320000231266022,0.7705037593841553,0.025554019957780838,0.12794934213161469,0.07599278539419174
0.8158000111579895,0.02630000002682209,0.02630000002682209,0.1316000074148178,0.816649317741394,0.017350951209664345,0.032163579016923904,0.13383612036705017
0.7692000269889832,0.10260000079870224,0.07689999788999557,0.05130000039935112,0.7985964417457581,0.09426754713058472,0.04721590131521225,0.05992009490728378
0.7368000149726868,0.10530000180006027,0.05260000005364418,0.10530000180006027,0.7290235161781311,0.09637708216905594,0.061261001974344254,0.11333838105201721
0.7631999850273132,0.02630000002682209,0.07890000194311142,0.1316000074148178,0.7874938249588013,0.04477581009268761,0.058627232909202576,0.10910306870937347
0.7894999980926514,0.02630000002682209,0.07890000194311142,0.10530000180006027,0.8119202256202698,0.03148156404495239,0.045095257461071014,0.11150288581848145
0.6841999888420105,0.07890000194311142,0.1316000074148178,0.10530000180006027,0.7109962105751038,0.06510765850543976,0.11205735802650452,0.11183870583772659
0.8158000111579895,0.0,0.05260000005364418,0.1316000074148178,0.8300782442092896,0.005681100767105818,0.04946213588118553,0.11477851122617722
0.8946999907493591,0.0,0.0,0.10530000180006027,0.8900344967842102,0.02584708109498024,0.011380315758287907,0.07273812592029572
0.7368000149726868,0.02630000002682209,0.05260000005364418,0.1842000037431717,0.7476726174354553,0.03664731606841087,0.05995100736618042,0.1557290256023407
0.8158000111579895,0.02630000002682209,0.05260000005364418,0.10530000180006027,0.8374712467193604,0.016456151381134987,0.03856179490685463,0.10751082003116608
0.7949000000953674,0.05130000039935112,0.05130000039935112,0.10260000079870224,0.8127262592315674,0.07018788158893585,0.051150351762771606,0.0659354105591774
0.5370000004768372,0.11110000312328339,0.11110000312328339,0.24070000648498535,0.5423277616500854,0.09134290367364883,0.10150309652090073,0.2648261785507202
0.6491000056266785,0.017500000074505806,0.1404000073671341,0.19300000369548798,0.6484062671661377,0.02893761917948723,0.13724711537361145,0.18540900945663452
0.5273000001907349,0.1817999929189682,0.14550000429153442,0.14550000429153442,0.47306957840919495,0.20306770503520966,0.14914897084236145,0.17471371591091156
0.5892999768257141,0.053599998354911804,0.125,0.2320999950170517,0.5941315293312073,0.12502413988113403,0.09661117196083069,0.1842331886291504
0.6428999900817871,0.1606999933719635,0.0714000016450882,0.125,0.6390060186386108,0.13738738000392914,0.08992502093315125,0.13368158042430878
0.4643000066280365,0.1071000024676323,0.1785999983549118,0.25,0.45823246240615845,0.11098642647266388,0.16661036014556885,0.26417070627212524
0.5263000130653381,0.05260000005364418,0.12280000001192093,0.29820001125335693,0.5306418538093567,0.06538790464401245,0.11771046370267868,0.28625980019569397
0.7407000064849854,0.03700000047683716,0.01850000023841858,0.2037000060081482,0.7215138673782349,0.06353964656591415,0.01999363861978054,0.1949528604745865
0.5088000297546387,0.1404000073671341,0.10530000180006027,0.24560000002384186,0.5027939677238464,0.10416349768638611,0.1104491800069809,0.2825932502746582
0.5357000231742859,0.017899999395012856,0.1785999983549118,0.2678999900817871,0.5394460558891296,0.04000403359532356,0.17260684072971344,0.24794302880764008
0.7037000060081482,0.03700000047683716,0.09260000288486481,0.16670000553131104,0.7276426553726196,0.026298124343156815,0.10482686758041382,0.14123226702213287
0.6111000180244446,0.03700000047683716,0.2037000060081482,0.14810000360012054,0.5930194854736328,0.06058075278997421,0.19907358288764954,0.14732620120048523
0.5817999839782715,0.21819999814033508,0.10909999907016754,0.0908999964594841,0.5495104789733887,0.21102923154830933,0.11295580863952637,0.12650449573993683
0.75,0.0892999991774559,0.0892999991774559,0.0714000016450882,0.7561962008476257,0.07200520485639572,0.07970249652862549,0.09209605306386948
0.7817999720573425,0.036400001496076584,0.054499998688697815,0.12729999423027039,0.7668882608413696,0.043264877051115036,0.07563619315624237,0.11421061307191849
0.6363999843597412,0.036400001496076584,0.054499998688697815,0.2727000117301941,0.649098813533783,0.06084912642836571,0.07113984227180481,0.2189122587442398
0.5454999804496765,0.12729999423027039,0.10909999907016754,0.21819999814033508,0.5264562368392944,0.12358750402927399,0.12701347470283508,0.2229427993297577
0.5370000004768372,0.18520000576972961,0.09260000288486481,0.18520000576972961,0.532927393913269,0.15970160067081451,0.10290990769863129,0.20446105301380157
0.666700005531311,0.07410000264644623,0.07410000264644623,0.18520000576972961,0.6362403035163879,0.10508768260478973,0.10426988452672958,0.15440216660499573
0.8148000240325928,0.05559999868273735,0.05559999868273735,0.07410000264644623,0.7839221954345703,0.03695209324359894,0.07406438887119293,0.10506132245063782
0.6000000238418579,0.14550000429153442,0.07270000129938126,0.1817999929189682,0.5770913362503052,0.10843225568532944,0.09274701774120331,0.22172938287258148
0.6428999900817871,0.0714000016450882,0.1071000024676323,0.1785999983549118,0.637666642665863,0.04108438640832901,0.12098979949951172,0.20025920867919922
0.42590001225471497,0.16670000553131104,0.11110000312328339,0.2962999939918518,0.42724671959877014,0.14707686007022858,0.12828272581100464,0.29739370942115784
0.5636000037193298,0.16359999775886536,0.12729999423027039,0.14550000429153442,0.5530271530151367,0.14711114764213562,0.13765935599803925,0.16220234334468842
0.6726999878883362,0.036400001496076584,0.14550000429153442,0.14550000429153442,0.6088610291481018,0.06778071075677872,0.1744416207075119,0.14891669154167175
0.5636000037193298,0.14550000429153442,0.10909999907016754,0.1817999929189682,0.5255155563354492,0.15115201473236084,0.13132314383983612,0.19200929999351501
0.6726999878883362,0.1817999929189682,0.054499998688697815,0.0908999964594841,0.6474730968475342,0.1815612018108368,0.06931783258914948,0.10164788365364075
0.5817999839782715,0.1817999929189682,0.12729999423027039,0.10909999907016754,0.611091673374176,0.18460489809513092,0.104545459151268,0.09975796937942505
0.5817999839782715,0.12729999423027039,0.07270000129938126,0.21819999814033508,0.5936681628227234,0.17075449228286743,0.06306292861700058,0.172514408826828
0.6607000231742859,0.0892999991774559,0.1429000049829483,0.1071000024676323,0.6039232611656189,0.08465662598609924,0.15662239491939545,0.15479768812656403
0.47269999980926514,0.2727000117301941,0.14550000429153442,0.10909999907016754,0.4472942352294922,0.21884700655937195,0.1573220193386078,0.17653676867485046
0.6071000099182129,0.0714000016450882,0.1606999933719635,0.1606999933719635,0.6004077792167664,0.08751654624938965,0.1691874861717224,0.142888143658638
0.6777999997138977,0.11110000312328339,0.07779999822378159,0.13330000638961792,0.7080270648002625,0.10985936969518661,0.08325076848268509,0.09886273741722107
0.6556000113487244,0.08889999985694885,0.12219999730587006,0.13330000638961792,0.6609804034233093,0.104991614818573,0.10336386412382126,0.1306641697883606
0.6777999997138977,0.12219999730587006,0.08889999985694885,0.11110000312328339,0.6577810645103455,0.09587938338518143,0.10737980157136917,0.13895979523658752
0.6111000180244446,0.12219999730587006,0.04439999908208847,0.22220000624656677,0.5975648164749146,0.11952048540115356,0.081824891269207,0.2010897845029831
0.6484000086784363,0.07689999788999557,0.07689999788999557,0.19779999554157257,0.6467987895011902,0.08584163337945938,0.08064074069261551,0.18671877682209015
0.6739000082015991,0.10869999974966049,0.08699999749660492,0.13040000200271606,0.6885543465614319,0.09803999215364456,0.0748768150806427,0.13852885365486145
0.7253000140190125,0.06589999794960022,0.10989999771118164,0.09889999777078629,0.6855638027191162,0.09837978333234787,0.1236371323466301,0.09241925179958344
0.6444000005722046,0.07779999822378159,0.08889999985694885,0.18889999389648438,0.6564334630966187,0.06398805230855942,0.08411069959402084,0.19546779990196228
0.6521999835968018,0.1412999927997589,0.10869999974966049,0.09780000150203705,0.6546340584754944,0.1007843017578125,0.08035224676132202,0.1642293483018875
0.6263999938964844,0.06589999794960022,0.04399999976158142,0.263700008392334,0.5925837159156799,0.08877052366733551,0.0833921805024147,0.23525358736515045
0.6956999897956848,0.08699999749660492,0.05429999902844429,0.16300000250339508,0.680856466293335,0.10002125799655914,0.06794264912605286,0.15117962658405304
0.49459999799728394,0.2581000030040741,0.16130000352859497,0.0860000029206276,0.5116838216781616,0.17631588876247406,0.1648266762495041,0.14717364311218262
0.6556000113487244,0.07779999822378159,0.08889999985694885,0.1777999997138977,0.6268046498298645,0.05739802494645119,0.11020626127719879,0.20559100806713104
0.6881999969482422,0.05380000174045563,0.1289999932050705,0.1289999932050705,0.661365807056427,0.06916497647762299,0.12671791017055511,0.1427513062953949
0.6021999716758728,0.1289999932050705,0.10750000178813934,0.16130000352859497,0.5971779227256775,0.12615706026554108,0.11308644711971283,0.16357854008674622
0.6593000292778015,0.05490000173449516,0.08789999783039093,0.19779999554157257,0.6522283554077148,0.07204347103834152,0.09469935297966003,0.1810288429260254
0.6444000005722046,0.11110000312328339,0.10000000149011612,0.1444000005722046,0.6035218238830566,0.136251300573349,0.09968358278274536,0.1605432629585266
0.6593000292778015,0.032999999821186066,0.120899997651577,0.1868000030517578,0.6259775757789612,0.053014449775218964,0.13070048391819,0.1903074085712433
0.5806000232696533,0.09679999947547913,0.09679999947547913,0.22579999268054962,0.5973525643348694,0.09451491385698318,0.09451491385698318,0.21361756324768066
0.571399986743927,0.13189999759197235,0.19779999554157257,0.09889999777078629,0.6199709177017212,0.11468309164047241,0.15462467074394226,0.11072131246328354
0.7282999753952026,0.021700000390410423,0.11959999799728394,0.13040000200271606,0.7673747539520264,0.0260537788271904,0.08215438574552536,0.12441706657409668
0.6773999929428101,0.1289999932050705,0.09679999947547913,0.09679999947547913,0.6789700984954834,0.11458079516887665,0.09517651796340942,0.11127263307571411
0.7311999797821045,0.06449999660253525,0.1289999932050705,0.07530000060796738,0.7365251183509827,0.033387891948223114,0.13478772342205048,0.09529920667409897
0.6484000086784363,0.13189999759197235,0.08789999783039093,0.13189999759197235,0.6657078266143799,0.1389959156513214,0.06240611895918846,0.13289012014865875
0.5109000205993652,0.22830000519752502,0.10869999974966049,0.15219999849796295,0.5235292911529541,0.2151709496974945,0.10349250584840775,0.15780723094940186
0.6773999929428101,0.09679999947547913,0.0860000029206276,0.13979999721050262,0.6892649531364441,0.06851357966661453,0.08041398972272873,0.16180744767189026
0.5978000164031982,0.08699999749660492,0.09780000150203705,0.21739999949932098,0.5905901789665222,0.08812696486711502,0.08475088328123093,0.23653195798397064
0.48890000581741333,0.18889999389648438,0.13330000638961792,0.18889999389648438,0.5064899921417236,0.22273246943950653,0.10826001316308975,0.1625175178050995
0.5543000102043152,0.1412999927997589,0.16300000250339508,0.1412999927997589,0.5785830020904541,0.15211617946624756,0.13662265241146088,0.1326780915260315
0.6129000186920166,0.06449999660253525,0.1289999932050705,0.19349999725818634,0.6172203421592712,0.10115281492471695,0.12249113619327545,0.15913571417331696
0.6000000238418579,0.18889999389648438,0.11110000312328339,0.10000000149011612,0.6466408371925354,0.14684376120567322,0.08189064264297485,0.12462467700242996
0.6000000238418579,0.05559999868273735,0.11110000312328339,0.23330000042915344,0.5886567234992981,0.049465760588645935,0.12680962681770325,0.2350679188966751
0.4375,0.1875,0.25,0.125,0.48941269516944885,0.15919966995716095,0.21654024720191956,0.13484737277030945
0.7272999882698059,0.060600001364946365,0.0908999964594841,0.12120000272989273,0.6763142943382263,0.08906034380197525,0.09935398399829865,0.1352713704109192
0.5938000082969666,0.09380000084638596,0.09380000084638596,0.21879999339580536,0.5961806178092957,0.09432948380708694,0.08758194744586945,0.22190791368484497
0.7576000094413757,0.12120000272989273,0.030300000682473183,0.0908999964594841,0.7216675877571106,0.1268852949142456,0.04333950951695442,0.10810761898756027
0.4848000109195709,0.12120000272989273,0.12120000272989273,0.2727000117301941,0.5105201005935669,0.0866600051522255,0.13848230242729187,0.26433756947517395
0.5758000016212463,0.12120000272989273,0.12120000272989273,0.1817999929189682,0.6203417181968689,0.10286273807287216,0.05860942229628563,0.2181861698627472
0.6363999843597412,0.060600001364946365,0.0908999964594841,0.21209999918937683,0.6289215087890625,0.0906047374010086,0.08090092241764069,0.1995728313922882
0.6875,0.031199999153614044,0.0625,0.21879999339580536,0.6727467179298401,0.04437245801091194,0.07910245656967163,0.20377835631370544
0.6970000267028809,0.15150000154972076,0.060600001364946365,0.0908999964594841,0.6783966422080994,0.14068031311035156,0.07039394229650497,0.11052912473678589
0.7188000082969666,0.0625,0.09380000084638596,0.125,0.7602208256721497,0.044597215950489044,0.0732417181134224,0.12194020301103592
0.7576000094413757,0.060600001364946365,0.0,0.1817999929189682,0.7166842222213745,0.05746624618768692,0.056575316935777664,0.169274240732193
0.5152000188827515,0.24240000545978546,0.0908999964594841,0.15150000154972076,0.5349496006965637,0.21772803366184235,0.10249651968479156,0.14482584595680237
0.6129000186920166,0.22579999268054962,0.06449999660253525,0.09679999947547913,0.6597179770469666,0.24460019171237946,0.015883009880781174,0.07979874312877655
0.6363999843597412,0.12120000272989273,0.030300000682473183,0.21209999918937683,0.6452743411064148,0.14692749083042145,0.030179884284734726,0.17761823534965515
0.5625,0.0625,0.1875,0.1875,0.5902015566825867,0.05798310041427612,0.1446351259946823,0.20718024671077728
0.5152000188827515,0.12120000272989273,0.21209999918937683,0.15150000154972076,0.5184192061424255,0.13471049070358276,0.18720974028110504,0.15966053307056427
0.33329999446868896,0.21209999918937683,0.2727000117301941,0.1817999929189682,0.3291090130805969,0.21166034042835236,0.2630941867828369,0.19613651931285858
0.666700005531311,0.15150000154972076,0.0908999964594841,0.0908999964594841,0.6743603348731995,0.15120664238929749,0.07536615431308746,0.09906693547964096
0.5,0.125,0.125,0.25,0.48440277576446533,0.12885631620883942,0.13824264705181122,0.2484983652830124
0.5758000016212463,0.060600001364946365,0.0908999964594841,0.2727000117301941,0.5881469249725342,0.08116693794727325,0.06969748437404633,0.26098862290382385
0.6061000227928162,0.1817999929189682,0.0908999964594841,0.12120000272989273,0.5206699371337891,0.22132840752601624,0.13164597749710083,0.12635567784309387
0.4848000109195709,0.12120000272989273,0.21209999918937683,0.1817999929189682,0.45577043294906616,0.08076312392950058,0.24158553779125214,0.22188085317611694
0.6452000141143799,0.09679999947547913,0.09679999947547913,0.16130000352859497,0.6445600390434265,0.07911572605371475,0.06042364239692688,0.21590057015419006
0.6561999917030334,0.09380000084638596,0.09380000084638596,0.15620000660419464,0.6357380747795105,0.07926172763109207,0.11221443861722946,0.17278574407100677
0.875,0.031199999153614044,0.031199999153614044,0.0625,0.860062301158905,0.02364743873476982,0.053498897701501846,0.06279134750366211
0.6875,0.09380000084638596,0.031199999153614044,0.1875,0.6659682393074036,0.09707276523113251,0.055094752460718155,0.18186429142951965
0.6561999917030334,0.15620000660419464,0.031199999153614044,0.15620000660419464,0.644330620765686,0.18696235120296478,0.05630097910761833,0.11240609735250473
0.6061000227928162,0.21209999918937683,0.060600001364946365,0.12120000272989273,0.5559390187263489,0.2292736917734146,0.10445784032344818,0.11032947152853012
0.6363999843597412,0.12120000272989273,0.030300000682473183,0.21209999918937683,0.6213181614875793,0.10881572216749191,0.04571691155433655,0.22414924204349518
0.6061000227928162,0.060600001364946365,0.0908999964594841,0.24240000545978546,0.5689628720283508,0.10082097351551056,0.10565947741270065,0.2245565950870514
0.625,0.1875,0.0625,0.125,0.5950326323509216,0.19877643883228302,0.09525762498378754,0.11093326658010483
0.8125,0.0,0.031199999153614044,0.15620000660419464,0.7746861577033997,0.02146708033978939,0.06359011679887772,0.1402565985918045
0.5407999753952026,0.1429000049829483,0.10199999809265137,0.2143000066280365,0.5375057458877563,0.09561951458454132,0.1642504632472992,0.20262430608272552
0.5299999713897705,0.10000000149011612,0.17000000178813934,0.20000000298023224,0.5276539921760559,0.11727651953697205,0.163779154419899,0.19129031896591187
0.5253000259399414,0.14139999449253082,0.12120000272989273,0.21209999918937683,0.521392285823822,0.09989892691373825,0.12335871905088425,0.25535011291503906
0.6327000260353088,0.06120000034570694,0.12240000069141388,0.18369999527931213,0.6057713031768799,0.05590702220797539,0.13100722432136536,0.20731447637081146
0.6363999843597412,0.060600001364946365,0.11110000312328339,0.19189999997615814,0.5892234444618225,0.09543954581022263,0.13859274983406067,0.176744282245636
0.5248000025749207,0.148499995470047,0.16830000281333923,0.15839999914169312,0.5157090425491333,0.14775311946868896,0.16547563672065735,0.1710621863603592
0.47519999742507935,0.06930000334978104,0.1979999989271164,0.2574000060558319,0.44021281599998474,0.09784181416034698,0.23980745673179626,0.22213788330554962
0.6337000131607056,0.11879999935626984,0.16830000281333923,0.07919999957084656,0.5618311166763306,0.11962074041366577,0.17869731783866882,0.13985082507133484
0.459199994802475,0.12240000069141388,0.12240000069141388,0.29589998722076416,0.43135911226272583,0.12504325807094574,0.12800857424736023,0.3155890703201294
0.6299999952316284,0.07000000029802322,0.14000000059604645,0.1599999964237213,0.5877252817153931,0.09669601172208786,0.1448746621608734,0.17070406675338745
0.4699999988079071,0.05999999865889549,0.1599999964237213,0.3100000023841858,0.48824456334114075,0.08822399377822876,0.15125110745429993,0.2722803056240082
0.44999998807907104,0.15000000596046448,0.1899999976158142,0.20999999344348907,0.46374979615211487,0.16089491546154022,0.16632680594921112,0.209028422832489
0.47519999742507935,0.07919999957084656,0.148499995470047,0.296999990940094,0.5216721296310425,0.08000101894140244,0.12342493236064911,0.2749019265174866
0.33660000562667847,0.15839999914169312,0.18809999525547028,0.31679999828338623,0.3702060282230377,0.17082202434539795,0.19394512474536896,0.26502686738967896
0.3400000035762787,0.1899999976158142,0.23999999463558197,0.23000000417232513,0.382053941488266,0.1685449331998825,0.204498752951622,0.2449023723602295
0.5758000016212463,0.060600001364946365,0.1817999929189682,0.1817999929189682,0.6266433596611023,0.057383254170417786,0.14681975543498993,0.1691536158323288
0.46000000834465027,0.11999999731779099,0.2199999988079071,0.20000000298023224,0.4856082797050476,0.09750790894031525,0.19240856170654297,0.22447523474693298
0.474700003862381,0.13130000233650208,0.20200000703334808,0.19189999997615814,0.49269890785217285,0.1193343847990036,0.19445694983005524,0.1935097575187683
0.3199999928474426,0.18000000715255737,0.2199999988079071,0.2800000011920929,0.4027566909790039,0.1487458050251007,0.2051062136888504,0.24339132010936737
0.707099974155426,0.05050000175833702,0.13130000233650208,0.11110000312328339,0.679566502571106,0.04624507948756218,0.1302051544189453,0.14398328959941864
0.5203999876976013,0.09179999679327011,0.12240000069141388,0.2653000056743622,0.5136564373970032,0.09390990436077118,0.11641712486743927,0.27601656317710876
0.5960000157356262,0.07069999724626541,0.17170000076293945,0.1615999937057495,0.5877766013145447,0.06195119395852089,0.19664180278778076,0.15363043546676636
0.46000000834465027,0.15000000596046448,0.17000000178813934,0.2199999988079071,0.4232594966888428,0.18311142921447754,0.17404495179653168,0.2195841372013092
0.41999998688697815,0.1599999964237213,0.18000000715255737,0.23999999463558197,0.4217675030231476,0.12964068353176117,0.1506798416376114,0.29791194200515747
0.415800005197525,0.21780000627040863,0.18809999525547028,0.17820000648498535,0.4607754051685333,0.16397397220134735,0.1691790670156479,0.20607151091098785
0.5917999744415283,0.13269999623298645,0.11219999939203262,0.16329999268054962,0.5854155421257019,0.08803994953632355,0.12415622174739838,0.20238830149173737
0.5544999837875366,0.11879999935626984,0.17820000648498535,0.148499995470047,0.5922954082489014,0.12561532855033875,0.1460012048482895,0.13608808815479279
0.5758000016212463,0.060600001364946365,0.14139999449253082,0.22220000624656677,0.5514240860939026,0.09396975487470627,0.15045683085918427,0.20414935052394867
0.5899999737739563,0.09000000357627869,0.15000000596046448,0.17000000178813934,0.5639147758483887,0.1411943882703781,0.13552036881446838,0.15937042236328125
0.41839998960494995,0.15309999883174896,0.18369999527931213,0.24490000307559967,0.4061906933784485,0.16000133752822876,0.17065352201461792,0.26315435767173767
0.43880000710487366,0.13269999623298645,0.16329999268054962,0.2653000056743622,0.42988917231559753,0.10954549163579941,0.17780989408493042,0.28275537490844727
0.5,0.12240000069141388,0.16329999268054962,0.2143000066280365,0.4971131980419159,0.13379620015621185,0.15611839294433594,0.21297217905521393
0.7451000213623047,0.07840000092983246,0.07840000092983246,0.09799999743700027,0.7065141201019287,0.08438108116388321,0.09195328503847122,0.11715152114629745
0.7059000134468079,0.07840000092983246,0.09799999743700027,0.11760000139474869,0.705684244632721,0.08628064393997192,0.09550397098064423,0.11253118515014648
0.6226000189781189,0.05660000070929527,0.13210000097751617,0.18870000541210175,0.6405192613601685,0.08804994821548462,0.13690818846225739,0.13452261686325073
0.800000011920929,0.07999999821186066,0.019999999552965164,0.10000000149011612,0.7831012010574341,0.11342400312423706,0.03232244774699211,0.07115242630243301
0.7114999890327454,0.05770000070333481,0.07689999788999557,0.15379999577999115,0.7348805069923401,0.024563714861869812,0.048850785940885544,0.19170504808425903
0.6730999946594238,0.019200000911951065,0.07689999788999557,0.23080000281333923,0.6859548687934875,0.04055612534284592,0.07229910790920258,0.20118990540504456
0.800000011920929,0.10000000149011612,0.05999999865889549,0.03999999910593033,0.7793676257133484,0.10263091325759888,0.05623709782958031,0.061764366924762726
0.7200000286102295,0.03999999910593033,0.11999999731779099,0.11999999731779099,0.6907058358192444,0.055383212864398956,0.1231132447719574,0.13079765439033508
0.6862999796867371,0.058800000697374344,0.11760000139474869,0.13729999959468842,0.6925615072250366,0.05176151916384697,0.09483283758163452,0.16084417700767517
0.6730999946594238,0.03849999979138374,0.11540000140666962,0.17309999465942383,0.6857920289039612,0.021702975034713745,0.11894024908542633,0.17356479167938232
0.6862999796867371,0.058800000697374344,0.058800000697374344,0.19609999656677246,0.7071197032928467,0.058271102607250214,0.041482120752334595,0.1931270807981491
0.699999988079071,0.03999999910593033,0.05999999865889549,0.20000000298023224,0.7125922441482544,0.06654082238674164,0.05581453815102577,0.1650523841381073
0.7451000213623047,0.07840000092983246,0.09799999743700027,0.07840000092983246,0.7633820176124573,0.10290974378585815,0.07297393679618835,0.060734301805496216
0.7451000213623047,0.03920000046491623,0.11760000139474869,0.09799999743700027,0.7262451648712158,0.06521773338317871,0.10101120173931122,0.10752586275339127
0.5659999847412109,0.18870000541210175,0.1509000062942505,0.09430000185966492,0.6177318096160889,0.1422099471092224,0.11032143980264664,0.1297367662191391
0.6154000163078308,0.09619999676942825,0.11540000140666962,0.17309999465942383,0.6186985969543457,0.04922335967421532,0.12423184514045715,0.20784613490104675
0.6600000262260437,0.019999999552965164,0.07999999821186066,0.23999999463558197,0.6658647656440735,0.03936832398176193,0.08768430352210999,0.207082599401474
0.699999988079071,0.03999999910593033,0.07999999821186066,0.18000000715255737,0.6833503246307373,0.08354999125003815,0.10644545406103134,0.1266542375087738
0.7400000095367432,0.07999999821186066,0.05999999865889549,0.11999999731779099,0.7161752581596375,0.07202763855457306,0.09579458832740784,0.11600258201360703
0.6791999936103821,0.13210000097751617,0.0754999965429306,0.11320000141859055,0.6311659216880798,0.11360471695661545,0.10384312272071838,0.15138624608516693
0.7843000292778015,0.11760000139474869,0.03920000046491623,0.058800000697374344,0.7792196273803711,0.0808558538556099,0.06032214313745499,0.07960229367017746
0.800000011920929,0.03999999910593033,0.03999999910593033,0.11999999731779099,0.7791810035705566,0.056886374950408936,0.05428135767579079,0.1096513494849205
0.800000011920929,0.05999999865889549,0.019999999552965164,0.11999999731779099,0.7833632826805115,0.08720695227384567,0.032333265990018845,0.09709655493497849
0.7114999890327454,0.07689999788999557,0.07689999788999557,0.13459999859333038,0.7168644070625305,0.10167299211025238,0.07323230803012848,0.1082303375005722
0.8039000034332275,0.019600000232458115,0.058800000697374344,0.11760000139474869,0.7674180865287781,0.034517597407102585,0.08576624095439911,0.11229807138442993
0.8600000143051147,0.03999999910593033,0.0,0.10000000149011612,0.8568623065948486,0.037647902965545654,0.01863706111907959,0.0868527963757515
0.7307999730110168,0.05770000070333481,0.09619999676942825,0.11540000140666962,0.7213737964630127,0.06868940591812134,0.0828552395105362,0.12708158791065216
0.7307999730110168,0.05770000070333481,0.07689999788999557,0.13459999859333038,0.6989110112190247,0.0678630843758583,0.08885655552148819,0.14436936378479004
0.7059000134468079,0.11760000139474869,0.058800000697374344,0.11760000139474869,0.6926387548446655,0.09337300807237625,0.06993315368890762,0.14405512809753418
0.7799999713897705,0.0,0.019999999552965164,0.20000000298023224,0.7858747839927673,0.027314631268382072,0.020140545442700386,0.1666700690984726
0.6600000262260437,0.05999999865889549,0.10000000149011612,0.18000000715255737,0.6807857751846313,0.06584543734788895,0.08291192352771759,0.17045682668685913
0.7799999713897705,0.03999999910593033,0.07999999821186066,0.10000000149011612,0.7981187701225281,0.037621282041072845,0.04984010383486748,0.1144198551774025
0.6388999819755554,0.14810000360012054,0.12960000336170197,0.08330000191926956,0.6549888253211975,0.12306874990463257,0.11951552331447601,0.10242690145969391
0.6697999835014343,0.05660000070929527,0.16040000319480896,0.11320000141859055,0.6448953747749329,0.045991797000169754,0.1488989293575287,0.16021393239498138
0.41280001401901245,0.20180000364780426,0.1835000067949295,0.20180000364780426,0.43155279755592346,0.19168750941753387,0.1848849356174469,0.19187478721141815
0.6204000115394592,0.03700000047683716,0.1573999971151352,0.18520000576972961,0.5839264392852783,0.08346793055534363,0.1538211554288864,0.17878451943397522
0.560699999332428,0.12150000035762787,0.12150000035762787,0.19629999995231628,0.5811963677406311,0.10625797510147095,0.12569253146648407,0.18685314059257507
0.6414999961853027,0.13210000097751617,0.09430000185966492,0.13210000097751617,0.6284202933311462,0.11946852505207062,0.09750736504793167,0.1546037644147873
0.6018999814987183,0.09260000288486481,0.14810000360012054,0.1573999971151352,0.6064637303352356,0.04862838238477707,0.1548428237438202,0.19006510078907013
0.560699999332428,0.06539999693632126,0.17759999632835388,0.19629999995231628,0.5758603811264038,0.09737033396959305,0.16274642944335938,0.16402286291122437
0.6132000088691711,0.09430000185966492,0.11320000141859055,0.17919999361038208,0.5912418365478516,0.0885695070028305,0.1350523680448532,0.18513628840446472
0.7103000283241272,0.04670000076293945,0.16820000112056732,0.07479999959468842,0.7039328217506409,0.037016745656728745,0.1620941013097763,0.09695635735988617
0.5092999935150146,0.21299999952316284,0.12039999663829803,0.1573999971151352,0.5072603225708008,0.1853393316268921,0.14335906505584717,0.16404128074645996
0.6574000120162964,0.03700000047683716,0.12039999663829803,0.18520000576972961,0.6342389583587646,0.05413539707660675,0.12935777008533478,0.1822679042816162
0.6887000203132629,0.10379999876022339,0.10379999876022339,0.10379999876022339,0.6856231093406677,0.10270805656909943,0.10976006835699081,0.10190877318382263
0.6295999884605408,0.08330000191926956,0.10189999639987946,0.18520000576972961,0.6074077486991882,0.08349821716547012,0.1305936872959137,0.17850041389465332
0.5504999756813049,0.13760000467300415,0.13760000467300415,0.17430000007152557,0.5439572334289551,0.14329224824905396,0.15164266526699066,0.16110780835151672
0.6791999936103821,0.09430000185966492,0.06599999964237213,0.16040000319480896,0.6479765772819519,0.1033288985490799,0.10495609045028687,0.14373843371868134
0.44040000438690186,0.08259999752044678,0.15600000321865082,0.32109999656677246,0.5092316269874573,0.08216128498315811,0.16629482805728912,0.2423122525215149
0.5942999720573425,0.11320000141859055,0.08489999920129776,0.20749999582767487,0.597416341304779,0.0824461579322815,0.081804558634758,0.23833301663398743
0.6697999835014343,0.047200001776218414,0.0754999965429306,0.20749999582767487,0.6614435911178589,0.06104505434632301,0.09381265193223953,0.18369866907596588
0.6037999987602234,0.05660000070929527,0.10379999876022339,0.23579999804496765,0.5932541489601135,0.06013309955596924,0.12099862098693848,0.22561411559581757
0.560699999332428,0.09350000321865082,0.10279999673366547,0.24300000071525574,0.5496167540550232,0.12263607233762741,0.11610949784517288,0.21163763105869293
0.5138000249862671,0.16509999334812164,0.16509999334812164,0.15600000321865082,0.5165120959281921,0.1420363485813141,0.15907318890094757,0.18237830698490143
0.6414999961853027,0.06599999964237213,0.10379999876022339,0.18870000541210175,0.6263325214385986,0.04432034492492676,0.0953037217259407,0.23404337465763092
0.6355000138282776,0.04670000076293945,0.09350000321865082,0.22429999709129333,0.6594097018241882,0.06789127737283707,0.10151953995227814,0.1711794137954712
0.5370000004768372,0.06480000168085098,0.16670000553131104,0.23149999976158142,0.5096866488456726,0.06039966270327568,0.17882949113845825,0.25108417868614197
0.5138000249862671,0.1467999964952469,0.13760000467300415,0.20180000364780426,0.5454432964324951,0.1255681812763214,0.12028694897890091,0.20870161056518555
0.6509000062942505,0.06599999964237213,0.13210000097751617,0.1509000062942505,0.6494163274765015,0.06430092453956604,0.1196615919470787,0.1666211187839508
0.7009000182151794,0.018699999898672104,0.08410000056028366,0.19629999995231628,0.6603367328643799,0.03391983360052109,0.08627964556217194,0.21946381032466888
0.5139999985694885,0.07479999959468842,0.2150000035762787,0.19629999995231628,0.531323254108429,0.09233012795448303,0.1957494467496872,0.18059717118740082
0.5555999875068665,0.07410000264644623,0.1573999971151352,0.21299999952316284,0.5638449788093567,0.07112699002027512,0.1417294442653656,0.223298579454422
0.5794000029563904,0.08410000056028366,0.09350000321865082,0.24300000071525574,0.5859566330909729,0.10588020086288452,0.09869120270013809,0.2094719409942627
0.632099986076355,0.11320000141859055,0.08489999920129776,0.16979999840259552,0.6478636860847473,0.08045860379934311,0.09857993572950363,0.17309768497943878
0.7215999960899353,0.020600000396370888,0.08250000327825546,0.1753000020980835,0.7243155837059021,0.04086308926343918,0.06378637999296188,0.17103494703769684
0.705299973487854,0.12630000710487366,0.042100001126527786,0.12630000710487366,0.7091448903083801,0.12541621923446655,0.0299640204757452,0.13547489047050476
0.5257999897003174,0.1753000020980835,0.12370000034570694,0.1753000020980835,0.585447371006012,0.16707953810691833,0.08804473280906677,0.1594284176826477
0.6700999736785889,0.061900001019239426,0.09279999881982803,0.1753000020980835,0.6561557054519653,0.07361862808465958,0.10545381903648376,0.1647718995809555
0.5978999733924866,0.15459999442100525,0.061900001019239426,0.18559999763965607,0.625210702419281,0.14893627166748047,0.04746363312005997,0.17838941514492035
0.604200005531311,0.10419999808073044,0.10419999808073044,0.1875,0.6129872798919678,0.12798817455768585,0.09548500180244446,0.1635395884513855
0.7188000082969666,0.04170000180602074,0.04170000180602074,0.19789999723434448,0.7277787923812866,0.09109219908714294,0.04544758424162865,0.1356814205646515
0.5257999897003174,0.19589999318122864,0.061900001019239426,0.21649999916553497,0.528719425201416,0.1916765570640564,0.07767155021429062,0.20193250477313995
0.680400013923645,0.041200000792741776,0.061900001019239426,0.21649999916553497,0.6650902628898621,0.05632692947983742,0.06662911176681519,0.21195372939109802
0.6736999750137329,0.07370000332593918,0.042100001126527786,0.21050000190734863,0.6703018546104431,0.07346364855766296,0.04817863553762436,0.2080557942390442
0.6288999915122986,0.11339999735355377,0.0722000002861023,0.18559999763965607,0.6392059922218323,0.11282655596733093,0.06951042264699936,0.17845702171325684
0.46389999985694885,0.11339999735355377,0.1753000020980835,0.24740000069141388,0.49043694138526917,0.12112937867641449,0.15222729742527008,0.23620638251304626
0.5669999718666077,0.08250000327825546,0.1031000018119812,0.24740000069141388,0.6053100824356079,0.07429803907871246,0.06608205288648605,0.25430986285209656
0.6495000123977661,0.12370000034570694,0.0722000002861023,0.15459999442100525,0.6513166427612305,0.10066603869199753,0.06864826381206512,0.1793690025806427
0.6875,0.09380000084638596,0.05209999904036522,0.16670000553131104,0.6474949717521667,0.11814811825752258,0.07096406072378159,0.16339291632175446
0.6875,0.04170000180602074,0.031199999153614044,0.23960000276565552,0.6864463686943054,0.03136179968714714,0.03933651000261307,0.2428552508354187
0.6906999945640564,0.11339999735355377,0.041200000792741776,0.15459999442100525,0.6681483387947083,0.13896161317825317,0.06412025541067123,0.12876974046230316
0.680400013923645,0.12370000034570694,0.061900001019239426,0.1340000033378601,0.6849049925804138,0.11158950626850128,0.06271841377019882,0.14078710973262787
0.6947000026702881,0.031599998474121094,0.07370000332593918,0.20000000298023224,0.6906789541244507,0.07423281669616699,0.04663552716374397,0.18845270574092865
0.6906999945640564,0.030899999663233757,0.0722000002861023,0.2062000036239624,0.7099687457084656,0.02626785822212696,0.06350752711296082,0.2002558708190918
0.7422999739646912,0.020600000396370888,0.051500000059604645,0.18559999763965607,0.7517762184143066,0.04658081382513046,0.04658081382513046,0.15506206452846527
0.5875999927520752,0.1031000018119812,0.09279999881982803,0.21649999916553497,0.5321458578109741,0.13507412374019623,0.09882234781980515,0.2339576929807663
0.6906999945640564,0.12370000034570694,0.08250000327825546,0.1031000018119812,0.6953617334365845,0.11620660871267319,0.07131369411945343,0.11711802333593369
0.625,0.11460000276565552,0.09380000084638596,0.16670000553131104,0.6428771615028381,0.10331976413726807,0.06618912518024445,0.18761393427848816
0.6082000136375427,0.051500000059604645,0.1031000018119812,0.2371000051498413,0.6153113842010498,0.08294868469238281,0.07582123577594757,0.2259187400341034
0.6906999945640564,0.1031000018119812,0.051500000059604645,0.15459999442100525,0.6828244924545288,0.11773370951414108,0.05561346560716629,0.1438283622264862
0.5978999733924866,0.14429999887943268,0.09279999881982803,0.164900004863739,0.6142958402633667,0.1250457614660263,0.07540098577737808,0.18525739014148712
0.7731999754905701,0.09279999881982803,0.030899999663233757,0.1031000018119812,0.7519224286079407,0.06570224463939667,0.04769471660256386,0.13468067348003387
0.6186000108718872,0.1340000033378601,0.051500000059604645,0.19589999318122864,0.5981513261795044,0.13743357360363007,0.08516792953014374,0.1792471557855606
0.6082000136375427,0.0722000002861023,0.0722000002861023,0.24740000069141388,0.5739667415618896,0.08398988842964172,0.08333627879619598,0.25870710611343384
0.7113000154495239,0.010300000198185444,0.051500000059604645,0.22679999470710754,0.6913861036300659,0.053732115775346756,0.04930736497044563,0.20557436347007751
0.6841999888420105,0.12630000710487366,0.0210999995470047,0.16840000450611115,0.6902005672454834,0.1318557858467102,0.042432717978954315,0.13551096618175507
0.7096999883651733,0.08060000091791153,0.1289999932050705,0.08060000091791153,0.6955494284629822,0.0562090165913105,0.13223040103912354,0.11601117253303528
0.5644999742507935,0.03229999914765358,0.17739999294281006,0.22579999268054962,0.5325813293457031,0.051511142402887344,0.20703987777233124,0.20886757969856262
0.571399986743927,0.15870000422000885,0.11110000312328339,0.15870000422000885,0.5237495303153992,0.1303715705871582,0.13662822544574738,0.20925070345401764
0.4839000105857849,0.04839999973773956,0.19349999725818634,0.2741999924182892,0.5171411037445068,0.07716699689626694,0.2009393870830536,0.20475251972675323
0.428600013256073,0.1429000049829483,0.23810000717639923,0.19050000607967377,0.5105705261230469,0.12414699047803879,0.170352965593338,0.19492954015731812
0.5483999848365784,0.11289999634027481,0.09679999947547913,0.2418999969959259,0.5656093955039978,0.07304157316684723,0.1294499635696411,0.23189906775951385
0.5078999996185303,0.1746000051498413,0.11110000312328339,0.20630000531673431,0.5220364928245544,0.1881481558084488,0.13459479808807373,0.15522052347660065
0.47620001435279846,0.1746000051498413,0.19050000607967377,0.15870000422000885,0.49092578887939453,0.14855875074863434,0.17849743366241455,0.182017982006073
0.6934999823570251,0.03229999914765358,0.1289999932050705,0.1451999992132187,0.7224660515785217,0.03224281966686249,0.08561477065086365,0.15967634320259094
0.5845999717712402,0.2768999934196472,0.12309999763965607,0.015399999916553497,0.5239202976226807,0.24104227125644684,0.14073610305786133,0.09430137276649475
0.5644999742507935,0.016100000590085983,0.17739999294281006,0.2418999969959259,0.5881556868553162,0.039403971284627914,0.15501092374324799,0.21742947399616241
0.7257999777793884,0.03229999914765358,0.09679999947547913,0.1451999992132187,0.6964777112007141,0.04281862825155258,0.11961963772773743,0.14108408987522125
0.5396999716758728,0.047600001096725464,0.1429000049829483,0.26980000734329224,0.5529886484146118,0.07367861270904541,0.14538712799549103,0.22794562578201294
0.571399986743927,0.047600001096725464,0.1429000049829483,0.23810000717639923,0.5649518370628357,0.04322538524866104,0.12075597047805786,0.2710668444633484
0.661300003528595,0.08060000091791153,0.08060000091791153,0.17739999294281006,0.6881282925605774,0.047565147280693054,0.09759734570980072,0.16670915484428406
0.6093999743461609,0.15620000660419464,0.15620000660419464,0.07810000330209732,0.6296225190162659,0.10079504549503326,0.15220047533512115,0.11738192290067673
0.5,0.07810000330209732,0.15620000660419464,0.2655999958515167,0.4867996871471405,0.07494533061981201,0.17768995463848114,0.2605651021003723
0.571399986743927,0.047600001096725464,0.15870000422000885,0.22220000624656677,0.5849608778953552,0.0797867551445961,0.1370537430047989,0.1981985867023468
0.571399986743927,0.19050000607967377,0.11110000312328339,0.12700000405311584,0.605689287185669,0.13227495551109314,0.10859410464763641,0.1534416228532791
0.5483999848365784,0.09679999947547913,0.16130000352859497,0.19349999725818634,0.5305981636047363,0.1151990294456482,0.17226000130176544,0.18194282054901123
0.571399986743927,0.1429000049829483,0.19050000607967377,0.09520000219345093,0.5644233226776123,0.11647532880306244,0.1979861706495285,0.12111519277095795
0.5873000025749207,0.047600001096725464,0.15870000422000885,0.20630000531673431,0.5955801606178284,0.07396547496318817,0.16442041099071503,0.16603395342826843
0.5322999954223633,0.08060000091791153,0.1451999992132187,0.2418999969959259,0.5178572535514832,0.07757631689310074,0.16326959431171417,0.24129682779312134
0.46880000829696655,0.07810000330209732,0.1875,0.2655999958515167,0.4848399758338928,0.059047967195510864,0.1771475374698639,0.2789645195007324
0.7096999883651733,0.03229999914765358,0.17739999294281006,0.08060000091791153,0.6979530453681946,0.039069391787052155,0.1626240313053131,0.10035347938537598
0.5873000025749207,0.15870000422000885,0.15870000422000885,0.09520000219345093,0.5770923495292664,0.14336936175823212,0.17886219918727875,0.10067610442638397
0.661300003528595,0.06449999660253525,0.1289999932050705,0.1451999992132187,0.6260781288146973,0.07928657531738281,0.137262761592865,0.15737253427505493
0.6093999743461609,0.031199999153614044,0.1875,0.17190000414848328,0.6235541701316833,0.050390902906656265,0.17895682156085968,0.1470980942249298
0.5968000292778015,0.09679999947547913,0.1289999932050705,0.17739999294281006,0.6193444728851318,0.10431462526321411,0.10932078957557678,0.16702018678188324
0.6934999823570251,0.16130000352859497,0.08060000091791153,0.06449999660253525,0.6886976957321167,0.14032793045043945,0.09578884392976761,0.07518552988767624
0.5781000256538391,0.07810000330209732,0.21879999339580536,0.125,0.5577873587608337,0.0518823079764843,0.23664379119873047,0.15368658304214478
0.5,0.04839999973773956,0.1451999992132187,0.30649998784065247,0.48955848813056946,0.0699787363409996,0.15434756875038147,0.28611522912979126
0.5802000164985657,0.0617000013589859,0.14810000360012054,0.20990000665187836,0.6270956993103027,0.053109146654605865,0.12567225098609924,0.19412294030189514
0.7595000267028809,0.025299999862909317,0.050599999725818634,0.16459999978542328,0.7562122344970703,0.058312829583883286,0.05785902962088585,0.12761592864990234
0.7436000108718872,0.05130000039935112,0.08969999849796295,0.11540000140666962,0.7682248950004578,0.06925757229328156,0.07666114717721939,0.08585641533136368
0.6281999945640564,0.07689999788999557,0.1281999945640564,0.16670000553131104,0.6236089468002319,0.10668691247701645,0.12919265031814575,0.14051146805286407
0.7342000007629395,0.0632999986410141,0.050599999725818634,0.15189999341964722,0.7381603121757507,0.06130612641572952,0.0582706481218338,0.14226287603378296
0.6456000208854675,0.08860000222921371,0.08860000222921371,0.17720000445842743,0.6753494739532471,0.08552630245685577,0.06953240185976028,0.16959179937839508
0.6913999915122986,0.11110000312328339,0.09880000352859497,0.09880000352859497,0.7026053667068481,0.09180247038602829,0.08133247494697571,0.12425967305898666
0.612500011920929,0.15000000596046448,0.08749999850988388,0.15000000596046448,0.5828449130058289,0.14939488470554352,0.11211035400629044,0.155649796128273
0.5512999892234802,0.10260000079870224,0.15379999577999115,0.1923000067472458,0.6045565605163574,0.1282157003879547,0.11674170941114426,0.1504860371351242
0.637499988079071,0.05000000074505806,0.125,0.1875,0.6430293321609497,0.04694623127579689,0.12886540591716766,0.18115903437137604
0.692300021648407,0.07689999788999557,0.0640999972820282,0.16670000553131104,0.7093877792358398,0.038188230246305466,0.043954383581876755,0.20846955478191376
0.7050999999046326,0.012799999676644802,0.07689999788999557,0.20509999990463257,0.7134033441543579,0.026601947844028473,0.07316397875547409,0.18683074414730072
0.6456000208854675,0.07590000331401825,0.08860000222921371,0.1898999959230423,0.6457390785217285,0.07833704352378845,0.10297209769487381,0.17295175790786743
0.6625000238418579,0.11249999701976776,0.0625,0.16249999403953552,0.6725718379020691,0.124900221824646,0.05876867100596428,0.14375928044319153
0.5679000020027161,0.03700000047683716,0.13580000400543213,0.25929999351501465,0.615124523639679,0.0648336410522461,0.09507226198911667,0.22496961057186127
0.6794999837875366,0.08969999849796295,0.08969999849796295,0.14100000262260437,0.6839512586593628,0.09041851758956909,0.056582462042570114,0.16904780268669128
0.7050999999046326,0.03849999979138374,0.0640999972820282,0.1923000067472458,0.7251193523406982,0.04782680794596672,0.04708532243967056,0.17996846139431
0.7050999999046326,0.05130000039935112,0.03849999979138374,0.20509999990463257,0.7126238346099854,0.07964246720075607,0.03155607730150223,0.17617763578891754
0.5874999761581421,0.1875,0.15000000596046448,0.07500000298023224,0.5818319916725159,0.16156889498233795,0.133683979511261,0.12291514128446579
0.7307999730110168,0.11540000140666962,0.0640999972820282,0.08969999849796295,0.7052086591720581,0.0965646281838417,0.08555151522159576,0.11267519742250443
0.692300021648407,0.025599999353289604,0.0640999972820282,0.21789999306201935,0.674896776676178,0.06132099777460098,0.06814181059598923,0.1956404596567154
0.6962000131607056,0.0632999986410141,0.07590000331401825,0.16459999978542328,0.690560519695282,0.051210321485996246,0.0790068730711937,0.1792222410440445
0.6538000106811523,0.03849999979138374,0.08969999849796295,0.21789999306201935,0.6465739607810974,0.05475877225399017,0.07169842720031738,0.22696882486343384
0.5896999835968018,0.1281999945640564,0.14100000262260437,0.14100000262260437,0.5982857346534729,0.0942934975028038,0.108531154692173,0.1988896280527115
0.6538000106811523,0.0640999972820282,0.0640999972820282,0.21789999306201935,0.6666786670684814,0.06678824126720428,0.06498673558235168,0.2015462964773178
0.6172999739646912,0.11110000312328339,0.08640000224113464,0.18520000576972961,0.6076858043670654,0.12762689590454102,0.0921059176325798,0.17258138954639435
0.692300021648407,0.0640999972820282,0.05130000039935112,0.1923000067472458,0.6786606311798096,0.05883922427892685,0.06538399308919907,0.19711613655090332
0.6538000106811523,0.07689999788999557,0.07689999788999557,0.1923000067472458,0.6509580612182617,0.07418560981750488,0.06781113892793655,0.20704524219036102
0.640999972820282,0.11540000140666962,0.07689999788999557,0.16670000553131104,0.6304944157600403,0.11846639215946198,0.0798458531498909,0.17119333148002625
0.7050999999046326,0.0640999972820282,0.0640999972820282,0.16670000553131104,0.7068171501159668,0.08778006583452225,0.06971153616905212,0.13569116592407227
0.49380001425743103,0.09880000352859497,0.18520000576972961,0.22220000624656677,0.5187751650810242,0.09192764014005661,0.15790875256061554,0.2313883751630783
0.807699978351593,0.05130000039935112,0.012799999676644802,0.1281999945640564,0.7843270301818848,0.05550030246376991,0.03288284316658974,0.12728983163833618
0.6363999843597412,0.036400001496076584,0.0908999964594841,0.23639999330043793,0.6404526829719543,0.060509491711854935,0.11482684314250946,0.18421092629432678
0.7592999935150146,0.03700000047683716,0.07410000264644623,0.12960000336170197,0.7507897019386292,0.03979039564728737,0.09360598772764206,0.11581394076347351
0.5088000297546387,0.0877000018954277,0.21050000190734863,0.19300000369548798,0.5119661688804626,0.09323596954345703,0.20883198082447052,0.185965895652771
0.800000011920929,0.0908999964594841,0.018200000748038292,0.0908999964594841,0.778287947177887,0.058168649673461914,0.05550491437315941,0.10803844779729843
0.4560999870300293,0.21050000190734863,0.15790000557899475,0.1754000037908554,0.49004867672920227,0.23432563245296478,0.14373080432415009,0.1318948119878769
0.6545000076293945,0.14550000429153442,0.0908999964594841,0.10909999907016754,0.6191926002502441,0.13234969973564148,0.09311964362859726,0.15533806383609772
0.6481000185012817,0.07410000264644623,0.09260000288486481,0.18520000576972961,0.6481584310531616,0.1049855425953865,0.10335789620876312,0.14349821209907532
0.7037000060081482,0.16670000553131104,0.01850000023841858,0.11110000312328339,0.6951304078102112,0.18169011175632477,0.027808716520667076,0.09537068754434586
0.7962999939918518,0.01850000023841858,0.03700000047683716,0.14810000360012054,0.828305721282959,0.03064616024494171,0.028565360233187675,0.11248279362916946
0.666700005531311,0.09260000288486481,0.05559999868273735,0.18520000576972961,0.6405911445617676,0.10959222167730331,0.029727688059210777,0.22008898854255676
0.678600013256073,0.1071000024676323,0.0892999991774559,0.125,0.67271488904953,0.12371272593736649,0.0889330729842186,0.11463925987482071
0.6111000180244446,0.05559999868273735,0.12960000336170197,0.2037000060081482,0.5861682295799255,0.03806259110569954,0.13800884783267975,0.23776035010814667
0.6545000076293945,0.07270000129938126,0.07270000129938126,0.20000000298023224,0.6516140103340149,0.07752079516649246,0.07874156534671783,0.1921236217021942
0.8518999814987183,0.01850000023841858,0.01850000023841858,0.11110000312328339,0.8377703428268433,0.021979693323373795,0.03248388320207596,0.1077660545706749
0.7142999768257141,0.0714000016450882,0.0714000016450882,0.1429000049829483,0.7309855818748474,0.04494013637304306,0.10613439977169037,0.11793988198041916
0.47269999980926514,0.2727000117301941,0.16359999775886536,0.0908999964594841,0.48526033759117126,0.23351357877254486,0.14541727304458618,0.1358087956905365
0.47369998693466187,0.15790000557899475,0.1754000037908554,0.19300000369548798,0.5061998963356018,0.11119735985994339,0.18495188653469086,0.19765082001686096
0.5741000175476074,0.14810000360012054,0.11110000312328339,0.16670000553131104,0.6300604343414307,0.16055366396903992,0.0886661484837532,0.120719775557518
0.75,0.017899999395012856,0.0892999991774559,0.1429000049829483,0.8029302358627319,0.020100966095924377,0.061915330588817596,0.1150534525513649
0.6851999759674072,0.07410000264644623,0.03700000047683716,0.2037000060081482,0.6752524375915527,0.06231948360800743,0.0754658579826355,0.1869622766971588
0.6000000238418579,0.07270000129938126,0.14550000429153442,0.1817999929189682,0.6297406554222107,0.04252089560031891,0.14841251075267792,0.1793258786201477
0.7091000080108643,0.054499998688697815,0.0908999964594841,0.14550000429153442,0.6938351988792419,0.11527407914400101,0.07784614711999893,0.11304448544979095
0.6481000185012817,0.12960000336170197,0.07410000264644623,0.14810000360012054,0.6720761656761169,0.15532627701759338,0.05603613331913948,0.11656144261360168
0.6607000231742859,0.1071000024676323,0.1071000024676323,0.125,0.7069233655929565,0.07747728377580643,0.07392933964729309,0.14167000353336334
0.7718999981880188,0.035100001841783524,0.07020000368356705,0.12280000001192093,0.7628849148750305,0.06486210227012634,0.06213408708572388,0.11011886596679688
0.625,0.0892999991774559,0.0714000016450882,0.2143000066280365,0.6158754825592041,0.10619024932384491,0.09782704710960388,0.1801072657108307
0.6182000041007996,0.0908999964594841,0.12729999423027039,0.16359999775886536,0.6445538997650146,0.12373817712068558,0.09285680204629898,0.1388511061668396
0.6363999843597412,0.054499998688697815,0.10909999907016754,0.20000000298023224,0.6241381168365479,0.059430599212646484,0.11635945737361908,0.20007182657718658
0.5788999795913696,0.07020000368356705,0.1404000073671341,0.21050000190734863,0.5936574339866638,0.08224806934595108,0.15516754984855652,0.16892698407173157
0.6545000076293945,0.07270000129938126,0.0908999964594841,0.1817999929189682,0.6614923477172852,0.0780835673213005,0.08247268199920654,0.17795135080814362
0.696399986743927,0.053599998354911804,0.0357000008225441,0.2143000066280365,0.6490613222122192,0.051639001816511154,0.06376565247774124,0.23553401231765747
0.5178999900817871,0.1785999983549118,0.1785999983549118,0.125,0.6098087430000305,0.09993816167116165,0.14569345116615295,0.14455965161323547
0.771399974822998,0.12860000133514404,0.057100001722574234,0.042899999767541885,0.7795540690422058,0.1115403100848198,0.04262632504105568,0.0662793442606926
0.5889999866485596,0.041099999099969864,0.13699999451637268,0.2328999936580658,0.5856927633285522,0.06674773246049881,0.12373074889183044,0.2238287478685379
0.619700014591217,0.07039999961853027,0.14079999923706055,0.16899999976158142,0.6055968999862671,0.09694883227348328,0.13698706030845642,0.1604672074317932
0.7182999849319458,0.08449999988079071,0.056299999356269836,0.14079999923706055,0.7133707404136658,0.11112173646688461,0.06926710158586502,0.10624039173126221
0.7746000289916992,0.11270000040531158,0.028200000524520874,0.08449999988079071,0.764006495475769,0.11959177255630493,0.03986310958862305,0.07653859257698059
0.7324000000953674,0.04230000078678131,0.04230000078678131,0.18310000002384186,0.7255738973617554,0.05551484227180481,0.059095241129398346,0.15981604158878326
0.7857000231742859,0.057100001722574234,0.042899999767541885,0.11429999768733978,0.7788785696029663,0.047884538769721985,0.035033077001571655,0.13820376992225647
0.6901000142097473,0.08449999988079071,0.09860000014305115,0.12680000066757202,0.6759851574897766,0.08971517533063889,0.10653939843177795,0.12776026129722595
0.6571000218391418,0.0714000016450882,0.10000000149011612,0.17139999568462372,0.686424195766449,0.06409728527069092,0.05997907370328903,0.18949951231479645
0.708299994468689,0.06939999759197235,0.125,0.09719999879598618,0.7642459273338318,0.05200758948922157,0.0793021097779274,0.10444444417953491
0.666700005531311,0.125,0.11110000312328339,0.09719999879598618,0.7085440754890442,0.10929729789495468,0.0707056000828743,0.11145298928022385
0.6338000297546387,0.04230000078678131,0.11270000040531158,0.21130000054836273,0.6384519934654236,0.061750926077365875,0.10711362957954407,0.1926833987236023
0.7746000289916992,0.028200000524520874,0.056299999356269836,0.14079999923706055,0.771527886390686,0.061143070459365845,0.028769342228770256,0.13855969905853271
0.6000000238418579,0.042899999767541885,0.08569999784231186,0.27140000462532043,0.5794214010238647,0.06154955178499222,0.11320693790912628,0.24582211673259735
0.5694000124931335,0.125,0.11110000312328339,0.19439999759197235,0.6049182415008545,0.13236485421657562,0.1014876440167427,0.16122931241989136
0.614300012588501,0.10000000149011612,0.10000000149011612,0.18569999933242798,0.5863428711891174,0.0899185910820961,0.11322459578514099,0.2105138897895813
0.625,0.16670000553131104,0.05559999868273735,0.15279999375343323,0.5977107286453247,0.14058907330036163,0.07481227070093155,0.1868879497051239
0.771399974822998,0.042899999767541885,0.11429999768733978,0.0714000016450882,0.7682076096534729,0.03824680298566818,0.09139162302017212,0.10215403884649277
0.5774999856948853,0.056299999356269836,0.14079999923706055,0.22540000081062317,0.6016847491264343,0.06857023388147354,0.13557150959968567,0.19417352974414825
0.6620000004768372,0.08449999988079071,0.07039999961853027,0.18310000002384186,0.6478555202484131,0.07798216491937637,0.08498014509677887,0.18918220698833466
0.6711999773979187,0.06849999725818634,0.09589999914169312,0.16439999639987946,0.6697129011154175,0.06327397376298904,0.06788306683301926,0.199130117893219
0.6714000105857849,0.10000000149011612,0.08569999784231186,0.1429000049829483,0.686721920967102,0.06694051623344421,0.08528442680835724,0.1610531061887741
0.6478999853134155,0.12680000066757202,0.12680000066757202,0.09860000014305115,0.66930091381073,0.120940200984478,0.10631326586008072,0.1034456416964531
0.6620000004768372,0.09860000014305115,0.12680000066757202,0.11270000040531158,0.6624259352684021,0.09322082251310349,0.10358991473913193,0.14076341688632965
0.7397000193595886,0.027400000020861626,0.1096000000834465,0.12330000102519989,0.7134944200515747,0.03781381994485855,0.14284729957580566,0.10584454983472824
0.7638999819755554,0.027799999341368675,0.05559999868273735,0.15279999375343323,0.7351264357566833,0.025351934134960175,0.07307225465774536,0.16644933819770813
0.7260000109672546,0.05480000004172325,0.05480000004172325,0.16439999639987946,0.6945393085479736,0.06717567890882492,0.10044948756694794,0.1378355473279953
0.7746000289916992,0.12680000066757202,0.07039999961853027,0.028200000524520874,0.7536008358001709,0.09923781454563141,0.06584890186786652,0.08131254464387894
0.6805999875068665,0.04170000180602074,0.05559999868273735,0.22220000624656677,0.6269524097442627,0.06505581736564636,0.07847230136394501,0.22951947152614594
0.6620000004768372,0.07039999961853027,0.11270000040531158,0.15489999949932098,0.6893200278282166,0.06263149529695511,0.07124854624271393,0.17679987847805023
0.699999988079071,0.057100001722574234,0.08569999784231186,0.15710000693798065,0.713742196559906,0.07493458688259125,0.09181177616119385,0.11951148509979248
0.628600001335144,0.12860000133514404,0.042899999767541885,0.20000000298023224,0.6174691319465637,0.11157438904047012,0.07850237935781479,0.19245406985282898
0.6970000267028809,0.15150000154972076,0.060600001364946365,0.0908999964594841,0.7366056442260742,0.13609209656715393,0.032364193350076675,0.09493804723024368
0.6970000267028809,0.0908999964594841,0.060600001364946365,0.15150000154972076,0.7046958208084106,0.08449331670999527,0.07814353704452515,0.13266728818416595
0.666700005531311,0.15150000154972076,0.060600001364946365,0.12120000272989273,0.7091482281684875,0.12383466958999634,0.027070363983511925,0.13994672894477844
0.9031999707221985,0.03229999914765358,0.0,0.06449999660253525,0.9036740064620972,0.0038103412371128798,0.02076006680727005,0.07175558060407639
0.6875,0.031199999153614044,0.0625,0.21879999339580536,0.6577792167663574,0.051925331354141235,0.10367003083229065,0.18662545084953308
0.7096999883651733,0.09679999947547913,0.06449999660253525,0.1289999932050705,0.6991287469863892,0.1205449178814888,0.04198594391345978,0.13834044337272644
0.7576000094413757,0.0908999964594841,0.030300000682473183,0.12120000272989273,0.7447735667228699,0.06688161194324493,0.041690267622470856,0.14665460586547852
0.7272999882698059,0.0908999964594841,0.0,0.1817999929189682,0.7530359625816345,0.05852332338690758,0.026378529146313667,0.16206219792366028
0.7272999882698059,0.12120000272989273,0.030300000682473183,0.12120000272989273,0.6965225338935852,0.10807429254055023,0.05717404931783676,0.1382291316986084
0.8709999918937683,0.03229999914765358,0.0,0.09679999947547913,0.881418764591217,0.0028053629212081432,0.007163745351135731,0.10861210525035858
0.6363999843597412,0.0908999964594841,0.0908999964594841,0.1817999929189682,0.6628287434577942,0.07236139476299286,0.07613088935613632,0.18867896497249603
0.5454999804496765,0.15150000154972076,0.1817999929189682,0.12120000272989273,0.5589256882667542,0.18854686617851257,0.1640925407409668,0.08843488991260529
0.7878999710083008,0.0,0.060600001364946365,0.15150000154972076,0.787922203540802,0.034618884325027466,0.07103333622217178,0.10642560571432114
0.9031999707221985,0.06449999660253525,0.0,0.03229999914765358,0.8886950016021729,0.06106993183493614,0.01773768849670887,0.03249740973114967
0.666700005531311,0.0908999964594841,0.0908999964594841,0.15150000154972076,0.6783588528633118,0.07883308082818985,0.0701155886054039,0.1726924628019333
0.7811999917030334,0.09380000084638596,0.0,0.125,0.7680544257164001,0.11284484714269638,0.016065482050180435,0.10303528606891632
0.838699996471405,0.03229999914765358,0.03229999914765358,0.09679999947547913,0.8233176469802856,0.05171583592891693,0.006587784271687269,0.11837872862815857
0.8485000133514404,0.12120000272989273,0.030300000682473183,0.0,0.8014013767242432,0.08251040428876877,0.049269214272499084,0.066818967461586
0.666700005531311,0.0908999964594841,0.060600001364946365,0.1817999929189682,0.6610103249549866,0.07021640241146088,0.08081857860088348,0.18795472383499146
0.7576000094413757,0.15150000154972076,0.030300000682473183,0.060600001364946365,0.7288828492164612,0.14582134783267975,0.06753235310316086,0.0577634833753109
0.666700005531311,0.030300000682473183,0.0908999964594841,0.21209999918937683,0.6621332168579102,0.010212289169430733,0.11100532114505768,0.2166491597890854
0.6875,0.0625,0.0625,0.1875,0.7325444221496582,0.057153623551130295,0.03562638536095619,0.17467555403709412
0.8065000176429749,0.03229999914765358,0.0,0.16130000352859497,0.7946783304214478,0.04981949180364609,0.006768723018467426,0.14873351156711578
0.8125,0.125,0.0,0.0625,0.7953330278396606,0.1087459921836853,0.01514731626957655,0.08077371120452881
0.8125,0.15620000660419464,0.0,0.031199999153614044,0.8051057457923889,0.14155559241771698,0.008534345775842667,0.044804200530052185
0.5454999804496765,0.24240000545978546,0.1817999929189682,0.030300000682473183,0.6173378825187683,0.20637881755828857,0.11419602483510971,0.062087301164865494
0.7811999917030334,0.031199999153614044,0.0625,0.125,0.7551467418670654,0.04865353927016258,0.08439480513334274,0.11180495470762253
0.8065000176429749,0.09679999947547913,0.0,0.09679999947547913,0.7970807552337646,0.08942998200654984,0.01603391207754612,0.09745527058839798
0.7188000082969666,0.0,0.031199999153614044,0.25,0.7054662704467773,0.005915695335716009,0.046712663024663925,0.2419053167104721
0.7188000082969666,0.031199999153614044,0.031199999153614044,0.21879999339580536,0.6958323121070862,0.0287204310297966,0.06447015702724457,0.21097704768180847
0.7096999883651733,0.06449999660253525,0.06449999660253525,0.16130000352859497,0.7431858777999878,0.042587943375110626,0.060293689370155334,0.15393243730068207
0.7188000082969666,0.15620000660419464,0.0625,0.0625,0.7093970775604248,0.11832083761692047,0.07959214597940445,0.0926898792386055
0.5881999731063843,0.11760000139474869,0.0940999984741211,0.20000000298023224,0.573089063167572,0.14862579107284546,0.109375961124897,0.1689092218875885
0.5365999937057495,0.13410000503063202,0.13410000503063202,0.19509999454021454,0.5317756533622742,0.11545466631650925,0.1248362585902214,0.22793345153331757
0.5609999895095825,0.061000000685453415,0.08540000021457672,0.29269999265670776,0.5062819123268127,0.13002394139766693,0.10737338662147522,0.2563207447528839
0.48809999227523804,0.047600001096725464,0.16670000553131104,0.29760000109672546,0.5062723755836487,0.07379519194364548,0.13759855926036835,0.2823339104652405
0.5181000232696533,0.02410000003874302,0.16869999468326569,0.2892000079154968,0.5108320116996765,0.06053539365530014,0.17722977697849274,0.2514027953147888
0.4578000009059906,0.1565999984741211,0.1565999984741211,0.2289000004529953,0.4537833333015442,0.16085615754127502,0.1749490648508072,0.21041151881217957
0.573199987411499,0.10980000346899033,0.15850000083446503,0.15850000083446503,0.5858840942382812,0.11902958154678345,0.15373516082763672,0.1413511335849762
0.4634000062942505,0.13410000503063202,0.15850000083446503,0.24390000104904175,0.474567711353302,0.16987460851669312,0.14558552205562592,0.2099720984697342
0.548799991607666,0.10980000346899033,0.14630000293254852,0.19509999454021454,0.5482501983642578,0.14025336503982544,0.1519465297460556,0.15954989194869995
0.15479999780654907,0.20239999890327454,0.22619999945163727,0.41670000553131104,0.13450682163238525,0.19192099571228027,0.25437816977500916,0.41919398307800293
0.4878000020980835,0.14630000293254852,0.14630000293254852,0.21950000524520874,0.47173479199409485,0.16334590315818787,0.1289651095867157,0.2359541356563568
0.5,0.11900000274181366,0.1785999983549118,0.20239999890327454,0.4809568524360657,0.14217057824134827,0.2050468474626541,0.17182572185993195
0.4471000134944916,0.2587999999523163,0.15289999544620514,0.1412000060081482,0.4268067181110382,0.25710776448249817,0.14464755356311798,0.1714380383491516
0.4390000104904175,0.10980000346899033,0.19509999454021454,0.25609999895095825,0.40816885232925415,0.11290249973535538,0.2230037897825241,0.25592491030693054
0.49399998784065247,0.13249999284744263,0.18070000410079956,0.19280000030994415,0.4761597812175751,0.14779579639434814,0.18737956881523132,0.18866486847400665
0.3452000021934509,0.0714000016450882,0.2143000066280365,0.36899998784065247,0.32208189368247986,0.07342688739299774,0.21370327472686768,0.3907879889011383
0.4146000146865845,0.061000000685453415,0.14630000293254852,0.3779999911785126,0.4289761185646057,0.07002842426300049,0.14396990835666656,0.3570255935192108
0.4146000146865845,0.17069999873638153,0.18289999663829803,0.23170000314712524,0.424312025308609,0.13992325961589813,0.18072082102298737,0.25504395365715027
0.41179999709129333,0.08240000158548355,0.22349999845027924,0.2824000120162964,0.3943919241428375,0.11477458477020264,0.21897688508033752,0.2718566358089447
0.34150001406669617,0.19509999454021454,0.17069999873638153,0.29269999265670776,0.3021340072154999,0.22039932012557983,0.20304137468338013,0.27442532777786255
0.5181000232696533,0.04820000007748604,0.16869999468326569,0.26510000228881836,0.5111509561538696,0.04905367270112038,0.18774376809597015,0.25205159187316895
0.3294000029563904,0.1412000060081482,0.2117999941110611,0.3176000118255615,0.30561381578445435,0.1395108848810196,0.23894384503364563,0.315931499004364
0.3734999895095825,0.2409999966621399,0.19280000030994415,0.19280000030994415,0.37654101848602295,0.20412291586399078,0.18859857320785522,0.230737566947937
0.524399995803833,0.18289999663829803,0.12200000137090683,0.17069999873638153,0.47415462136268616,0.20897142589092255,0.13584758341312408,0.1810263991355896
0.31709998846054077,0.18289999663829803,0.20730000734329224,0.29269999265670776,0.36860933899879456,0.18211880326271057,0.19424349069595337,0.2550284266471863
0.3294000029563904,0.2117999941110611,0.2587999999523163,0.20000000298023224,0.32132431864738464,0.24355706572532654,0.25487202405929565,0.18024659156799316
0.5541999936103821,0.13249999284744263,0.1565999984741211,0.1565999984741211,0.5594573616981506,0.12051944434642792,0.1431203931570053,0.17690275609493256
0.41179999709129333,0.12939999997615814,0.29409998655319214,0.1647000014781952,0.4014246463775635,0.1097433939576149,0.27914702892303467,0.20968489348888397
0.5,0.04879999905824661,0.14630000293254852,0.30489999055862427,0.5005733370780945,0.08332806080579758,0.12411676347255707,0.29198184609413147
0.3059000074863434,0.3059000074863434,0.22349999845027924,0.1647000014781952,0.33408021926879883,0.2832534611225128,0.19562995433807373,0.18703635036945343
0.3765000104904175,0.15289999544620514,0.2587999999523163,0.2117999941110611,0.3473294675350189,0.1384282261133194,0.27435803413391113,0.23988427221775055
0.511900007724762,0.1071000024676323,0.1785999983549118,0.20239999890327454,0.5175460577011108,0.07905884087085724,0.17938390374183655,0.22401124238967896
0.33329999446868896,0.0908999964594841,0.24240000545978546,0.33329999446868896,0.3580947816371918,0.08538786321878433,0.21946080029010773,0.33705660700798035
0.699999988079071,0.13330000638961792,0.06669999659061432,0.10000000149011612,0.7362269163131714,0.12546253204345703,0.03470386192202568,0.10360658168792725
0.4332999885082245,0.0,0.20000000298023224,0.3666999936103821,0.47844189405441284,0.029185142368078232,0.167375847697258,0.32499703764915466
0.8666999936103821,0.0333000011742115,0.0333000011742115,0.06669999659061432,0.8358741998672485,0.011200721375644207,0.05199431627988815,0.10093068331480026
0.53329998254776,0.13330000638961792,0.16670000553131104,0.16670000553131104,0.513483464717865,0.14426998794078827,0.1625242531299591,0.17972233891487122
0.5806000232696533,0.1289999932050705,0.16130000352859497,0.1289999932050705,0.5869264602661133,0.12594397366046906,0.12350797653198242,0.16362150013446808
0.699999988079071,0.13330000638961792,0.06669999659061432,0.10000000149011612,0.7002927660942078,0.10287654399871826,0.05400077998638153,0.14282993972301483
0.3939000070095062,0.060600001364946365,0.21209999918937683,0.33329999446868896,0.4106596112251282,0.06396843492984772,0.1973254680633545,0.3280464708805084
0.699999988079071,0.06669999659061432,0.0,0.23330000042915344,0.6792361736297607,0.05446353182196617,0.03922861069440842,0.22707168757915497
0.5311999917030334,0.0625,0.125,0.28119999170303345,0.5373602509498596,0.05320587009191513,0.1580696851015091,0.25136426091194153
0.666700005531311,0.06669999659061432,0.16670000553131104,0.10000000149011612,0.7074846029281616,0.05717352405190468,0.1231827437877655,0.11215917766094208
0.766700029373169,0.06669999659061432,0.0333000011742115,0.13330000638961792,0.7418026924133301,0.09730333089828491,0.022226177155971527,0.13866782188415527
0.6061000227928162,0.060600001364946365,0.12120000272989273,0.21209999918937683,0.6087612509727478,0.07327640056610107,0.1393260359764099,0.17863629758358002
0.7096999883651733,0.06449999660253525,0.09679999947547913,0.1289999932050705,0.7062286138534546,0.07770407944917679,0.09595172852277756,0.12011559307575226
0.699999988079071,0.0333000011742115,0.0333000011742115,0.23330000042915344,0.7317284345626831,0.022976500913500786,0.019499901682138443,0.22579514980316162
0.6561999917030334,0.15620000660419464,0.09380000084638596,0.09380000084638596,0.6220290064811707,0.13960906863212585,0.11918096244335175,0.11918096244335175
0.45159998536109924,0.1289999932050705,0.16130000352859497,0.2581000030040741,0.4400866627693176,0.10210832208395004,0.18983426690101624,0.2679707705974579
0.5483999848365784,0.1289999932050705,0.16130000352859497,0.16130000352859497,0.575126588344574,0.10072588175535202,0.17352956533432007,0.15061792731285095
0.45159998536109924,0.09679999947547913,0.16130000352859497,0.29030001163482666,0.4596880376338959,0.13016843795776367,0.10749272257089615,0.30265071988105774
0.5,0.09380000084638596,0.09380000084638596,0.3125,0.4778617024421692,0.11439231038093567,0.09557835012674332,0.31216758489608765
0.6452000141143799,0.03229999914765358,0.09679999947547913,0.22579999268054962,0.6017435789108276,0.06543657928705215,0.10375361144542694,0.22906620800495148
0.6452000141143799,0.06449999660253525,0.06449999660253525,0.22579999268054962,0.6265655159950256,0.053064245730638504,0.09608694165945053,0.22428323328495026
0.40619999170303345,0.21879999339580536,0.21879999339580536,0.15620000660419464,0.3640281856060028,0.22285215556621552,0.23981623351573944,0.17330341041088104
0.5666999816894531,0.13330000638961792,0.10000000149011612,0.20000000298023224,0.5706897377967834,0.1298495978116989,0.10764910280704498,0.19181160628795624
0.6452000141143799,0.06449999660253525,0.1289999932050705,0.16130000352859497,0.6215395331382751,0.09457441419363022,0.10633288323879242,0.17755311727523804
0.6773999929428101,0.1289999932050705,0.06449999660253525,0.1289999932050705,0.658352792263031,0.13826802372932434,0.05619363114237785,0.1471855640411377
0.6452000141143799,0.09679999947547913,0.19349999725818634,0.06449999660253525,0.6278115510940552,0.1065700575709343,0.15566539764404297,0.10995296388864517
0.699999988079071,0.0333000011742115,0.10000000149011612,0.16670000553131104,0.7046477794647217,0.05921267345547676,0.08581804484128952,0.15032148361206055
0.53329998254776,0.20000000298023224,0.0333000011742115,0.23330000042915344,0.49101561307907104,0.1726996749639511,0.09262019395828247,0.24366453289985657
0.5,0.16670000553131104,0.06669999659061432,0.26669999957084656,0.527308464050293,0.12821687757968903,0.09417261928319931,0.2503020763397217
0.41940000653266907,0.1289999932050705,0.2581000030040741,0.19349999725818634,0.4329814612865448,0.12649795413017273,0.254660964012146,0.18585965037345886
0.45159998536109924,0.16130000352859497,0.19349999725818634,0.19349999725818634,0.4549145996570587,0.17165735363960266,0.1892666071653366,0.1841614544391632
0.6111000180244446,0.09260000288486481,0.18520000576972961,0.11110000312328339,0.6259461045265198,0.08571115881204605,0.13966746628284454,0.14867523312568665
0.6140000224113464,0.10530000180006027,0.0877000018954277,0.19300000369548798,0.5948236584663391,0.1070634052157402,0.09979406744241714,0.19831888377666473
0.5741000175476074,0.01850000023841858,0.07410000264644623,0.33329999446868896,0.5871334671974182,0.02946092002093792,0.07641581445932388,0.306989848613739
0.4000000059604645,0.23639999330043793,0.16359999775886536,0.20000000298023224,0.3971575200557709,0.24150651693344116,0.19834284484386444,0.16299311816692352
0.47269999980926514,0.10909999907016754,0.16359999775886536,0.25450000166893005,0.49636268615722656,0.09773960709571838,0.13178016245365143,0.27411749958992004
0.4912000000476837,0.12280000001192093,0.1754000037908554,0.21050000190734863,0.5450999736785889,0.1391753852367401,0.15863312780857086,0.15709152817726135
0.5178999900817871,0.053599998354911804,0.1429000049829483,0.2856999933719635,0.5344384908676147,0.07065289467573166,0.15890809893608093,0.23600047826766968
0.6363999843597412,0.10909999907016754,0.14550000429153442,0.10909999907016754,0.7054938077926636,0.10925271362066269,0.10547852516174316,0.07977502793073654
0.5636000037193298,0.21819999814033508,0.036400001496076584,0.1817999929189682,0.5391099452972412,0.22081857919692993,0.05464496463537216,0.1854265332221985
0.6111000180244446,0.12960000336170197,0.09260000288486481,0.16670000553131104,0.66543048620224,0.13128720223903656,0.08559723198413849,0.11768508702516556
0.4034999907016754,0.2281000018119812,0.1404000073671341,0.2281000018119812,0.43309298157691956,0.24199597537517548,0.13681212067604065,0.1880989372730255
0.4074000120162964,0.16670000553131104,0.16670000553131104,0.25929999351501465,0.4459230303764343,0.15260924398899078,0.1333683878183365,0.26809927821159363
0.5788999795913696,0.10530000180006027,0.10530000180006027,0.21050000190734863,0.5786725282669067,0.07892904430627823,0.13988418877124786,0.20251420140266418
0.696399986743927,0.053599998354911804,0.0892999991774559,0.1606999933719635,0.6409742832183838,0.09270251542329788,0.09829659014940262,0.16802656650543213
0.5555999875068665,0.12960000336170197,0.11110000312328339,0.2037000060081482,0.5680190324783325,0.11361095309257507,0.09679774194955826,0.22157225012779236
0.5088000297546387,0.07020000368356705,0.21050000190734863,0.21050000190734863,0.5362551808357239,0.052683256566524506,0.1993105560541153,0.21175098419189453
0.5613999962806702,0.15790000557899475,0.1404000073671341,0.1404000073671341,0.5800662040710449,0.1343235820531845,0.15102405846118927,0.1345861852169037
0.42590001225471497,0.12960000336170197,0.14810000360012054,0.2962999939918518,0.41663527488708496,0.1423078179359436,0.1618870347738266,0.2791699171066284
0.3889000117778778,0.24070000648498535,0.16670000553131104,0.2037000060081482,0.3402557969093323,0.232828751206398,0.20080894231796265,0.22610652446746826
0.29089999198913574,0.14550000429153442,0.21819999814033508,0.34549999237060547,0.29160407185554504,0.15807859599590302,0.25613901019096375,0.294178307056427
0.4034999907016754,0.12280000001192093,0.29820001125335693,0.1754000037908554,0.46556925773620605,0.13390988111495972,0.21997304260730743,0.18054774403572083
0.42590001225471497,0.09260000288486481,0.24070000648498535,0.24070000648498535,0.4667853116989136,0.09049045294523239,0.20703361928462982,0.23569057881832123
0.4106999933719635,0.053599998354911804,0.2143000066280365,0.321399986743927,0.4841320812702179,0.07395461946725845,0.16552390158176422,0.2763894200325012
0.5555999875068665,0.05559999868273735,0.14810000360012054,0.24070000648498535,0.5769819617271423,0.06945113837718964,0.14905202388763428,0.20451486110687256
0.5370000004768372,0.14810000360012054,0.12960000336170197,0.18520000576972961,0.5140289664268494,0.15047003328800201,0.1790369302034378,0.15646407008171082
0.5091000199317932,0.12729999423027039,0.16359999775886536,0.20000000298023224,0.5250771045684814,0.14354810118675232,0.14955821633338928,0.18181656301021576
0.41819998621940613,0.0908999964594841,0.16359999775886536,0.3273000121116638,0.4273451864719391,0.05454348772764206,0.1760685294866562,0.34204280376434326
0.5925999879837036,0.09260000288486481,0.12960000336170197,0.18520000576972961,0.5975735187530518,0.10713903605937958,0.1400088220834732,0.15527862310409546
0.6851999759674072,0.12960000336170197,0.05559999868273735,0.12960000336170197,0.6757951974868774,0.15814265608787537,0.07206790894269943,0.09399427473545074
0.7407000064849854,0.07410000264644623,0.05559999868273735,0.12960000336170197,0.7432363033294678,0.09122762084007263,0.060533780604600906,0.10500235110521317
0.3571000099182129,0.1606999933719635,0.1964000016450882,0.2856999933719635,0.3954785466194153,0.1642172634601593,0.15040019154548645,0.2899039387702942
0.3684000074863434,0.0877000018954277,0.2281000018119812,0.3158000111579895,0.3853634297847748,0.13162647187709808,0.1966322511434555,0.28637778759002686
0.666700005531311,0.13330000638961792,0.0333000011742115,0.16670000553131104,0.6360999345779419,0.09603672474622726,0.059630557894706726,0.20823274552822113
0.6452000141143799,0.06449999660253525,0.22579999268054962,0.06449999660253525,0.6608754396438599,0.03239293396472931,0.2162376046180725,0.09049404412508011
0.666700005531311,0.06669999659061432,0.0333000011742115,0.23330000042915344,0.6928187608718872,0.04979705810546875,0.05218686908483505,0.20519722998142242
0.5666999816894531,0.16670000553131104,0.06669999659061432,0.20000000298023224,0.578753650188446,0.12226483225822449,0.07802043110132217,0.22096103429794312
0.53329998254776,0.16670000553131104,0.10000000149011612,0.20000000298023224,0.5665110349655151,0.14836163818836212,0.06661112606525421,0.21851614117622375
0.53329998254776,0.23330000042915344,0.16670000553131104,0.06669999659061432,0.5504817962646484,0.2442748099565506,0.12747283279895782,0.07777053117752075
0.5,0.10000000149011612,0.10000000149011612,0.30000001192092896,0.5083742737770081,0.08697258681058884,0.10168125480413437,0.30297183990478516
0.699999988079071,0.16670000553131104,0.0333000011742115,0.10000000149011612,0.6884013414382935,0.1570730358362198,0.056507423520088196,0.09801819920539856
0.5666999816894531,0.13330000638961792,0.16670000553131104,0.13330000638961792,0.5827528834342957,0.14142189919948578,0.1447756290435791,0.13104958832263947
0.666700005531311,0.10000000149011612,0.06669999659061432,0.16670000553131104,0.7122719287872314,0.0952724888920784,0.04661382734775543,0.1458417773246765
0.6452000141143799,0.1289999932050705,0.09679999947547913,0.1289999932050705,0.663105309009552,0.11704504489898682,0.0761626586318016,0.14368696510791779
0.6452000141143799,0.06449999660253525,0.16130000352859497,0.1289999932050705,0.6310924291610718,0.036164477467536926,0.17580512166023254,0.15693798661231995
0.6000000238418579,0.06669999659061432,0.06669999659061432,0.26669999957084656,0.5771421194076538,0.06974232196807861,0.07995995879173279,0.2731556296348572
0.6452000141143799,0.1289999932050705,0.09679999947547913,0.1289999932050705,0.6295474767684937,0.1393778771162033,0.12038613855838776,0.11068851500749588
0.4332999885082245,0.16670000553131104,0.13330000638961792,0.26669999957084656,0.3829713761806488,0.15413117408752441,0.15964621305465698,0.3032512962818146
0.375,0.1875,0.1875,0.25,0.37257105112075806,0.16468286514282227,0.21816933155059814,0.24457679688930511
0.5625,0.09380000084638596,0.15620000660419464,0.1875,0.5756431221961975,0.10606813430786133,0.1690005511045456,0.14928817749023438
0.666700005531311,0.0333000011742115,0.06669999659061432,0.23330000042915344,0.6451137661933899,0.0194807481020689,0.10267166048288345,0.2327338457107544
0.5160999894142151,0.1289999932050705,0.16130000352859497,0.19349999725818634,0.5338232517242432,0.10887724161148071,0.12482838332653046,0.23247112333774567
0.4839000105857849,0.32260000705718994,0.09679999947547913,0.09679999947547913,0.5078432559967041,0.32533660531044006,0.10098161548376083,0.06583845615386963
0.699999988079071,0.0333000011742115,0.0333000011742115,0.23330000042915344,0.6865918636322021,0.0993000790476799,0.04423660412430763,0.1698714643716812
0.766700029373169,0.0333000011742115,0.0333000011742115,0.16670000553131104,0.7614887356758118,0.03217574581503868,0.028617702424526215,0.17771786451339722
0.766700029373169,0.13330000638961792,0.06669999659061432,0.0333000011742115,0.8153154850006104,0.14168056845664978,0.022592945024371147,0.020411023870110512
0.5938000082969666,0.0625,0.09380000084638596,0.25,0.6145021319389343,0.042475923895835876,0.11959292739629745,0.22342899441719055
0.766700029373169,0.0,0.06669999659061432,0.16670000553131104,0.7359885573387146,0.024793699383735657,0.0828988179564476,0.15631891787052155
0.5160999894142151,0.03229999914765358,0.22579999268054962,0.22579999268054962,0.5497673749923706,0.07183264195919037,0.1500047892332077,0.22839516401290894
0.6000000238418579,0.23330000042915344,0.10000000149011612,0.06669999659061432,0.6354283094406128,0.208317831158638,0.06856188923120499,0.08769198507070541
0.6333000063896179,0.06669999659061432,0.0333000011742115,0.26669999957084656,0.5896183252334595,0.07644003629684448,0.0842815414071083,0.24966010451316833
0.5160999894142151,0.09679999947547913,0.22579999268054962,0.16130000352859497,0.5210760831832886,0.12920041382312775,0.20217198133468628,0.1475515067577362
0.45159998536109924,0.09679999947547913,0.16130000352859497,0.29030001163482666,0.49361175298690796,0.10716884583234787,0.1292702853679657,0.26994916796684265
0.4332999885082245,0.20000000298023224,0.13330000638961792,0.23330000042915344,0.4741135537624359,0.19155919551849365,0.1296154260635376,0.20471179485321045
0.5483999848365784,0.09679999947547913,0.19349999725818634,0.16130000352859497,0.5899845957756042,0.06776419281959534,0.1948176920413971,0.1474335640668869
0.27059999108314514,0.11760000139474869,0.2353000044822693,0.3765000104904175,0.2607484757900238,0.13767342269420624,0.23242463171482086,0.3691534698009491
0.5541999936103821,0.03610000014305115,0.13249999284744263,0.27709999680519104,0.5616491436958313,0.0766071081161499,0.13898874819278717,0.2227550446987152
0.36899998784065247,0.08330000191926956,0.25,0.29760000109672546,0.375741183757782,0.05246522277593613,0.27222663164138794,0.29956698417663574
0.524399995803833,0.12200000137090683,0.13410000503063202,0.21950000524520874,0.49120214581489563,0.12763817608356476,0.13015562295913696,0.25100407004356384
0.3779999911785126,0.061000000685453415,0.25609999895095825,0.30489999055862427,0.43683767318725586,0.05843079090118408,0.2221365123987198,0.2825950086116791
0.3659000098705292,0.21950000524520874,0.18289999663829803,0.23170000314712524,0.3573741912841797,0.20223845541477203,0.1843201220035553,0.2560672163963318
0.4458000063896179,0.13249999284744263,0.18070000410079956,0.2409999966621399,0.4170311689376831,0.11625862866640091,0.21677590906620026,0.24993430078029633
0.38100001215934753,0.22619999945163727,0.16670000553131104,0.22619999945163727,0.34033477306365967,0.22871321439743042,0.19658632576465607,0.23436573147773743
0.4706000089645386,0.1647000014781952,0.15289999544620514,0.2117999941110611,0.48533928394317627,0.17170633375644684,0.16545121371746063,0.17750322818756104
0.5,0.07320000231266022,0.18289999663829803,0.24390000104904175,0.5172222852706909,0.07627996057271957,0.1778765767812729,0.2286212146282196
0.5475999712944031,0.08330000191926956,0.15479999780654907,0.2143000066280365,0.5369302034378052,0.04441959038376808,0.17758028209209442,0.24106991291046143
0.3765000104904175,0.08240000158548355,0.29409998655319214,0.24709999561309814,0.3926214277744293,0.10485026240348816,0.25423920154571533,0.24828912317752838
0.5181000232696533,0.13249999284744263,0.1565999984741211,0.19280000030994415,0.5208334922790527,0.09979186952114105,0.18589036166667938,0.19348423182964325
0.5175999999046326,0.1412000060081482,0.1647000014781952,0.17649999260902405,0.47961488366127014,0.14400649070739746,0.18727043271064758,0.189108207821846
0.6547999978065491,0.11900000274181366,0.09520000219345093,0.13099999725818634,0.6182475686073303,0.06567389518022537,0.1437254101037979,0.1723530888557434
0.5,0.16670000553131104,0.1785999983549118,0.15479999780654907,0.4654378592967987,0.14905372262001038,0.17735172808170319,0.20815669000148773
0.6747000217437744,0.09640000015497208,0.0723000019788742,0.1565999984741211,0.7059423327445984,0.06881409138441086,0.09516642987728119,0.1300770789384842
0.3734999895095825,0.19280000030994415,0.19280000030994415,0.2409999966621399,0.3844134509563446,0.20316599309444427,0.1801709532737732,0.23224954307079315
0.428600013256073,0.15479999780654907,0.16670000553131104,0.25,0.47246140241622925,0.16295970976352692,0.14550663530826569,0.21907220780849457
0.28049999475479126,0.14630000293254852,0.30489999055862427,0.26829999685287476,0.27924811840057373,0.14708158373832703,0.28116360306739807,0.2925066649913788
0.5365999937057495,0.13410000503063202,0.15850000083446503,0.17069999873638153,0.5708854794502258,0.12989413738250732,0.14406080543994904,0.155159592628479
0.3294000029563904,0.15289999544620514,0.20000000298023224,0.3176000118255615,0.3488539755344391,0.12610000371932983,0.21325016021728516,0.3117958903312683
0.397599995136261,0.03610000014305115,0.26510000228881836,0.3012000024318695,0.43573376536369324,0.06401149183511734,0.2463415414094925,0.25391316413879395
0.43529999256134033,0.22349999845027924,0.22349999845027924,0.11760000139474869,0.468378484249115,0.16060760617256165,0.20302705466747284,0.1679869145154953
0.621999979019165,0.14630000293254852,0.10980000346899033,0.12200000137090683,0.5882688760757446,0.12187127023935318,0.12872172892093658,0.1611381620168686
0.590399980545044,0.03610000014305115,0.1565999984741211,0.21690000593662262,0.6087502241134644,0.056622590869665146,0.1398688107728958,0.19475838541984558
0.5475999712944031,0.05950000137090683,0.15479999780654907,0.23810000717639923,0.5109986066818237,0.08949469774961472,0.1658969521522522,0.23360975086688995
0.36899998784065247,0.2143000066280365,0.20239999890327454,0.2143000066280365,0.35868456959724426,0.19866561889648438,0.23034363985061646,0.2123061567544937
0.5422000288963318,0.08429999649524689,0.1565999984741211,0.21690000593662262,0.5808842778205872,0.0798521339893341,0.1374342143535614,0.20182937383651733
0.3659000098705292,0.17069999873638153,0.28049999475479126,0.18289999663829803,0.3679337501525879,0.1539779156446457,0.2916285991668701,0.1864597499370575
0.5300999879837036,0.13249999284744263,0.1565999984741211,0.18070000410079956,0.5543527603149414,0.10621416568756104,0.14804090559482574,0.191392183303833
0.36899998784065247,0.2856999933719635,0.1785999983549118,0.16670000553131104,0.4147564172744751,0.2457350641489029,0.16147205233573914,0.17803646624088287
0.6000000238418579,0.11760000139474869,0.0940999984741211,0.1881999969482422,0.640609860420227,0.11943032592535019,0.08081059902906418,0.15914925932884216
0.678600013256073,0.11900000274181366,0.09520000219345093,0.1071000024676323,0.699065089225769,0.09992615133523941,0.07542821764945984,0.12558051943778992
0.7175999879837036,0.0706000030040741,0.0706000030040741,0.1412000060081482,0.7311984300613403,0.06464453786611557,0.0738263800740242,0.13033074140548706
0.7293999791145325,0.03530000150203705,0.0706000030040741,0.1647000014781952,0.7143495678901672,0.04748600348830223,0.08465294539928436,0.1535114049911499
0.6823999881744385,0.1647000014781952,0.08240000158548355,0.0706000030040741,0.6551186442375183,0.18641594052314758,0.08694581687450409,0.07151968032121658
0.6470999717712402,0.1412000060081482,0.0706000030040741,0.1412000060081482,0.6120814681053162,0.14970435202121735,0.10349483788013458,0.13471932709217072
0.6823999881744385,0.0940999984741211,0.0940999984741211,0.12939999997615814,0.6470820903778076,0.10399556159973145,0.09731391817331314,0.15160846710205078
0.7764999866485596,0.0940999984741211,0.0,0.12939999997615814,0.7425847053527832,0.09240236133337021,0.026012426242232323,0.1390005350112915
0.6705999970436096,0.023499999195337296,0.0706000030040741,0.2353000044822693,0.6446397304534912,0.04970927909016609,0.07579759508371353,0.22985339164733887
0.6705999970436096,0.0940999984741211,0.10589999705553055,0.12939999997615814,0.6833337545394897,0.07146236300468445,0.08289778977632523,0.16230599582195282
0.5475999712944031,0.0714000016450882,0.13099999725818634,0.25,0.5880693197250366,0.1261892020702362,0.0821128711104393,0.20362862944602966
0.5647000074386597,0.08240000158548355,0.1412000060081482,0.2117999941110611,0.5567300319671631,0.07773693650960922,0.14353971183300018,0.22199323773384094
0.5475999712944031,0.1429000049829483,0.047600001096725464,0.26190000772476196,0.5249297618865967,0.12084569782018661,0.07159870862960815,0.28262585401535034
0.7411999702453613,0.011800000444054604,0.058800000697374344,0.1881999969482422,0.7125742435455322,0.02762950211763382,0.06838367879390717,0.191412553191185
0.559499979019165,0.047600001096725464,0.08330000191926956,0.3095000088214874,0.5647234916687012,0.1032463014125824,0.08459699153900146,0.24743327498435974
0.7882000207901001,0.058800000697374344,0.058800000697374344,0.0940999984741211,0.7866669297218323,0.06508000940084457,0.06820327043533325,0.0800497829914093
0.6000000238418579,0.12939999997615814,0.0940999984741211,0.17649999260902405,0.5893449187278748,0.1111680418252945,0.09397926926612854,0.2055077701807022
0.5529000163078308,0.023499999195337296,0.10589999705553055,0.3176000118255615,0.5599185824394226,0.04217610880732536,0.07637106627225876,0.3215342164039612
0.5475999712944031,0.16670000553131104,0.1071000024676323,0.1785999983549118,0.5654134750366211,0.1380203366279602,0.0887652114033699,0.2078009694814682
0.690500020980835,0.05950000137090683,0.0714000016450882,0.1785999983549118,0.6918915510177612,0.07612662017345428,0.07378444820642471,0.1581973433494568
0.6547999978065491,0.1429000049829483,0.05950000137090683,0.1429000049829483,0.6431424021720886,0.07591751217842102,0.0688541904091835,0.21208587288856506
0.7175999879837036,0.1647000014781952,0.03530000150203705,0.08240000158548355,0.7047879695892334,0.1502046436071396,0.05434741452336311,0.09065995365381241
0.7411999702453613,0.011800000444054604,0.08240000158548355,0.1647000014781952,0.7479720115661621,0.03581271693110466,0.06561286747455597,0.15060241520404816
0.6118000149726868,0.03530000150203705,0.1647000014781952,0.1881999969482422,0.6413699388504028,0.07139971852302551,0.11188958585262299,0.17534077167510986
0.7529000043869019,0.023499999195337296,0.058800000697374344,0.1647000014781952,0.702904999256134,0.031125711277127266,0.07733839005231857,0.1886308640241623
0.583299994468689,0.1785999983549118,0.0714000016450882,0.16670000553131104,0.5837892293930054,0.16923001408576965,0.08215456455945969,0.1648261845111847
0.7738000154495239,0.1071000024676323,0.011900000274181366,0.1071000024676323,0.7213313579559326,0.11435432732105255,0.03822916001081467,0.12608519196510315
0.6309999823570251,0.15479999780654907,0.05950000137090683,0.15479999780654907,0.622526228427887,0.12500040233135223,0.0767102837562561,0.17576313018798828
0.6823999881744385,0.08240000158548355,0.0471000000834465,0.1881999969482422,0.6707673072814941,0.0829782485961914,0.07097505778074265,0.1752794086933136
0.6352999806404114,0.0706000030040741,0.10589999705553055,0.1881999969482422,0.6352565884590149,0.06854335963726044,0.1091049462556839,0.18709509074687958
0.6705999970436096,0.058800000697374344,0.058800000697374344,0.2117999941110611,0.6830944418907166,0.09101352840662003,0.03508884087204933,0.1908031851053238
0.678600013256073,0.08330000191926956,0.0357000008225441,0.20239999890327454,0.7141398191452026,0.06313640624284744,0.030890660360455513,0.19183310866355896
0.48570001125335693,0.1429000049829483,0.08569999784231186,0.2856999933719635,0.4735877215862274,0.17905281484127045,0.11605766415596008,0.23130179941654205
0.5587999820709229,0.0,0.17649999260902405,0.2646999955177307,0.5860300660133362,0.02185235172510147,0.1516113430261612,0.24050624668598175
0.7059000134468079,0.11760000139474869,0.058800000697374344,0.11760000139474869,0.7176474332809448,0.11048553884029388,0.07359923422336578,0.09826786816120148
0.7059000134468079,0.058800000697374344,0.058800000697374344,0.17649999260902405,0.6760526299476624,0.03814028203487396,0.10675834864377975,0.17904868721961975
0.6470999717712402,0.20589999854564667,0.029400000348687172,0.11760000139474869,0.635834813117981,0.2197386473417282,0.051383331418037415,0.09304318577051163
0.5,0.11760000139474869,0.14710000157356262,0.2353000044822693,0.5245231986045837,0.10248096287250519,0.13576523959636688,0.237230584025383
0.6470999717712402,0.08820000290870667,0.08820000290870667,0.17649999260902405,0.6016127467155457,0.12659843266010284,0.08532683551311493,0.18646198511123657
0.4706000089645386,0.2353000044822693,0.17649999260902405,0.11760000139474869,0.5298207998275757,0.18854480981826782,0.12983816862106323,0.15179620683193207
0.8529000282287598,0.0,0.029400000348687172,0.11760000139474869,0.8535686135292053,0.01677246205508709,0.028754690662026405,0.10090424865484238
0.6111000180244446,0.027799999341368675,0.11110000312328339,0.25,0.6531338095664978,0.02983984164893627,0.06620258837938309,0.25082382559776306
0.6000000238418579,0.08569999784231186,0.17139999568462372,0.1429000049829483,0.585060179233551,0.08395731449127197,0.1700960248708725,0.1608864814043045
0.6765000224113464,0.14710000157356262,0.08820000290870667,0.08820000290870667,0.726094663143158,0.1369631141424179,0.044989556074142456,0.09195267409086227
0.5293999910354614,0.11760000139474869,0.11760000139474869,0.2353000044822693,0.5180155038833618,0.1582946628332138,0.13460557162761688,0.1890842318534851
0.5676000118255615,0.054099999368190765,0.1891999989748001,0.1891999989748001,0.5866689085960388,0.04384718835353851,0.19346287846565247,0.17602097988128662
0.6571000218391418,0.1429000049829483,0.057100001722574234,0.1429000049829483,0.631172776222229,0.1274813711643219,0.097172312438488,0.14417345821857452
0.628600001335144,0.22859999537467957,0.057100001722574234,0.08569999784231186,0.6216498613357544,0.2309364676475525,0.04433400556445122,0.1030796468257904
0.5676000118255615,0.054099999368190765,0.13510000705718994,0.24320000410079956,0.5612255334854126,0.06247774511575699,0.17066340148448944,0.20563331246376038
0.6176000237464905,0.058800000697374344,0.11760000139474869,0.20589999854564667,0.6490174531936646,0.034396667033433914,0.1207616850733757,0.19582422077655792
0.628600001335144,0.057100001722574234,0.11429999768733978,0.20000000298023224,0.6162986159324646,0.08115719258785248,0.11947492510080338,0.18306924402713776
0.6000000238418579,0.11429999768733978,0.1429000049829483,0.1429000049829483,0.5996291637420654,0.10920058190822601,0.15339712798595428,0.13777312636375427
0.4595000147819519,0.13510000705718994,0.16220000386238098,0.24320000410079956,0.4560004472732544,0.14181523025035858,0.17962174117565155,0.22256264090538025
0.5134999752044678,0.08110000193119049,0.1891999989748001,0.21619999408721924,0.5247705578804016,0.046576034277677536,0.15957778692245483,0.2690756022930145
0.3783999979496002,0.1891999989748001,0.2973000109195709,0.13510000705718994,0.3728146255016327,0.24354460835456848,0.2630774676799774,0.1205633282661438
0.5,0.16670000553131104,0.05559999868273735,0.2777999937534332,0.5109775066375732,0.16589011251926422,0.09197178483009338,0.23116059601306915
0.6944000124931335,0.027799999341368675,0.11110000312328339,0.16670000553131104,0.7144315838813782,0.03264036402106285,0.10434044897556305,0.14858761429786682
0.5293999910354614,0.08820000290870667,0.17649999260902405,0.20589999854564667,0.5429359078407288,0.08229188621044159,0.17851749062538147,0.1962546855211258
0.6000000238418579,0.08569999784231186,0.11429999768733978,0.20000000298023224,0.6281045079231262,0.07800468802452087,0.071024090051651,0.22286668419837952
0.6765000224113464,0.11760000139474869,0.058800000697374344,0.14710000157356262,0.6695987582206726,0.14090484380722046,0.055829573422670364,0.13366684317588806
0.7221999764442444,0.05559999868273735,0.11110000312328339,0.11110000312328339,0.6881441473960876,0.10228349268436432,0.1323646754026413,0.07720763236284256
0.5278000235557556,0.16670000553131104,0.19439999759197235,0.11110000312328339,0.5515135526657104,0.14989455044269562,0.14303037524223328,0.15556153655052185
0.5293999910354614,0.14710000157356262,0.14710000157356262,0.17649999260902405,0.5514909029006958,0.13594287633895874,0.16238485276699066,0.15018142759799957
0.3513999879360199,0.1891999989748001,0.2973000109195709,0.16220000386238098,0.3746950924396515,0.18988622725009918,0.27520573139190674,0.16021285951137543
0.4778999984264374,0.13269999623298645,0.13269999623298645,0.2565999925136566,0.4242416024208069,0.16197021305561066,0.1466139853000641,0.2671741545200348
0.5544999837875366,0.1817999929189682,0.0908999964594841,0.17270000278949738,0.5776357054710388,0.162611722946167,0.10275842994451523,0.15699422359466553
0.6818000078201294,0.07270000129938126,0.045499999076128006,0.20000000298023224,0.6916301846504211,0.06585720926523209,0.052505943924188614,0.19000667333602905
0.6726999878883362,0.08179999887943268,0.08179999887943268,0.16359999775886536,0.6621173024177551,0.05607514828443527,0.09841495007276535,0.18339261412620544
0.7544999718666077,0.036400001496076584,0.045499999076128006,0.16359999775886536,0.7333451509475708,0.05189273878931999,0.05069064721465111,0.1640714406967163
0.40709999203681946,0.14159999787807465,0.11500000208616257,0.33629998564720154,0.4199049770832062,0.17132186889648438,0.1434246301651001,0.26534852385520935
0.5486999750137329,0.13269999623298645,0.0885000005364418,0.23010000586509705,0.5978760123252869,0.11277724802494049,0.09533966332674026,0.19400715827941895
0.6607000231742859,0.1160999983549118,0.1071000024676323,0.1160999983549118,0.644445538520813,0.12347597628831863,0.1239592507481575,0.1081191748380661
0.49549999833106995,0.09009999781847,0.12610000371932983,0.2883000075817108,0.5428016185760498,0.0988515168428421,0.11970438063144684,0.23864249885082245
0.5575000047683716,0.15039999783039093,0.12389999628067017,0.1680999994277954,0.5682761073112488,0.15935316681861877,0.10389581322669983,0.168474942445755
0.6283000111579895,0.026499999687075615,0.13269999623298645,0.21240000426769257,0.6173173189163208,0.030257925391197205,0.1395019292831421,0.2129228711128235
0.5817999839782715,0.11819999665021896,0.07270000129938126,0.2273000031709671,0.5760104060173035,0.12603940069675446,0.06362462788820267,0.2343256026506424
0.5917999744415283,0.09179999679327011,0.09179999679327011,0.22450000047683716,0.5962774753570557,0.06334010511636734,0.08691450953483582,0.25346794724464417
0.6061000227928162,0.12120000272989273,0.12120000272989273,0.15150000154972076,0.6303029656410217,0.1165943369269371,0.09295710176229477,0.1601455956697464
0.6428999900817871,0.08160000294446945,0.12240000069141388,0.15309999883174896,0.6439685821533203,0.0888705849647522,0.10888652503490448,0.15827429294586182
0.7551000118255615,0.03060000017285347,0.08160000294446945,0.13269999623298645,0.7156460881233215,0.042643431574106216,0.1086813434958458,0.13302917778491974
0.58160001039505,0.15309999883174896,0.10199999809265137,0.16329999268054962,0.5989246368408203,0.13841992616653442,0.11122353374958038,0.1514318585395813
0.5509999990463257,0.09179999679327011,0.17350000143051147,0.18369999527931213,0.5911029577255249,0.06181695684790611,0.1740484982728958,0.17303164303302765
0.6161999702453613,0.04039999842643738,0.14139999449253082,0.20200000703334808,0.6329085826873779,0.06670806556940079,0.13957571983337402,0.16080760955810547
0.6262999773025513,0.08079999685287476,0.10100000351667404,0.19189999997615814,0.636320948600769,0.056037187576293945,0.10266634076833725,0.20497553050518036
0.5346999764442444,0.13860000669956207,0.17820000648498535,0.148499995470047,0.543857753276825,0.12326206266880035,0.1755332350730896,0.1573469638824463
0.58160001039505,0.08160000294446945,0.10199999809265137,0.23469999432563782,0.5370485186576843,0.14826172590255737,0.11479176580905914,0.19989800453186035
0.6299999952316284,0.029999999329447746,0.14000000059604645,0.20000000298023224,0.6018012166023254,0.06052473932504654,0.1684248447418213,0.1692492514848709
0.4699999988079071,0.12999999523162842,0.15000000596046448,0.25,0.49313250184059143,0.11352554708719254,0.13220736384391785,0.261134535074234
0.5400000214576721,0.07000000029802322,0.11999999731779099,0.27000001072883606,0.5344846844673157,0.09002190828323364,0.12449578195810318,0.2509976625442505
0.666700005531311,0.10100000351667404,0.15150000154972076,0.08079999685287476,0.6688889265060425,0.08210194110870361,0.13722661137580872,0.11178255826234818
0.676800012588501,0.05050000175833702,0.0908999964594841,0.1817999929189682,0.6654435992240906,0.10528847575187683,0.09328041225671768,0.1359875351190567
0.6735000014305115,0.06120000034570694,0.10199999809265137,0.16329999268054962,0.6768970489501953,0.0538536012172699,0.11050041019916534,0.15874893963336945
0.6327000260353088,0.020400000736117363,0.1429000049829483,0.20409999787807465,0.6358411908149719,0.053849805146455765,0.13724198937416077,0.17306707799434662
0.6632999777793884,0.13269999623298645,0.08160000294446945,0.12240000069141388,0.6390746831893921,0.1234072670340538,0.07967772334814072,0.1578403115272522
0.4848000109195709,0.12120000272989273,0.22220000624656677,0.17170000076293945,0.4857046604156494,0.14697878062725067,0.19681820273399353,0.17049837112426758
0.5306000113487244,0.15309999883174896,0.13269999623298645,0.18369999527931213,0.5258167386054993,0.1506490260362625,0.13346761465072632,0.1900666207075119
0.6262999773025513,0.15150000154972076,0.13130000233650208,0.0908999964594841,0.5739019513130188,0.12606953084468842,0.1482563614845276,0.1517721563577652
0.4553999900817871,0.12870000302791595,0.17820000648498535,0.23759999871253967,0.4561871290206909,0.1446714997291565,0.1910979151725769,0.2080434262752533
0.5799999833106995,0.15000000596046448,0.12999999523162842,0.14000000059604645,0.5379914045333862,0.14794296026229858,0.15534603595733643,0.15871962904930115
0.48510000109672546,0.10890000313520432,0.148499995470047,0.2574000060558319,0.5474310517311096,0.09365440905094147,0.13336998224258423,0.22554457187652588
0.5960000157356262,0.0908999964594841,0.11110000312328339,0.20200000703334808,0.5941892266273499,0.1142924353480339,0.11977744102478027,0.17174090445041656
0.6869000196456909,0.08079999685287476,0.10100000351667404,0.13130000233650208,0.6985381245613098,0.07449324429035187,0.11226528882980347,0.11470333486795425
0.6019999980926514,0.040800001472234726,0.1429000049829483,0.2143000066280365,0.6155763864517212,0.0474681556224823,0.14621222019195557,0.19074325263500214
0.48510000109672546,0.1979999989271164,0.12870000302791595,0.18809999525547028,0.5036337375640869,0.1863652914762497,0.12883958220481873,0.18116141855716705
0.6161999702453613,0.13130000233650208,0.17170000076293945,0.08079999685287476,0.5993748307228088,0.10746198892593384,0.17374800145626068,0.11941512674093246
0.6327000260353088,0.050999999046325684,0.1429000049829483,0.17350000143051147,0.6374342441558838,0.08296249806880951,0.12849482893943787,0.1511084884405136
0.5940999984741211,0.05939999967813492,0.15839999914169312,0.18809999525547028,0.6053953170776367,0.05587232485413551,0.15700414776802063,0.18172825872898102
0.5,0.10199999809265137,0.15309999883174896,0.24490000307559967,0.5405608415603638,0.10982159525156021,0.10939344018697739,0.24022406339645386
0.6363999843597412,0.07580000162124634,0.0908999964594841,0.19699999690055847,0.6416585445404053,0.05145042762160301,0.11846330016851425,0.18842771649360657
0.6521999835968018,0.07249999791383743,0.15940000116825104,0.11590000241994858,0.6407400965690613,0.09941893815994263,0.13017424941062927,0.1296667456626892
0.7353000044822693,0.04410000145435333,0.08820000290870667,0.1324000060558319,0.7564235925674438,0.03375830501317978,0.07577893137931824,0.1340392529964447
0.6514999866485596,0.10610000044107437,0.10610000044107437,0.1363999992609024,0.6430179476737976,0.13452090322971344,0.10374686866998672,0.11871428042650223
0.7727000117301941,0.030300000682473183,0.10610000044107437,0.0908999964594841,0.7623612284660339,0.07972697168588638,0.07818491011857986,0.07972697168588638
0.6956999897956848,0.014499999582767487,0.10140000283718109,0.188400000333786,0.6995728015899658,0.022664105519652367,0.09598017483949661,0.18178297579288483
0.6715999841690063,0.07460000365972519,0.08959999680519104,0.16419999301433563,0.6938267946243286,0.08650403469800949,0.06710676103830338,0.1525624394416809
0.6812000274658203,0.014499999582767487,0.11590000241994858,0.188400000333786,0.7164077758789062,0.02692350372672081,0.08914507925510406,0.16752365231513977
0.7612000107765198,0.029899999499320984,0.04479999840259552,0.16419999301433563,0.7706069350242615,0.03866717219352722,0.04849949851632118,0.14222638309001923
0.7206000089645386,0.10289999842643738,0.07349999994039536,0.10289999842643738,0.7601233720779419,0.09007729589939117,0.037257589399814606,0.11254177242517471
0.8029999732971191,0.060600001364946365,0.015200000256299973,0.12120000272989273,0.8035382032394409,0.06343160569667816,0.03265179321169853,0.1003783643245697
0.7312999963760376,0.08959999680519104,0.059700001031160355,0.11940000206232071,0.7328042387962341,0.07456880807876587,0.04265431687235832,0.14997261762619019
0.8181999921798706,0.030300000682473183,0.0,0.15150000154972076,0.8041476607322693,0.02751641906797886,0.011834665201604366,0.15650129318237305
0.8029999732971191,0.060600001364946365,0.045499999076128006,0.0908999964594841,0.8129861950874329,0.03743436932563782,0.03628263249993324,0.11329680681228638
0.7760999798774719,0.01489999983459711,0.04479999840259552,0.16419999301433563,0.7803241014480591,0.026493430137634277,0.025083478540182114,0.16809900104999542
0.6521999835968018,0.0,0.08699999749660492,0.26089999079704285,0.6496984958648682,0.02681626006960869,0.08259988576173782,0.24088530242443085
0.7612000107765198,0.059700001031160355,0.04479999840259552,0.13429999351501465,0.7532577514648438,0.06870872527360916,0.05288698896765709,0.1251465529203415
0.6812000274658203,0.07249999791383743,0.10140000283718109,0.14489999413490295,0.7123942375183105,0.07626822590827942,0.08311239629983902,0.1282251477241516
0.7576000094413757,0.060600001364946365,0.060600001364946365,0.12120000272989273,0.7727183699607849,0.045685894787311554,0.06493274867534637,0.11666302382946014
0.7312999963760376,0.11940000206232071,0.07460000365972519,0.07460000365972519,0.723456621170044,0.0905512198805809,0.0683516412973404,0.11764060705900192
0.6470999717712402,0.10289999842643738,0.07349999994039536,0.17649999260902405,0.6457703709602356,0.06596959382295609,0.07593053579330444,0.21232947707176208
0.7612000107765198,0.04479999840259552,0.029899999499320984,0.16419999301433563,0.7501013875007629,0.03453880548477173,0.046841565519571304,0.1685182899236679
0.8029999732971191,0.015200000256299973,0.045499999076128006,0.1363999992609024,0.7832969427108765,0.021705688908696175,0.057410694658756256,0.13758666813373566
0.8059999942779541,0.059700001031160355,0.029899999499320984,0.10450000315904617,0.8160545229911804,0.05865475535392761,0.020112795755267143,0.1051778793334961
0.7164000272750854,0.07460000365972519,0.07460000365972519,0.13429999351501465,0.7298685312271118,0.11661524325609207,0.05852340906858444,0.09499288350343704
0.7462999820709229,0.04479999840259552,0.13429999351501465,0.07460000365972519,0.7579820156097412,0.04177182540297508,0.12519574165344238,0.07505038380622864
0.7760999798774719,0.029899999499320984,0.04479999840259552,0.1492999941110611,0.752932071685791,0.049274783581495285,0.06013735756278038,0.13765577971935272
0.7760999798774719,0.10450000315904617,0.04479999840259552,0.07460000365972519,0.7759520411491394,0.08570966869592667,0.05687236040830612,0.08146589249372482
0.7014999985694885,0.07460000365972519,0.07460000365972519,0.1492999941110611,0.6952896118164062,0.05488641932606697,0.09483523666858673,0.15498866140842438
0.7423999905586243,0.015200000256299973,0.07580000162124634,0.16670000553131104,0.7692294716835022,0.013655458576977253,0.04747641459107399,0.16963866353034973
0.7272999882698059,0.07580000162124634,0.07580000162124634,0.12120000272989273,0.7504249215126038,0.06183972582221031,0.06305940449237823,0.12467591464519501
0.6715999841690063,0.07460000365972519,0.11940000206232071,0.13429999351501465,0.7005710005760193,0.06855778396129608,0.09975098818540573,0.1311202049255371
0.5874999761581421,0.15000000596046448,0.13750000298023224,0.125,0.603315532207489,0.1528402715921402,0.1178753599524498,0.1259687840938568
0.5432000160217285,0.09880000352859497,0.19750000536441803,0.16050000488758087,0.520187497138977,0.14615358412265778,0.18693329393863678,0.1467256247997284
0.7595000267028809,0.08860000222921371,0.03799999877810478,0.11389999836683273,0.7512704730033875,0.11817379295825958,0.035970646888017654,0.094585120677948
0.6582000255584717,0.1265999972820282,0.03799999877810478,0.17720000445842743,0.6528410315513611,0.10740923136472702,0.05616021528840065,0.18358956277370453
0.6025999784469604,0.03849999979138374,0.10260000079870224,0.2563999891281128,0.6009098291397095,0.029684720560908318,0.1058599203824997,0.26354554295539856
0.6542999744415283,0.049400001764297485,0.13580000400543213,0.16050000488758087,0.745366632938385,0.046183668076992035,0.07097400724887848,0.1374756097793579
0.6025999784469604,0.08969999849796295,0.15379999577999115,0.15379999577999115,0.623746395111084,0.07508015632629395,0.12796534597873688,0.1732081174850464
0.637499988079071,0.08749999850988388,0.10000000149011612,0.17499999701976776,0.6397430896759033,0.08590604364871979,0.11117066442966461,0.16318029165267944
0.5184999704360962,0.22220000624656677,0.14810000360012054,0.11110000312328339,0.5158101320266724,0.2187279313802719,0.1332494616508484,0.13221250474452972
0.6281999945640564,0.025599999353289604,0.08969999849796295,0.2563999891281128,0.6354893445968628,0.08500216156244278,0.07619543373584747,0.20331306755542755
0.7178999781608582,0.11540000140666962,0.03849999979138374,0.1281999945640564,0.6834034323692322,0.09212802350521088,0.0635664239525795,0.16090214252471924
0.5949000120162964,0.10130000114440918,0.07590000331401825,0.22779999673366547,0.6259255409240723,0.10178117454051971,0.09864970296621323,0.1736435890197754
0.666700005531311,0.10260000079870224,0.11540000140666962,0.11540000140666962,0.6698132157325745,0.08351010084152222,0.11504002660512924,0.13163667917251587
0.6000000238418579,0.22499999403953552,0.08749999850988388,0.08749999850988388,0.5756582021713257,0.21322546899318695,0.11491422355175018,0.09620214998722076
0.5896999835968018,0.1281999945640564,0.07689999788999557,0.20509999990463257,0.5798784494400024,0.11197629570960999,0.09283161908388138,0.21531365811824799
0.6420000195503235,0.08640000224113464,0.13580000400543213,0.13580000400543213,0.6443525552749634,0.1027509942650795,0.09652562439441681,0.1563708335161209
0.5432000160217285,0.16050000488758087,0.19750000536441803,0.09880000352859497,0.5886260867118835,0.12630867958068848,0.14795848727226257,0.1371067613363266
0.5569999814033508,0.10130000114440918,0.15189999341964722,0.1898999959230423,0.5706418752670288,0.11105695366859436,0.13085706532001495,0.18744409084320068
0.6456000208854675,0.07590000331401825,0.0632999986410141,0.2152000069618225,0.6472308039665222,0.1098664328455925,0.06509371101856232,0.17780913412570953
0.5062999725341797,0.1265999972820282,0.15189999341964722,0.2152000069618225,0.49490395188331604,0.12860007584095,0.14487162232398987,0.23162434995174408
0.5625,0.15000000596046448,0.11249999701976776,0.17499999701976776,0.5726364254951477,0.10801631957292557,0.13951075077056885,0.1798364669084549
0.7342000007629395,0.050599999725818634,0.1265999972820282,0.08860000222921371,0.7525283694267273,0.06057652458548546,0.10344744473695755,0.08344767987728119
0.5949000120162964,0.10130000114440918,0.13920000195503235,0.16459999978542328,0.5680863857269287,0.1378626525402069,0.13599063456058502,0.15806031227111816
0.6538000106811523,0.10260000079870224,0.08969999849796295,0.15379999577999115,0.6523169875144958,0.05789642035961151,0.10607265681028366,0.18371392786502838
0.6154000163078308,0.16670000553131104,0.08969999849796295,0.1281999945640564,0.6145243048667908,0.1445438265800476,0.09063005447387695,0.15030181407928467
0.666700005531311,0.07689999788999557,0.0640999972820282,0.1923000067472458,0.6564615964889526,0.08543891459703445,0.07138688862323761,0.1867125928401947
0.675000011920929,0.10000000149011612,0.07500000298023224,0.15000000596046448,0.6420767903327942,0.13537751138210297,0.09286196529865265,0.129683718085289
0.6834999918937683,0.1265999972820282,0.08860000222921371,0.10130000114440918,0.6642626523971558,0.12505526840686798,0.1026669442653656,0.10801513493061066
0.666700005531311,0.049400001764297485,0.16050000488758087,0.12349999696016312,0.6620369553565979,0.05968444049358368,0.16050565242767334,0.11777298152446747
0.6794999837875366,0.1281999945640564,0.08969999849796295,0.10260000079870224,0.6986264586448669,0.134512260556221,0.07450266927480698,0.09235858917236328
0.4625000059604645,0.11249999701976776,0.17499999701976776,0.25,0.4817855954170227,0.11005021631717682,0.18304385244846344,0.22512030601501465
0.666700005531311,0.09880000352859497,0.09880000352859497,0.13580000400543213,0.6257620453834534,0.14689990878105164,0.09121222794055939,0.1361258178949356
0.5224000215530396,0.1940000057220459,0.08959999680519104,0.1940000057220459,0.5085971355438232,0.17836011946201324,0.10252366960048676,0.21051906049251556
0.4706000089645386,0.25,0.1324000060558319,0.14710000157356262,0.4854232966899872,0.24600055813789368,0.13638612627983093,0.13218997418880463
0.47760000824928284,0.10450000315904617,0.16419999301433563,0.25369998812675476,0.5230469703674316,0.08115736395120621,0.14581337571144104,0.24998228251934052
0.4627000093460083,0.07460000365972519,0.10450000315904617,0.3582000136375427,0.42235326766967773,0.07141431421041489,0.13058364391326904,0.37564876675605774
0.7727000117301941,0.045499999076128006,0.060600001364946365,0.12120000272989273,0.7625955939292908,0.03679926320910454,0.05811995640397072,0.1424851268529892
0.4327999949455261,0.17910000681877136,0.11940000206232071,0.2687000036239624,0.41211846470832825,0.16329030692577362,0.13912507891654968,0.28546613454818726
0.44780001044273376,0.1940000057220459,0.16419999301433563,0.1940000057220459,0.4195500612258911,0.17764867842197418,0.20769234001636505,0.19510890543460846
0.5293999910354614,0.14710000157356262,0.14710000157356262,0.17649999260902405,0.5195032358169556,0.1565936654806137,0.1445428729057312,0.1793602705001831
0.6567000150680542,0.16419999301433563,0.08959999680519104,0.08959999680519104,0.6395613551139832,0.17249317467212677,0.09213755279779434,0.09580788761377335
0.5942000150680542,0.057999998331069946,0.17389999330043793,0.17389999330043793,0.5737631320953369,0.08662527799606323,0.15442624688148499,0.18518537282943726
0.5454999804496765,0.030300000682473183,0.15150000154972076,0.2727000117301941,0.5405864119529724,0.05565750598907471,0.17774496972560883,0.22601112723350525
0.7014999985694885,0.1492999941110611,0.04479999840259552,0.10450000315904617,0.705023467540741,0.09541454911231995,0.038853321224451065,0.1607086956501007
0.6715999841690063,0.059700001031160355,0.07460000365972519,0.1940000057220459,0.6725270748138428,0.10394427180290222,0.07694367319345474,0.14658492803573608
0.478300005197525,0.10140000283718109,0.14489999413490295,0.2754000127315521,0.4874305725097656,0.1266581416130066,0.1306786984205246,0.255232572555542
0.7312999963760376,0.11940000206232071,0.08959999680519104,0.059700001031160355,0.6630868315696716,0.11168204247951508,0.10328900814056396,0.12194211781024933
0.5361999869346619,0.07249999791383743,0.188400000333786,0.2029000073671341,0.5510352253913879,0.0652996227145195,0.1707027554512024,0.2129623144865036
0.4927999973297119,0.23190000653266907,0.2029000073671341,0.07249999791383743,0.5095155239105225,0.21600596606731415,0.15298429131507874,0.12149420380592346
0.666700005531311,0.028999999165534973,0.13040000200271606,0.17389999330043793,0.6997914910316467,0.05973063036799431,0.09507715702056885,0.14540070295333862
0.6417999863624573,0.1940000057220459,0.13429999351501465,0.029899999499320984,0.626857578754425,0.16177834570407867,0.12175947427749634,0.08960461616516113
0.4848000109195709,0.12120000272989273,0.15150000154972076,0.24240000545978546,0.5553910732269287,0.13295157253742218,0.12489645928144455,0.1867608278989792
0.5,0.058800000697374344,0.11760000139474869,0.32350000739097595,0.47568657994270325,0.06906662881374359,0.12703296542167664,0.3282138705253601
0.6029000282287598,0.04410000145435333,0.1324000060558319,0.22059999406337738,0.6335854530334473,0.03834819421172142,0.1294771283864975,0.1985892653465271
0.376800000667572,0.21739999949932098,0.2029000073671341,0.2029000073671341,0.4220984876155853,0.22901523113250732,0.20471236109733582,0.14417386054992676
0.5651999711990356,0.08699999749660492,0.13040000200271606,0.21739999949932098,0.5225288271903992,0.07099336385726929,0.14063672721385956,0.26584112644195557
0.7059000134468079,0.07349999994039536,0.04410000145435333,0.17649999260902405,0.7128989696502686,0.0424797385931015,0.06278098374605179,0.18184028565883636
0.5587999820709229,0.10289999842643738,0.11760000139474869,0.22059999406337738,0.548157274723053,0.09341304749250412,0.13406962156295776,0.22435997426509857
0.6086999773979187,0.10140000283718109,0.11590000241994858,0.17389999330043793,0.5951113104820251,0.06888913363218307,0.13888834416866302,0.19711118936538696
0.5361999869346619,0.057999998331069946,0.10140000283718109,0.3043000102043152,0.48937472701072693,0.06806562095880508,0.11783678084611893,0.32472288608551025
0.7121000289916992,0.060600001364946365,0.045499999076128006,0.1817999929189682,0.6881267428398132,0.061074718832969666,0.06974952667951584,0.18104904890060425
0.6377000212669373,0.14489999413490295,0.11590000241994858,0.10140000283718109,0.622376561164856,0.11924754828214645,0.12351441383361816,0.1348615288734436
0.7353000044822693,0.08820000290870667,0.08820000290870667,0.08820000290870667,0.6865121126174927,0.07823748141527176,0.13360734283924103,0.10164309293031693
0.7121000289916992,0.16670000553131104,0.060600001364946365,0.060600001364946365,0.7030953764915466,0.12241852283477783,0.08044098317623138,0.09404505044221878
0.6773999929428101,0.09679999947547913,0.1289999932050705,0.09679999947547913,0.6984695792198181,0.07390628755092621,0.12621088325977325,0.1014132872223854
0.4839000105857849,0.03229999914765358,0.2581000030040741,0.22579999268054962,0.5248324871063232,0.06804099678993225,0.15184266865253448,0.25528383255004883
0.766700029373169,0.0333000011742115,0.0333000011742115,0.16670000553131104,0.7634173631668091,0.062177449464797974,0.03952239453792572,0.1348828375339508
0.4666999876499176,0.10000000149011612,0.30000001192092896,0.13330000638961792,0.5505450367927551,0.11929649859666824,0.24406442046165466,0.08609402924776077
0.800000011920929,0.0,0.10000000149011612,0.10000000149011612,0.828210175037384,0.003492147894576192,0.08168421685695648,0.08661339432001114
0.6561999917030334,0.125,0.125,0.09380000084638596,0.6911434531211853,0.10808075964450836,0.09353609383106232,0.10723966360092163
0.666700005531311,0.0333000011742115,0.06669999659061432,0.23330000042915344,0.6585372686386108,0.059368934482336044,0.07161261141300201,0.2104811668395996
0.733299970626831,0.0,0.0333000011742115,0.23330000042915344,0.7069287896156311,0.027410604059696198,0.04147091880440712,0.22418968379497528
0.6129000186920166,0.09679999947547913,0.1289999932050705,0.16130000352859497,0.6167834997177124,0.13338878750801086,0.12003691494464874,0.12979084253311157
0.6333000063896179,0.13330000638961792,0.13330000638961792,0.10000000149011612,0.6587527990341187,0.11492209881544113,0.12209524214267731,0.10422983020544052
0.6452000141143799,0.06449999660253525,0.1289999932050705,0.16130000352859497,0.6782935261726379,0.07177142053842545,0.06309112161397934,0.1868438869714737
0.699999988079071,0.0333000011742115,0.13330000638961792,0.13330000638961792,0.6705830693244934,0.04563375189900398,0.13386334478855133,0.14991983771324158
0.6000000238418579,0.0333000011742115,0.06669999659061432,0.30000001192092896,0.5941058397293091,0.056130677461624146,0.060219425708055496,0.2895440459251404
0.5454999804496765,0.12120000272989273,0.0908999964594841,0.24240000545978546,0.5348166227340698,0.16730435192584991,0.12168736755847931,0.17619165778160095
0.5806000232696533,0.16130000352859497,0.1289999932050705,0.1289999932050705,0.6077190041542053,0.1621340662240982,0.09690926969051361,0.13323767483234406
0.766700029373169,0.13330000638961792,0.0333000011742115,0.06669999659061432,0.7449777126312256,0.14018236100673676,0.06795345991849899,0.04688648134469986
0.766700029373169,0.10000000149011612,0.06669999659061432,0.06669999659061432,0.7448351383209229,0.07789411395788193,0.08655837923288345,0.09071240574121475
0.5,0.15620000660419464,0.21879999339580536,0.125,0.4845733344554901,0.1486549973487854,0.19331549108028412,0.17345619201660156
0.666700005531311,0.0333000011742115,0.10000000149011612,0.20000000298023224,0.6598162651062012,0.04817181080579758,0.11354461312294006,0.1784672886133194
0.6452000141143799,0.0,0.09679999947547913,0.2581000030040741,0.6841567754745483,0.010718134231865406,0.055396437644958496,0.24972857534885406
0.5806000232696533,0.03229999914765358,0.09679999947547913,0.29030001163482666,0.5626378059387207,0.04476318880915642,0.1107899397611618,0.28180909156799316
0.6000000238418579,0.0,0.16670000553131104,0.23330000042915344,0.5711486339569092,0.017518797889351845,0.17693358659744263,0.23439893126487732
0.6773999929428101,0.06449999660253525,0.06449999660253525,0.19349999725818634,0.6780048608779907,0.10644111782312393,0.049887947738170624,0.16566616296768188
0.6129000186920166,0.1289999932050705,0.1289999932050705,0.1289999932050705,0.6190512180328369,0.1252775639295578,0.13519303500652313,0.12047825753688812
0.5806000232696533,0.06449999660253525,0.16130000352859497,0.19349999725818634,0.6126606464385986,0.10771943628787994,0.13912729918956757,0.14049261808395386
0.766700029373169,0.13330000638961792,0.0,0.10000000149011612,0.7226577401161194,0.13388237357139587,0.022691678255796432,0.1207682266831398
0.666700005531311,0.0333000011742115,0.10000000149011612,0.20000000298023224,0.7124172449111938,0.022900614887475967,0.060571227222681046,0.20411095023155212
0.800000011920929,0.0333000011742115,0.06669999659061432,0.10000000149011612,0.7863584756851196,0.0472244955599308,0.08385855704545975,0.08255844563245773
0.733299970626831,0.0333000011742115,0.10000000149011612,0.13330000638961792,0.7319723963737488,0.03241286054253578,0.11051130294799805,0.12510348856449127
0.6773999929428101,0.06449999660253525,0.16130000352859497,0.09679999947547913,0.6840737462043762,0.09778324514627457,0.14961214363574982,0.06853087991476059
0.6000000238418579,0.0333000011742115,0.06669999659061432,0.30000001192092896,0.6167835593223572,0.03320309892296791,0.07309103012084961,0.2769223153591156
0.5454999804496765,0.24240000545978546,0.12120000272989273,0.0908999964594841,0.5257943272590637,0.23150411248207092,0.12809865176677704,0.11460285633802414
0.7871999740600586,0.04259999841451645,0.10639999806880951,0.06379999965429306,0.7960637211799622,0.06848084926605225,0.09019237011671066,0.045263081789016724
0.6739000082015991,0.06520000100135803,0.15219999849796295,0.10869999974966049,0.6633215546607971,0.08400309085845947,0.14095373451709747,0.11172158271074295
0.765999972820282,0.08510000258684158,0.04259999841451645,0.10639999806880951,0.7683237791061401,0.09730057418346405,0.05147448182106018,0.08290113508701324
0.829800009727478,0.06379999965429306,0.021299999207258224,0.08510000258684158,0.8039823770523071,0.056891147047281265,0.037310127168893814,0.10181637853384018
0.7825999855995178,0.021700000390410423,0.06520000100135803,0.13040000200271606,0.7773346304893494,0.030855296179652214,0.06088555231690407,0.1309245079755783
0.765999972820282,0.021299999207258224,0.04259999841451645,0.17020000517368317,0.797018826007843,0.030424654483795166,0.04749221354722977,0.12506423890590668
0.7233999967575073,0.08510000258684158,0.06379999965429306,0.12770000100135803,0.7212089896202087,0.07225111126899719,0.06604286283254623,0.140497088432312
0.7390999794006348,0.15219999849796295,0.021700000390410423,0.08699999749660492,0.7623760104179382,0.15070830285549164,0.026497885584831238,0.060417793691158295
0.680899977684021,0.04259999841451645,0.10639999806880951,0.17020000517368317,0.6995962858200073,0.06160949170589447,0.08421018719673157,0.15458403527736664
0.708299994468689,0.04170000180602074,0.0625,0.1875,0.6916136145591736,0.01931539550423622,0.08423063158988953,0.2048403024673462
0.8084999918937683,0.021299999207258224,0.06379999965429306,0.10639999806880951,0.7849926352500916,0.0564221516251564,0.06700296700000763,0.09158218652009964
0.765999972820282,0.021299999207258224,0.021299999207258224,0.1914999932050705,0.7358394265174866,0.039612192660570145,0.06330010294914246,0.1612483263015747
0.7233999967575073,0.08510000258684158,0.06379999965429306,0.12770000100135803,0.7068659067153931,0.0753813311457634,0.07747098803520203,0.1402818262577057
0.7020999789237976,0.06379999965429306,0.08510000258684158,0.14890000224113464,0.7360912561416626,0.05720644071698189,0.07728097587823868,0.12942129373550415
0.8260999917984009,0.13040000200271606,0.0,0.04349999874830246,0.8244065642356873,0.10930652916431427,0.01658359169960022,0.049703240394592285
0.8043000102043152,0.021700000390410423,0.021700000390410423,0.15219999849796295,0.7970502376556396,0.036988429725170135,0.025822089985013008,0.14013925194740295
0.765999972820282,0.10639999806880951,0.04259999841451645,0.08510000258684158,0.7459838390350342,0.10767927765846252,0.05619155615568161,0.0901452973484993
0.645799994468689,0.10419999808073044,0.125,0.125,0.6943499445915222,0.13020990788936615,0.06874995678663254,0.1066901832818985
0.744700014591217,0.04259999841451645,0.06379999965429306,0.14890000224113464,0.7704594135284424,0.06226266920566559,0.03358818590641022,0.1336897909641266
0.765999972820282,0.08510000258684158,0.021299999207258224,0.12770000100135803,0.7656140327453613,0.09108307212591171,0.030390065163373947,0.11291278153657913
0.8084999918937683,0.06379999965429306,0.021299999207258224,0.10639999806880951,0.8010401725769043,0.04924700781702995,0.034649599343538284,0.11506318300962448
0.7174000144004822,0.021700000390410423,0.08699999749660492,0.17389999330043793,0.7048089504241943,0.02754274755716324,0.09048574417829514,0.17716249823570251
0.765999972820282,0.04259999841451645,0.08510000258684158,0.10639999806880951,0.777414083480835,0.027020562440156937,0.06558302789926529,0.1299823820590973
0.8084999918937683,0.06379999965429306,0.06379999965429306,0.06379999965429306,0.7859174609184265,0.04907817021012306,0.08749129623174667,0.07751299440860748
0.8511000275611877,0.04259999841451645,0.04259999841451645,0.06379999965429306,0.8275914788246155,0.036078862845897675,0.050286587327718735,0.08604305237531662
0.744700014591217,0.10639999806880951,0.06379999965429306,0.08510000258684158,0.7538966536521912,0.11348839849233627,0.0687670037150383,0.06384799629449844
0.8043000102043152,0.13040000200271606,0.021700000390410423,0.04349999874830246,0.7757299542427063,0.10842199623584747,0.029152903705835342,0.08669517189264297
0.6938999891281128,0.020400000736117363,0.12240000069141388,0.16329999268054962,0.6760374307632446,0.02834281325340271,0.10971532762050629,0.18590444326400757
0.8043000102043152,0.06520000100135803,0.04349999874830246,0.08699999749660492,0.835227370262146,0.04823772981762886,0.02463742159307003,0.0918974056839943
0.8043000102043152,0.021700000390410423,0.021700000390410423,0.15219999849796295,0.7881138324737549,0.03985578194260597,0.04481106251478195,0.12721925973892212
0.7825999855995178,0.06520000100135803,0.04349999874830246,0.10869999974966049,0.779965877532959,0.07543811947107315,0.04006488248705864,0.10453110188245773
0.7233999967575073,0.06379999965429306,0.06379999965429306,0.14890000224113464,0.7183793783187866,0.09026765078306198,0.06578374654054642,0.1255692094564438
0.6718999743461609,0.0625,0.125,0.14059999585151672,0.7385269403457642,0.047212447971105576,0.05606617406010628,0.15819446742534637
0.7811999917030334,0.0625,0.0625,0.09380000084638596,0.7742392420768738,0.04039701819419861,0.06405188143253326,0.12131194770336151
0.7459999918937683,0.031700000166893005,0.07940000295639038,0.1429000049829483,0.7591822743415833,0.019456464797258377,0.049297183752059937,0.17206406593322754
0.6825000047683716,0.06350000202655792,0.1429000049829483,0.11110000312328339,0.6483767032623291,0.0575467050075531,0.16489867866039276,0.12917791306972504
0.6769000291824341,0.061500001698732376,0.15379999577999115,0.10769999772310257,0.6818244457244873,0.041267890483140945,0.1381158083677292,0.13879184424877167
0.8065000176429749,0.09679999947547913,0.03229999914765358,0.06449999660253525,0.8074823021888733,0.09402215480804443,0.04246196150779724,0.056033648550510406
0.7903000116348267,0.09679999947547913,0.04839999973773956,0.06449999660253525,0.7800871729850769,0.07604160904884338,0.05392157658934593,0.0899495854973793
0.8154000043869019,0.04619999974966049,0.061500001698732376,0.07689999788999557,0.8173995018005371,0.05412435159087181,0.06085364520549774,0.06762247532606125
0.7936999797821045,0.031700000166893005,0.06350000202655792,0.11110000312328339,0.7862968444824219,0.03427862003445625,0.057182084769010544,0.12224244326353073
0.7343999743461609,0.0625,0.07810000330209732,0.125,0.7137644290924072,0.10044551640748978,0.08134325593709946,0.10444680601358414
0.8065000176429749,0.06449999660253525,0.03229999914765358,0.09679999947547913,0.7804747819900513,0.08825364708900452,0.05028541013598442,0.08098609745502472
0.7231000065803528,0.015399999916553497,0.07689999788999557,0.18459999561309814,0.717490017414093,0.04445640370249748,0.08208787441253662,0.15596570074558258
0.7188000082969666,0.031199999153614044,0.07810000330209732,0.17190000414848328,0.694901168346405,0.06119602173566818,0.10050182789564133,0.14340095221996307
0.7301999926567078,0.12700000405311584,0.06350000202655792,0.07940000295639038,0.7446984648704529,0.09320995211601257,0.04472261667251587,0.11736903339624405
0.7257999777793884,0.11289999634027481,0.11289999634027481,0.04839999973773956,0.7318121790885925,0.11200805753469467,0.08083409816026688,0.07534566521644592
0.8547999858856201,0.04839999973773956,0.016100000590085983,0.08060000091791153,0.8271791338920593,0.041505828499794006,0.028084244579076767,0.10323072969913483
0.8226000070571899,0.03229999914765358,0.016100000590085983,0.1289999932050705,0.8197105526924133,0.013563587330281734,0.025941038504242897,0.14078480005264282
0.8065000176429749,0.08060000091791153,0.016100000590085983,0.09679999947547913,0.7934341430664062,0.06798854470252991,0.03224121406674385,0.10633611679077148
0.7903000116348267,0.016100000590085983,0.04839999973773956,0.1451999992132187,0.7792796492576599,0.027085404843091965,0.049623459577560425,0.14401152729988098
0.7811999917030334,0.07810000330209732,0.04690000042319298,0.09380000084638596,0.758175253868103,0.06547679752111435,0.05985063314437866,0.11649725586175919
0.8547999858856201,0.06449999660253525,0.03229999914765358,0.04839999973773956,0.8069648146629333,0.07624143362045288,0.04517155513167381,0.07162219285964966
0.7231000065803528,0.04619999974966049,0.07689999788999557,0.15379999577999115,0.6932018995285034,0.04982459917664528,0.08813072741031647,0.16884274780750275
0.7142999768257141,0.06350000202655792,0.07940000295639038,0.1429000049829483,0.6937252283096313,0.06554264575242996,0.08350349217653275,0.15722861886024475
0.7656000256538391,0.07810000330209732,0.0625,0.09380000084638596,0.7598645091056824,0.04671557620167732,0.07436023652553558,0.11905963718891144
0.8593999743461609,0.031199999153614044,0.07810000330209732,0.031199999153614044,0.8569114804267883,0.029551872983574867,0.05854178965091705,0.054994918406009674
0.761900007724762,0.09520000219345093,0.06350000202655792,0.07940000295639038,0.7579010725021362,0.07563092559576035,0.06859427690505981,0.09787369519472122
0.7742000222206116,0.09679999947547913,0.04839999973773956,0.08060000091791153,0.7726035714149475,0.0517612099647522,0.04358731210231781,0.1320478767156601
0.761900007724762,0.09520000219345093,0.06350000202655792,0.07940000295639038,0.7631087303161621,0.11188579350709915,0.05884462967514992,0.06616079807281494
0.8226000070571899,0.08060000091791153,0.04839999973773956,0.04839999973773956,0.8661463260650635,0.03465021401643753,0.03547191992402077,0.06373149156570435
0.692300021648407,0.12309999763965607,0.07689999788999557,0.10769999772310257,0.68026202917099,0.1172918975353241,0.10596439242362976,0.09648167341947556
0.7419000267982483,0.06449999660253525,0.06449999660253525,0.1289999932050705,0.7319613099098206,0.08606497943401337,0.07775323837995529,0.10422050207853317
0.7903000116348267,0.04839999973773956,0.016100000590085983,0.1451999992132187,0.7849645018577576,0.05843893066048622,0.027070675045251846,0.12952588498592377
0.6944000124931335,0.05559999868273735,0.027799999341368675,0.22220000624656677,0.7014634609222412,0.07839518785476685,0.02535196766257286,0.1947893649339676
0.771399974822998,0.08569999784231186,0.0,0.1429000049829483,0.721222996711731,0.10720022767782211,0.02487245202064514,0.14670430123806
0.6000000238418579,0.08569999784231186,0.028599999845027924,0.2856999933719635,0.6201426982879639,0.09181662648916245,0.04895429685711861,0.23908631503582
0.685699999332428,0.08569999784231186,0.057100001722574234,0.17139999568462372,0.6688616275787354,0.06029970198869705,0.09412649273872375,0.17671220004558563
0.583299994468689,0.16670000553131104,0.11110000312328339,0.1388999968767166,0.5481213927268982,0.1252027451992035,0.1327580213546753,0.19391779601573944
0.7297000288963318,0.027000000700354576,0.054099999368190765,0.1891999989748001,0.7278693914413452,0.07206883281469345,0.04474855214357376,0.15531322360038757
0.5555999875068665,0.11110000312328339,0.16670000553131104,0.16670000553131104,0.6037587523460388,0.09590239077806473,0.09741263836622238,0.20292626321315765
0.771399974822998,0.028599999845027924,0.08569999784231186,0.11429999768733978,0.7761501669883728,0.024562502279877663,0.09526759386062622,0.10401971638202667
0.5404999852180481,0.10809999704360962,0.1891999989748001,0.16220000386238098,0.5759840607643127,0.09513518214225769,0.1871773600578308,0.14170341193675995
0.7027000188827515,0.13510000705718994,0.10809999704360962,0.054099999368190765,0.6341738104820251,0.13189558684825897,0.14843909442424774,0.08549149334430695
0.7142999768257141,0.057100001722574234,0.028599999845027924,0.20000000298023224,0.7148119807243347,0.04498794302344322,0.017894968390464783,0.2223050892353058
0.6485999822616577,0.027000000700354576,0.08110000193119049,0.24320000410079956,0.6606101989746094,0.05465148761868477,0.07707095146179199,0.20766733586788177
0.6215999722480774,0.16220000386238098,0.054099999368190765,0.16220000386238098,0.6060834527015686,0.16091009974479675,0.05593583360314369,0.17707066237926483
0.40540000796318054,0.08110000193119049,0.16220000386238098,0.3513999879360199,0.4192667305469513,0.06711959838867188,0.16466893255710602,0.3489447236061096
0.7221999764442444,0.05559999868273735,0.05559999868273735,0.16670000553131104,0.7058486938476562,0.05615697801113129,0.0672110989689827,0.1707831472158432
0.7778000235557556,0.08330000191926956,0.05559999868273735,0.08330000191926956,0.7718028426170349,0.07291936129331589,0.05905189365148544,0.09622583538293839
0.6944000124931335,0.1388999968767166,0.0,0.16670000553131104,0.6396416425704956,0.135789155960083,0.033635955303907394,0.1909332275390625
0.5555999875068665,0.11110000312328339,0.11110000312328339,0.22220000624656677,0.5729743242263794,0.09879317134618759,0.12104392051696777,0.20718851685523987
0.7027000188827515,0.1891999989748001,0.027000000700354576,0.08110000193119049,0.6654601693153381,0.18317459523677826,0.06165612116456032,0.08970913290977478
0.75,0.027799999341368675,0.027799999341368675,0.19439999759197235,0.7260421514511108,0.05426383763551712,0.050579458475112915,0.1691146343946457
0.7838000059127808,0.027000000700354576,0.027000000700354576,0.16220000386238098,0.7393048405647278,0.061882756650447845,0.04236553981900215,0.15644687414169312
0.8108000159263611,0.13510000705718994,0.027000000700354576,0.027000000700354576,0.8183570504188538,0.09641163051128387,0.042532458901405334,0.042698923498392105
0.6757000088691711,0.027000000700354576,0.054099999368190765,0.24320000410079956,0.6331248879432678,0.024741455912590027,0.08128270506858826,0.2608509063720703
0.5,0.25,0.08330000191926956,0.16670000553131104,0.5344409942626953,0.22040772438049316,0.09143207222223282,0.1537192016839981
0.75,0.11110000312328339,0.027799999341368675,0.11110000312328339,0.7513788342475891,0.11019287258386612,0.013654885813593864,0.12477346509695053
0.6757000088691711,0.10809999704360962,0.08110000193119049,0.13510000705718994,0.6666810512542725,0.09455548226833344,0.07538620382547379,0.16337722539901733
0.7778000235557556,0.027799999341368675,0.05559999868273735,0.1388999968767166,0.762153148651123,0.0400782972574234,0.0543542318046093,0.14341425895690918
0.7221999764442444,0.05559999868273735,0.05559999868273735,0.16670000553131104,0.7287213206291199,0.052788399159908295,0.07680666446685791,0.14168356359004974
0.7027000188827515,0.10809999704360962,0.13510000705718994,0.054099999368190765,0.6898369789123535,0.11940833926200867,0.10641160607337952,0.0843430757522583
0.8285999894142151,0.057100001722574234,0.057100001722574234,0.057100001722574234,0.8156081438064575,0.0677383691072464,0.0626477524638176,0.054005738347768784
0.6388999819755554,0.11110000312328339,0.05559999868273735,0.19439999759197235,0.618724524974823,0.10751819610595703,0.04210473224520683,0.23165246844291687
0.8055999875068665,0.027799999341368675,0.0,0.16670000553131104,0.7518850564956665,0.06220254674553871,0.029382403939962387,0.1565299779176712
0.4205999970436096,0.16670000553131104,0.1746000051498413,0.23810000717639923,0.4201771914958954,0.189388707280159,0.17791421711444855,0.21251994371414185
0.47620001435279846,0.15080000460147858,0.16670000553131104,0.20630000531673431,0.46235421299934387,0.1169014498591423,0.2004157155752182,0.2203286737203598
0.38280001282691956,0.1875,0.25,0.17970000207424164,0.4179590940475464,0.17559780180454254,0.2202489823102951,0.18619413673877716
0.37299999594688416,0.20630000531673431,0.22220000624656677,0.19840000569820404,0.376797080039978,0.18256337940692902,0.2500605583190918,0.1905788779258728
0.48410001397132874,0.06350000202655792,0.18250000476837158,0.26980000734329224,0.4635067284107208,0.07867956161499023,0.17001578211784363,0.2877978980541229
0.42969998717308044,0.1875,0.19529999792575836,0.1875,0.4548967778682709,0.15968379378318787,0.19242741167545319,0.19299200177192688
0.4251999855041504,0.16539999842643738,0.22050000727176666,0.1889999955892563,0.46768471598625183,0.14860771596431732,0.1938209980726242,0.18988662958145142
0.5159000158309937,0.16670000553131104,0.20630000531673431,0.11110000312328339,0.49824225902557373,0.13781745731830597,0.2180914729833603,0.1458488404750824
0.43650001287460327,0.16670000553131104,0.19840000569820404,0.19840000569820404,0.44542643427848816,0.17375144362449646,0.17926691472530365,0.20155520737171173
0.5511999726295471,0.14169999957084656,0.17319999635219574,0.1339000016450882,0.5237171649932861,0.12009648978710175,0.16706344485282898,0.18912290036678314
0.40310001373291016,0.20160000026226044,0.19380000233650208,0.20160000026226044,0.3763048052787781,0.1833963245153427,0.22879831492900848,0.21150054037570953
0.38100001215934753,0.18250000476837158,0.23810000717639923,0.19840000569820404,0.4111742675304413,0.17962874472141266,0.20939292013645172,0.19980411231517792
0.428600013256073,0.2540000081062317,0.1746000051498413,0.1429000049829483,0.40147751569747925,0.2174285501241684,0.1983579844236374,0.18273594975471497
0.3253999948501587,0.26190000772476196,0.26190000772476196,0.15080000460147858,0.3154605031013489,0.25292328000068665,0.24287791550159454,0.18873833119869232
0.5353999733924866,0.03150000050663948,0.16539999842643738,0.2676999866962433,0.4910159111022949,0.06619270890951157,0.15972116589546204,0.28307032585144043
0.4602999985218048,0.11900000274181366,0.19840000569820404,0.22220000624656677,0.439766526222229,0.12022547423839569,0.2183389514684677,0.2216690182685852
0.5475999712944031,0.023800000548362732,0.20630000531673431,0.22220000624656677,0.5136793851852417,0.07257118821144104,0.21782439947128296,0.1959250271320343
0.4219000041484833,0.125,0.24220000207424164,0.21089999377727509,0.4125385582447052,0.1084611713886261,0.26171383261680603,0.21728643774986267
0.45669999718666077,0.07090000063180923,0.19689999520778656,0.27559998631477356,0.44531968235969543,0.06882760673761368,0.1892058253288269,0.2966468930244446
0.362199991941452,0.181099995970726,0.2676999866962433,0.1889999955892563,0.37780681252479553,0.16217564046382904,0.2643963694572449,0.19562114775180817
0.4724000096321106,0.12600000202655792,0.22050000727176666,0.181099995970726,0.5309526920318604,0.11663482338190079,0.17698059976100922,0.17543192207813263
0.5,0.18250000476837158,0.13490000367164612,0.18250000476837158,0.4960181415081024,0.14864104986190796,0.14633657038211823,0.2090042680501938
0.5159000158309937,0.12700000405311584,0.15870000422000885,0.19840000569820404,0.5143141150474548,0.12456970661878586,0.183026522397995,0.1780896931886673
0.5396999716758728,0.08730000257492065,0.20630000531673431,0.16670000553131104,0.4640076756477356,0.10978180915117264,0.220308318734169,0.20590215921401978
0.37299999594688416,0.1746000051498413,0.2540000081062317,0.19840000569820404,0.374979168176651,0.1859910488128662,0.23214875161647797,0.20688103139400482
0.4530999958515167,0.09380000084638596,0.25,0.20309999585151672,0.4371817409992218,0.07508570700883865,0.25326859951019287,0.23446400463581085
0.5078999996185303,0.12700000405311584,0.15870000422000885,0.20630000531673431,0.5302121043205261,0.0889541357755661,0.16946597397327423,0.21136772632598877
0.4219000041484833,0.13279999792575836,0.24220000207424164,0.20309999585151672,0.39529916644096375,0.2054794579744339,0.23085761070251465,0.1683638095855713
0.4609000086784363,0.08590000122785568,0.21879999339580536,0.23440000414848328,0.4543452858924866,0.08339138329029083,0.23302200436592102,0.22924137115478516
0.5555999875068665,0.09520000219345093,0.19050000607967377,0.15870000422000885,0.5450674891471863,0.1264658421278,0.1797441989183426,0.14872242510318756
0.4375,0.11720000207424164,0.22660000622272491,0.21879999339580536,0.4739486277103424,0.0823599100112915,0.21989597380161285,0.22379551827907562
0.48820000886917114,0.1574999988079071,0.17319999635219574,0.181099995970726,0.478484570980072,0.17027604579925537,0.1855563074350357,0.16568313539028168
0.65829998254776,0.07500000298023224,0.125,0.14169999957084656,0.6196050047874451,0.05853981897234917,0.13825257122516632,0.18360258638858795
0.6355999708175659,0.033900000154972076,0.11860000342130661,0.211899995803833,0.6233986020088196,0.07160204648971558,0.09485729038715363,0.21014206111431122
0.6333000063896179,0.08330000191926956,0.13330000638961792,0.15000000596046448,0.5880057215690613,0.12181675434112549,0.1460805982351303,0.1440970003604889
0.5378000140190125,0.08399999886751175,0.17649999260902405,0.20170000195503235,0.4893890619277954,0.12325453758239746,0.1983111947774887,0.18904517590999603
0.516700029373169,0.10830000042915344,0.19169999659061432,0.18330000340938568,0.5228805541992188,0.1291423738002777,0.16389022767543793,0.1840868592262268
0.6270999908447266,0.08470000326633453,0.11860000342130661,0.16949999332427979,0.6125960350036621,0.13145218789577484,0.08929312974214554,0.1666586697101593
0.5253999829292297,0.16949999332427979,0.17800000309944153,0.12710000574588776,0.5160454511642456,0.15343917906284332,0.1788637787103653,0.1516515612602234
0.6197999715805054,0.1404999941587448,0.10740000009536743,0.13220000267028809,0.6066426038742065,0.1304291933774948,0.11221760511398315,0.15071064233779907
0.6166999936103821,0.1582999974489212,0.08330000191926956,0.14169999957084656,0.6505588889122009,0.10745268315076828,0.10455432534217834,0.13743406534194946
0.6133999824523926,0.03359999880194664,0.10920000076293945,0.24369999766349792,0.6028969287872314,0.05831205099821091,0.0980365127325058,0.24075445532798767
0.5932000279426575,0.16949999332427979,0.12710000574588776,0.11020000278949738,0.587948739528656,0.13170255720615387,0.11898334324359894,0.1613653302192688
0.6050000190734863,0.11760000139474869,0.11760000139474869,0.15970000624656677,0.5890690088272095,0.0899844840168953,0.1440759003162384,0.17687058448791504
0.5546000003814697,0.18490000069141388,0.12610000371932983,0.13449999690055847,0.5323098301887512,0.1588946431875229,0.12447448819875717,0.18432100117206573
0.4068000018596649,0.27970001101493835,0.1525000035762787,0.16099999845027924,0.41853293776512146,0.24222828447818756,0.17756447196006775,0.16167429089546204
0.641700029373169,0.06669999659061432,0.14169999957084656,0.15000000596046448,0.6218628287315369,0.07783526927232742,0.14121699333190918,0.15908494591712952
0.5593000054359436,0.08470000326633453,0.14409999549388885,0.211899995803833,0.5784850716590881,0.05174616351723671,0.1401122659444809,0.22965647280216217
0.5619999766349792,0.024800000712275505,0.14880000054836273,0.2644999921321869,0.5282641053199768,0.10565946996212006,0.15164610743522644,0.21443037688732147
0.571399986743927,0.01679999940097332,0.1429000049829483,0.2689000070095062,0.5966856479644775,0.04124440625309944,0.12051583081483841,0.2415541261434555
0.5702000260353088,0.08259999752044678,0.14880000054836273,0.19830000400543213,0.555612325668335,0.11875969916582108,0.12062989175319672,0.20499806106090546
0.5461999773979187,0.058800000697374344,0.15970000624656677,0.2353000044822693,0.5322744846343994,0.09807702153921127,0.15550698339939117,0.21414147317409515
0.5378000140190125,0.12610000371932983,0.1429000049829483,0.19329999387264252,0.5075721740722656,0.1186898723244667,0.1406726986169815,0.23306529223918915
0.4790000021457672,0.19329999387264252,0.15970000624656677,0.1680999994277954,0.49108973145484924,0.17855703830718994,0.18261298537254333,0.14774015545845032
0.46219998598098755,0.1429000049829483,0.1429000049829483,0.25209999084472656,0.49909862875938416,0.1486903876066208,0.13433057069778442,0.21788041293621063
0.4453999996185303,0.13449999690055847,0.210099995136261,0.210099995136261,0.5323405265808105,0.1044153943657875,0.12644197046756744,0.2368021160364151
0.4957999885082245,0.10920000076293945,0.18490000069141388,0.210099995136261,0.49735552072525024,0.09022205322980881,0.1712113618850708,0.24121105670928955
0.42980000376701355,0.13220000267028809,0.22310000658035278,0.21490000188350677,0.4587056040763855,0.14265652000904083,0.1806873232126236,0.2179505079984665
0.5630000233650208,0.13449999690055847,0.11760000139474869,0.18490000069141388,0.5447202324867249,0.11552548408508301,0.11734474450349808,0.22240953147411346
0.638700008392334,0.15970000624656677,0.10080000013113022,0.10080000013113022,0.5896101593971252,0.10326248407363892,0.11931957304477692,0.18780772387981415
0.571399986743927,0.1429000049829483,0.07559999823570251,0.210099995136261,0.5298267006874084,0.15846261382102966,0.10351716727018356,0.20819351077079773
0.6000000238418579,0.16670000553131104,0.07500000298023224,0.1582999974489212,0.569249153137207,0.16182342171669006,0.10992374271154404,0.15900370478630066
0.5,0.19169999659061432,0.13330000638961792,0.17499999701976776,0.49717268347740173,0.1802399456501007,0.14496836066246033,0.17761896550655365
0.5,0.125,0.17499999701976776,0.20000000298023224,0.4903614819049835,0.1427033245563507,0.17621509730815887,0.1907201111316681
0.699999988079071,0.06669999659061432,0.10000000149011612,0.13330000638961792,0.7336808443069458,0.07264424115419388,0.0698612853884697,0.12381360679864883
0.786899983882904,0.03280000016093254,0.04919999837875366,0.13109999895095825,0.7487841844558716,0.03906886279582977,0.07213988155126572,0.14000707864761353
0.71670001745224,0.08330000191926956,0.05000000074505806,0.15000000596046448,0.7097688317298889,0.10467672348022461,0.04163752496242523,0.14391691982746124
0.800000011920929,0.0,0.016699999570846558,0.18330000340938568,0.7479611039161682,0.06459469348192215,0.03723878785967827,0.15020549297332764
0.8033000230789185,0.03280000016093254,0.01640000008046627,0.14749999344348907,0.7711752653121948,0.03899918124079704,0.05330556258559227,0.1365199089050293
0.733299970626831,0.0333000011742115,0.0333000011742115,0.20000000298023224,0.725537896156311,0.03089713118970394,0.050940752029418945,0.1926242560148239
0.6779999732971191,0.06780000030994415,0.06780000030994415,0.18639999628067017,0.6958309412002563,0.05514414235949516,0.038048312067985535,0.21097663044929504
0.7627000212669373,0.033900000154972076,0.033900000154972076,0.16949999332427979,0.7651142477989197,0.05456541106104851,0.033616773784160614,0.1467035561800003
0.7627000212669373,0.10170000046491623,0.033900000154972076,0.10170000046491623,0.7563343048095703,0.08403369784355164,0.0214555524289608,0.1381765604019165
0.7965999841690063,0.08470000326633453,0.016899999231100082,0.10170000046491623,0.7796956300735474,0.06866338849067688,0.03346386179327965,0.11817716062068939
0.75,0.0,0.0333000011742115,0.2167000025510788,0.7373554706573486,0.03189487010240555,0.03877429664134979,0.19197535514831543
0.7376999855041504,0.04919999837875366,0.0820000022649765,0.13109999895095825,0.7334566116333008,0.054391395300626755,0.0869171991944313,0.12523479759693146
0.800000011920929,0.016699999570846558,0.0333000011742115,0.15000000596046448,0.7643874287605286,0.042455218732357025,0.05624402314424515,0.13691334426403046
0.8197000026702881,0.03280000016093254,0.06560000032186508,0.0820000022649765,0.8243415951728821,0.053111713379621506,0.05107703432440758,0.07146961987018585
0.7376999855041504,0.13109999895095825,0.01640000008046627,0.11479999870061874,0.7005090713500977,0.13395588099956512,0.03683670610189438,0.12869836390018463
0.75,0.016699999570846558,0.05000000074505806,0.18330000340938568,0.7749594449996948,0.024911031126976013,0.03768918663263321,0.16244031488895416
0.7376999855041504,0.06560000032186508,0.04919999837875366,0.14749999344348907,0.742350697517395,0.09968440979719162,0.0294666551053524,0.12849827110767365
0.766700029373169,0.06669999659061432,0.0333000011742115,0.13330000638961792,0.7786803245544434,0.05135953798890114,0.022790655493736267,0.14716950058937073
0.6833000183105469,0.06669999659061432,0.08330000191926956,0.16670000553131104,0.6852348446846008,0.06274862587451935,0.07422532141208649,0.17779123783111572
0.7627000212669373,0.06780000030994415,0.033900000154972076,0.1356000006198883,0.7971130609512329,0.06992357224225998,0.027275707572698593,0.10568773001432419
0.711899995803833,0.033900000154972076,0.06780000030994415,0.18639999628067017,0.740889310836792,0.043804045766592026,0.045906245708465576,0.1694004237651825
0.8166999816894531,0.08330000191926956,0.016699999570846558,0.08330000191926956,0.789675772190094,0.06846413016319275,0.028540095314383507,0.11332006007432938
0.8500000238418579,0.0333000011742115,0.016699999570846558,0.10000000149011612,0.8251233100891113,0.03300908952951431,0.03405690938234329,0.10781067609786987
0.7376999855041504,0.09839999675750732,0.03280000016093254,0.13109999895095825,0.7467027306556702,0.09419383108615875,0.04278947785496712,0.1163138598203659
0.78329998254776,0.13330000638961792,0.016699999570846558,0.06669999659061432,0.7589564323425293,0.12981045246124268,0.03868228942155838,0.07255087792873383
0.6833000183105469,0.05000000074505806,0.08330000191926956,0.18330000340938568,0.6888309121131897,0.0574331060051918,0.07578986883163452,0.17794601619243622
0.786899983882904,0.06560000032186508,0.04919999837875366,0.09839999675750732,0.7716376781463623,0.07913626730442047,0.051696497946977615,0.0975295826792717
0.8197000026702881,0.0,0.06560000032186508,0.11479999870061874,0.8203539252281189,0.028513023629784584,0.06974823772907257,0.08138483762741089
0.800000011920929,0.0333000011742115,0.06669999659061432,0.10000000149011612,0.8150285482406616,0.03580985590815544,0.03390409052371979,0.11525745689868927
0.7376999855041504,0.09839999675750732,0.06560000032186508,0.09839999675750732,0.7353563904762268,0.11818252503871918,0.059658490121364594,0.08680259436368942
0.733299970626831,0.06669999659061432,0.0333000011742115,0.16670000553131104,0.7251325845718384,0.07583364099264145,0.050122980028390884,0.14891068637371063
0.786899983882904,0.06560000032186508,0.04919999837875366,0.09839999675750732,0.7794055342674255,0.0670478492975235,0.02998565323650837,0.12356097251176834
0.699999988079071,0.08569999784231186,0.10000000149011612,0.11429999768733978,0.6988734006881714,0.09495241194963455,0.0927528440952301,0.11342141777276993
0.6761000156402588,0.04230000078678131,0.08449999988079071,0.1972000002861023,0.6617308259010315,0.07001889497041702,0.08512131869792938,0.18312901258468628
0.871399998664856,0.057100001722574234,0.014299999922513962,0.057100001722574234,0.845833420753479,0.05323401093482971,0.022717487066984177,0.07821512967348099
0.6478999853134155,0.09860000014305115,0.08449999988079071,0.16899999976158142,0.6541917324066162,0.06278087943792343,0.08784624189138412,0.19518110156059265
0.742900013923645,0.0714000016450882,0.028599999845027924,0.15710000693798065,0.7269390821456909,0.05024784803390503,0.041332751512527466,0.18148034811019897
0.800000011920929,0.057100001722574234,0.042899999767541885,0.10000000149011612,0.8068230748176575,0.026550322771072388,0.026968427002429962,0.13965821266174316
0.704200029373169,0.14079999923706055,0.056299999356269836,0.09860000014305115,0.6917916536331177,0.1120530441403389,0.06743470579385757,0.12872061133384705
0.7182999849319458,0.08449999988079071,0.056299999356269836,0.14079999923706055,0.734589695930481,0.06100957468152046,0.034626685082912445,0.16977404057979584
0.757099986076355,0.08569999784231186,0.014299999922513962,0.1429000049829483,0.7362757921218872,0.0740492045879364,0.0336383655667305,0.15603668987751007
0.6055999994277954,0.14079999923706055,0.09860000014305115,0.15489999949932098,0.5959290862083435,0.15606582164764404,0.09465871751308441,0.153346449136734
0.708299994468689,0.04170000180602074,0.09719999879598618,0.15279999375343323,0.7075040936470032,0.07876202464103699,0.07604115456342697,0.13769274950027466
0.7324000000953674,0.014100000262260437,0.07039999961853027,0.18310000002384186,0.7571828961372375,0.05152694135904312,0.05659127235412598,0.13469895720481873
0.800000011920929,0.08569999784231186,0.014299999922513962,0.10000000149011612,0.7870522737503052,0.0758267343044281,0.020649056881666183,0.11647190898656845
0.699999988079071,0.057100001722574234,0.08569999784231186,0.15710000693798065,0.6831199526786804,0.09101692587137222,0.09317533671855927,0.1326877623796463
0.7142999768257141,0.042899999767541885,0.08569999784231186,0.15710000693798065,0.7153001427650452,0.06299243867397308,0.09346117079257965,0.1282462626695633
0.7142999768257141,0.10000000149011612,0.0714000016450882,0.11429999768733978,0.7228155732154846,0.06026666611433029,0.06963799893856049,0.1472797393798828
0.7142999768257141,0.08569999784231186,0.10000000149011612,0.10000000149011612,0.7787386178970337,0.05382835865020752,0.04325230047106743,0.12418072670698166
0.771399974822998,0.08569999784231186,0.042899999767541885,0.10000000149011612,0.7765628099441528,0.05781344324350357,0.036605190485715866,0.12901847064495087
0.708299994468689,0.05559999868273735,0.06939999759197235,0.16670000553131104,0.7034066319465637,0.044617343693971634,0.0693751648068428,0.18260078132152557
0.6985999941825867,0.05480000004172325,0.13699999451637268,0.1096000000834465,0.6954959630966187,0.11898533254861832,0.1122138574719429,0.07330473512411118
0.628600001335144,0.042899999767541885,0.11429999768733978,0.2143000066280365,0.6553006172180176,0.02947467938065529,0.09008188545703888,0.22514276206493378
0.6944000124931335,0.09719999879598618,0.05559999868273735,0.15279999375343323,0.6641817092895508,0.11746423691511154,0.0799473449587822,0.13840670883655548
0.742900013923645,0.08569999784231186,0.057100001722574234,0.11429999768733978,0.7340602278709412,0.0741153210401535,0.06072791665792465,0.13109664618968964
0.8285999894142151,0.057100001722574234,0.042899999767541885,0.0714000016450882,0.8240118026733398,0.04910065233707428,0.038841813802719116,0.08804575353860855
0.7397000193595886,0.12330000102519989,0.08219999819993973,0.05480000004172325,0.7119375467300415,0.08738589286804199,0.10582006722688675,0.09485650062561035
0.6528000235557556,0.09719999879598618,0.11110000312328339,0.1388999968767166,0.6612953543663025,0.11402162164449692,0.0860680341720581,0.13861502707004547
0.6620000004768372,0.12680000066757202,0.11270000040531158,0.09860000014305115,0.6469705104827881,0.10982225090265274,0.08893677592277527,0.15427041053771973
0.6620000004768372,0.14079999923706055,0.056299999356269836,0.14079999923706055,0.6282448768615723,0.16245335340499878,0.07021231949329376,0.13908948004245758
0.7324000000953674,0.028200000524520874,0.07039999961853027,0.16899999976158142,0.7417377829551697,0.04283833131194115,0.06208640709519386,0.15333741903305054
0.8055999875068665,0.04170000180602074,0.06939999759197235,0.08330000191926956,0.7991086840629578,0.03350256383419037,0.06559482961893082,0.10179389268159866
0.8309999704360962,0.014100000262260437,0.04230000078678131,0.11270000040531158,0.8175758123397827,0.0350896455347538,0.039145328104496,0.10818931460380554
0.8428999781608582,0.042899999767541885,0.042899999767541885,0.0714000016450882,0.7902255058288574,0.046357396990060806,0.03996257111430168,0.12345454096794128
0.5067999958992004,0.08219999819993973,0.13699999451637268,0.27399998903274536,0.44977495074272156,0.12736138701438904,0.14630602300167084,0.27655765414237976
0.6164000034332275,0.041099999099969864,0.16439999639987946,0.17810000479221344,0.5605464577674866,0.046373333781957626,0.1945728361606598,0.1985073685646057
0.5555999875068665,0.15279999375343323,0.18060000240802765,0.11110000312328339,0.5265761017799377,0.15657031536102295,0.16028326749801636,0.15657031536102295
0.6055999994277954,0.07039999961853027,0.14079999923706055,0.18310000002384186,0.5890407562255859,0.061601292341947556,0.13963644206523895,0.20972152054309845
0.5,0.1388999968767166,0.22220000624656677,0.1388999968767166,0.559025764465332,0.15016616880893707,0.14554603397846222,0.14526204764842987
0.699999988079071,0.10000000149011612,0.10000000149011612,0.10000000149011612,0.6730495691299438,0.13929913938045502,0.09144386649131775,0.09620742499828339
0.5,0.18060000240802765,0.15279999375343323,0.16670000553131104,0.5176547765731812,0.1182435154914856,0.16256947815418243,0.20153221487998962
0.6000000238418579,0.18569999933242798,0.11429999768733978,0.10000000149011612,0.6294009685516357,0.15743714570999146,0.09138496965169907,0.12177686393260956
0.5285999774932861,0.15710000693798065,0.12860000133514404,0.18569999933242798,0.488888680934906,0.1473655253648758,0.16698701679706573,0.19675879180431366
0.4794999957084656,0.12330000102519989,0.15070000290870667,0.24660000205039978,0.5456698536872864,0.1005452424287796,0.12080789357423782,0.23297704756259918
0.5555999875068665,0.16670000553131104,0.09719999879598618,0.18060000240802765,0.568499743938446,0.14317886531352997,0.10393670201301575,0.18438468873500824
0.5285999774932861,0.24289999902248383,0.11429999768733978,0.11429999768733978,0.516426146030426,0.1791706085205078,0.13108401000499725,0.1733192652463913
0.5342000126838684,0.17810000479221344,0.1096000000834465,0.17810000479221344,0.5184298753738403,0.19277949631214142,0.13005954027175903,0.15873102843761444
0.5856999754905701,0.10000000149011612,0.11429999768733978,0.20000000298023224,0.5899872183799744,0.1148218959569931,0.11437422782182693,0.1808166652917862
0.4507000148296356,0.15489999949932098,0.14079999923706055,0.2535000145435333,0.456075519323349,0.1720954030752182,0.11897441744804382,0.2528546154499054
0.6026999950408936,0.16439999639987946,0.12330000102519989,0.1096000000834465,0.6277745366096497,0.15764489769935608,0.08299194276332855,0.13158868253231049
0.5694000124931335,0.08330000191926956,0.125,0.22220000624656677,0.5602539777755737,0.12403672933578491,0.13203641772270203,0.18367280066013336
0.7142999768257141,0.042899999767541885,0.028599999845027924,0.2143000066280365,0.7217987775802612,0.029792193323373795,0.04201372340321541,0.20639528334140778
0.628600001335144,0.08569999784231186,0.12860000133514404,0.15710000693798065,0.625623345375061,0.08110784739255905,0.12537717819213867,0.16789163649082184
0.5752999782562256,0.16439999639987946,0.08219999819993973,0.17810000479221344,0.5831373333930969,0.1319066733121872,0.07891905307769775,0.20603694021701813
0.5889999866485596,0.013700000010430813,0.17810000479221344,0.219200000166893,0.576082170009613,0.05748722702264786,0.13817431032657623,0.22825630009174347
0.5205000042915344,0.15070000290870667,0.16439999639987946,0.16439999639987946,0.5548237562179565,0.12379791587591171,0.1176682561635971,0.20371001958847046
0.43059998750686646,0.11110000312328339,0.1388999968767166,0.31940001249313354,0.4619480073451996,0.08747821301221848,0.11588981002569199,0.33468398451805115
0.385699987411499,0.20000000298023224,0.17139999568462372,0.24289999902248383,0.45750656723976135,0.16569790244102478,0.11432811617851257,0.26246747374534607
0.5493000149726868,0.12680000066757202,0.11270000040531158,0.21130000054836273,0.542725145816803,0.1173725500702858,0.11199765652418137,0.22790461778640747
0.728600025177002,0.042899999767541885,0.057100001722574234,0.17139999568462372,0.701654314994812,0.05244111269712448,0.06107084080576897,0.18483370542526245
0.6620000004768372,0.014100000262260437,0.11270000040531158,0.21130000054836273,0.6718604564666748,0.056018147617578506,0.09021883457899094,0.18190254271030426
0.5479000210762024,0.19179999828338623,0.06849999725818634,0.19179999828338623,0.5001707077026367,0.1900288611650467,0.12161823362112045,0.18818216025829315
0.583299994468689,0.11110000312328339,0.09719999879598618,0.20829999446868896,0.5869303941726685,0.13859374821186066,0.10199319571256638,0.1724826842546463
0.46480000019073486,0.16899999976158142,0.16899999976158142,0.1972000002861023,0.460070937871933,0.13813833892345428,0.17258881032466888,0.22920192778110504
0.3562000095844269,0.26030001044273376,0.15070000290870667,0.2328999936580658,0.38591066002845764,0.22063811123371124,0.16245020925998688,0.231001079082489
0.6000000238418579,0.1429000049829483,0.08569999784231186,0.17139999568462372,0.6106737852096558,0.10447396337985992,0.08866589516401291,0.19618633389472961
0.6053000092506409,0.10530000180006027,0.07890000194311142,0.21050000190734863,0.6039705872535706,0.09190109372138977,0.09593604505062103,0.20819227397441864
0.5121999979019165,0.0,0.21950000524520874,0.26829999685287476,0.5394980907440186,0.014154238626360893,0.2031768411397934,0.2431708425283432
0.5896999835968018,0.05130000039935112,0.07689999788999557,0.28209999203681946,0.548173189163208,0.06969239562749863,0.11808858811855316,0.2640458047389984
0.5127999782562256,0.07689999788999557,0.15379999577999115,0.2563999891281128,0.5156708359718323,0.10193902999162674,0.12686516344547272,0.25552499294281006
0.5788999795913696,0.1842000037431717,0.10530000180006027,0.1316000074148178,0.5652883052825928,0.20103758573532104,0.10704756528139114,0.12662653625011444
0.6053000092506409,0.07890000194311142,0.1316000074148178,0.1842000037431717,0.6207212209701538,0.061941757798194885,0.13164393603801727,0.18569304049015045
0.5,0.15790000557899475,0.10530000180006027,0.23680000007152557,0.4890166223049164,0.20575246214866638,0.10784314572811127,0.19738774001598358
0.6499999761581421,0.05000000074505806,0.10000000149011612,0.20000000298023224,0.6202375292778015,0.03471910208463669,0.14071042835712433,0.20433297753334045
0.5127999782562256,0.17949999868869781,0.17949999868869781,0.1281999945640564,0.5166712999343872,0.155436173081398,0.17664901912212372,0.15124352276325226
0.5896999835968018,0.07689999788999557,0.07689999788999557,0.2563999891281128,0.5754027962684631,0.08653414994478226,0.08619678020477295,0.25186631083488464
0.31709998846054077,0.17069999873638153,0.24390000104904175,0.26829999685287476,0.32457053661346436,0.1923016905784607,0.22858701646327972,0.25454074144363403
0.6053000092506409,0.07890000194311142,0.07890000194311142,0.23680000007152557,0.5972050428390503,0.07474897801876068,0.09486138820648193,0.23318468034267426
0.4878000020980835,0.21950000524520874,0.14630000293254852,0.14630000293254852,0.46627235412597656,0.20250925421714783,0.16463884711265564,0.16657955944538116
0.2750000059604645,0.25,0.17499999701976776,0.30000001192092896,0.27592992782592773,0.2174806296825409,0.24679912626743317,0.259790301322937
0.47369998693466187,0.1316000074148178,0.10530000180006027,0.28949999809265137,0.46979591250419617,0.10606128722429276,0.11423249542713165,0.30991026759147644
0.574999988079071,0.125,0.10000000149011612,0.20000000298023224,0.5719996094703674,0.10959531366825104,0.13014765083789825,0.18825741112232208
0.5,0.07890000194311142,0.15790000557899475,0.2632000148296356,0.4946904182434082,0.06338610500097275,0.16170409321784973,0.2802193760871887
0.4878000020980835,0.09759999811649323,0.19509999454021454,0.21950000524520874,0.5167612433433533,0.0990116223692894,0.18606510758399963,0.1981620043516159
0.5127999782562256,0.15379999577999115,0.15379999577999115,0.17949999868869781,0.5784315466880798,0.16866226494312286,0.07239920645952225,0.18050695955753326
0.3499999940395355,0.10000000149011612,0.25,0.30000001192092896,0.415149450302124,0.07679492980241776,0.20727752149105072,0.3007781505584717
0.4474000036716461,0.21050000190734863,0.1842000037431717,0.15790000557899475,0.3914913237094879,0.23811544477939606,0.20751376450061798,0.16287942230701447
0.5249999761581421,0.20000000298023224,0.125,0.15000000596046448,0.5554869771003723,0.18908722698688507,0.10938186198472977,0.14604395627975464
0.5526000261306763,0.1842000037431717,0.1316000074148178,0.1316000074148178,0.5247685313224792,0.17629118263721466,0.14014039933681488,0.1587998867034912
0.5896999835968018,0.07689999788999557,0.07689999788999557,0.2563999891281128,0.5777344107627869,0.07757938653230667,0.11510363966226578,0.22958256304264069
0.7250000238418579,0.07500000298023224,0.10000000149011612,0.10000000149011612,0.7313854694366455,0.07922440022230148,0.08110314607620239,0.10828692466020584
0.375,0.05000000074505806,0.20000000298023224,0.375,0.35895273089408875,0.06824024021625519,0.20101042091846466,0.3717966079711914
0.6341000199317932,0.024399999529123306,0.14630000293254852,0.19509999454021454,0.6517127752304077,0.0502546951174736,0.1358083337545395,0.1622241586446762
0.5526000261306763,0.1842000037431717,0.10530000180006027,0.15790000557899475,0.5120740532875061,0.1620781570672989,0.11248774826526642,0.2133600264787674
0.4749999940395355,0.07500000298023224,0.125,0.32499998807907104,0.4746515452861786,0.11186227947473526,0.123337522149086,0.29014867544174194
0.5127999782562256,0.10260000079870224,0.15379999577999115,0.23080000281333923,0.4935317635536194,0.09382496774196625,0.15560026466846466,0.2570430338382721
0.6053000092506409,0.1316000074148178,0.1316000074148178,0.1316000074148178,0.6224763989448547,0.1211448535323143,0.10082568973302841,0.15555307269096375
0.46149998903274536,0.0,0.17949999868869781,0.35899999737739563,0.4257817566394806,0.020070265978574753,0.1983940154314041,0.35575395822525024
0.6029000282287598,0.17649999260902405,0.07349999994039536,0.14710000157356262,0.59592604637146,0.1842040866613388,0.07665657252073288,0.14321334660053253
0.6086999773979187,0.10140000283718109,0.14489999413490295,0.14489999413490295,0.623772919178009,0.09946928918361664,0.13675735890865326,0.14000047743320465
0.5651999711990356,0.057999998331069946,0.13040000200271606,0.24639999866485596,0.5363390445709229,0.10077512264251709,0.1440720409154892,0.21881379187107086
