Sample_Index,Cospeciations_Pred,Cospeciations_GT,Host_switches_Pred,Host_switches_GT
0,0.41779637336730957,0.5,-8.989125490188599e-06,0.0
1,0.32332736253738403,0.36363598704338074,0.00012895185500383377,0.0
2,0.3792804777622223,0.15000000596046448,0.04307279735803604,0.05000000074505806
3,0.6097525358200073,0.44999998807907104,0.031132496893405914,0.05000000074505806
4,0.4302533268928528,0.16265100240707397,0.04644360393285751,0.07228899747133255
5,0.5778992176055908,0.5154190063476562,0.04071950912475586,0.03083699941635132
6,0.2283002734184265,0.15384599566459656,0.05385742336511612,0.0
7,0.6056061387062073,0.6030660271644592,0.03615385666489601,0.015332000330090523
8,0.5739084482192993,0.75,0.03437158465385437,0.08333300054073334
9,0.5508489608764648,0.4688520133495331,0.03965945541858673,0.022950999438762665
10,0.5739942789077759,0.5155559778213501,0.039260633289813995,0.03111100010573864
11,0.6412686109542847,0.6521739959716797,0.031132496893405914,0.0
12,0.32762983441352844,0.4285709857940674,0.0001722807064652443,0.21428599953651428
13,0.6401399970054626,0.5666670203208923,0.031132496893405914,0.016666999086737633
14,0.4788692593574524,0.5666670203208923,0.03933953493833542,0.06666699796915054
15,0.3560985326766968,0.5652170181274414,0.04366178810596466,0.0
16,0.5162056684494019,0.47541001439094543,0.041150566190481186,0.11475399881601334
17,0.5718002915382385,0.4088050127029419,0.03963618725538254,0.050314001739025116
18,0.27998122572898865,0.20000000298023224,0.0002269018441438675,0.10000000149011612
19,0.5024548768997192,0.5454549789428711,4.1445717215538025e-05,0.09090899676084518
20,0.4014182984828949,0.19480499625205994,0.04773680120706558,0.15584400296211243
21,0.5696375966072083,0.4444440007209778,0.0353250578045845,0.03703700006008148
22,0.5976754426956177,0.6357139945030212,0.03735307976603508,0.021429000422358513
23,0.569373369216919,0.33333298563957214,2.398155629634857e-06,0.0
24,0.5172100067138672,0.5533980131149292,0.042550161480903625,0.04854400083422661
25,0.3724430203437805,0.36363598704338074,0.05006084963679314,0.045455001294612885
26,0.5734748244285583,0.5949686169624329,0.03904660791158676,0.018867919221520424
27,0.40920984745025635,0.4285709857940674,0.012720772065222263,0.07142899930477142
28,0.2855587899684906,0.10526300221681595,0.05258249491453171,0.18421100080013275
29,0.5811206102371216,0.5255020260810852,0.0386563241481781,0.013910000212490559
30,0.4828813076019287,0.5600000023841858,0.03987468034029007,0.03999999910593033
31,0.5229641199111938,0.6097559928894043,0.03753650188446045,0.024390000849962234
32,0.36010509729385376,0.36363598704338074,0.0001073172315955162,0.18181799352169037
33,0.5469427704811096,0.4545449912548065,0.03773440048098564,0.045455001294612885
34,0.4784243106842041,0.6000000238418579,0.041618868708610535,0.1333329975605011
35,0.5700594186782837,0.5258619785308838,0.038983963429927826,0.09482800215482712
36,0.43097370862960815,0.33333298563957214,5.462672561407089e-05,0.16666699945926666
37,0.6709733009338379,0.550000011920929,0.031132496893405914,0.019999999552965164
38,0.4003455936908722,0.375,5.791429430246353e-05,0.125
39,0.484864205121994,0.8999999761581421,-8.056871592998505e-06,0.0
40,0.5331136584281921,0.5056179761886597,0.039351169019937515,0.0
41,0.6296823024749756,0.6666669845581055,0.03333866223692894,0.004761999938637018
42,0.49831461906433105,0.25,5.545374006032944e-05,0.0
43,0.6267778873443604,0.4761900007724762,0.031132496893405914,0.04761900007724762
44,0.38828179240226746,0.25,0.04640033841133118,0.0625
45,0.5553996562957764,0.26315799355506897,0.021047428250312805,0.10526300221681595
46,0.6432578563690186,0.6666669845581055,0.033347390592098236,0.0
47,0.4620572030544281,0.24390199780464172,0.04413151368498802,0.07317099720239639
48,0.5041990280151367,0.5535709857940674,0.03929300233721733,0.07142899930477142
49,0.6189935207366943,0.6666669845581055,0.0438852459192276,0.0
50,0.5694550275802612,0.4903849959373474,0.039711810648441315,0.03846200183033943
51,0.49710527062416077,0.4000000059604645,0.03718896955251694,0.0
52,0.33881476521492004,0.14285700023174286,0.05366583168506622,0.09523800015449524
53,0.3417431116104126,0.0,3.6852434277534485e-06,0.0
54,0.3571018874645233,0.21428599953651428,0.00993711594492197,0.0
55,0.5687311887741089,0.5277780294418335,0.03747375309467316,0.008546999655663967
56,0.4664774537086487,0.6129029989242554,0.04275238886475563,0.07526899874210358
57,0.4386388659477234,0.699999988079071,4.197563976049423e-05,0.0
58,0.44200584292411804,0.27083298563957214,0.044086359441280365,0.020833000540733337
59,0.5782629251480103,0.49101799726486206,0.037608906626701355,0.03592799976468086
60,0.4094831645488739,0.49019598960876465,0.04715743660926819,0.058823999017477036
61,0.42690762877464294,0.15384599566459656,0.04215636104345322,0.0
62,0.40205901861190796,0.5,7.922761142253876e-06,0.0
63,0.33189624547958374,0.33333298563957214,-4.431232810020447e-06,0.0
64,0.5952581167221069,0.5849459767341614,0.03660877048969269,0.04516100138425827
65,0.5148950219154358,0.3548389971256256,0.04154437035322189,0.04838699847459793
66,0.5467720031738281,0.5714290142059326,0.03710208460688591,0.03571400046348572
67,0.6024085283279419,0.42708298563957214,0.035290464758872986,0.0625
68,0.4286458492279053,0.5,0.05407850444316864,0.0
69,0.3609309792518616,0.33333298563957214,5.749985575675964e-06,0.0
70,0.5295524597167969,0.43636399507522583,0.04059179499745369,0.018182000145316124
71,0.5104534029960632,0.4000000059604645,7.252208888530731e-06,0.0
72,0.4437539577484131,0.35897400975227356,0.043751172721385956,0.025640999898314476
73,0.542890727519989,0.5454549789428711,0.036465950310230255,0.0227269995957613
74,0.6830303072929382,0.6666669845581055,0.031132496893405914,0.022221999242901802
75,0.48006361722946167,0.6060609817504883,0.04296187311410904,0.030302999541163445
76,0.3869870603084564,0.30000001192092896,-6.584450602531433e-07,0.10000000149011612
77,0.6560402512550354,0.7142860293388367,8.614733815193176e-07,0.0
78,0.6199473738670349,0.125,8.279457688331604e-07,0.375
79,0.3926839232444763,0.632652997970581,0.05117705464363098,0.06122399866580963
80,0.6114071607589722,0.625,4.591420292854309e-07,0.0
81,0.38308918476104736,0.0,2.4405308067798615e-05,0.0
82,0.3474891781806946,0.22580599784851074,0.050960686057806015,0.1612900048494339
83,0.42439988255500793,0.699999988079071,8.546747267246246e-06,0.0
84,0.5896545648574829,0.5413529872894287,0.0371648333966732,0.02255599945783615
85,0.5207871794700623,0.5925930142402649,0.03645708039402962,0.03703700006008148
86,0.5413542985916138,0.49459800124168396,0.04091641306877136,0.042017001658678055
87,0.48916831612586975,0.15000000596046448,0.036547765135765076,0.05000000074505806
88,0.4765884280204773,0.4285709857940674,8.609052747488022e-05,0.07142899930477142
89,0.4978041648864746,0.4074069857597351,0.04285093769431114,0.11111100018024445
90,0.43566757440567017,0.0,0.009561418555676937,0.16666699945926666
91,0.3575440049171448,0.17647099494934082,0.04688706994056702,0.0
92,0.1994810402393341,0.19444400072097778,0.057704582810401917,0.05555599927902222
93,0.6042943000793457,0.5425670146942139,0.03728550300002098,0.01524799969047308
94,0.44543346762657166,0.2857140004634857,4.1173771023750305e-06,0.14285700023174286
95,0.6089751720428467,0.5888320207595825,0.03753650188446045,0.06599000096321106
96,0.48985081911087036,0.4450699985027313,0.0438852459192276,0.02253499999642372
97,0.4003581702709198,0.5,0.04879717528820038,0.026316000148653984
98,0.594690203666687,0.5483869910240173,0.03437735140323639,0.03225800022482872
99,0.5063926577568054,0.7428569793701172,0.03965364024043083,0.07142899930477142
100,0.5618082880973816,0.463918000459671,0.03953730687499046,0.0850519984960556
101,0.4972291588783264,0.4714289903640747,0.04004918038845062,0.05714299902319908
102,0.6245195865631104,0.5918369889259338,0.031132496893405914,0.06122399866580963
103,0.35084885358810425,0.38636401295661926,0.04944809526205063,0.06818199902772903
104,0.3733181953430176,0.3478260040283203,0.043784692883491516,0.04347800090909004
105,0.3279855251312256,0.21621599793434143,0.049154132604599,0.16216200590133667
106,0.534346878528595,0.33333298563957214,0.03748340532183647,0.0
107,0.27698808908462524,0.0,2.8955750167369843e-05,0.0
108,0.46020111441612244,0.5294119715690613,0.044086359441280365,0.058823999017477036
109,0.4730018973350525,0.5714290142059326,-5.709938704967499e-06,0.14285700023174286
110,0.5001806616783142,0.49450498819351196,0.04128892719745636,0.054944999516010284
111,0.4251558184623718,0.2909089922904968,0.04441618174314499,0.054545000195503235
112,0.41291379928588867,0.14814800024032593,0.04879717528820038,0.06172800064086914
113,0.5555249452590942,0.5090910196304321,0.03640829026699066,0.07272700220346451
114,0.46600276231765747,0.375,8.343718945980072e-06,0.0
115,0.37396854162216187,0.35897400975227356,0.04680053889751434,0.08974400162696838
116,0.537129282951355,0.5757579803466797,0.03497036546468735,0.030302999541163445
117,0.5361592769622803,0.5377359986305237,0.03856944292783737,0.0471699982881546
118,0.5192641615867615,0.857142984867096,0.02203001081943512,0.0
119,0.544217586517334,0.684211015701294,0.04807276278734207,0.05263200029730797
120,0.46697378158569336,0.3582090139389038,0.04467806965112686,0.04477600008249283
121,0.5773860216140747,0.5888890027999878,0.037493057548999786,0.04814799875020981
122,0.6471519470214844,0.653846025466919,0.031132496893405914,0.0
123,0.46834617853164673,0.5975610017776489,0.04486025869846344,0.012195000424981117
124,0.2551742494106293,0.2608700096607208,0.05248960852622986,0.0
125,0.2810705304145813,0.30000001192092896,0.05690184235572815,0.10000000149011612
126,0.41399267315864563,0.434783011674881,0.04671400785446167,0.02173900045454502
127,0.5558937788009644,0.5714290142059326,0.03571069985628128,0.07142899930477142
128,0.5746374130249023,0.5087720155715942,0.03801918402314186,0.08187100291252136
129,0.3524024188518524,0.5,3.643985837697983e-05,0.0
130,0.3803434371948242,0.4000000059604645,0.047915276139974594,0.05714299902319908
131,0.47615477442741394,0.48684200644493103,0.04298405349254608,0.0394739992916584
132,0.5793639421463013,0.5975610017776489,0.03731929510831833,0.0365849994122982
133,0.26955559849739075,0.2857140004634857,2.862885594367981e-05,0.2857140004634857
134,0.5305134057998657,0.4761900007724762,0.0366375669836998,0.04761900007724762
135,0.45027005672454834,0.22727300226688385,0.03773440048098564,0.045455001294612885
136,0.6106401681900024,0.7916669845581055,0.031132496893405914,0.0
137,0.4037265181541443,0.3384619951248169,0.04781029000878334,0.01538500003516674
138,0.438119113445282,0.4065040051937103,0.05003851279616356,0.024390000849962234
139,0.29665806889533997,0.33333298563957214,1.3935379683971405e-05,0.16666699945926666
140,0.4702256917953491,0.44827601313591003,0.036539845168590546,0.06896600127220154
141,0.49917563796043396,0.3125,0.04182641953229904,0.0625
142,0.30764833092689514,0.3714289963245392,0.05207104980945587,0.05714299902319908
143,0.45128709077835083,0.5,0.042401157319545746,0.05263200029730797
144,0.4863749146461487,0.699999988079071,0.0007296046242117882,0.0
145,0.28456753492355347,1.0,-2.3798085749149323e-05,0.0
146,0.38822659850120544,0.41666701436042786,0.0003352174535393715,0.08333300054073334
147,0.5357293486595154,0.5844159722328186,0.03853565454483032,0.045455001294612885
148,0.5880134701728821,0.6150234937667847,0.03654459863901138,0.035211268812417984
149,0.6119847893714905,0.6666669845581055,5.901698023080826e-05,0.0
150,0.48697346448898315,0.3076919913291931,0.00018835626542568207,0.0
151,0.47958797216415405,0.4285709857940674,1.921970397233963e-05,0.0
152,0.3155190348625183,0.4444440007209778,5.1822513341903687e-05,0.0
153,0.5148258209228516,0.36363598704338074,0.04002010077238083,0.09090899676084518
154,0.3392747640609741,0.125,2.5852583348751068e-05,0.0
155,0.31469982862472534,0.2195120006799698,0.048713184893131256,0.0
156,0.32824820280075073,0.3548389971256256,0.05307789146900177,0.06451600044965744
157,0.5196573734283447,0.6111109852790833,0.04978852719068527,0.0
158,0.47127681970596313,0.375,0.03945005312561989,0.0625
159,0.5881358981132507,0.7210530042648315,0.03667094558477402,0.06842099875211716
160,0.3817345201969147,0.5185189843177795,0.050946708768606186,0.0
161,0.3070366084575653,0.0,2.8895214200019836e-05,0.0
162,0.6102352142333984,0.5555559992790222,0.03501414507627487,0.06666699796915054
163,0.6176994442939758,0.8333330154418945,4.262756556272507e-05,0.0
164,0.5479603409767151,0.6034815907478333,0.04107074439525604,0.05415860936045647
165,0.27375543117523193,0.3846150040626526,0.018300216645002365,0.0
166,0.5510568618774414,0.5346530079841614,0.03947913646697998,0.019802000373601913
167,0.47836968302726746,0.6666669845581055,6.288010627031326e-05,0.0
168,0.3993765115737915,0.36363598704338074,0.04604339972138405,0.030302999541163445
169,0.5158666372299194,0.5263159871101379,0.04265659675002098,0.05263200029730797
170,0.5604597926139832,0.642857015132904,0.038905661553144455,0.011904999613761902
171,0.23832008242607117,0.33333298563957214,-1.7129816114902496e-05,0.0
172,0.4872397184371948,0.2990649938583374,0.04318372905254364,0.07476600259542465
173,0.44537073373794556,0.14285700023174286,0.03919798880815506,0.09523800015449524
174,0.5791866779327393,0.5963299870491028,0.03828948736190796,0.03210999816656113
175,0.30926328897476196,0.5714290142059326,5.733221769332886e-06,0.0
176,0.5803524851799011,0.4961329996585846,0.03841981291770935,0.028728999197483063
177,0.514030933380127,0.29166701436042786,0.03894220292568207,0.04166699945926666
178,0.32130464911460876,0.25,2.8731301426887512e-06,0.25
179,0.3795211911201477,0.5454549789428711,0.048534709960222244,0.030302999541163445
180,0.49356958270072937,0.0,9.045936167240143e-06,0.0
181,0.31171390414237976,0.4000000059604645,-1.0001473128795624e-05,0.0
182,0.544867753982544,0.3666670024394989,0.03685108944773674,0.03333299979567528
183,0.3020074665546417,0.5,0.05252573639154434,0.1333329975605011
184,0.4144521951675415,0.3478260040283203,0.04270981252193451,0.08695700019598007
185,0.34608983993530273,0.31818199157714844,0.04747433215379715,0.045455001294612885
186,0.4790871739387512,0.125,-2.8470531105995178e-05,0.0
187,0.3528320789337158,0.3846150040626526,-7.184222340583801e-06,0.0
188,0.6351062059402466,0.5697669982910156,0.03576674312353134,0.011628000065684319
189,0.5405071377754211,0.42241400480270386,0.04094301909208298,0.04310299828648567
190,0.6598743796348572,0.6086959838867188,0.031132496893405914,0.06521700322628021
191,0.521055281162262,0.6000000238418579,0.038014356046915054,0.05000000074505806
192,0.499330073595047,0.3199999928474426,0.03780197724699974,0.03999999910593033
193,0.566925585269928,0.5277780294418335,0.03776336461305618,0.036111000925302505
194,0.5096698999404907,0.610168993473053,0.04112395644187927,0.06779699772596359
195,0.39323604106903076,0.4000000059604645,0.04802026227116585,0.02352900058031082
196,0.43406420946121216,0.6666669845581055,4.4300220906734467e-05,0.0
197,0.5427033305168152,0.6244540214538574,0.039386071264743805,0.013100000098347664
198,0.5990952849388123,0.5419849753379822,0.035168446600437164,0.01526699960231781
199,0.47614744305610657,0.32727301120758057,0.03997356444597244,0.09090899676084518
200,0.5878981351852417,0.49480998516082764,0.033980321139097214,0.027682000771164894
201,0.3642641305923462,0.41379299759864807,0.04529295116662979,0.10344800353050232
202,0.4395033121109009,0.5384619832038879,0.04506521672010422,0.07692299783229828
203,0.48676541447639465,0.19047600030899048,0.040714193135499954,0.0
204,0.5472738146781921,0.33333298563957214,0.039717622101306915,0.0
205,0.32744717597961426,0.1333329975605011,0.04911213368177414,0.20000000298023224
206,0.5453255772590637,0.549019992351532,0.035962630063295364,0.01960800029337406
207,0.23518109321594238,0.4000000059604645,0.00023431610316038132,0.0
208,0.5573745965957642,0.6734690070152283,0.0370296835899353,0.06122399866580963
209,0.448615700006485,0.41666701436042786,0.04233729839324951,0.0
210,0.4364165961742401,0.5230770111083984,0.04468946158885956,0.0
211,0.39833128452301025,0.4074069857597351,0.045087989419698715,0.07407400012016296
212,0.4065236747264862,0.2903229892253876,0.04235858470201492,0.06451600044965744
213,0.47008267045021057,0.45714300870895386,0.04127828776836395,0.05714299902319908
214,0.330989271402359,0.14285700023174286,5.8873556554317474e-05,0.14285700023174286
215,0.5482895970344543,0.794871985912323,0.03555367514491081,0.05128199979662895
216,0.5792543888092041,0.5957450270652771,0.03549501672387123,0.04255300015211105
217,0.5259426832199097,0.5555559992790222,0.038096413016319275,0.08333300054073334
218,0.2783423066139221,0.47368401288986206,0.051968902349472046,0.0
219,0.5162656903266907,0.6422020196914673,0.0406184047460556,0.009173999540507793
220,0.14148929715156555,0.07692299783229828,0.02246742695569992,0.07692299783229828
221,0.4662731885910034,0.33333298563957214,0.03835706412792206,0.14285700023174286
222,0.2852042317390442,0.2105260044336319,0.04643278568983078,0.0
223,0.25362253189086914,0.23529399931430817,0.05207104980945587,0.0
224,0.4098608195781708,0.6000000238418579,0.0072646597400307655,0.0
225,0.4468253254890442,0.3787879943847656,0.04644360393285751,0.030302999541163445
226,0.5211402773857117,0.47311800718307495,0.0423160120844841,0.039427001029253006
227,0.4971579909324646,0.5,0.04292859137058258,0.20967699587345123
228,0.48921915888786316,0.6944440007209778,0.042528875172138214,0.0
229,0.5557805299758911,0.6424869894981384,0.040565185248851776,0.031088000163435936
230,0.5709999799728394,0.4000000059604645,0.03441072255373001,0.10000000149011612
231,0.4496813118457794,0.5454549789428711,0.0008171340450644493,0.0
232,0.33420151472091675,0.20895500481128693,0.048692189157009125,0.029851000756025314
233,0.28596752882003784,0.27272701263427734,0.01239538099616766,0.0
234,0.48469820618629456,0.5128210186958313,0.039455875754356384,0.025640999898314476
235,0.03354432061314583,0.0,1.3095326721668243e-05,0.0
236,0.4914824962615967,0.5199999809265137,0.03628035634756088,0.07999999821186066
237,0.4949154257774353,0.39299601316452026,0.04377351701259613,0.07003899663686752
238,0.13489416241645813,0.20000000298023224,1.6721896827220917e-05,0.0
239,0.2276315689086914,0.16666699945926666,1.7299316823482513e-05,0.0
240,0.29245346784591675,0.0,4.1911378502845764e-05,0.0
241,0.3570702075958252,0.4642859995365143,0.05038846656680107,0.07142899930477142
242,0.26510176062583923,0.36363598704338074,0.00014785118401050568,0.09090899676084518
243,0.2665044367313385,0.27272701263427734,0.0002369023859500885,0.09090899676084518
244,0.03224436566233635,0.0,1.3436190783977509e-05,0.0
245,0.38631701469421387,0.800000011920929,-1.2878328561782837e-05,0.0
246,0.5448521971702576,0.5384619832038879,0.0005255015566945076,0.15384599566459656
247,0.5569436550140381,0.6390730142593384,0.040144775062799454,0.04635800048708916
248,0.4241009056568146,0.5,0.042645953595638275,0.07142899930477142
249,0.6095339059829712,0.5,0.031132496893405914,0.04166699945926666
250,0.6367359161376953,0.7058820128440857,0.031132496893405914,0.0
251,0.5596709251403809,0.7047619223594666,0.03995029628276825,0.01666666939854622
252,0.54719078540802,0.44185999035835266,0.03874905779957771,0.023256000131368637
253,0.5416739583015442,0.40294119715690613,0.040809981524944305,0.038235291838645935
254,0.23881253600120544,0.0,-4.166923463344574e-05,0.0
255,0.44101518392562866,0.5466669797897339,0.045956868678331375,0.06666699796915054
256,0.5603818893432617,0.5040159821510315,0.0397816076874733,0.04819300025701523
257,0.39613425731658936,0.375,-4.0774233639240265e-05,0.0
258,0.4446013271808624,0.5,1.4384277164936066e-05,0.0
259,0.4104815423488617,0.4285709857940674,7.986649870872498e-05,0.0
260,0.4977354109287262,0.7599999904632568,0.038612887263298035,0.0
261,0.3735277056694031,1.0,-2.5247223675251007e-05,0.0
262,0.5582167506217957,0.5,0.03805297240614891,0.007246000226587057
263,0.48055487871170044,0.17647099494934082,0.04471223056316376,0.11176499724388123
264,0.362807035446167,0.375,-6.228405982255936e-05,0.0
265,0.5188404321670532,0.5,0.04219893366098404,0.10000000149011612
266,0.4304611384868622,0.6666669845581055,0.03988631069660187,0.06666699796915054
267,0.6396178007125854,0.7014930248260498,0.031132496893405914,0.029851000756025314
268,0.5546613931655884,0.528846025466919,0.0375027135014534,0.05769199877977371
269,0.28049013018608093,0.3125,0.049911320209503174,0.125
270,0.5739572644233704,0.464601993560791,0.03972925990819931,0.04424799978733063
271,0.42416688799858093,0.4615379869937897,0.021166283637285233,0.07692299783229828
272,0.4879239797592163,0.4464290142059326,0.043684132397174835,0.0
273,0.5071490406990051,0.31491708755493164,0.04460975527763367,0.10497239977121353
274,0.546578049659729,0.619047999382019,0.036976590752601624,0.04761900007724762
275,0.40227383375167847,0.6666669845581055,0.00021450035274028778,0.0
276,0.5863721966743469,0.4912891983985901,0.03668763488531113,0.03658536821603775
277,0.6258024573326111,0.5821920037269592,0.031132496893405914,0.020547999069094658
278,0.49674323201179504,0.5,0.042209576815366745,0.03703700006008148
279,0.46117764711380005,0.4117650091648102,0.04619482904672623,0.058823999017477036
280,0.5342873334884644,0.3793100118637085,0.03954894095659256,0.1206900030374527
281,0.46203675866127014,0.625,0.043941110372543335,0.012500000186264515
282,0.3143720030784607,0.36363598704338074,0.04921712726354599,0.0
283,0.44432854652404785,0.5384619832038879,0.00033989734947681427,0.07692299783229828
284,0.5312828421592712,0.5,0.03799022361636162,0.03999999910593033
285,0.5879510045051575,0.5185189843177795,0.03577074781060219,0.03703700006008148
286,0.46135413646698,0.30158698558807373,0.04470084607601166,0.06349200010299683
287,0.4846065640449524,0.4615379869937897,0.04357239976525307,0.07692299783229828
288,0.3839755058288574,0.27272701263427734,8.395779877901077e-05,0.0
289,0.43897247314453125,0.4615379869937897,0.04309498518705368,0.07692299783229828
290,0.6039591431617737,0.550724983215332,0.031132496893405914,0.028985999524593353
291,0.522911787033081,0.5465589761734009,0.04246501624584198,0.03238900005817413
292,0.5957413911819458,0.7019230127334595,0.03441375494003296,0.0
293,0.3481273353099823,0.33333298563957214,3.769993782043457e-06,0.0
294,0.46259447932243347,0.5270270109176636,0.04385172575712204,0.02702699974179268
295,0.4805721044540405,0.6666669845581055,9.93441790342331e-05,0.0
296,0.3963541090488434,0.4000000059604645,0.0002980632707476616,0.10000000149011612
297,0.49119091033935547,0.5341609716415405,0.04356122761964798,0.01242200005799532
298,0.5668028593063354,0.8148149847984314,0.03206874057650566,0.03703700006008148
299,0.48887115716934204,0.4117650091648102,0.03842946141958237,0.11764699965715408
300,0.39756688475608826,0.5,0.04239051416516304,0.0
301,0.5721842050552368,0.6447880268096924,0.03786472603678703,0.04247099906206131
302,0.4125427007675171,0.3703700006008148,0.040751442313194275,0.07407400012016296
303,0.38226133584976196,0.6000000238418579,1.5997327864170074e-05,0.0
304,0.5526294708251953,0.5384619832038879,0.00024509523063898087,0.15384599566459656
305,0.4386327266693115,0.589743971824646,0.04548652097582817,0.025640999898314476
306,0.3767589330673218,0.5714290142059326,-2.5484710931777954e-05,0.0
307,0.33663710951805115,0.375,0.052659906446933746,0.1875
308,0.37880444526672363,0.6000000238418579,3.4347176551818848e-06,0.0
309,0.5547795295715332,0.653846025466919,0.036176979541778564,0.07692299783229828
310,0.278114378452301,0.33333298563957214,-2.5577843189239502e-05,0.0
311,0.5372662544250488,0.6549299955368042,0.04032038897275925,0.0070420000702142715
312,0.5445857048034668,0.7142860293388367,2.0470470190048218e-05,0.0
313,0.3310215473175049,0.4626869857311249,0.049091141670942307,0.08955200016498566
314,0.29151278734207153,0.18181799352169037,-2.194289118051529e-05,0.0
315,0.3372882306575775,0.4615379869937897,0.048982374370098114,0.07692299783229828
316,0.5767328143119812,0.6514809727668762,0.038530830293893814,0.04328000172972679
317,0.43006929755210876,0.6705880165100098,0.04805176332592964,0.035294000059366226
318,0.5918158292770386,0.3684209883213043,0.031132496893405914,0.05263200029730797
319,0.38904982805252075,0.31578901410102844,0.04563238099217415,0.05263200029730797
320,0.40537261962890625,0.2465749979019165,0.04561074823141098,0.06849300116300583
321,0.3787219524383545,0.1875,0.052515409886837006,0.0
322,0.3235548436641693,0.5,0.045241713523864746,0.0
323,0.4833921194076538,0.5555559992790222,0.03865149989724159,0.16666699945926666
324,0.4163426458835602,0.6666669845581055,-9.113457053899765e-05,0.0
325,0.5826079249382019,0.5257729887962341,0.03523782268166542,0.020618999376893044
326,0.5573817491531372,0.5431029796600342,0.03824121505022049,0.02586200088262558
327,0.4337019920349121,0.2222220003604889,1.4347024261951447e-05,0.0
328,0.3639288544654846,0.26315799355506897,0.04515631124377251,0.10526300221681595
329,0.4495668411254883,0.337662011384964,0.0467248260974884,0.025973999872803688
330,0.42834174633026123,0.07142899930477142,0.0010004779323935509,0.14285700023174286
331,0.4787379205226898,0.5600000023841858,0.03908836841583252,0.0
332,0.37780916690826416,0.5,0.04995517432689667,0.1875
333,0.5576239228248596,0.588652491569519,0.040996238589286804,0.06382978707551956
334,0.4772659242153168,0.2571429908275604,0.044450338929891586,0.10000000149011612
335,0.34191372990608215,0.5,-2.2444874048233032e-06,0.0
336,0.5342793464660645,0.5454549789428711,9.910296648740768e-05,0.0
337,0.5213131308555603,0.6666669845581055,0.0338405966758728,0.04166699945926666
338,0.387259304523468,0.21428599953651428,0.04406401515007019,0.03571400046348572
339,0.4854103922843933,0.43181800842285156,0.04308389127254486,0.0227269995957613
340,0.5722634792327881,0.5925930142402649,0.035702694207429886,0.08641999959945679
341,0.5281108021736145,0.6216220259666443,0.04180513322353363,0.04864899814128876
342,0.45053327083587646,0.5,0.04558899998664856,0.09090899676084518
343,0.40922749042510986,0.2666670083999634,0.042454369366168976,0.06666699796915054
344,0.5075390338897705,0.5761899948120117,0.04350542277097702,0.004761999938637018
345,0.6078615784645081,0.6290320158004761,0.03597347438335419,0.040943000465631485
346,0.5189418196678162,0.5333330035209656,0.03446070849895477,0.06666699796915054
347,0.33952370285987854,0.2857140004634857,0.04241831600666046,0.0
348,0.4962184429168701,0.487309992313385,0.044052839279174805,0.04060899838805199
349,0.4539487361907959,0.36363598704338074,0.044883035123348236,0.030302999541163445
350,0.5200642347335815,0.5294119715690613,0.03459583595395088,0.0
351,0.5310624241828918,0.6758620142936707,0.042135074734687805,0.02068999968469143
352,0.5964676141738892,0.6034156084060669,0.03655436262488365,0.009487666189670563
353,0.5202192664146423,0.45535698533058167,0.041549693793058395,0.07142899930477142
354,0.4367229640483856,0.6521739959716797,0.0432170107960701,0.04347800090909004
355,0.4904029965400696,0.37254899740219116,0.04219893366098404,0.01960800029337406
356,0.4718712270259857,0.0,1.6625039279460907e-05,0.14285700023174286
357,0.4497395157814026,0.5641030073165894,0.044199831783771515,0.0
358,0.5043692588806152,0.35897400975227356,0.04027249291539192,0.12820500135421753
359,0.5718464851379395,0.6455699801445007,0.03872818127274513,0.018986999988555908
360,0.6369181871414185,0.6587110161781311,0.035338595509529114,0.021479999646544456
361,0.5451035499572754,0.5340909957885742,0.03946750611066818,0.05113599821925163
362,0.5414479374885559,0.44827601313591003,0.03541680425405502,0.0
363,0.4782477617263794,0.6600000262260437,0.042113788425922394,0.0
364,0.546602189540863,0.65625,0.0363890677690506,0.03125
365,0.27927520871162415,0.34375,0.04966318607330322,0.0
366,0.49986791610717773,0.47058799862861633,0.0423160120844841,0.03921600058674812
367,0.4677010178565979,0.48091599345207214,0.046086665242910385,0.11450400203466415
368,0.3125113546848297,0.0,-2.049468457698822e-05,0.16666699945926666
369,0.716080904006958,0.375,1.3928860425949097e-05,0.0
370,0.370196133852005,0.18181799352169037,0.003747752867639065,0.0
371,0.27612221240997314,0.15789499878883362,0.05153243988752365,0.0
372,0.6678160429000854,0.6410260200500488,0.031132496893405914,0.0
373,0.5409352779388428,0.5852270126342773,0.04043746739625931,0.028409000486135483
374,0.3932310938835144,0.09375,0.04844021797180176,0.109375
375,0.4727439880371094,0.65625,0.04413151368498802,0.0
376,0.5610593557357788,0.626505970954895,0.03761855512857437,0.012047999538481236
377,0.5338943004608154,0.5820512771606445,0.041395366191864014,0.024358969181776047
378,0.5054851770401001,0.7333329916000366,0.0026362277567386627,0.0
379,0.374069482088089,0.25,0.0018939832225441933,0.0
380,0.4563032388687134,0.30000001192092896,0.04335012286901474,0.10000000149011612
381,0.3236497640609741,0.25,5.880836397409439e-05,0.0
382,0.6203019618988037,0.600924015045166,0.036549415439367294,0.032356999814510345
383,0.46088725328445435,0.25,0.047146622091531754,0.02777799963951111
384,0.5314642786979675,0.25,-4.259869456291199e-06,0.125
385,0.5442724823951721,0.5607479810714722,0.041017524898052216,0.018691999837756157
386,0.5310779213905334,0.699999988079071,-7.208436727523804e-07,0.0
387,0.5159850716590881,0.4000000059604645,0.0452246330678463,0.0847058817744255
388,0.33157476782798767,0.125,0.04177601635456085,0.0625
389,0.36505401134490967,0.33333298563957214,5.140621215105057e-05,0.11111100018024445
390,0.5286688208580017,0.5576919913291931,0.036465950310230255,0.019231000915169716
391,0.6023958325386047,0.7916669845581055,0.031132496893405914,0.04166699945926666
392,0.5994354486465454,0.6666669845581055,0.03465205803513527,0.0
393,0.5381911993026733,0.39285698533058167,0.03393757715821266,0.03571400046348572
394,0.2701113820075989,0.20000000298023224,0.05638346076011658,0.06666699796915054
395,0.5957809686660767,0.6149579882621765,0.03559879958629608,0.03047100082039833
396,0.48765650391578674,0.7234039902687073,0.04322810098528862,0.0
397,0.5395814180374146,0.10000000149011612,0.00010423269122838974,0.0
398,0.29575327038764954,0.33333298563957214,-1.794658601284027e-05,0.33333298563957214
399,0.15325868129730225,0.0,4.976056516170502e-06,0.0
400,0.46151721477508545,0.16666699945926666,5.217548459768295e-05,0.33333298563957214
401,0.3699079751968384,0.20000000298023224,1.1480413377285004e-05,0.0
402,0.5163899660110474,0.7142860293388367,0.03979906067252159,0.0
403,0.5109231472015381,0.49019598960876465,0.039461687207221985,0.01960800029337406
404,0.4557792544364929,0.4375,0.045361269265413284,0.03750000149011612
405,0.4799892008304596,0.23913000524044037,0.041682735085487366,0.02173900045454502
406,0.4446313679218292,0.6000000238418579,2.255011349916458e-05,0.10000000149011612
407,0.5104568004608154,0.5409839749336243,0.038347408175468445,0.04918000102043152
408,0.4638700783252716,1.0,2.7944333851337433e-05,0.0
409,0.39648371934890747,0.35714301466941833,0.04677890986204147,0.08928599953651428
410,0.495688796043396,0.45833298563957214,0.042113788425922394,0.05555599927902222
411,0.2500724792480469,0.0,-8.154846727848053e-05,0.0
412,0.590074896812439,0.7826089859008789,0.035562701523303986,0.02173900045454502
413,0.5749961137771606,0.6196659803390503,0.03870730102062225,0.048237480223178864
414,0.23783785104751587,0.20000000298023224,9.233411401510239e-05,0.10000000149011612
415,0.5900599360466003,0.6153849959373474,0.03440474718809128,0.019231000915169716
416,0.5311492085456848,0.7027029991149902,0.03742548078298569,0.05405399948358536
417,0.26205530762672424,0.4666669964790344,0.05057461932301521,0.0
418,0.15712186694145203,0.16666699945926666,-3.45790758728981e-05,0.0
419,0.6110233068466187,0.5,2.294406294822693e-05,0.0
420,0.40006381273269653,0.25,0.025038614869117737,0.0
421,0.152849018573761,0.3125,0.058861397206783295,0.0
422,0.5751795768737793,0.5384619832038879,0.017300236970186234,0.0
423,0.36576157808303833,0.6470590233802795,0.049322113394737244,0.058823999017477036
424,0.26902472972869873,0.2222220003604889,4.2975880205631256e-05,0.2222220003604889
425,0.5905283689498901,0.7599999904632568,0.0351034551858902,0.0
426,0.5774053335189819,0.5279260277748108,0.03856944292783737,0.022606000304222107
427,0.23632872104644775,0.5,4.546716809272766e-06,0.0
428,0.5593858957290649,0.6800000071525574,0.036359500139951706,0.019999999552965164
429,0.5305011868476868,0.22092999517917633,0.04076208546757698,0.034883998334407806
430,0.5661293268203735,0.75,-2.144835889339447e-05,0.0
431,0.4099671244621277,0.5227270126342773,0.04531572386622429,0.09090899676084518
432,0.4753876030445099,0.8333330154418945,1.016072928905487e-06,0.0
433,0.4258671998977661,0.5454549789428711,0.041661448776721954,0.045455001294612885
434,0.2594248354434967,0.14285700023174286,-2.5900080800056458e-06,0.0
435,0.6279365420341492,0.5466669797897339,0.034608982503414154,0.026667000725865364
436,0.5546839237213135,0.625,2.1605752408504486e-05,0.125
437,0.5529892444610596,0.3448280096054077,0.038545310497283936,0.0
438,0.2591818571090698,0.2857140004634857,0.045515965670347214,0.14285700023174286
439,0.6643078327178955,0.699999988079071,0.031132496893405914,0.0
440,0.5461645126342773,0.4545449912548065,0.0419328510761261,0.0
441,0.135096937417984,0.0,1.2787990272045135e-05,0.0
442,0.3319251537322998,0.16666699945926666,0.00016440916806459427,0.0
443,0.5231724381446838,0.625,1.3705343008041382e-05,0.0
444,0.5457763075828552,0.4285709857940674,0.03514329344034195,0.04761900007724762
445,0.5348682999610901,0.5904759764671326,0.04032570868730545,0.03809500113129616
446,0.4024938941001892,0.5777779817581177,0.0452018603682518,0.06666699796915054
447,0.45565497875213623,0.35714301466941833,0.0462813563644886,0.07142899930477142
448,0.5706415772438049,0.5744680166244507,0.03546193242073059,0.02127699926495552
449,0.31082072854042053,0.4000000059604645,-1.4341436326503754e-05,0.0
450,0.3887847363948822,0.0,3.893394023180008e-05,0.16666699945926666
451,0.6020710468292236,0.5449439883232117,0.03685108944773674,0.03370799869298935
452,0.42936939001083374,0.6000000238418579,2.2318214178085327e-05,0.0
453,0.5085713267326355,0.30000001192092896,-1.0263174772262573e-05,0.0
454,0.573043704032898,0.5400699973106384,0.03876471519470215,0.01916399970650673
455,0.5687940716743469,0.8333330154418945,9.806826710700989e-06,0.0
456,0.4413585662841797,0.4444440007209778,3.2398849725723267e-05,0.0
457,0.415762722492218,0.2857140004634857,1.5288591384887695e-05,0.14285700023174286
458,0.518170177936554,0.5862069725990295,0.03730481117963791,0.0
459,0.3464164733886719,0.4000000059604645,0.04775780066847801,0.10000000149011612
460,0.367797315120697,0.4444440007209778,0.04291749745607376,0.0
461,0.4614930748939514,0.2941179871559143,0.015324165113270283,0.058823999017477036
462,0.4695706069469452,0.366241991519928,0.04505383223295212,0.0732479989528656
463,0.6111131310462952,0.5256410241127014,0.033463332802057266,0.025640999898314476
464,0.45076727867126465,0.3823530077934265,0.04243309050798416,0.0
465,0.6247773170471191,0.5872089862823486,0.034545257687568665,0.046512000262737274
466,0.4320361316204071,0.4615379869937897,0.046238094568252563,0.07692299783229828
467,0.5665873289108276,0.5511627793312073,0.03795643523335457,0.027906980365514755
468,0.377379834651947,0.5217390060424805,0.04896515607833862,0.04347800090909004
469,0.559183657169342,0.5416669845581055,0.0428842157125473,0.0
470,0.5684452056884766,0.5714290142059326,0.033405981957912445,0.0
471,0.5937644243240356,0.4285709857940674,1.283455640077591e-05,0.0
472,0.5982041358947754,0.5,0.03584280610084534,0.010870000347495079
473,0.5540021061897278,0.5530300140380859,0.040543895214796066,0.0227269995957613
474,0.4755236506462097,0.30000001192092896,3.097113221883774e-05,0.0
475,0.4847410321235657,0.484375,0.04399697855114937,0.03125
476,0.25240686535835266,0.5,2.43503600358963e-05,0.0
477,0.5211225748062134,0.42069000005722046,0.040485359728336334,0.10344800353050232
478,0.5443145036697388,0.6304349899291992,0.03655271604657173,0.10869599878787994
479,0.5847392678260803,0.5864660143852234,0.038963086903095245,0.11654099822044373
480,0.5731505751609802,0.4722220003604889,0.03459381312131882,0.06944400072097778
481,0.4981275796890259,0.5684210062026978,0.0429951474070549,0.010525999590754509
482,0.5029379725456238,0.5,0.038414984941482544,0.09523800015449524
483,0.5402405858039856,0.7088609933853149,0.039851412177085876,0.037974998354911804
484,0.5730953812599182,0.5795450210571289,0.03547696769237518,0.03409099951386452
485,0.5640428066253662,0.6854599118232727,0.03924497216939926,0.03264094889163971
486,0.4607623815536499,0.4693880081176758,0.04068225994706154,0.04081600159406662
487,0.45969611406326294,0.5454549789428711,3.780517727136612e-05,0.0
488,0.5129311680793762,0.4803920090198517,0.042699169367551804,0.08823499828577042
489,0.4157174825668335,0.26923099160194397,0.04743234068155289,0.0
490,0.5493726134300232,0.6222220063209534,0.038796037435531616,0.044443998485803604
491,0.40618449449539185,0.5957450270652771,0.04819874465465546,0.06383000314235687
492,0.4573115110397339,0.619047999382019,0.042113788425922394,0.04761900007724762
493,0.5598788857460022,0.4444440007209778,-1.3550743460655212e-06,0.11111100018024445
494,0.5491982698440552,0.6153849959373474,0.03880126029253006,0.07692299783229828
495,0.3863149881362915,0.4000000059604645,0.051853425800800323,0.10000000149011612
496,0.44833385944366455,0.4545449912548065,0.04842972010374069,0.03636400029063225
497,0.558833658695221,1.0,1.2386590242385864e-06,0.0
498,0.5417108535766602,0.44827601313591003,0.041374076157808304,0.05517200008034706
499,0.5901824831962585,0.6666669845581055,0.03572804480791092,0.030702000483870506
500,0.4310069978237152,0.0,5.430541932582855e-06,0.0
501,0.5091231465339661,0.625,0.03824121505022049,0.04166699945926666
502,0.5395587682723999,0.6031749844551086,0.04069822281599045,0.03703700006008148
503,0.6109185218811035,0.6376810073852539,0.031931132078170776,0.028985999524593353
504,0.361712247133255,0.23076899349689484,0.044814713299274445,0.23076899349689484
505,0.501203715801239,0.21428599953651428,0.021699827164411545,0.14285700023174286
506,0.6042985916137695,0.5555559992790222,1.5189871191978455e-05,0.0
507,0.2618434727191925,0.36363598704338074,0.00039481837302446365,0.0
508,0.5410646796226501,0.5198559761047363,0.03921887278556824,0.0072200000286102295
509,0.5281972289085388,0.24242399632930756,0.04055454209446907,0.018182000145316124
510,0.5181489586830139,0.5251569747924805,0.0421244353055954,0.00943399965763092
511,0.5108602643013,0.47058799862861633,0.04078337177634239,0.06722699850797653
512,0.5044728517532349,0.5555559992790222,0.03712139278650284,0.0
513,0.32751941680908203,0.4000000059604645,0.046750351786613464,0.0
514,0.5638342499732971,0.5608469843864441,0.03963037580251694,0.02469100058078766
515,0.4430592656135559,0.800000011920929,4.469417035579681e-06,0.0
516,0.5977199077606201,0.764706015586853,0.033297523856163025,0.0
517,0.41200852394104004,0.6000000238418579,0.047243356704711914,0.022221999242901802
518,0.5383284091949463,0.37853100895881653,0.043751172721385956,0.0790959969162941
519,0.4665888845920563,0.36507898569107056,0.04366178810596466,0.015873000025749207
520,0.4329565167427063,0.25,7.179286330938339e-05,0.0
521,0.4667676091194153,0.6111109852790833,0.0423160120844841,0.0
522,0.5654688477516174,0.6988639831542969,0.03872295841574669,0.03409099951386452
523,0.5988460779190063,0.5948910117149353,0.038497038185596466,0.032846998423337936
524,0.2871180772781372,0.16279099881649017,0.0512659028172493,0.09302300214767456
525,0.5998362898826599,0.5849059820175171,0.031132496893405914,0.07547199726104736
526,0.4808623492717743,0.2549020051956177,0.04165612533688545,0.21568599343299866
527,0.4597223401069641,0.4117650091648102,0.038511522114276886,0.058823999017477036
528,0.4920008182525635,0.44999998807907104,0.04777879640460014,0.0
529,0.46826493740081787,0.5789470076560974,0.03979324549436569,0.0
530,0.5322160720825195,0.39534899592399597,0.0377054400742054,0.046512000262737274
531,0.0272437185049057,0.0,3.096926957368851e-05,0.0
532,0.32883375883102417,0.5294119715690613,0.05409815162420273,0.029411999508738518
533,0.6125616431236267,0.6153849959373474,0.03589620813727379,0.030768999829888344
534,0.4044232964515686,0.16666699945926666,9.151175618171692e-06,0.0
535,0.3261462450027466,0.375,0.05031400918960571,0.04166699945926666
536,0.27928584814071655,0.4000000059604645,9.991694241762161e-05,0.0
537,0.42887240648269653,0.2857140004634857,0.04509937763214111,0.023809999227523804
538,0.6125708818435669,0.6728969812393188,0.03552660346031189,0.009345999918878078
539,0.6107227802276611,0.6164870262145996,0.03616201877593994,0.07885300368070602
540,0.2653808295726776,0.1304350048303604,0.05355774611234665,0.0
541,0.554905116558075,0.6399999856948853,0.037980567663908005,0.05999999865889549
542,0.5643232464790344,0.4896549880504608,0.039671093225479126,0.05517200008034706
543,0.5703911185264587,0.6923080086708069,-1.4641322195529938e-05,0.07692299783229828
544,0.5002804398536682,0.5882350206375122,0.03809158876538277,0.058823999017477036
545,0.455536812543869,0.2653059959411621,0.0424969419836998,0.02040800079703331
546,0.31740671396255493,0.47368401288986206,0.04758981615304947,0.0
547,0.47151362895965576,0.6666669845581055,0.028836287558078766,0.06666699796915054
548,0.39720386266708374,0.41666701436042786,0.0010816492140293121,0.0
549,0.573797881603241,0.75,4.789792001247406e-06,0.0
550,0.5802685618400574,0.6176469922065735,0.033704180270433426,0.029411999508738518
551,0.010402120649814606,1.0,-3.1962990760803223e-06,0.0
552,0.5833948254585266,0.4444440007209778,0.035577744245529175,0.05555599927902222
553,0.2135157585144043,0.2857140004634857,5.0914473831653595e-05,0.0
554,0.333763062953949,0.4666669964790344,0.05415219068527222,0.1333329975605011
555,0.49370962381362915,0.16666699945926666,-1.449882984161377e-05,0.16666699945926666
556,0.19285334646701813,0.16666699945926666,-5.3880736231803894e-05,0.0
557,0.5249606370925903,0.619047999382019,0.035957206040620804,0.04761900007724762
558,0.6428083181381226,0.7200000286102295,0.031132496893405914,0.03999999910593033
559,0.5779553651809692,0.5540540218353271,0.03554164618253708,0.04054100066423416
560,0.47593954205513,0.5957450270652771,0.04344996064901352,0.06383000314235687
561,0.4050879180431366,0.5,0.04531572386622429,0.03409099951386452
562,0.550350546836853,0.6000000238418579,0.03528595343232155,0.08571399748325348
563,0.49732697010040283,0.4285709857940674,0.00048108305782079697,0.0
564,0.48035046458244324,0.1875,0.043650612235069275,0.0
565,0.41315436363220215,0.1923079937696457,0.05027678236365318,0.07692299783229828
566,0.543891191482544,0.5,7.83521682024002e-06,0.125
567,0.5297439098358154,0.5794702172279358,0.04104413464665413,0.009933775290846825
568,0.5213201642036438,0.6263740062713623,0.04256080836057663,0.021978000178933144
569,0.4685378670692444,0.23529399931430817,0.0014712987467646599,0.0
570,0.5889635682106018,0.6304349899291992,0.036928318440914154,0.05797100067138672
571,0.5189518928527832,0.6115109920501709,0.04173062741756439,0.07913699746131897
572,0.5246579647064209,0.7142860293388367,3.983266651630402e-06,0.0
573,0.5629318356513977,0.550000011920929,0.038395676761865616,0.0
574,0.595887303352356,0.6554049849510193,0.03546644002199173,0.05405399948358536
575,0.3023381531238556,1.0,1.3445504009723663e-05,0.0
576,0.45485174655914307,0.4465410113334656,0.04476916790008545,0.05660400167107582
577,0.5842416286468506,0.47999998927116394,0.03518103063106537,0.019999999552965164
578,0.29845938086509705,0.3225809931755066,0.0524999275803566,0.09677399694919586
579,0.3752819299697876,0.23076899349689484,0.030077390372753143,0.15384599566459656
580,0.43412303924560547,0.5833330154418945,0.01389842014759779,0.0
581,0.40548357367515564,0.25,0.009119541384279728,0.0
582,0.4065355062484741,0.419048011302948,0.0478522852063179,0.028571000322699547
583,0.3994215130805969,0.389831006526947,0.0478837825357914,0.0
584,0.4260241687297821,0.4285709857940674,-1.705903559923172e-05,0.14285700023174286
585,0.4451349377632141,0.6486489772796631,0.048870667815208435,0.05405399948358536
586,0.48661667108535767,0.7037039995193481,0.04005499556660652,0.11111100018024445
587,0.27522915601730347,0.33333298563957214,0.025541432201862335,0.06666699796915054
588,0.6203707456588745,0.591159999370575,0.031132496893405914,0.005524999927729368
589,0.4254935383796692,0.5714290142059326,2.321787178516388e-06,0.0
590,0.5485635995864868,0.6751469969749451,0.04283984377980232,0.027396999299526215
591,0.6340903639793396,1.0,9.193085134029388e-06,0.0
592,0.446368008852005,0.4090909957885742,0.042188290506601334,0.0
593,0.27742961049079895,0.2325579971075058,0.05122147500514984,0.06976699829101562
594,0.43805667757987976,0.33333298563957214,1.887790858745575e-06,0.0
595,0.44694435596466064,0.34146299958229065,0.04300624132156372,0.0
596,0.5590431690216064,0.7090910077095032,0.03808675706386566,0.03636400029063225
597,0.5522106289863586,0.27272701263427734,0.03987468034029007,0.06060599908232689
598,0.5474896430969238,0.6171879768371582,0.04017137736082077,0.039062000811100006
599,0.4822003245353699,0.5660380125045776,0.043862901628017426,0.01886799931526184
600,0.3015560507774353,0.2666670083999634,0.05114532262086868,0.0
601,0.5368781089782715,0.6666669845581055,1.9567087292671204e-06,0.0
602,0.34530797600746155,0.5263159871101379,0.052773430943489075,0.15789499878883362
603,0.568174421787262,0.846153974533081,0.02721657231450081,0.0
604,0.5068454146385193,0.5555559992790222,-2.314802259206772e-05,0.0
605,0.39608311653137207,0.4000000059604645,0.0001810416579246521,0.0
606,0.5243476033210754,0.4542190134525299,0.04165080189704895,0.021543990820646286
607,0.6105912327766418,0.5168070197105408,0.03695245459675789,0.07352899760007858
608,0.43189316987991333,0.5416669845581055,0.044052839279174805,0.08333300054073334
609,0.5468066930770874,0.4444440007209778,-4.8026442527770996e-05,0.0
610,0.22599241137504578,0.15384599566459656,0.021455787122249603,0.07692299783229828
611,0.3176957070827484,0.25,-5.202367901802063e-06,0.25
612,0.5466602444648743,0.7142860293388367,0.00038420502096414566,0.07142899930477142
613,0.5306864380836487,0.4406780004501343,0.03846808522939682,0.0169489998370409
614,0.5805630683898926,0.5831130146980286,0.03730481117963791,0.026384999975562096
615,0.4932933449745178,0.3838379979133606,0.042699169367551804,0.07070700079202652
616,0.5477896928787231,0.5365005731582642,0.0404215008020401,0.03939744830131531
617,0.5635877251625061,0.5606619715690613,0.04029377922415733,0.03860300034284592
618,0.5104480385780334,0.4444440007209778,9.75094735622406e-06,0.0
619,0.3937467932701111,0.23076899349689484,0.0004509119316935539,0.07692299783229828
620,0.5701292753219604,0.4444440007209778,0.035742729902267456,0.11111100018024445
621,0.3653618097305298,0.33333298563957214,3.67872416973114e-06,0.0
622,0.48540380597114563,0.47368401288986206,0.04135278984904289,0.07894700020551682
623,0.5497504472732544,0.6395350098609924,0.03822191059589386,0.034883998334407806
624,0.35843703150749207,0.2727273106575012,-4.9979425966739655e-05,0.0
625,0.37558749318122864,0.642857015132904,0.0506393164396286,0.023809999227523804
626,0.4744642972946167,0.4375,0.0014535170048475266,0.0
627,0.601679265499115,0.6206899881362915,0.031132496893405914,0.0
628,0.29113417863845825,0.18181799352169037,6.393995136022568e-05,0.0
629,0.39898595213890076,0.5,-9.797513484954834e-07,0.0
630,0.3410643935203552,0.5,-6.163213402032852e-05,0.0
631,0.43670034408569336,0.3846150040626526,0.010380310006439686,0.0
632,0.3142624497413635,0.5,-2.924259752035141e-05,0.0
633,0.6334537267684937,0.6424660086631775,0.03520175442099571,0.03424699977040291
634,0.48179253935813904,0.6041669845581055,0.04292859137058258,0.04166699945926666
635,0.47049951553344727,0.25,0.04059711471199989,0.11363600194454193
636,0.32440346479415894,0.4545449912548065,0.00012849923223257065,0.09090899676084518
637,0.4932652711868286,0.6822429895401001,0.043684132397174835,0.018691999837756157
638,0.5017461776733398,0.5882350206375122,0.039671093225479126,0.058823999017477036
639,0.4719164967536926,0.5789470076560974,0.03771509230136871,0.05263200029730797
640,0.41209471225738525,0.2222220003604889,4.46150079369545e-05,0.0
641,0.5682583451271057,0.5057920217514038,0.03970017656683922,0.08108100295066833
642,0.5387320518493652,0.375,0.03570002317428589,0.0
643,0.439997136592865,0.6363639831542969,0.0002668770030140877,0.0
644,0.41335126757621765,0.6052629947662354,0.04708174616098404,0.03508799895644188
645,0.31762880086898804,0.25,-3.1767413020133972e-06,0.0
646,0.46635931730270386,0.0,1.8309801816940308e-06,0.5
647,0.34986093640327454,0.5,0.04905964061617851,0.0
648,0.5696990489959717,0.5,2.8806738555431366e-05,0.10000000149011612
649,0.5011293292045593,0.49668899178504944,0.044883035123348236,0.0860930010676384
650,0.35003212094306946,0.4000000059604645,-0.00010626111179590225,0.0
651,0.5343329906463623,0.546419084072113,0.0415550135076046,0.03183024004101753
652,0.010367915034294128,1.0,4.909932613372803e-06,0.0
653,0.5826514959335327,0.5837100148200989,0.03590705245733261,0.013574999757111073
654,0.5241854786872864,0.5663719773292542,0.04323919117450714,0.026549000293016434
655,0.33329373598098755,0.6470590233802795,0.04396345466375351,0.0
656,0.4228307604789734,0.44736799597740173,0.04641114920377731,0.13157899677753448
657,0.40650755167007446,0.0,-6.453134119510651e-06,0.0
658,0.2656230628490448,0.29032260179519653,0.05122147500514984,0.06451612710952759
659,0.5776911377906799,0.7177420258522034,0.038009531795978546,0.02419400028884411
660,0.30272287130355835,0.16666670143604279,-2.174917608499527e-05,0.16666670143604279
661,0.3692983090877533,0.29166701436042786,0.048870667815208435,0.08333300054073334
662,0.5981839895248413,0.6771649718284607,0.03758959472179413,0.057743001729249954
663,0.41936901211738586,0.1875,0.0476108118891716,0.0625
664,0.5541223883628845,0.6000000238418579,4.304572939872742e-06,0.0
665,0.49409782886505127,0.6009389758110046,0.04366178810596466,0.06103299930691719
666,0.5063860416412354,0.44680899381637573,0.040980271995067596,0.02127699926495552
667,0.37181830406188965,0.30000001192092896,-5.783233791589737e-05,0.0
668,0.34644001722335815,0.4666669964790344,0.05365600436925888,0.0
669,0.49068737030029297,0.4864859879016876,0.03998519852757454,0.05405399948358536
670,0.43738195300102234,0.4533329904079437,0.04597850143909454,0.026667000725865364
671,0.38583803176879883,0.4117650091648102,0.04564320296049118,0.11764699965715408
672,0.45997610688209534,0.5,0.008714639581739902,0.0
673,0.5599846243858337,0.5555559992790222,0.0390622653067112,0.08546999841928482
674,0.5378577709197998,0.5609760284423828,0.041448578238487244,0.02926800027489662
675,0.6092866063117981,0.7468349933624268,0.035594284534454346,0.02531599998474121
676,0.5391421914100647,0.6923080086708069,0.03769095987081528,0.025640999898314476
677,0.5841806530952454,0.5506910085678101,0.037242062389850616,0.03686600178480148
678,0.34755706787109375,0.25,0.0333179235458374,0.0625
679,0.00983159989118576,0.5,1.4974735677242279e-05,0.0
680,0.5928616523742676,0.7333329916000366,0.000491398386657238,0.0
681,0.3732002377510071,0.0,-2.9440969228744507e-05,0.0
682,0.5203616619110107,0.5373830199241638,0.04281765967607498,0.04672899842262268
683,0.5047248005867004,0.5945950150489807,0.04167208820581436,0.0
684,0.4991985857486725,0.4375,0.0404215008020401,0.04166699945926666
685,0.4130200147628784,0.5,7.981434464454651e-07,0.0
686,0.4813372492790222,0.5384619832038879,0.0424969419836998,0.05769199877977371
687,0.6594942808151245,0.6486489772796631,0.031132496893405914,0.02702699974179268
688,0.5970228314399719,0.6399999856948853,0.031132496893405914,0.0
689,0.570460855960846,0.645160973072052,0.036090053617954254,0.03225800022482872
690,0.28580012917518616,0.36363598704338074,0.009966057725250721,0.0
691,0.4626319110393524,0.5714290142059326,1.5744008123874664e-05,0.0
692,0.5741413831710815,0.6016600131988525,0.03759925067424774,0.04149400070309639
693,0.5791776180267334,0.4270833134651184,0.03848256170749664,0.02083333022892475
694,0.35397517681121826,0.16666699945926666,0.04765281081199646,0.0
695,0.558279812335968,0.46684399247169495,0.04028313606977463,0.0477450005710125
696,0.545382022857666,0.6333330273628235,0.0382508710026741,0.013333000242710114
697,0.38219138979911804,0.23636400699615479,0.04706011712551117,0.018182000145316124
698,0.5950850248336792,0.6397519707679749,0.03693314641714096,0.009317000396549702
699,0.3413340151309967,0.5,1.642853021621704e-05,0.0
700,0.5528526902198792,0.5333330035209656,0.03569735586643219,0.06666699796915054
701,0.5380123853683472,0.5246639847755432,0.04140068590641022,0.026906000450253487
702,0.4892205595970154,0.5263159871101379,0.037898510694503784,0.07894700020551682
703,0.450240820646286,0.4625000059604645,0.04441618174314499,0.05000000074505806
704,0.4656708836555481,0.38095200061798096,0.03839085251092911,0.04761900007724762
705,0.480289101600647,0.37735798954963684,0.044177062809467316,0.11320800334215164
706,0.45335325598716736,0.4285709857940674,-4.411209374666214e-05,0.0
707,0.38205021619796753,0.5333330035209656,0.04320591688156128,0.06666699796915054
708,0.5579899549484253,0.7366771101951599,0.04070886969566345,0.015673980116844177
709,0.5319175720214844,0.7692310214042664,0.0007045473903417587,0.0
710,0.30779793858528137,0.4090909957885742,0.05423571169376373,0.0227269995957613
711,0.31684091687202454,0.3846150040626526,0.03210935741662979,0.07692299783229828
712,0.009297925978899002,0.0,0.0001506209373474121,0.5
713,0.5924529433250427,0.7115380167961121,0.036793842911720276,0.05594399943947792
714,0.030385255813598633,0.0,1.4130957424640656e-05,0.0
715,0.506876528263092,0.6134970188140869,0.04309498518705368,0.042945001274347305
716,0.4326171875,0.642857015132904,0.044370636343955994,0.0
717,0.5631610751152039,0.3787879943847656,0.03573872148990631,0.0
718,0.3772636651992798,0.30000001192092896,6.502214819192886e-05,0.0
719,0.32766586542129517,0.27272701263427734,-2.7584843337535858e-05,0.0
720,0.3965541422367096,0.18181799352169037,0.04699522629380226,0.10909099876880646
721,0.5902205109596252,0.6391609907150269,0.037879206240177155,0.06433600187301636
722,0.5313094258308411,0.6363639831542969,0.03657909482717514,0.0227269995957613
723,0.3928335905075073,0.3846150040626526,0.04792577773332596,0.03846200183033943
724,0.3321976363658905,0.4615379869937897,0.016844522207975388,0.0
725,0.3675704002380371,0.1333329975605011,0.04671400785446167,0.08888900279998779
726,0.4277859926223755,0.3148150146007538,0.04336121678352356,0.018518999218940735
727,0.43301817774772644,0.3478260040283203,0.04447311535477638,0.1304350048303604
728,0.41404181718826294,0.4444440007209778,6.714370101690292e-05,0.0
729,0.593414843082428,0.5846149921417236,0.034788139164447784,0.01538500003516674
730,0.4476386308670044,0.4749999940395355,0.04323919117450714,0.0
731,0.45723628997802734,0.41935500502586365,0.0428287535905838,0.03225800022482872
732,0.5509932041168213,0.5770170092582703,0.04095366597175598,0.036674998700618744
733,0.4041460156440735,0.375,-1.2555159628391266e-05,0.0
734,0.30505645275115967,0.5,4.223082214593887e-05,0.0
735,0.4026626944541931,0.5384619832038879,0.042230866849422455,0.03846200183033943
736,0.5370101928710938,0.38095200061798096,0.03644968941807747,0.0
737,0.4459655284881592,0.5,0.045881155878305435,0.01515199989080429
738,0.32346782088279724,0.2857140004634857,7.84359872341156e-05,0.0
739,0.5023846626281738,0.7142860293388367,3.5427510738372803e-06,0.0
740,0.5129582285881042,0.20000000298023224,4.507601261138916e-07,0.0
741,0.26201146841049194,0.30000001192092896,-4.1561201214790344e-05,0.0
742,0.35753655433654785,0.0,4.4628046452999115e-05,0.0
743,0.2905440628528595,0.15384599566459656,0.056483037769794464,0.0
744,0.5550869703292847,0.4666669964790344,0.03521977365016937,0.0
745,0.5366249084472656,0.4925369918346405,0.04192220792174339,0.05373099818825722
746,0.45804303884506226,0.6875,0.034916575998067856,0.0
747,0.2617630660533905,0.4285709857940674,4.9695372581481934e-05,0.2857140004634857
748,0.5460584759712219,0.5877190232276917,0.040426820516586304,0.023391999304294586
749,0.21645474433898926,0.0,-1.1701136827468872e-05,0.0
750,0.5392553210258484,0.5,0.03633584827184677,0.03333299979567528
751,0.406805157661438,0.4603169858455658,0.04687625169754028,0.07936500012874603
752,0.5958293676376343,0.5783129930496216,0.03412935882806778,0.02409599907696247
753,0.3517201840877533,0.0,5.154591053724289e-05,0.0
754,0.5174561142921448,0.48148098587989807,0.03919277340173721,0.03703700006008148
755,0.5203576683998108,0.5384619832038879,0.03674358129501343,0.03846200183033943
756,0.4653235673904419,0.2315790057182312,0.04493996500968933,0.021052999421954155
757,0.5819559097290039,0.6333330273628235,0.03548448905348778,0.0
758,0.32753822207450867,0.16666699945926666,2.4248845875263214e-05,0.0
759,0.46297115087509155,0.5555555820465088,4.429090768098831e-05,0.0
760,0.38647937774658203,0.30000001192092896,8.648727089166641e-05,0.10000000149011612
761,0.3683443069458008,0.2222220003604889,0.04886016249656677,0.022221999242901802
762,0.2877102196216583,0.2539680004119873,0.052262552082538605,0.04761900007724762
763,0.42736512422561646,0.3478260040283203,0.04350542277097702,0.08695700019598007
764,0.5735880136489868,0.645160973072052,0.03555367514491081,0.06451600044965744
765,0.5049673914909363,0.5526319742202759,0.04030974209308624,0.0394739992916584
766,0.5751216411590576,0.540145993232727,0.03611987456679344,0.014599000103771687
767,0.5631493330001831,0.7233009934425354,0.03809158876538277,0.014562999829649925
768,0.5770145654678345,0.5185189843177795,0.03367578983306885,0.07407400012016296
769,0.3042001724243164,0.11111100018024445,0.0488811656832695,0.16666699945926666
770,0.47955384850502014,0.4302330017089844,0.04291749745607376,0.023256000131368637
771,0.5126611590385437,0.6470590233802795,0.04699522629380226,0.0
772,0.5689513683319092,0.5179280042648315,0.038497038185596466,0.027888000011444092
773,0.5423950552940369,0.6499999761581421,0.03597483038902283,0.0
774,0.19206562638282776,0.15625,0.05245348811149597,0.09375
775,0.39857298135757446,0.6666669845581055,4.3334439396858215e-06,0.0
776,0.36508575081825256,0.375,-5.555432289838791e-05,0.0
777,0.5783834457397461,0.6666669845581055,5.193054676055908e-06,0.0
778,0.5369060635566711,0.48672598600387573,0.04028313606977463,0.03539799898862839
779,0.5180989503860474,0.3660709857940674,0.04260338097810745,0.03571400046348572
780,0.5928691029548645,0.5618559718132019,0.036394983530044556,0.01718199998140335
781,0.43971726298332214,0.5432100296020508,0.04633544012904167,0.012346000410616398
782,0.26533666253089905,0.0,-2.237316220998764e-05,0.0
783,0.48022881150245667,0.3448280096054077,0.041581619530916214,0.06896600127220154
784,0.4727879762649536,0.6315789818763733,0.038738615810871124,0.10526300221681595
785,0.5605046153068542,0.42592599987983704,0.03666260093450546,0.02777799963951111
786,0.5787750482559204,0.4836600124835968,0.03644821047782898,0.01307199988514185
787,0.5347685813903809,0.6153849959373474,7.640570402145386e-06,0.0
788,0.6146878004074097,0.7142860293388367,0.036909010261297226,0.0
789,0.23799577355384827,0.0,4.046596586704254e-06,0.0
790,0.23021221160888672,0.0,-7.212162017822266e-06,0.25
791,0.3679044842720032,0.18181799352169037,0.00011248048394918442,0.0
792,0.4305993318557739,0.6000000238418579,0.03981069102883339,0.0
793,0.009551100432872772,0.0,2.2059306502342224e-05,0.0
794,0.5722986459732056,0.6153849959373474,5.904305726289749e-05,0.07692299783229828
795,0.46104174852371216,0.75,0.029245968908071518,0.0
796,0.35819780826568604,0.17647099494934082,0.051633983850479126,0.058823999017477036
797,0.48617035150527954,0.5641030073165894,0.040187347680330276,0.0
798,0.6193782091140747,0.6888890266418457,0.03127071261405945,0.022221999242901802
799,0.4805663228034973,0.33333298563957214,2.1493062376976013e-05,0.16666699945926666
800,0.32584741711616516,0.5,-5.054939538240433e-05,0.0
801,0.5608114004135132,0.5,0.031132496893405914,0.0
802,0.4532167315483093,0.6153849959373474,0.04306170344352722,0.0
803,0.3307351768016815,0.11111100018024445,0.00012062583118677139,0.11111100018024445
804,0.5227426290512085,0.4895099997520447,0.041986070573329926,0.02797199971973896
805,0.5128695368766785,0.5111110210418701,0.03752201795578003,0.022221999242901802
806,0.3382445275783539,0.4666669964790344,0.05029911920428276,0.0
807,0.42769259214401245,1.0,2.021901309490204e-06,0.0
808,0.4488082826137543,0.25,0.04529295116662979,0.125
809,0.4678109586238861,0.10000000149011612,0.00021575484424829483,0.0
810,0.4784468114376068,0.5,0.03850669413805008,0.06666699796915054
811,0.6435621976852417,0.7441859841346741,0.031132496893405914,0.023256000131368637
812,0.6018975377082825,0.5642629861831665,0.03467690572142601,0.06583099812269211
813,0.5085939764976501,0.5322579741477966,0.04311716929078102,0.01612900011241436
814,0.39751750230789185,0.3428570032119751,0.04708174616098404,0.05714299902319908
815,0.5066859722137451,0.36000001430511475,0.043617092072963715,0.03999999910593033
816,0.6597732305526733,0.7115380167961121,0.031132496893405914,0.05769199877977371
817,0.3387155532836914,0.4000000059604645,6.999913603067398e-05,0.10000000149011612
818,0.45177263021469116,0.4055730104446411,0.04555484652519226,0.06501500308513641
819,0.4727061092853546,0.47368401288986206,0.0433834046125412,0.05263200029730797
820,0.448324590921402,0.42500001192092896,0.04357239976525307,0.0
821,0.42745646834373474,0.5714290142059326,0.04658421501517296,0.010204000398516655
822,0.5190302133560181,0.5333330035209656,0.03872818127274513,0.06666699796915054
823,0.5143833756446838,0.675000011920929,0.04070886969566345,0.07500000298023224
824,0.4902273416519165,0.589743971824646,0.04302842915058136,0.025640999898314476
825,0.38599300384521484,0.17647099494934082,0.040336351841688156,0.0
826,0.2674844264984131,0.33333298563957214,-1.1567957699298859e-05,0.0
827,0.4757135212421417,0.44615399837493896,0.045532070100307465,0.06153799965977669
828,0.38986971974372864,0.4000000059604645,0.0506393164396286,0.03333299979567528
829,0.3666691184043884,0.75,2.4716369807720184e-05,0.25
830,0.4973055124282837,0.45833298563957214,0.048513706773519516,0.0
831,0.3822956681251526,0.0,2.4731270968914032e-05,0.0
832,0.4448945224285126,0.5,0.041150566190481186,0.0
833,0.5095861554145813,0.5789470076560974,0.04087916389107704,0.0
834,0.38708746433258057,0.5384619832038879,0.05207104980945587,0.03846200183033943
835,0.45174524188041687,0.30000001192092896,6.153155118227005e-05,0.0
836,0.596002459526062,0.6270359754562378,0.03653667867183685,0.03420199826359749
837,0.3934969902038574,0.625,5.003437399864197e-05,0.0
838,0.3527281582355499,0.23684200644493103,0.05153878778219223,0.07894700020551682
839,0.4278223514556885,0.39393898844718933,0.045452363789081573,0.07575800269842148
840,0.35548079013824463,0.33333298563957214,2.1171756088733673e-05,0.0
841,0.38259953260421753,0.4285709857940674,9.455718100070953e-06,0.0
842,0.5657852292060852,0.5625,0.040373604744672775,0.07291699945926666
843,0.563386082649231,0.7222219705581665,0.03711174055933952,0.022221999242901802
844,0.6529591083526611,0.8214290142059326,0.031132496893405914,0.03571400046348572
845,0.5192647576332092,0.5172410011291504,0.039182331413030624,0.0
846,0.21005049347877502,0.14285700023174286,5.5981799960136414e-05,0.0
847,0.4818246066570282,0.453125,0.04497412592172623,0.078125
848,0.4205705523490906,0.33333298563957214,-1.6120262444019318e-05,0.0
849,0.4802733361721039,0.4864859879016876,0.04335012286901474,0.02702699974179268
850,0.5801846981048584,0.5989109873771667,0.0372999906539917,0.023592999204993248
851,0.32982373237609863,0.2857140004634857,5.020759999752045e-06,0.14285700023174286
852,0.3993474245071411,0.375,0.041379399597644806,0.0
853,0.46740972995758057,0.42500001192092896,0.04106010124087334,0.0
854,0.30143409967422485,0.33333298563957214,8.182600140571594e-06,0.33333298563957214
855,0.31722843647003174,0.4000000059604645,0.05041825398802757,0.17142899334430695
856,0.358093798160553,0.2602739930152893,0.05021721124649048,0.041095998138189316
857,0.44661417603492737,0.5483869910240173,0.04597850143909454,0.02419400028884411
858,0.5460026860237122,0.5588240027427673,0.04157097637653351,0.025210000574588776
859,0.30045032501220703,0.25,-1.291465014219284e-05,0.0
860,0.46860271692276,0.49122801423072815,0.04224151000380516,0.03508799895644188
861,0.5796099901199341,0.6060609817504883,0.031132496893405914,0.030302999541163445
862,0.20695960521697998,0.0,3.884546458721161e-06,0.25
863,0.5245937705039978,0.632652997970581,0.03732411935925484,0.06122399866580963
864,0.6448870301246643,0.6206899881362915,0.031132496893405914,0.05172400176525116
865,0.4862315058708191,0.5833330154418945,0.04253952205181122,0.05000000074505806
866,0.5240616798400879,0.5,0.035966694355010986,0.10000000149011612
867,0.6613163948059082,0.6852459907531738,0.031132496893405914,0.03278699889779091
868,0.31286779046058655,0.4444440007209778,0.05304693430662155,0.0
869,0.5035691261291504,0.44999998807907104,0.04565401375293732,0.0
870,0.5754163265228271,0.6499999761581421,0.03349560499191284,0.02500000037252903
871,0.5140538811683655,0.5384619832038879,0.05012041702866554,0.0
872,0.5011056065559387,0.3554219901561737,0.04330574721097946,0.10241000354290009
873,0.5275821685791016,0.3684209883213043,0.03666677325963974,0.05263200029730797
874,0.34070080518722534,0.5,0.04710337147116661,0.0
875,0.580007016658783,0.5287359952926636,0.0361497737467289,0.05747099965810776
876,0.613102376461029,0.6666669845581055,-4.282686859369278e-05,0.0
877,0.46008604764938354,0.31818199157714844,0.040921736508607864,0.045455001294612885
878,0.4632090926170349,0.33333298563957214,0.037797149270772934,0.09523800015449524
879,0.5474952459335327,0.6692309975624084,0.03956057131290436,0.01538500003516674
880,0.4624236226081848,0.5882350206375122,0.04028313606977463,0.0
881,0.4956488013267517,0.6564890146255493,0.043784692883491516,0.03053399920463562
882,0.24662438035011292,0.33333298563957214,4.6261586248874664e-05,0.16666699945926666
883,0.4337329566478729,0.5,4.236679524183273e-05,0.125
884,0.5450996160507202,0.4000000059604645,0.03524835407733917,0.20000000298023224
885,0.6056950688362122,0.9166669845581055,0.00031370949000120163,0.08333300054073334
886,0.5171844959259033,0.43243199586868286,0.03946750611066818,0.020269999280571938
887,0.5445767045021057,0.4846149981021881,0.040448106825351715,0.0435900017619133
888,0.5566394925117493,0.8235290050506592,0.03137052804231644,0.0
889,0.39310601353645325,0.16666699945926666,0.04917512834072113,0.05555599927902222
890,0.5342732667922974,0.7092509865760803,0.04172530770301819,0.04405299946665764
891,0.3702148199081421,0.16666670143604279,2.621673047542572e-06,0.0
892,0.49012744426727295,0.5,0.02962089329957962,0.0
893,0.48842692375183105,0.640625,0.04414290189743042,0.039062000811100006
894,0.6172293424606323,0.75,-1.304037868976593e-05,0.0
895,0.5247086882591248,0.6666669845581055,0.04049600288271904,0.05747099965810776
896,0.3854595422744751,0.33333298563957214,0.04302709549665451,0.0
897,0.5692861080169678,0.5158730149269104,0.039642006158828735,0.051587000489234924
898,0.5259954333305359,0.5353540182113647,0.0389578640460968,0.07070700079202652
899,0.4640600085258484,0.4538460075855255,0.04515631124377251,0.030768999829888344
900,0.6157970428466797,0.5705329775810242,0.036588989198207855,0.059560999274253845
901,0.40334582328796387,0.6304349899291992,0.05056717246770859,0.0
902,0.44147148728370667,0.5263159871101379,0.037932299077510834,0.05263200029730797
903,0.6260446310043335,0.5217390060424805,0.031132496893405914,0.04347800090909004
904,0.48345181345939636,0.2750000059604645,0.04224151000380516,0.0
905,0.42531681060791016,0.40816301107406616,0.04635707288980484,0.08163300156593323
906,0.5477333664894104,0.6079403758049011,0.0391092449426651,0.047146398574113846
907,0.38417142629623413,0.23076899349689484,0.020490940660238266,0.07692299783229828
908,0.42742210626602173,0.36363598704338074,0.0015035634860396385,0.27272701263427734
909,0.43465185165405273,0.5,5.3200870752334595e-05,0.125
910,0.5538312792778015,0.6848480105400085,0.04075676202774048,0.012121000327169895
911,0.3516538441181183,0.5,0.05467294901609421,0.04166699945926666
912,0.2683294713497162,0.75,-3.7525780498981476e-05,0.0
913,0.5836418271064758,0.47752800583839417,0.03678014129400253,0.0674159973859787
914,0.40391796827316284,0.3499999940395355,0.04259273782372475,0.10000000149011612
915,0.30388742685317993,0.14285700023174286,0.04925911873579025,0.0
916,0.49350520968437195,0.33333298563957214,-4.502478986978531e-05,0.11111100018024445
917,0.4861687421798706,0.5094339847564697,0.044086359441280365,0.0471699982881546
918,0.5333020091056824,0.6315789818763733,0.03686556965112686,0.0
919,0.452983558177948,0.25,9.384937584400177e-06,0.0
920,0.38569581508636475,0.4000000059604645,0.0001705419272184372,0.10000000149011612
921,0.5920076966285706,0.6518219709396362,0.038414984941482544,0.03238900005817413
922,0.2631003260612488,0.6666669845581055,-1.5072524547576904e-05,0.0
923,0.416754812002182,0.5,0.045440979301929474,0.05555599927902222
924,0.5367571115493774,0.4237290024757385,0.03989212587475777,0.05084700137376785
925,0.43795475363731384,0.33333298563957214,0.04373999685049057,0.02777799963951111
926,0.5671576261520386,0.5637580156326294,0.038646675646305084,0.05369099974632263
927,0.39089375734329224,0.4444440007209778,3.1993724405765533e-05,0.11111100018024445
928,0.5161364078521729,0.5,0.035877496004104614,0.0
929,0.321960985660553,0.5384619832038879,0.0009707063436508179,0.0
930,0.4718852639198303,0.6712329983711243,0.04476916790008545,0.027396999299526215
931,0.41225099563598633,0.5,1.8151476979255676e-06,0.0
932,0.2844795286655426,0.23076899349689484,0.02846600115299225,0.0
933,0.5834954977035522,0.5833333134651184,0.03833292797207832,0.04901960864663124
934,0.5964125394821167,0.5185189843177795,0.03594093769788742,0.07407400012016296
935,0.43937987089157104,0.5294119715690613,0.04634625464677811,0.11764699965715408
936,0.42931100726127625,0.3846150040626526,0.040178537368774414,0.0
937,0.516703724861145,0.47826099395751953,0.036957282572984695,0.17391300201416016
938,0.39881378412246704,0.46913599967956543,0.048902157694101334,0.12345699965953827
939,0.6061795949935913,0.6513158082962036,0.0363742858171463,0.07675439119338989
940,0.4834786355495453,0.5,0.040187347680330276,0.0
941,0.43584001064300537,0.6666669845581055,-1.5609897673130035e-05,0.0
942,0.41726216673851013,0.6363639831542969,0.043538883328437805,0.09090899676084518
943,0.32648855447769165,0.4285709857940674,4.482455551624298e-06,0.0
944,0.5209683775901794,0.5652170181274414,0.03528595343232155,0.08695700019598007
945,0.43588292598724365,0.4285709857940674,0.04104945808649063,0.028571000322699547
946,0.5388816595077515,0.6000000238418579,0.03700554743409157,0.10000000149011612
947,0.6594825983047485,0.5925930142402649,0.031132496893405914,0.0
948,0.5616063475608826,0.6041669845581055,0.035350628197193146,0.08333300054073334
949,0.5810331106185913,0.5230770111083984,0.038414984941482544,0.023076999932527542
950,0.4175792932510376,0.23333300650119781,0.04448449984192848,0.06666699796915054
951,0.619900643825531,0.6805559992790222,0.03343091905117035,0.02777799963951111
952,0.43836966156959534,0.5,0.038381196558475494,0.0
953,0.4556255340576172,0.2857140004634857,9.611248970031738e-07,0.0
954,0.5080633759498596,0.16279099881649017,0.04256080836057663,0.046512000262737274
955,0.2748197317123413,0.2380950003862381,0.05542730540037155,0.14285700023174286
956,0.3932667076587677,0.3793100118637085,0.04570809751749039,0.0
957,0.5730822086334229,0.6148409843444824,0.03915100917220116,0.042403001338243484
958,0.5594033002853394,0.69930100440979,0.03948495537042618,0.03496500104665756
959,0.38867706060409546,0.25,0.045599937438964844,0.0
960,0.5468654632568359,0.6153849959373474,0.039531487971544266,0.11538500338792801
961,0.36576178669929504,0.6315789818763733,0.0436282679438591,0.05263200029730797
962,0.6147191524505615,0.5789470076560974,0.031132496893405914,0.026316000148653984
963,0.45961952209472656,0.1304350048303604,0.046908698976039886,0.06521700322628021
964,0.14778092503547668,0.14285700023174286,-5.219131708145142e-06,0.0
965,0.5538375973701477,0.47368401288986206,0.04082062467932701,0.05263200029730797
966,0.5373559594154358,0.3941609859466553,0.041092030704021454,0.05839399993419647
967,0.5286515355110168,0.20000000298023224,-1.1473894119262695e-05,0.0
968,0.49155497550964355,0.11111100018024445,7.482245564460754e-06,0.0
969,0.40158742666244507,0.21428599953651428,0.018771257251501083,0.07142899930477142
970,0.4590471088886261,0.359375,0.044894419610500336,0.0625
971,0.6260747909545898,0.6823530197143555,0.031226415187120438,0.035294000059366226
972,0.523415207862854,0.33333298563957214,0.03845842555165291,0.0
973,0.5388233065605164,0.5913040041923523,0.03846808522939682,0.01739099994301796
974,0.31813642382621765,0.10000000149011612,0.027531135827302933,0.0
975,0.4243996739387512,0.4399999976158142,0.04326137900352478,0.0
976,0.32172560691833496,0.3846150040626526,0.05151340365409851,0.0
977,0.4686465859413147,1.0,-0.00010393280535936356,0.0
978,0.5772653222084045,0.5621117949485779,0.0385887548327446,0.009316770359873772
979,0.4971688389778137,0.6000000238418579,2.0330771803855896e-06,0.0
980,0.45051127672195435,0.40476199984550476,0.04566483199596405,0.04761900007724762
981,0.5722647905349731,0.5249999761581421,0.03556119650602341,0.05000000074505806
982,0.3109448254108429,0.16666699945926666,4.156492650508881e-06,0.16666699945926666
983,0.23265236616134644,0.125,1.2249685823917389e-05,0.0
984,0.409735769033432,0.25,0.043784692883491516,0.0625
985,0.3930867314338684,0.125,2.9525719583034515e-05,0.0
986,0.5794847011566162,0.5098040103912354,0.03588150069117546,0.0
987,0.5511663556098938,0.6397519707679749,0.039822325110435486,0.03726699948310852
988,0.4855245351791382,0.5333330035209656,0.04850320890545845,0.20000000298023224
989,0.39063721895217896,0.4848479926586151,0.05177360028028488,0.030302999541163445
990,0.511017382144928,0.47826099395751953,0.038361888378858566,0.04347800090909004
991,0.278910368680954,0.4102559983730316,0.05429957062005997,0.07692299783229828
992,0.38897082209587097,0.5333330035209656,0.04821974039077759,0.06666699796915054
993,0.5844469666481018,0.6585366129875183,0.038197778165340424,0.06707316637039185
994,0.6627979278564453,0.6875,0.020912744104862213,0.125
995,0.41911423206329346,0.23529399931430817,0.041890278458595276,0.058823999017477036
996,0.35963374376296997,0.22368399798870087,0.04987623170018196,0.07894700020551682
997,0.48831406235694885,0.47368401288986206,0.03827500715851784,0.15789499878883362
998,0.5089825391769409,0.7023810148239136,0.043941110372543335,0.023809999227523804
999,0.3481338620185852,0.375,-2.056453377008438e-05,0.0
1000,0.5076800584793091,0.5652170181274414,0.04209250211715698,0.04347800090909004
1001,0.5906274318695068,0.65625,0.031132496893405914,0.0
1002,0.49350506067276,0.6065570116043091,0.04225214943289757,0.03278699889779091
1003,0.5285106301307678,0.4634149968624115,0.040730156004428864,0.04268300160765648
1004,0.43646711111068726,0.14285700023174286,0.04258209466934204,0.07142899930477142
1005,0.5755228996276855,0.4000000059604645,3.417953848838806e-07,0.0
1006,0.52789306640625,0.6666669845581055,-5.275942385196686e-06,0.0
1007,0.5585511326789856,0.5901640057563782,0.03939189016819,0.02185799926519394
1008,0.5063839554786682,0.3684209883213043,0.04331684112548828,0.09774400293827057
1009,0.28255534172058105,0.14285700023174286,0.043481286615133286,0.0
1010,0.27117687463760376,0.21428599953651428,0.05464347451925278,0.0
1011,0.5379971861839294,0.6000000238418579,0.04258646070957184,0.0
1012,0.478546142578125,0.5617979764938354,0.04164016246795654,0.0674159973859787
1013,0.4279862344264984,0.5384619832038879,0.04802026227116585,0.025640999898314476
1014,0.35522595047950745,0.4000000059604645,-4.221685230731964e-05,0.0
1015,0.43485257029533386,0.6666669845581055,0.03749692067503929,0.06666699796915054
1016,0.3247484862804413,0.33333298563957214,2.884306013584137e-06,0.0
1017,0.33053725957870483,0.25,1.9529834389686584e-06,0.125
1018,0.5680607557296753,0.5,0.03380865603685379,0.029411999508738518
1019,0.5853212475776672,0.5652170181274414,0.031132496893405914,0.04347800090909004
1020,0.3898358643054962,0.7142860293388367,6.050802767276764e-06,0.0
1021,0.4437771737575531,0.6086959838867188,0.042741745710372925,0.0
1022,0.5032258629798889,0.6444439888000488,0.04051196947693825,0.022221999242901802
1023,0.3993503451347351,0.3043479919433594,0.04969147965312004,0.04347800090909004
1024,0.24340790510177612,0.0,-2.3449771106243134e-05,0.0
1025,0.5118603110313416,0.4880949854850769,0.041230395436286926,0.04761900007724762
1026,0.5648049116134644,0.25,0.040203310549259186,0.08695700019598007
1027,0.6341496706008911,0.6213589906692505,0.031221400946378708,0.0582519993185997
1028,0.42234480381011963,0.3815790116786957,0.04668156057596207,0.09210500121116638
1029,0.41552796959877014,0.25,-2.1280720829963684e-05,0.125
1030,0.41515395045280457,0.35294100642204285,0.04805176332592964,0.11764699965715408
1031,0.5728946924209595,0.5466279983520508,0.03880126029253006,0.015782000496983528
1032,0.5720405578613281,0.40625,0.03688004985451698,0.0
1033,0.36932018399238586,0.33333298563957214,0.0050136977806687355,0.0
1034,0.5885617136955261,0.4000000059604645,0.03606700897216797,0.06153799965977669
1035,0.531630277633667,0.44525501132011414,0.0423160120844841,0.05109500139951706
1036,0.3619731068611145,0.0,4.00003045797348e-06,0.0
1037,0.27297720313072205,0.23529399931430817,0.05202297866344452,0.0
1038,0.5646292567253113,0.625,0.03995029628276825,0.02777799963951111
1039,0.5060069561004639,0.5483869910240173,0.03668346256017685,0.0
1040,0.6022741198539734,0.5418059825897217,0.0354544073343277,0.03009999915957451
1041,0.5079759955406189,0.35714301466941833,0.029833972454071045,0.07142899930477142
1042,0.4768980145454407,0.4444440007209778,7.483828812837601e-05,0.0
1043,0.5606878995895386,0.3820750117301941,0.04062372446060181,0.03773599863052368
1044,0.3472219705581665,0.4375,0.050869859755039215,0.0
1045,0.5371416211128235,0.6086959838867188,0.04385172575712204,0.1304350048303604
1046,0.5696901082992554,0.5555559992790222,9.628944098949432e-06,0.11111100018024445
1047,0.5529990196228027,0.40625,0.037295158952474594,0.0625
1048,0.27938058972358704,0.2222220003604889,-2.63238325715065e-05,0.0
1049,0.41913121938705444,0.5294119715690613,0.05149436742067337,0.0
1050,0.49568378925323486,0.36363598704338074,0.04101220518350601,0.09090899676084518
1051,0.5027185678482056,0.6000000238418579,4.286877810955048e-06,0.0
1052,0.013900697231292725,0.0,9.668059647083282e-06,0.0
1053,0.5695828199386597,0.6875,0.034985750913619995,0.0
1054,0.41070589423179626,0.2711859941482544,0.04924862086772919,0.08474600315093994
1055,0.44760453701019287,0.4444440007209778,-1.3199634850025177e-05,0.0
1056,0.5667446255683899,0.6235290169715881,0.036426033824682236,0.04705899953842163
1057,0.48543739318847656,0.125,3.1739473342895508e-06,0.125
1058,0.5906291007995605,0.5714290142059326,0.007855494506657124,0.07142899930477142
1059,0.5459901094436646,0.515625,0.037546154111623764,0.015625
1060,0.4957655072212219,0.4787229895591736,0.041374076157808304,0.02127699926495552
1061,0.4727267622947693,0.2857140004634857,0.044370636343955994,0.03571400046348572
1062,0.6160655617713928,0.5909090042114258,0.031132496893405914,0.045455001294612885
1063,0.5909274220466614,0.5907170176506042,0.0381784662604332,0.021097000688314438
1064,0.3037724792957306,0.5,-1.8448568880558014e-05,0.0
1065,0.3655330538749695,0.5,-5.993060767650604e-06,0.0
1066,0.3075934052467346,0.2222220003604889,-1.018960028886795e-05,0.0
1067,0.3089514672756195,0.20000000298023224,1.6745179891586304e-05,0.0
1068,0.6008562445640564,0.4399999976158142,0.0363461971282959,0.03999999910593033
1069,0.5783114433288574,0.6086959838867188,0.031132496893405914,0.0
1070,0.4803692102432251,0.44680899381637573,0.03860323131084442,0.02127699926495552
1071,0.5610032081604004,0.6556599736213684,0.03999101370573044,0.02830200083553791
1072,0.4225076138973236,0.34920600056648254,0.042209576815366745,0.0
1073,0.4820409417152405,0.17857100069522858,0.03819295018911362,0.10714299976825714
1074,0.43690580129623413,0.25,8.0084428191185e-06,0.0
1075,0.5612847208976746,0.5945950150489807,0.035337090492248535,0.0
1076,0.63112473487854,0.2857140004634857,-4.397425800561905e-05,0.21428599953651428
1077,0.5818641185760498,0.528846025466919,0.03739652410149574,0.05769199877977371
1078,0.48744067549705505,0.75,8.223578333854675e-07,0.0
1079,0.534122884273529,0.6969699859619141,0.043784692883491516,0.040403999388217926
1080,0.5343486070632935,0.4000000059604645,0.037058643996715546,0.03333299979567528
1081,0.5544131398200989,0.47798699140548706,0.03821708261966705,0.059748001396656036
1082,0.6333210468292236,0.6756759881973267,0.03204908221960068,0.0
1083,0.45320531725883484,0.4090909957885742,0.04409753531217575,0.03409099951386452
1084,0.44646549224853516,0.4666669964790344,0.0006833886727690697,0.0
1085,0.5560024976730347,0.5909090042114258,0.037995051592588425,0.0
1086,0.513131320476532,0.4000000059604645,3.44347208738327e-05,0.0
1087,0.5566695928573608,0.49462398886680603,0.04002591222524643,0.017921000719070435
1088,0.33094877004623413,0.375,-1.828838139772415e-05,0.125
1089,0.4433627724647522,0.33333298563957214,1.0120682418346405e-05,0.0
1090,0.2398928999900818,0.0,1.163780689239502e-05,0.0
1091,0.34162449836730957,0.5,1.224316656589508e-05,0.0
1092,0.5610136389732361,0.6745280027389526,0.038144681602716446,0.05660400167107582
1093,0.34755218029022217,0.20000000298023224,4.927162081003189e-05,0.0
1094,0.6087548732757568,0.5247520208358765,0.037661999464035034,0.009901000186800957
1095,0.3013715445995331,0.20000000298023224,2.4860724806785583e-05,0.0
1096,0.5331912040710449,0.433447003364563,0.0423160120844841,0.08873700350522995
1097,0.551396369934082,0.35238099098205566,0.04057582840323448,0.028571000322699547
1098,0.5594916939735413,0.6615380048751831,0.03873339667916298,0.06153799965977669
1099,0.5352777242660522,0.5447760224342346,0.04106010124087334,0.04477600008249283
1100,0.4692091941833496,0.5079370141029358,0.045956868678331375,0.03174600005149841
1101,0.5021559000015259,0.5227270126342773,0.04609747976064682,0.045455001294612885
1102,0.5649376511573792,0.5757579803466797,0.03585080802440643,0.030302999541163445
1103,0.5302340984344482,0.9333329796791077,0.0004978599026799202,0.0
1104,0.5179511904716492,0.2869569957256317,0.039496589452028275,0.11304300278425217
1105,0.44582441449165344,0.4242419898509979,0.03952567279338837,0.030302999541163445
1106,0.46031251549720764,0.47368401288986206,0.04369530826807022,0.08421099931001663
1107,0.49610036611557007,0.25,-1.0433606803417206e-05,0.125
1108,0.31157588958740234,0.10344800353050232,0.05231931060552597,0.03448300063610077
1109,0.5367018580436707,0.30000001192092896,0.03440186381340027,0.1333329975605011
1110,0.42129120230674744,0.5,5.056150257587433e-06,0.0
1111,0.383704274892807,0.1860470026731491,0.050772055983543396,0.09302300214767456
1112,0.39295676350593567,0.29824599623680115,0.049770988523960114,0.05263200029730797
1113,0.3156288266181946,0.4285709857940674,0.0007158080115914345,0.2857140004634857
1114,0.35030093789100647,0.0,-4.241708666086197e-05,0.14285700023174286
1115,0.40627431869506836,0.5522390007972717,0.046086665242910385,0.05970099940896034
1116,0.48725467920303345,0.3846150040626526,0.02323201298713684,0.0
1117,0.6085135340690613,0.7058820128440857,0.031132496893405914,0.058823999017477036
1118,0.5387175679206848,0.4657529890537262,0.04110267385840416,0.041095998138189316
1119,0.4534810483455658,0.5254240036010742,0.0481252521276474,0.0169489998370409
1120,0.5641550421714783,0.6509010195732117,0.039250195026397705,0.06756799668073654
1121,0.3305513858795166,0.75,3.548711538314819e-05,0.0
1122,0.5231825113296509,0.5402299761772156,0.04133150354027748,0.03448300063610077
1123,0.43959206342697144,0.5434780120849609,0.04389641806483269,0.08695700019598007
1124,0.5541738271713257,0.6551719903945923,0.03910402953624725,0.01724099926650524
1125,0.6256816983222961,0.5263159871101379,0.031132496893405914,0.05263200029730797
1126,0.5107037425041199,0.2884620130062103,0.038511522114276886,0.05769199877977371
1127,0.5007888078689575,0.5555559992790222,0.035679787397384644,0.0
1128,0.5405853390693665,0.3584910035133362,0.03763303905725479,0.0
1129,0.4915502667427063,0.5196849703788757,0.04385172575712204,0.04724400117993355
1130,0.6126902103424072,0.46808499097824097,0.03311631828546524,0.0
1131,0.49519699811935425,0.5662649869918823,0.040506646037101746,0.012047999538481236
1132,0.4425525963306427,0.4090909957885742,0.045440979301929474,0.045455001294612885
1133,0.4972646236419678,0.5238100290298462,0.03728067874908447,0.04761900007724762
1134,0.403502494096756,0.3214290142059326,0.04691951721906662,0.0
1135,0.4295033812522888,0.4545449912548065,0.004265828989446163,0.18181799352169037
1136,0.2564682364463806,0.2941179871559143,0.04886016249656677,0.058823999017477036
1137,0.36399829387664795,0.5714290142059326,0.04355005547404289,0.0
1138,0.3530937433242798,0.20833300054073334,0.0533926784992218,0.0
1139,0.332267165184021,0.33333298563957214,1.5529803931713104e-05,0.0
1140,0.3556622266769409,0.4000000059604645,1.5879981219768524e-05,0.0
1141,0.5784351825714111,0.6630039811134338,0.037811629474163055,0.025640999898314476
1142,0.5274803638458252,0.45945900678634644,0.03820743411779404,0.0
1143,0.463367760181427,0.6029409766197205,0.04694114625453949,0.07352899760007858
1144,0.42886316776275635,0.20000000298023224,0.022150903940200806,0.1333329975605011
1145,0.5498583316802979,0.43333300948143005,0.03559127822518349,0.06666699796915054
1146,0.48408830165863037,0.5087720155715942,0.042741745710372925,0.08771900087594986
1147,0.6029486656188965,0.7692310214042664,0.03620554134249687,0.025640999898314476
1148,0.2749776542186737,0.17857100069522858,0.05334107577800751,0.03571400046348572
1149,0.48528772592544556,0.43548399209976196,0.04329465329647064,0.04838699847459793
1150,0.5592596530914307,0.6000000238418579,1.5655532479286194e-06,0.0
1151,0.59565269947052,0.5479450225830078,0.038096413016319275,0.04452100023627281
1152,0.4035445749759674,0.13888899981975555,0.04723285883665085,0.05555599927902222
1153,0.4968966841697693,0.4545449912548065,0.0003297673538327217,0.09090899676084518
1154,0.4888332486152649,0.4000000059604645,0.0002191578969359398,0.0
1155,0.5262540578842163,0.5286620259284973,0.042379871010780334,0.012738999910652637
1156,0.3694356679916382,0.36000001430511475,0.046573396772146225,0.0
1157,0.49113529920578003,0.20000000298023224,0.0394035205245018,0.07999999821186066
1158,0.45274972915649414,0.4795919954776764,0.04542958736419678,0.010204000398516655
1159,0.23497053980827332,0.6000000238418579,2.630986273288727e-06,0.0
1160,0.36080503463745117,0.2432429939508438,0.04647605121135712,0.16216200590133667
1161,0.4631419777870178,0.42222198843955994,0.0452246330678463,0.03333299979567528
1162,0.46925657987594604,0.5,0.044461727142333984,0.0326090008020401
1163,0.5580054521560669,0.2857140004634857,2.370215952396393e-06,0.0
1164,0.5147113800048828,0.4268290102481842,0.04015009477734566,0.012195000424981117
1165,0.5401668548583984,0.5364959836006165,0.04081530123949051,0.05474499985575676
1166,0.3299492597579956,0.5,4.5678578317165375e-05,0.0
1167,0.4723700284957886,0.2777779996395111,0.03948495537042618,0.05555599927902222
1168,0.46164819598197937,0.1851850003004074,0.04303951933979988,0.07407400012016296
1169,0.553634762763977,0.6666669845581055,0.03563503175973892,0.0
1170,0.5531178116798401,0.7333329916000366,0.007136586122214794,0.0
1171,0.4156687259674072,0.5,0.00010262336581945419,0.0
1172,0.3356454372406006,0.0,7.384177297353745e-05,0.0
1173,0.3611467778682709,0.5,0.052938565611839294,0.05555599927902222
1174,0.4020673930644989,0.5,5.911104381084442e-06,0.0
1175,0.5517694354057312,0.5476189851760864,0.03991539403796196,0.01488099992275238
1176,0.48004400730133057,0.5,0.04048004001379013,0.09375
1177,0.49026674032211304,0.3076919913291931,0.010342682711780071,0.0
1178,0.531773030757904,0.4000000059604645,0.03905704617500305,0.03999999910593033
1179,0.588927686214447,0.5,4.0885061025619507e-07,0.0
1180,0.5433573722839355,0.33333298563957214,4.2018480598926544e-05,0.0
1181,0.5718291997909546,0.6223779916763306,0.03629395365715027,0.00699299992993474
1182,0.6451416611671448,0.7289720177650452,0.031132496893405914,0.018691999837756157
1183,0.5377062559127808,0.5652170181274414,0.03962455689907074,0.03726699948310852
1184,0.5388797521591187,0.5324069857597351,0.041432615369558334,0.08333300054073334
1185,0.5042039155960083,0.6551719903945923,0.038837797939777374,0.10344800353050232
1186,0.36932122707366943,0.4444440007209778,0.05772973597049713,0.0
1187,0.5627675652503967,0.5290520191192627,0.037792325019836426,0.042812999337911606
1188,0.5328075885772705,0.5523809790611267,0.03895264491438866,0.04761900007724762
1189,0.349723219871521,0.31578901410102844,0.051932841539382935,0.10526300221681595
1190,0.4927006661891937,0.375,-7.739290595054626e-06,0.0
1191,0.2678740322589874,0.2790699899196625,0.055077023804187775,0.06976699829101562
1192,0.5585911870002747,0.48148098587989807,0.03605480492115021,0.03703700006008148
1193,0.543799102306366,0.4361700117588043,0.03922409191727638,0.058511000126600266
1194,0.3389628231525421,0.27272701263427734,7.962062954902649e-05,0.0
1195,0.38893455266952515,0.20000000298023224,0.04726284369826317,0.06666699796915054
1196,0.6396014094352722,0.7333329916000366,0.003730268217623234,0.0
1197,0.48154959082603455,0.41666701436042786,0.04164548218250275,0.11111100018024445
1198,0.486794114112854,0.6785709857940674,0.038696855306625366,0.03571400046348572
1199,0.4661673307418823,0.2608700096607208,0.05297469347715378,0.08695700019598007
1200,0.5716234445571899,0.7078649997711182,0.03640829026699066,0.022471999749541283
1201,0.4917190372943878,0.375,5.366560071706772e-05,0.0
1202,0.4876422882080078,0.33333298563957214,0.03967690467834473,0.11111100018024445
1203,0.5265350937843323,0.5249999761581421,0.040469393134117126,0.05000000074505806
1204,0.318035751581192,0.0,2.93022021651268e-05,0.0
1205,0.5944383144378662,0.5,0.03572271019220352,0.07446800172328949
1206,0.5270690321922302,0.6043959856033325,0.04032570868730545,0.03296700119972229
1207,0.5618284940719604,0.7567570209503174,0.03674815222620964,0.02702699974179268
1208,0.477386474609375,0.36434099078178406,0.04443895444273949,0.007751999888569117
1209,0.49525123834609985,0.4615379869937897,0.0005860356613993645,0.15384599566459656
1210,0.4408639669418335,0.6666669845581055,0.04713581129908562,0.09523800015449524
1211,0.2605997622013092,0.2777779996395111,0.04958774149417877,0.16666699945926666
1212,0.3541334867477417,0.19354799389839172,0.046238094568252563,0.06451600044965744
1213,0.5311486721038818,0.6976739764213562,0.04021395742893219,0.034883998334407806
1214,0.41563981771469116,0.3478260040283203,0.04259273782372475,0.0
1215,0.4588909149169922,0.33333298563957214,-1.8384307622909546e-06,0.16666699945926666
1216,0.6092699766159058,0.6493510007858276,0.0354183092713356,0.03896100074052811
1217,0.568673849105835,0.5073530077934265,0.03878037631511688,0.0
1218,0.3939113914966583,0.2873559892177582,0.04807276278734207,0.1149429976940155
1219,0.320043683052063,0.21428599953651428,0.009347268380224705,0.0
1220,0.58101886510849,0.6812499761581421,0.03827018290758133,0.03125
1221,0.27878937125205994,0.3076919913291931,4.656706005334854e-05,0.0
1222,0.3409959077835083,0.125,-1.7160549759864807e-05,0.0
1223,0.24967175722122192,0.0,-2.2592954337596893e-05,0.125
1224,0.5636711716651917,0.642857015132904,0.022543370723724365,0.07142899930477142
1225,0.5184313058853149,0.4090909957885742,0.039927028119564056,0.0227269995957613
1226,0.5689994692802429,0.5652170181274414,0.03607242926955223,0.08695700019598007
1227,0.5399789214134216,0.5,0.03617154061794281,0.1333329975605011
1228,0.5200137495994568,0.6363639831542969,0.04270981252193451,0.011363999918103218
1229,0.3140394389629364,0.0,1.817755401134491e-05,0.0
1230,0.41939979791641235,0.6176469922065735,0.04389641806483269,0.08823499828577042
1231,0.5156904458999634,0.5555555820465088,0.04296187311410904,0.0714285671710968
1232,0.5602495670318604,0.4285714030265808,7.701758295297623e-05,0.0
1233,0.562089204788208,0.5909090042114258,0.03484730422496796,0.045455001294612885
1234,0.5732788443565369,0.5217390060424805,0.03773440048098564,0.06521700322628021
1235,0.4346100091934204,0.25,0.03970017656683922,0.0625
1236,0.49344056844711304,0.5606060028076172,0.041586942970752716,0.06060599908232689
1237,0.5345189571380615,0.29166701436042786,0.041187819093465805,0.020833000540733337
1238,0.5840778350830078,0.6544939875602722,0.03828948736190796,0.08567400276660919
1239,0.6148641109466553,0.6243780255317688,0.03713586926460266,0.05970099940896034
1240,0.27261096239089966,0.18181799352169037,0.0001512942835688591,0.0
1241,0.4419928193092346,0.44791701436042786,0.044177062809467316,0.010417000390589237
1242,0.32045429944992065,0.5714290142059326,0.055423520505428314,0.028571000322699547
1243,0.4847239851951599,0.5794389843940735,0.04333902895450592,0.037383001297712326
1244,0.524939239025116,0.5454549789428711,3.971066325902939e-05,0.0
1245,0.6295468807220459,0.36363598704338074,1.3266690075397491e-05,0.09090899676084518
1246,0.43338915705680847,0.5641030073165894,0.0443023145198822,0.0
1247,0.5504493117332458,0.48672598600387573,0.039996832609176636,0.06194699928164482
1248,0.4843454957008362,0.47058799862861633,0.04350542277097702,0.058823999017477036
1249,0.3080004155635834,0.4444440007209778,0.05200494825839996,0.0
1250,0.5490115880966187,0.6836159825325012,0.039863042533397675,0.06779699772596359
1251,0.3369838297367096,0.33333298563957214,-5.592126399278641e-05,0.33333298563957214
1252,0.3715050518512726,0.13636399805545807,0.052907608449459076,0.0
1253,0.6185780167579651,0.5555559992790222,0.031132496893405914,0.0
1254,0.31624898314476013,0.29787200689315796,0.050834931433200836,0.0
1255,0.4574573040008545,0.43243199586868286,0.04465530067682266,0.1351349949836731
1256,0.547289252281189,0.7411760091781616,0.03882214054465294,0.01176500041037798
1257,0.5517860651016235,0.5882350206375122,0.03137435391545296,0.08823499828577042
1258,0.5495914816856384,0.6923080086708069,0.00017463602125644684,0.0
1259,0.5453435778617859,0.574999988079071,0.0387594997882843,0.054999999701976776
1260,0.5533896088600159,0.5544549822807312,0.0361960232257843,0.05940600112080574
1261,0.5717762112617493,0.5614039897918701,0.037145525217056274,0.05263200029730797
1262,0.5078604817390442,0.5465840101242065,0.03951403871178627,0.06832300126552582
1263,0.4499402344226837,0.634145975112915,0.04598931968212128,0.04878000169992447
1264,0.34802335500717163,0.17391300201416016,0.048419222235679626,0.04347800090909004
1265,0.5436094999313354,0.4285709857940674,1.3224780559539795e-06,0.14285700023174286
1266,0.508700430393219,0.23076899349689484,4.8440881073474884e-05,0.07692299783229828
1267,0.5224859714508057,0.5369129776954651,0.041868992149829865,0.03355700150132179
1268,0.29724565148353577,0.3448280096054077,0.049343109130859375,0.0
1269,0.45579320192337036,0.2666670083999634,0.04696277901530266,0.06666699796915054
1270,0.28888043761253357,0.21621599793434143,0.052267707884311676,0.10810799896717072
1271,0.35999685525894165,0.31818199157714844,0.048471711575984955,0.045455001294612885
1272,0.03219739347696304,0.33333298563957214,1.0887160897254944e-05,0.0
1273,0.29528653621673584,0.33333298563957214,7.168855518102646e-05,0.0
1274,0.46866345405578613,0.2857140004634857,0.03755097836256027,0.0
1275,0.13610121607780457,0.15384599566459656,1.9509345293045044e-05,0.07692299783229828
1276,0.48971548676490784,0.5625,0.044008150696754456,0.125
1277,0.41401177644729614,0.375,0.0010405583307147026,0.25
1278,0.3392983675003052,0.33333298563957214,1.2005679309368134e-05,0.16666699945926666
1279,0.523165225982666,0.550000011920929,0.03601549565792084,0.15000000596046448
1280,0.26424089074134827,0.3846150040626526,0.0005254792049527168,0.07692299783229828
1281,0.34293168783187866,0.6666669845581055,-5.667097866535187e-06,0.0
1282,0.5012853741645813,0.6091949939727783,0.04597850143909454,0.011494000442326069
1283,0.5270645022392273,0.41666701436042786,0.0021629324182868004,0.16666699945926666
1284,0.6144636273384094,0.645455002784729,0.03547696769237518,0.018182000145316124
1285,0.5936809778213501,0.699386477470398,0.038130201399326324,0.06543967127799988
1286,0.5465148091316223,0.41463398933410645,0.04148051142692566,0.1036589965224266
1287,0.3748859167098999,0.22580599784851074,0.045599937438964844,0.12903200089931488
1288,0.5786559581756592,0.6976739764213562,0.035203561186790466,0.011628000065684319
1289,0.4761103689670563,0.5438600182533264,0.04462113976478577,0.00877199973911047
1290,0.4846304655075073,0.5172410011291504,0.043941110372543335,0.03448300063610077
1291,0.45491233468055725,0.5882350206375122,0.0415603369474411,0.058823999017477036
1292,0.37943029403686523,0.4615379869937897,0.020534925162792206,0.0
1293,0.5964530110359192,0.6413502097129822,0.03748340532183647,0.036568209528923035
1294,0.5315449833869934,0.6800000071525574,0.04222021996974945,0.07999999821186066
1295,0.47104722261428833,0.5915489792823792,0.0433834046125412,0.08450700342655182
1296,0.5372113585472107,0.5197370052337646,0.04280656576156616,0.07894700020551682
1297,0.5082359313964844,0.6666669845581055,0.04102284461259842,0.04761900007724762
1298,0.6489894390106201,0.5625,0.031132496893405914,0.09375
1299,0.5767574310302734,0.550000011920929,0.03569468855857849,0.05000000074505806
1300,0.32455992698669434,0.17647099494934082,0.050306566059589386,0.0
1301,0.5727143287658691,0.6219509840011597,0.03924497216939926,0.024390000849962234
1302,0.46276217699050903,0.634145975112915,0.04112395644187927,0.024390000849962234
1303,0.4805453419685364,0.5,0.0404161773622036,0.03999999910593033
1304,0.4868723750114441,0.6363639831542969,1.183338463306427e-05,0.0
1305,0.5372219085693359,0.7272729873657227,0.03805779665708542,0.030302999541163445
1306,0.3291425406932831,0.5,-1.725088804960251e-05,0.0
1307,0.49389898777008057,0.6666669845581055,0.04301733151078224,0.05208300054073334
1308,0.3595215082168579,0.5555559992790222,2.0216219127178192e-05,0.0
1309,0.3080666959285736,0.41666701436042786,0.04911213368177414,0.08333300054073334
1310,0.43019866943359375,0.4000000059604645,0.04643278568983078,0.05714299902319908
1311,0.427646666765213,0.5294119715690613,0.05144359916448593,0.0
1312,0.6586258411407471,0.5692309737205505,0.031132496893405914,0.0
1313,0.4540444314479828,0.5925930142402649,0.04530433937907219,0.07407400012016296
1314,0.4318176507949829,0.419048011302948,0.04645441472530365,0.04761900007724762
1315,0.5277497172355652,0.6822429895401001,0.038598403334617615,0.009345999918878078
1316,0.6147478222846985,0.7010310292243958,0.03400536626577377,0.05670100077986717
1317,0.5797405242919922,0.7284770011901855,0.036691803485155106,0.02980099990963936
1318,0.47495728731155396,0.35087698698043823,0.04605421423912048,0.029239999130368233
1319,0.302045613527298,0.27272701263427734,0.0016463231295347214,0.0
1320,0.4336487054824829,0.47058799862861633,0.05009808391332626,0.0
1321,0.1541631817817688,0.0,3.654230386018753e-05,0.0
1322,0.4700407385826111,0.4042550027370453,0.04347214847803116,0.06914900243282318
1323,0.43649932742118835,0.5454549789428711,0.00015482772141695023,0.0
1324,0.3671380877494812,0.2058819979429245,0.04462113976478577,0.2058819979429245
1325,0.3681235611438751,0.4375,0.04857669770717621,0.03125
1326,0.4692894518375397,0.5454549789428711,0.04320591688156128,0.054545000195503235
1327,0.5967485904693604,0.4285709857940674,0.031132496893405914,0.07142899930477142
1328,0.3503612279891968,0.20000000298023224,5.766749382019043e-06,0.0
1329,0.4828173518180847,0.3846150040626526,0.05202899128198624,0.15384599566459656
1330,0.4803372025489807,0.4285709857940674,0.04009571671485901,0.14285700023174286
1331,0.49050745368003845,0.24096399545669556,0.04450727254152298,0.07228899747133255
1332,0.37359818816185,0.2857140004634857,5.151145160198212e-06,0.14285700023174286
1333,0.4670224189758301,0.6544119715690613,0.04515631124377251,0.0220589991658926
1334,0.03952271118760109,0.5,5.804933607578278e-06,0.0
1335,0.5487231016159058,0.16666699945926666,8.856877684593201e-07,0.16666699945926666
1336,0.5626782774925232,0.5647841095924377,0.039310455322265625,0.05315614864230156
1337,0.5309721827507019,0.7053940296173096,0.04163484275341034,0.033195000141859055
1338,0.3231000304222107,0.2894740104675293,0.05055972561240196,0.05263200029730797
1339,0.5866063237190247,0.5454549789428711,-1.0151416063308716e-05,0.0
1340,0.33907991647720337,0.3499999940395355,0.04751632735133171,0.0
1341,0.5052302479743958,0.6065570116043091,0.0419328510761261,0.04918000102043152
1342,0.5079461336135864,0.6785709857940674,0.04302842915058136,0.026785999536514282
1343,0.4837842881679535,0.5806450247764587,0.043762341141700745,0.03871000185608864
1344,0.5716273784637451,0.535256028175354,0.03881169855594635,0.05128199979662895
1345,0.4033219814300537,0.6666669845581055,2.382323145866394e-06,0.0
1346,0.18393322825431824,0.14285700023174286,0.00024085212498903275,0.14285700023174286
1347,0.37890246510505676,0.35714301466941833,0.044723622500896454,0.21428599953651428
1348,0.4729830026626587,0.33333298563957214,3.939494490623474e-07,0.0
1349,0.5157682299613953,0.3407079875469208,0.04183705896139145,0.026549000293016434
1350,0.25504934787750244,0.14285700023174286,1.752842217683792e-05,0.2857140004634857
1351,0.20008596777915955,0.0,0.00011411681771278381,0.10000000149011612
1352,0.33244234323501587,0.19607800245285034,0.04894415661692619,0.07843100279569626
1353,0.46843403577804565,0.2800000011920929,0.03914056718349457,0.03999999910593033
1354,0.28459277749061584,0.6000000238418579,-1.573469489812851e-05,0.0
1355,0.4911935329437256,0.3199999928474426,0.04360591992735863,0.013333000242710114
1356,0.31508323550224304,0.4285709857940674,0.053093381226062775,0.0
1357,0.5064269304275513,0.5925930142402649,0.03685591742396355,0.11111100018024445
1358,0.5598141551017761,0.6170210242271423,0.03300978243350983,0.06383000314235687
1359,0.5377342700958252,0.5384619832038879,0.03447950631380081,0.03846200183033943
1360,0.5018618106842041,0.5352110266685486,0.04170934110879898,0.028169000521302223
1361,0.44792473316192627,0.7333329916000366,0.041890278458595276,0.06666699796915054
1362,0.469404399394989,0.5901640057563782,0.04330574721097946,0.0
1363,0.41221898794174194,0.23529399931430817,0.051968902349472046,0.058823999017477036
1364,0.3307313323020935,0.4210529923439026,0.05149436742067337,0.10526300221681595
1365,0.44464707374572754,0.6000000238418579,-1.8953345715999603e-05,0.20000000298023224
1366,0.37915173172950745,0.434783011674881,0.05009063333272934,0.0
1367,0.4891586899757385,0.564516007900238,0.04034699499607086,0.08064500242471695
1368,0.23391419649124146,0.5714290142059326,3.617722541093826e-05,0.0
1369,0.460394024848938,0.5,0.0003384919837117195,0.0
1370,0.47628113627433777,0.4090909957885742,0.045805443078279495,0.045455001294612885
1371,0.5670567154884338,0.6549299955368042,0.03820260614156723,0.0070420000702142715
1372,0.5256143808364868,0.3974359929561615,0.039682723581790924,0.1025639995932579
1373,0.1408543735742569,0.0,7.134024053812027e-05,0.0
1374,0.5415604114532471,0.47727298736572266,0.03763303905725479,0.13636399805545807
1375,0.36686861515045166,0.25,0.04922762140631676,0.06521700322628021
1376,0.4094378352165222,0.5,0.049625467509031296,0.012821000069379807
1377,0.43474438786506653,0.36363598704338074,0.040410853922367096,0.0
1378,0.29829075932502747,0.16666699945926666,0.04787328094244003,0.0
1379,0.44909197092056274,0.5699999928474426,0.04591360688209534,0.05999999865889549
1380,0.5041356682777405,0.6666669845581055,3.9245933294296265e-06,0.0
1381,0.3784312605857849,0.4000000059604645,4.857778549194336e-06,0.0
1382,0.37606778740882874,0.31818199157714844,0.043829381465911865,0.13636399805545807
1383,0.3707618713378906,0.3846150040626526,0.053196586668491364,0.0
1384,0.4840247631072998,0.4927540123462677,0.04440479353070259,0.03623199835419655
1385,0.6349146962165833,0.6470590233802795,0.031132496893405914,0.058823999017477036
1386,0.5282273292541504,0.5555559992790222,0.035718705505132675,0.11111100018024445
1387,0.5296993851661682,0.6178860068321228,0.038550134748220444,0.032519999891519547
1388,0.149631530046463,0.0,0.00013248063623905182,0.10000000149011612
1389,0.27667444944381714,0.30000001192092896,0.00013892073184251785,0.10000000149011612
1390,0.5134501457214355,0.6271190047264099,0.03813502937555313,0.0169489998370409
1391,0.37862691283226013,0.4210529923439026,0.05002224072813988,0.05263200029730797
1392,0.6022495031356812,0.7282609939575195,0.035968050360679626,0.02173900045454502
1393,0.5645509362220764,0.5614889860153198,0.03833292797207832,0.009708999656140804
1394,0.5777350068092346,0.47826099395751953,0.03534160554409027,0.06521700322628021
1395,0.3282698094844818,0.3965519964694977,0.049049146473407745,0.0
1396,0.5846908092498779,0.6474819779396057,0.036729875952005386,0.007193999830633402
1397,0.5263609886169434,0.5692309737205505,0.04083126783370972,0.01538500003516674
1398,0.5599254369735718,0.64615398645401,0.0375702865421772,0.01538500003516674
1399,0.3826601207256317,0.13636399805545807,0.04671400785446167,0.045455001294612885
1400,0.378730833530426,0.33333298563957214,3.398396074771881e-06,0.0
1401,0.5941364765167236,0.5555559992790222,0.03716966137290001,0.03999999910593033
1402,0.5956733226776123,0.6083469986915588,0.036362454295158386,0.03370799869298935
1403,0.29218780994415283,0.0,-2.3359432816505432e-05,0.0
1404,0.5027505159378052,0.6875,0.03524835407733917,0.0
1405,0.5072396993637085,0.5338649749755859,0.04335012286901474,0.019920000806450844
1406,0.3440474569797516,0.36363598704338074,0.021329782903194427,0.0
1407,0.26817867159843445,0.2777779996395111,0.052592821419239044,0.0
1408,0.33110684156417847,0.5384619832038879,0.007412058301270008,0.0
1409,0.49413132667541504,0.6111109852790833,0.04306170344352722,0.013888999819755554
1410,0.5155941247940063,0.625,0.03593551740050316,0.04166699945926666
1411,0.43384963274002075,0.8333330154418945,3.229919821023941e-05,0.0
1412,0.45496654510498047,0.4301080107688904,0.04576217755675316,0.08602199703454971
1413,0.33260980248451233,0.27272701263427734,-4.0084123611450195e-06,0.0
1414,0.5403047204017639,0.5263159871101379,0.0322299599647522,0.0
1415,0.5584598779678345,0.768293023109436,0.03700072318315506,0.0365849994122982
1416,0.5462831854820251,0.6200000047683716,0.037661999464035034,0.0
1417,0.5767660140991211,0.7333329916000366,0.007118445821106434,0.0
1418,0.5632143020629883,0.6218180060386658,0.03847290575504303,0.0072730001993477345
1419,0.4632205069065094,0.4749999940395355,0.04248630255460739,0.02500000037252903
1420,0.45712313055992126,0.6153849959373474,0.00016557145863771439,0.07692299783229828
1421,0.5312469005584717,0.6625000238418579,0.04051196947693825,0.03750000149011612
1422,0.37087827920913696,0.34375,0.04570809751749039,0.09375
1423,0.34559372067451477,0.1599999964237213,0.052794069051742554,0.03999999910593033
1424,0.587139368057251,0.5915489792823792,0.038612887263298035,0.031690001487731934
1425,0.2796984910964966,0.20000000298023224,0.0025037210434675217,0.10000000149011612
1426,0.5243304967880249,0.5217390060424805,0.03915100917220116,0.055900998413562775
1427,0.558505654335022,0.5714290142059326,0.03712139278650284,0.03571400046348572
1428,0.5024385452270508,0.5217390060424805,0.03700554743409157,0.08695700019598007
1429,0.48195207118988037,0.5,0.0443364754319191,0.0
1430,0.5672544836997986,0.5643560290336609,0.03535814583301544,0.019802000373601913
1431,0.23426875472068787,0.2608700096607208,0.05428975075483322,0.04347800090909004
1432,0.5143561363220215,0.22321400046348572,0.042763032019138336,0.08035700023174286
1433,0.5196007490158081,0.6000000238418579,0.0377730168402195,0.03999999910593033
1434,0.4205455780029297,0.4117650091648102,0.03893176093697548,0.0
1435,0.5639826655387878,0.6498050093650818,0.039420969784259796,0.009727999567985535
1436,0.29766494035720825,0.17647099494934082,0.04905964061617851,0.058823999017477036
1437,0.5225275754928589,0.2222220003604889,-2.396572381258011e-05,0.4444440007209778
1438,0.6109969615936279,0.6666669845581055,0.03436870127916336,0.08333300054073334
1439,0.48426565527915955,0.6666669845581055,3.014691174030304e-06,0.0
1440,0.35188034176826477,0.2857140004634857,0.04396345466375351,0.14285700023174286
1441,0.5063706636428833,0.5757579803466797,0.03943260386586189,0.0
1442,0.6213566064834595,1.0,3.5120174288749695e-06,0.0
1443,0.4884231984615326,0.47058799862861633,0.04403049498796463,0.034313999116420746
1444,0.5534913539886475,0.5909090042114258,0.0360276997089386,0.0227269995957613
1445,0.3180410861968994,0.5555559992790222,0.00016927439719438553,0.0
1446,0.3581511378288269,0.25,0.047820791602134705,0.0625
1447,0.5742247104644775,0.5056179761886597,0.037927478551864624,0.05618000030517578
1448,0.6101686358451843,0.5400000214576721,0.031165316700935364,0.05999999865889549
1449,0.4954245686531067,0.3076919913291931,0.04257144778966904,0.06410299986600876
1450,0.5774250030517578,0.4545449912548065,-3.7736259400844574e-05,0.0
1451,0.4369807839393616,0.47058799862861633,0.046032581478357315,0.0
1452,0.4736078381538391,0.34615400433540344,0.04104413464665413,0.11538500338792801
1453,0.37870609760284424,0.5454549789428711,0.05052994191646576,0.045455001294612885
1454,0.5710398554801941,0.5209580063819885,0.03893176093697548,0.01796399988234043
1455,0.5248537659645081,0.43589699268341064,0.04140068590641022,0.03846200183033943
1456,0.5906103253364563,0.6350359916687012,0.038477733731269836,0.0839420035481453
1457,0.5468999743461609,0.4000000059604645,1.6324222087860107e-05,0.0
1458,0.5627991557121277,0.6165410280227661,0.03859357908368111,0.03759400174021721
1459,0.5593987107276917,0.5119050145149231,0.03706829994916916,0.04761900007724762
1460,0.6297832131385803,0.7837839722633362,0.031132496893405914,0.02702699974179268
1461,0.4073486328125,0.41496598720550537,0.04895465448498726,0.05442199856042862
1462,0.3935226798057556,0.30000001192092896,0.0003119455650448799,0.10000000149011612
1463,0.5081143379211426,0.4832899868488312,0.042763032019138336,0.05655499920248985
1464,0.41649606823921204,0.33333298563957214,0.04648686572909355,0.05555599927902222
1465,0.49493658542633057,0.375,0.042667239904403687,0.020833000540733337
1466,0.5596815347671509,0.6666669845581055,4.558730870485306e-05,0.0
1467,0.46806612610816956,0.25,3.416091203689575e-06,0.25
1468,0.3107655346393585,0.27272701263427734,0.022618841379880905,0.09090899676084518
1469,0.46837103366851807,0.3846150040626526,0.0372324138879776,0.03846200183033943
1470,0.31441694498062134,0.4000000059604645,5.728565156459808e-06,0.0
1471,0.5331901907920837,0.3846150040626526,0.013511371798813343,0.07692299783229828
1472,0.4406949281692505,0.574999988079071,0.043617092072963715,0.05000000074505806
1473,0.5363656878471375,0.42605599761009216,0.03943260386586189,0.035211000591516495
1474,0.548103392124176,0.6111109852790833,0.03572804480791092,0.05555599927902222
1475,0.5373906493186951,0.642857015132904,0.03014492243528366,0.07142899930477142
1476,0.5366862416267395,0.47580599784851074,0.038361888378858566,0.02419400028884411
1477,0.38957756757736206,0.5,4.9573369324207306e-05,0.0
1478,0.29889971017837524,0.33333298563957214,0.05432414263486862,0.11111100018024445
1479,0.4372723698616028,0.625,0.046367887407541275,0.08928599953651428
1480,0.42840468883514404,0.619047999382019,0.04503105953335762,0.0
1481,0.5063812732696533,0.4587160050868988,0.041986070573329926,0.08256900310516357
1482,0.5868566632270813,0.6438360214233398,0.03577607870101929,0.041095998138189316
1483,0.5613937973976135,0.662651002407074,0.038837797939777374,0.02409599907696247
1484,0.24427208304405212,0.2666670083999634,0.05487499386072159,0.05000000074505806
1485,0.212713360786438,0.2222220003604889,-5.497783422470093e-05,0.0
1486,0.2585478723049164,0.16666699945926666,1.5517696738243103e-05,0.0
1487,0.4248068630695343,0.3823530077934265,0.04421122372150421,0.029411999508738518
1488,0.39046749472618103,0.45348799228668213,0.048891663551330566,0.06976699829101562
1489,0.6031743884086609,0.5814480185508728,0.03605616092681885,0.03846200183033943
1490,0.5622738003730774,0.33333298563957214,0.00010247714817523956,0.0
1491,0.4680138826370239,0.48837199807167053,0.04287312179803848,0.13953499495983124
1492,0.5404321551322937,0.75,0.0012994958087801933,0.0
1493,0.39054620265960693,0.5,0.042624667286872864,0.05000000074505806
1494,0.3583811819553375,0.375,0.044917188584804535,0.0
1495,0.5608230829238892,0.7098770141601562,0.03887956216931343,0.043209999799728394
1496,0.5256597399711609,0.5789470076560974,0.03706829994916916,0.10526300221681595
1497,0.4180539846420288,0.5531910061836243,0.047915276139974594,0.04255300015211105
1498,0.2728991210460663,0.5,2.5602057576179504e-06,0.0
1499,0.47799479961395264,0.3478260040283203,0.0466923750936985,0.0
1500,0.4037622809410095,0.48148098587989807,0.045902788639068604,0.14814800024032593
1501,0.45579224824905396,0.5,-3.2437965273857117e-06,0.0
1502,0.49930766224861145,0.5,0.04313935339450836,0.01754399947822094
1503,0.5413222908973694,0.3820750117301941,0.0397583432495594,0.07547199726104736
1504,0.4401872158050537,0.20000000298023224,3.6973506212234497e-07,0.0
1505,0.42796790599823,0.3680979907512665,0.04787328094244003,0.07361999899148941
1506,0.5587185025215149,0.5962730050086975,0.03935698792338371,0.018634000793099403
1507,0.32653170824050903,0.33333298563957214,-1.3199634850025177e-05,0.0
1508,0.47546902298927307,0.5,7.60890543460846e-07,0.0
1509,0.47336623072624207,0.3125,0.0385887548327446,0.0
1510,0.5025434494018555,0.41999998688697815,0.04312826693058014,0.009999999776482582
1511,0.5131663084030151,0.5806450247764587,0.04369530826807022,0.059140000492334366
1512,0.34791359305381775,0.5454549789428711,8.442625403404236e-05,0.0
1513,0.2530003786087036,0.1379310041666031,0.050709180533885956,0.0
1514,0.49703332781791687,0.0,9.629875421524048e-07,0.0
1515,0.32560667395591736,0.125,-9.601935744285583e-07,0.0
1516,0.40850555896759033,0.5454549789428711,0.0466923750936985,0.09090899676084518
1517,0.5840078592300415,0.637374997138977,0.03826535493135452,0.01779799908399582
1518,0.44591546058654785,0.75,2.413056790828705e-06,0.0
1519,0.5910251140594482,0.5813949704170227,0.035352133214473724,0.06976699829101562
1520,0.4853040874004364,0.3846150040626526,0.041432615369558334,0.07692299783229828
1521,0.3044416606426239,0.4352940022945404,0.05272183567285538,0.07058800011873245
1522,0.5803407430648804,0.5982400178909302,0.03872818127274513,0.052786000072956085
1523,0.33146965503692627,0.2857140004634857,8.111819624900818e-06,0.0
1524,0.5591909885406494,0.5,0.036675117909908295,0.018518999218940735
1525,0.5583211183547974,0.5388129949569702,0.039316266775131226,0.04566200077533722
1526,0.5348268151283264,0.5925930142402649,0.0411824956536293,0.018518999218940735
1527,0.4901697635650635,0.38095200061798096,0.03956057131290436,0.023809999227523804
1528,0.3685503900051117,0.2413789927959442,0.04978852719068527,0.10344800353050232
1529,0.5868222713470459,0.4444440007209778,2.2504478693008423e-05,0.0
1530,0.48427265882492065,0.20000000298023224,3.4151598811149597e-06,0.0
1531,0.5706104636192322,0.5681819915771484,0.03982814401388168,0.0659089982509613
1532,0.5424052476882935,0.4982210099697113,0.04129425063729286,0.06227799877524376
1533,0.6514027714729309,0.5,0.031132496893405914,0.09090899676084518
1534,0.5704219341278076,0.6631019711494446,0.03897874429821968,0.0267379991710186
1535,0.5353406667709351,0.5384619832038879,0.041225068271160126,0.05944100022315979
1536,0.4539002776145935,0.4893620014190674,0.04232665151357651,0.0
1537,0.5233603715896606,0.5454549789428711,0.036160655319690704,0.06060599908232689
1538,0.34183675050735474,0.23404300212860107,0.04923812299966812,0.06383000314235687
1539,0.5121842622756958,0.4567900002002716,0.04119314253330231,0.049382999539375305
1540,0.2526420056819916,0.05555599927902222,0.05583472549915314,0.0
1541,0.5524699687957764,0.5671640038490295,0.03687039762735367,0.05223900079727173
1542,0.4550400972366333,0.5,3.1245872378349304e-06,0.0
1543,0.5405398607254028,0.4375,0.03610360622406006,0.03125
1544,0.5001961588859558,0.43448299169540405,0.04330574721097946,0.06206899881362915
1545,0.5498894453048706,0.49647900462150574,0.04005499556660652,0.01760599948465824
1546,0.5212848782539368,0.16666699945926666,8.009374141693115e-07,0.0
1547,0.5622515082359314,0.39285698533058167,0.03490528464317322,0.07142899930477142
1548,0.6134148836135864,0.656715989112854,0.031132496893405914,0.04477600008249283
1549,0.3952173590660095,0.5,0.04403049498796463,0.0227269995957613
1550,0.6528497934341431,0.6969699859619141,0.031132496893405914,0.01515199989080429
1551,0.412559449672699,0.5384619832038879,0.034339312463998795,0.15384599566459656
1552,0.5903922319412231,0.699999988079071,0.03135794401168823,0.0
1553,0.5637540221214294,0.34117600321769714,0.04019799083471298,0.08235300332307816
1554,0.4456024467945099,0.4545449912548065,0.04594605416059494,0.045455001294612885
1555,0.3568047285079956,0.6000000238418579,-3.12095507979393e-05,0.0
1556,0.30085015296936035,0.2608700096607208,0.055014483630657196,0.0
1557,0.5510799884796143,0.4255320131778717,0.0387125164270401,0.07446800172328949
1558,0.5707169771194458,0.5600000023841858,0.031132496893405914,0.05999999865889549
1559,0.5546401739120483,0.6964290142059326,0.036909010261297226,0.03571400046348572
1560,0.3803406357765198,0.59375,0.0467248260974884,0.0
1561,0.5245541930198669,0.44736799597740173,0.039426788687705994,0.0
1562,0.5074915885925293,0.35714301466941833,0.03740135207772255,0.01785700023174286
1563,0.3337269127368927,0.4000000059604645,0.05582336336374283,0.20000000298023224
1564,0.25088149309158325,0.33333298563957214,7.429439574480057e-05,0.0
1565,0.5360835194587708,0.43589699268341064,0.036704324185848236,0.05128199979662895
1566,0.4209843575954437,0.684211015701294,0.04697360098361969,0.10526300221681595
1567,0.3863752782344818,0.2941179871559143,0.04876568168401718,0.0
1568,0.5036709308624268,0.4444440007209778,4.115235060453415e-05,0.0
1569,0.45558059215545654,0.5,-2.2648833692073822e-05,0.0
1570,0.5819278955459595,0.4090909957885742,0.03278530389070511,0.0
1571,0.5434866547584534,0.45856401324272156,0.03921887278556824,0.0386740006506443
1572,0.5095524191856384,0.3658539950847626,0.0391562283039093,0.0
1573,0.49651914834976196,0.561905026435852,0.043650612235069275,0.09523800015449524
1574,0.3513336181640625,0.4827589988708496,0.053026288747787476,0.10344800353050232
1575,0.613545835018158,0.5,2.9457733035087585e-06,0.16666699945926666
1576,0.34754306077957153,0.5625,0.04723285883665085,0.04166699945926666
1577,0.45877087116241455,0.36363598704338074,0.04537265747785568,0.18181799352169037
1578,0.5042521953582764,0.5555559992790222,0.0433834046125412,0.05555599927902222
1579,0.43848860263824463,0.3421050012111664,0.04232665151357651,0.05263200029730797
1580,0.563540518283844,0.5281689763069153,0.03773440048098564,0.045775000005960464
1581,0.39893436431884766,0.4545449912548065,0.04953111335635185,0.030302999541163445
1582,0.5366503596305847,0.5384619832038879,0.03842946141958237,0.0
1583,0.388698935508728,0.6206899881362915,0.044894419610500336,0.03448300063610077
1584,0.4258415997028351,0.4545449912548065,0.0478837825357914,0.0
1585,0.46966037154197693,0.75,0.044883035123348236,0.0625
1586,0.5726245641708374,0.5714290142059326,0.031132496893405914,0.0
1587,0.3772013783454895,0.26315799355506897,0.05061835050582886,0.0
1588,0.6149211525917053,0.5324680209159851,0.03549501672387123,0.012986999936401844
1589,0.3074721097946167,0.3499999940395355,0.05024699866771698,0.05000000074505806
1590,0.3601965308189392,0.33333298563957214,0.053036607801914215,0.19047600030899048
1591,0.27545666694641113,0.22972999513149261,0.0541718453168869,0.04054100066423416
1592,0.3043259382247925,0.44999998807907104,0.05319143086671829,0.15000000596046448
1593,0.5447008013725281,0.5876290202140808,0.03956057131290436,0.010308999568223953
1594,0.4350568652153015,0.36170199513435364,0.04649768024682999,0.0
1595,0.4965592622756958,0.699999988079071,0.00016791652888059616,0.0
1596,0.46732860803604126,0.375887006521225,0.044917188584804535,0.028369000181555748
1597,0.41473060846328735,0.41666701436042786,0.004244258627295494,0.08333300054073334
1598,0.48687028884887695,0.25,6.12158328294754e-06,0.0
1599,0.5450728535652161,0.6103900074958801,0.0402352437376976,0.03896100074052811
1600,0.5751690864562988,0.5230770111083984,0.03469584137201309,0.06153799965977669
1601,0.6357083916664124,0.5206350088119507,0.03486032038927078,0.041269998997449875
1602,0.5919753313064575,0.6363639831542969,0.036433424800634384,0.0
1603,0.3873381018638611,0.30000001192092896,4.2838044464588165e-05,0.10000000149011612
1604,0.347929447889328,0.33333298563957214,0.00022478122264146805,0.0
1605,0.47124356031417847,0.3980579972267151,0.04476916790008545,0.0582519993185997
1606,0.5914760828018188,0.5175439715385437,0.031132496893405914,0.07894700020551682
1607,0.4678758978843689,0.5769230127334595,0.03711174055933952,0.0
1608,0.5613585114479065,0.25,9.620562195777893e-07,0.0
1609,0.5442476868629456,0.5944700241088867,0.041054777801036835,0.01843300089240074
1610,0.5563099384307861,0.6138610243797302,0.0390622653067112,0.02970300056040287
1611,0.5778337717056274,0.5365849733352661,0.03660877048969269,0.0365849994122982
1612,0.5872616767883301,0.5699480175971985,0.03700554743409157,0.02590700052678585
1613,0.5682684183120728,0.729282021522522,0.039531487971544266,0.016574999317526817
1614,0.612139880657196,0.6217948794364929,0.035761408507823944,0.022435899823904037
1615,0.6744798421859741,0.47058799862861633,-1.419801265001297e-05,0.0
1616,0.41465193033218384,0.4054050147533417,0.05073712021112442,0.02702699974179268
1617,0.502143919467926,0.47422701120376587,0.0433279350399971,0.06185600161552429
1618,0.5963273644447327,0.7037039995193481,0.03166082501411438,0.018518999218940735
1619,0.44324493408203125,0.5957450270652771,0.045599937438964844,0.0
1620,0.42144638299942017,0.2261900007724762,0.04752682149410248,0.09523800015449524
1621,0.48841622471809387,0.5151519775390625,0.040261849761009216,0.030302999541163445
1622,0.3531646132469177,0.11111100018024445,-1.2376345694065094e-05,0.0
1623,0.5387058258056641,0.5204079747200012,0.03963618725538254,0.05867300182580948
1624,0.452274352312088,0.6000000238418579,0.040543895214796066,0.10000000149011612
1625,0.4640789330005646,0.3548389971256256,0.0391562283039093,0.03225800022482872
1626,0.42066213488578796,0.6666669845581055,0.00012528058141469955,0.0
1627,0.6815216541290283,0.6216220259666443,0.031132496893405914,0.0
1628,0.4051051735877991,0.375,0.04660584777593613,0.125
1629,0.2989383637905121,0.20000000298023224,6.652995944023132e-05,0.0
1630,0.5593458414077759,0.5454549789428711,0.03597754240036011,0.0227269995957613
1631,0.3211349546909332,0.125,-7.784925401210785e-06,0.125
1632,0.47372645139694214,0.3489930033683777,0.044826097786426544,0.12080500274896622
1633,0.021820660680532455,0.0,2.6102177798748016e-05,0.0
1634,0.38630154728889465,0.5333330035209656,0.03359828516840935,0.06666699796915054
1635,0.20534378290176392,0.11764699965715408,0.05611240118741989,0.17647099494934082
1636,0.3701917827129364,0.6666669845581055,-4.9425289034843445e-06,0.0
1637,0.5842196345329285,0.4848479926586151,0.03524835407733917,0.030302999541163445
1638,0.4205847978591919,0.3333333134651184,1.1222437024116516e-06,0.0
1639,0.5749211311340332,0.619047999382019,0.0332576259970665,0.0
1640,0.5374661087989807,0.4375,0.032233305275440216,0.0
1641,0.5028698444366455,0.549019992351532,0.03751236945390701,0.03921600058674812
1642,0.5759224891662598,0.5103009939193726,0.038598403334617615,0.030110999941825867
1643,0.5064163208007812,0.274509996175766,0.041336823254823685,0.0
1644,0.3324788212776184,0.4444440007209778,2.88989394903183e-06,0.0
1645,0.5890717506408691,0.6102718710899353,0.03865149989724159,0.024169180542230606
1646,0.30148744583129883,0.41666701436042786,0.00010318867862224579,0.0
1647,0.216424822807312,0.16666699945926666,5.4615549743175507e-05,0.0
1648,0.6043416857719421,0.6226419806480408,0.037729572504758835,0.04312700033187866
1649,0.604216992855072,0.699999988079071,0.031132496893405914,0.0
1650,0.36714476346969604,0.30000001192092896,-4.8959627747535706e-06,0.0
1651,0.5838784575462341,0.542635977268219,0.03771026432514191,0.007751999888569117
1652,0.545974612236023,0.5555559992790222,0.03762338310480118,0.015873000025749207
1653,0.4712211787700653,0.6031749844551086,0.04339449480175972,0.06349200010299683
1654,0.5937858819961548,0.6666669845581055,2.327375113964081e-06,0.0
1655,0.6134145855903625,0.6296300292015076,0.031132496893405914,0.0
1656,0.5839305520057678,0.5648850202560425,0.03637576103210449,0.03816799819469452
1657,0.44207412004470825,0.14285700023174286,0.012403258122503757,0.07142899930477142
1658,0.4549393057823181,0.6000000238418579,0.04207121580839157,0.0
1659,0.5208988785743713,0.75,8.1661157310009e-05,0.0
1660,0.5286835432052612,0.5365849733352661,0.04035763815045357,0.07317099720239639
1661,0.3260764181613922,0.47058799862861633,0.05150706321001053,0.11764699965715408
1662,0.33352839946746826,0.33333298563957214,-1.4259479939937592e-05,0.0
1663,0.39602476358413696,0.4285709857940674,-1.661013811826706e-05,0.0
1664,0.28048309683799744,0.2857140004634857,2.0135194063186646e-06,0.0
1665,0.6124484539031982,0.41666701436042786,0.03123462200164795,0.023809999227523804
1666,0.42423537373542786,0.36363598704338074,0.00017984118312597275,0.0
1667,0.5588169693946838,0.7142860293388367,2.206023782491684e-05,0.0
1668,0.5595368146896362,0.43589699268341064,0.03597483038902283,0.07692299783229828
1669,0.5045717358589172,0.4642859995365143,0.0408046580851078,0.0
1670,0.44493186473846436,0.75,9.061768651008606e-06,0.0
1671,0.6212978363037109,0.5882350206375122,0.031132496893405914,0.058823999017477036
1672,0.4906282126903534,0.4285709857940674,0.04076208546757698,0.10714299976825714
1673,0.569532573223114,0.6793249845504761,0.03841981291770935,0.02953599952161312
1674,0.5199412107467651,0.5952379703521729,0.03905182331800461,0.07142899930477142
1675,0.5912586450576782,0.5564519762992859,0.03584146872162819,0.06451600044965744
1676,0.5504475235939026,0.34146299958229065,0.036766428500413895,0.024390000849962234
1677,0.4738210439682007,0.5228760242462158,0.04495135322213173,0.03921600058674812
1678,0.3268403112888336,0.33962300419807434,0.0494270995259285,0.05660400167107582
1679,0.5425902009010315,0.6022729873657227,0.03944423794746399,0.03409099951386452
1680,0.4734235107898712,0.4285709857940674,0.0402245968580246,0.08571399748325348
1681,0.4054068326950073,0.20000000298023224,0.046140749007463455,0.11999999731779099
1682,0.6012155413627625,0.4201950132846832,0.03651627153158188,0.04560299962759018
1683,0.6245238780975342,0.5454549789428711,0.03132544085383415,0.0
1684,0.36088472604751587,0.5,7.535330951213837e-06,0.0
1685,0.3346084654331207,0.5,0.04771580174565315,0.023809999227523804
1686,0.47497808933258057,0.4070799946784973,0.044723622500896454,0.07079599797725677
1687,0.2963113784790039,0.0,-2.7544796466827393e-05,0.0
1688,0.3835846185684204,0.375,0.04633544012904167,0.08333300054073334
1689,0.4283157289028168,0.25,0.03983977809548378,0.08333300054073334
1690,0.4227161407470703,0.5714290142059326,0.04548652097582817,0.0
1691,0.32549554109573364,0.4210529923439026,0.048419222235679626,0.0
1692,0.24827885627746582,0.5,1.6942620277404785e-05,0.0
1693,0.574809730052948,0.531604528427124,0.03865149989724159,0.011345219798386097
1694,0.5289255380630493,0.6666669845581055,0.04011816531419754,0.0
1695,0.560711681842804,0.5970771908760071,0.039961930364370346,0.02922756038606167
1696,0.5287978053092957,0.6000000238418579,0.03577741980552673,0.019999999552965164
1697,0.566168487071991,0.5442180037498474,0.03765717148780823,0.04081600159406662
1698,0.006551191210746765,0.0,-3.460980951786041e-05,0.0
1699,0.5074016451835632,0.5084750056266785,0.04281765967607498,0.0338979996740818
1700,0.5913988947868347,0.5199999809265137,0.031132496893405914,0.03999999910593033
1701,0.5135770440101624,0.531915009021759,0.04096962511539459,0.06383000314235687
1702,0.43398451805114746,0.3448280096054077,0.0429396852850914,0.03448300063610077
1703,0.4893333315849304,0.3521130084991455,0.04163484275341034,0.028169000521302223
1704,0.36525484919548035,0.14285700023174286,3.616791218519211e-05,0.14285700023174286
1705,0.535994291305542,0.5517240166664124,0.03608191758394241,0.0
1706,0.4549141228199005,0.4558820128440857,0.04594605416059494,0.0441179983317852
1707,0.4842095375061035,0.4399999976158142,0.04258209466934204,0.03999999910593033
1708,0.44561469554901123,0.4255320131778717,0.04369530826807022,0.04255300015211105
1709,0.5434774160385132,0.5370370149612427,0.038646675646305084,0.018518999218940735
1710,0.4911205768585205,0.29787200689315796,0.04357239976525307,0.04255300015211105
1711,0.47331082820892334,0.2619050145149231,0.038545310497283936,0.023809999227523804
1712,0.48897042870521545,0.549019992351532,0.04123571515083313,0.03921600058674812
1713,0.5568789839744568,0.53125,0.03593958914279938,0.0
1714,0.6182774305343628,0.7878789901733398,0.03323643282055855,0.0
1715,0.5119831562042236,0.5555559992790222,0.03743996471166611,0.0
1716,0.4721669554710388,0.4864859879016876,0.04084191098809242,0.05405399948358536
1717,0.314117968082428,0.4285709857940674,3.8887374103069305e-05,0.14285700023174286
1718,0.5422679781913757,0.47682100534439087,0.03721792995929718,0.019867999479174614
1719,0.5941805839538574,0.5454549789428711,0.031132496893405914,0.0
1720,0.5381324887275696,0.7599999904632568,0.035630837082862854,0.03999999910593033
1721,0.2629210948944092,0.18181799352169037,3.153271973133087e-05,0.0
1722,0.5321143865585327,0.6226419806480408,0.0391092449426651,0.05660400167107582
1723,0.575090229511261,0.5294119715690613,0.037145525217056274,0.0
1724,0.43622201681137085,0.4666669964790344,0.014177101664245129,0.06666699796915054
1725,0.641079306602478,0.6466670036315918,0.031132496893405914,0.03999999910593033
1726,0.616852879524231,0.6590909957885742,0.031132496893405914,0.045455001294612885
1727,0.2384537160396576,0.0,0.00010178331285715103,0.0
1728,0.5734661221504211,0.6570119857788086,0.03919277340173721,0.007621999830007553
1729,0.42272382974624634,0.5801529884338379,0.048492711037397385,0.061069000512361526
1730,0.008670367300510406,0.0,-9.543262422084808e-06,0.33333298563957214
1731,0.37108489871025085,0.4000000059604645,4.9173831939697266e-06,0.0
1732,0.3238728940486908,0.2222220003604889,-3.081280738115311e-05,0.0
1733,0.554595947265625,0.6969699859619141,0.038110896944999695,0.07575800269842148
1734,0.5177798867225647,0.4838710129261017,0.04456420987844467,0.06451600044965744
1735,0.6358641982078552,0.6835439801216125,0.031132496893405914,0.10126599669456482
1736,0.5941832065582275,0.5,7.14324414730072e-07,0.25
1737,0.5255760550498962,0.5306119918823242,0.040927059948444366,0.02040800079703331
1738,0.5141113996505737,0.2857140004634857,-3.125518560409546e-06,0.14285700023174286
1739,0.4516066312789917,0.33333298563957214,-1.014862209558487e-05,0.0
1740,0.4407731592655182,0.31818199157714844,0.04503105953335762,0.03409099951386452
1741,0.6291195750236511,0.7118639945983887,0.031132496893405914,0.0169489998370409
1742,0.3978976011276245,0.5,1.0678544640541077e-05,0.25
1743,0.46025073528289795,0.4444440007209778,0.04389641806483269,0.0
1744,0.46059948205947876,0.8888890147209167,-1.8085353076457977e-05,0.0
1745,0.5523319840431213,0.7692310214042664,0.002486557699739933,0.07692299783229828
1746,0.4704490602016449,0.5636360049247742,0.041225068271160126,0.018182000145316124
1747,0.5848675966262817,0.6000000238418579,0.03567838668823242,0.0
1748,0.5714924335479736,0.5909090042114258,0.033802665770053864,0.07575800269842148
1749,0.39071333408355713,0.5,-1.2657605111598969e-05,0.0
1750,0.6021335124969482,0.45614001154899597,0.035272419452667236,0.03508799895644188
1751,0.5647977590560913,0.5769230127334595,0.03588016703724861,0.025640999898314476
1752,0.4437411427497864,0.4285709857940674,-2.398993819952011e-05,0.0
1753,0.5759830474853516,0.41935500502586365,0.03618241846561432,0.03225800022482872
1754,0.5783180594444275,0.5040649771690369,0.03755580633878708,0.06504099816083908
1755,0.5663909912109375,0.5,0.03692349046468735,0.10714299976825714
1756,0.4243659973144531,0.48529401421546936,0.0488811656832695,0.0220589991658926
1757,0.43396496772766113,0.1492539942264557,0.04907013848423958,0.1343279927968979
1758,0.2951567769050598,0.33333298563957214,2.363603562116623e-05,0.0
1759,0.5624151229858398,0.5170940160751343,0.03726619854569435,0.017093999311327934
1760,0.38168519735336304,0.14285700023174286,-1.968909054994583e-05,0.14285700023174286
1761,0.5154210925102234,0.642857015132904,0.011415732093155384,0.0
1762,0.22293749451637268,0.16666699945926666,0.0557243749499321,0.0
1763,0.39971035718917847,0.41666701436042786,0.00022702571004629135,0.0
1764,0.46746933460235596,0.5333333015441895,0.001158204860985279,0.0
1765,0.6024957299232483,0.5957450270652771,0.031132496893405914,0.06383000314235687
1766,0.5419023633003235,0.0,2.7476809918880463e-05,0.0
1767,0.5496795177459717,0.5988370180130005,0.04017137736082077,0.017441999167203903
1768,0.4836956858634949,0.4896549880504608,0.04377351701259613,0.0
1769,0.5379225611686707,0.4444440007209778,2.947729080915451e-05,0.0
1770,0.5303934812545776,0.6774190068244934,0.03585214167833328,0.06451600044965744
1771,0.3603309988975525,0.31578901410102844,0.05061136558651924,0.0
1772,0.3775719404220581,0.4423080086708069,0.0473378449678421,0.019231000915169716
1773,0.39893442392349243,0.11111100018024445,5.6315213441848755e-05,0.11111100018024445
1774,0.4300459325313568,0.5,0.0452360138297081,0.20000000298023224
1775,0.578072190284729,0.5821920037269592,0.03340349346399307,0.006849000230431557
1776,0.5863249897956848,0.4848479926586151,0.031132496893405914,0.030302999541163445
1777,0.504344642162323,0.23076899349689484,0.00013023708015680313,0.0
1778,0.37368354201316833,0.33333298563957214,0.01690630242228508,0.0
1779,0.5392155051231384,0.33333298563957214,5.005858838558197e-06,0.0
1780,0.5800416469573975,0.5911949872970581,0.03532806783914566,0.03144700080156326
1781,0.36826252937316895,0.3043479919433594,0.04745333641767502,0.17391300201416016
1782,0.32434767484664917,0.26923099160194397,0.05361670255661011,0.15384599566459656
1783,0.4188807010650635,0.4285709857940674,6.695277988910675e-06,0.0
1784,0.3395518660545349,0.0,3.876723349094391e-05,0.11111100018024445
1785,0.39829742908477783,0.2666670083999634,0.04331684112548828,0.1333329975605011
1786,0.38168448209762573,0.16352200508117676,0.050187431275844574,0.12578600645065308
1787,0.36392635107040405,0.4225350022315979,0.04648686572909355,0.0
1788,0.4930269420146942,0.44827601313591003,0.036793842911720276,0.06896600127220154
1789,0.5719071626663208,0.5631579756736755,0.0355115607380867,0.021052999421954155
1790,0.42833200097084045,0.2105260044336319,0.038598403334617615,0.0
1791,0.2550099790096283,0.36363598704338074,0.05673582851886749,0.0
1792,0.49447304010391235,1.0,1.7735175788402557e-05,0.0
1793,0.5124427676200867,0.5833330154418945,3.5120174288749695e-06,0.08333300054073334
1794,0.4611669182777405,0.43589699268341064,0.04499690234661102,0.0
1795,0.32652243971824646,0.39534899592399597,0.05208306759595871,0.09302300214767456
1796,0.571328341960907,0.6000000238418579,4.889443516731262e-07,0.0
1797,0.38608163595199585,0.4000000059604645,0.04776829481124878,0.05000000074505806
1798,0.48889416456222534,0.5,9.774323552846909e-05,0.0
1799,0.5855537056922913,0.6241610050201416,0.03665008395910263,0.06711400300264359
1800,0.47531136870384216,0.41101691126823425,0.04370647668838501,0.050847459584474564
1801,0.49250638484954834,0.6785709857940674,0.04229472577571869,0.03571400046348572
1802,0.4683396518230438,0.5,0.00011511240154504776,0.0
1803,0.40295353531837463,0.30208298563957214,0.048828672617673874,0.0625
1804,0.5269650220870972,0.5874999761581421,0.04045875370502472,0.05000000074505806
1805,0.3413260579109192,0.41666701436042786,0.0078884894028306,0.0
1806,0.4225136935710907,0.5416669845581055,0.0433834046125412,0.0
1807,0.5618356466293335,0.7407410144805908,0.0342894047498703,0.0
1808,0.6062400341033936,0.7191780209541321,0.035025980323553085,0.06849300116300583
1809,0.5307671427726746,0.5263159871101379,0.0331728532910347,0.15789499878883362
1810,0.5268847942352295,0.5263159871101379,0.03821708261966705,0.02834000065922737
1811,0.567080020904541,0.4406780004501343,0.03610767424106598,0.0338979996740818
1812,0.5936648845672607,0.6060609817504883,0.031132496893405914,0.06060599908232689
1813,0.5469989776611328,0.6666669845581055,4.838220775127411e-06,0.08333300054073334
1814,0.5118085145950317,0.41935500502586365,0.0394035205245018,0.07258100062608719
1815,0.37701156735420227,0.27272701263427734,4.5639462769031525e-05,0.0
1816,0.5644456744194031,0.39285698533058167,0.036050740629434586,0.03571400046348572
1817,0.4900825619697571,0.15625,0.04556623101234436,0.09375
1818,0.32548367977142334,0.5070419907569885,0.05210711061954498,0.0422540009021759
1819,0.46544164419174194,0.4745759963989258,0.04351653531193733,0.0169489998370409
1820,0.5774257779121399,0.6332380175590515,0.03692349046468735,0.011460999958217144
1821,0.437170147895813,0.5762709975242615,0.04655176401138306,0.06779699772596359
1822,0.5691413879394531,0.2857140004634857,8.03731381893158e-07,0.0
1823,0.3277135491371155,0.434783011674881,0.052866317331790924,0.0724639967083931
1824,0.5089020133018494,0.6099585294723511,0.04260338097810745,0.004149377811700106
1825,0.5214945673942566,0.3783780038356781,0.041682735085487366,0.05405399948358536
1826,0.23034599423408508,0.375,0.0001620939001441002,0.0
1827,0.4770113527774811,0.47368401288986206,0.04468946158885956,0.05263200029730797
1828,0.631533145904541,0.5421689748764038,0.031132496893405914,0.012047999538481236
1829,0.18652305006980896,0.15384599566459656,0.026703916490077972,0.15384599566459656
1830,0.4914947748184204,0.5463410019874573,0.04373999685049057,0.053658999502658844
1831,0.3514297902584076,0.3846150040626526,0.04050048813223839,0.07692299783229828
1832,0.5858728885650635,0.5977010130882263,0.03600871562957764,0.08045999705791473
1833,0.49179568886756897,0.4761900007724762,0.0381157211959362,0.04761900007724762
1834,0.3204329311847687,0.16666699945926666,6.473064422607422e-05,0.16666699945926666
1835,0.6130433082580566,0.6571429967880249,0.031132496893405914,0.0
1836,0.29054874181747437,0.33333298563957214,-4.90434467792511e-06,0.0
1837,0.5671463012695312,0.5853660106658936,0.036319799721241,0.032519999891519547
1838,0.3231833279132843,0.25,0.047957275062799454,0.03571400046348572
1839,0.5774440765380859,0.5241640210151672,0.03676185756921768,0.044610001146793365
1840,0.5642989873886108,0.5952379703521729,0.031861383467912674,0.11904799938201904
1841,0.3972086012363434,0.27272701263427734,0.04627053812146187,0.06060599908232689
1842,0.2932373881340027,0.08333300054073334,0.00904200691729784,0.08333300054073334
1843,0.43286633491516113,0.5833330154418945,0.04555484652519226,0.023809999227523804
1844,0.4382860064506531,0.2941179871559143,0.03794195502996445,0.0
1845,0.4568939805030823,0.5641030073165894,0.04592442139983177,0.025640999898314476
1846,0.2762083113193512,0.33333298563957214,0.0541374534368515,0.06666699796915054
1847,0.5247608423233032,0.47368401288986206,0.04047472029924393,0.05263200029730797
1848,0.5357577204704285,0.6851850152015686,0.03876993805170059,0.07407400012016296
1849,0.18088817596435547,0.16666699945926666,3.0578114092350006e-05,0.0
1850,0.5527583360671997,0.75,0.03188864886760712,0.0
1851,0.5674232840538025,0.2857142984867096,8.903443813323975e-07,0.14285710453987122
1852,0.48630809783935547,0.5671640038490295,0.0402352437376976,0.04477600008249283
1853,0.373324990272522,0.25,0.02269124612212181,0.0
1854,0.47535544633865356,0.5789470076560974,0.044165678322315216,0.05263200029730797
1855,0.4168620705604553,0.44680899381637573,0.04648686572909355,0.07446800172328949
1856,0.46357235312461853,0.5454549789428711,0.040905773639678955,0.0
1857,0.6002525687217712,0.25,0.03555818647146225,0.10416699945926666
1858,0.4080981910228729,0.5833330154418945,0.014487807638943195,0.0
1859,0.3852764964103699,0.30000001192092896,0.05055972561240196,0.08571399748325348
1860,0.5132940411567688,0.5294119715690613,0.03944423794746399,0.058823999017477036
1861,0.4818331003189087,0.41999998688697815,0.04322810098528862,0.03999999910593033
1862,0.5466102957725525,0.41666701436042786,0.03457256779074669,0.08333300054073334
1863,0.24342605471611023,0.25,0.00015604030340909958,0.0
1864,0.2964756488800049,0.2941179871559143,0.04855570197105408,0.029411999508738518
1865,0.5573058724403381,0.6769229769706726,0.038632191717624664,0.046153999865055084
1866,0.5562947988510132,0.5993030071258545,0.03995029628276825,0.041811998933553696
1867,0.30034640431404114,0.4117650091648102,0.053847603499889374,0.058823999017477036
1868,0.35561618208885193,0.33333298563957214,-1.0312534868717194e-05,0.0
1869,0.6241652369499207,0.6118419766426086,0.03465205803513527,0.04276299849152565
1870,0.4090561270713806,0.36619699001312256,0.047189876437187195,0.0422540009021759
1871,0.608757495880127,0.645160973072052,0.03477512300014496,0.09677399694919586
1872,0.6399879455566406,0.6196137070655823,0.03593145310878754,0.038632988929748535
1873,0.5890291929244995,0.5357139706611633,0.031132496893405914,0.03571400046348572
1874,0.4894500970840454,0.3478260040283203,0.03932208567857742,0.04347800090909004
1875,0.29753759503364563,0.36363598704338074,0.00040797702968120575,0.18181799352169037
1876,0.5871238708496094,0.5352644920349121,0.0381784662604332,0.026448359712958336
1877,0.46987318992614746,0.20253199338912964,0.04448449984192848,0.02531599998474121
1878,0.5760687589645386,0.5306119918823242,0.03559879958629608,0.02040800079703331
1879,0.49130362272262573,0.4893620014190674,0.04084191098809242,0.02127699926495552
1880,0.4795238971710205,0.6666669845581055,0.04187963902950287,0.05000000074505806
1881,0.4951039254665375,0.48076900839805603,0.04421122372150421,0.04807699844241142
1882,0.35948240756988525,0.27272701263427734,4.047062247991562e-05,0.09090899676084518
1883,0.450589656829834,0.6136360168457031,0.044883035123348236,0.06818199902772903
1884,0.46899163722991943,0.4893620014190674,0.04281765967607498,0.0851060003042221
1885,0.5914382934570312,0.7022899985313416,0.03756546229124069,0.11450400203466415
1886,0.5409077405929565,0.5555559992790222,0.049140624701976776,0.16666699945926666
1887,0.42735815048217773,0.375,4.228483885526657e-05,0.0
1888,0.5300488471984863,0.6666669845581055,0.014139817096292973,0.0
1889,0.5520214438438416,0.5747659802436829,0.04053325578570366,0.07943899929523468
1890,0.5728781223297119,0.478787899017334,0.037198618054389954,0.030303029343485832
1891,0.5808748602867126,0.6944440007209778,0.03537469357252121,0.05555599927902222
1892,0.42895740270614624,0.3478260040283203,0.04439341276884079,0.0
1893,0.503278374671936,0.6000000238418579,3.752298653125763e-05,0.0
1894,0.537000298500061,0.6000000238418579,1.0114163160324097e-06,0.0
1895,0.5176433324813843,0.634145975112915,0.03844394534826279,0.0
1896,0.34454870223999023,0.5,4.037283360958099e-06,0.25
1897,0.5608541965484619,0.5714290142059326,0.03595856577157974,0.04761900007724762
1898,0.49054306745529175,0.4285709857940674,0.04160822927951813,0.03571400046348572
1899,0.3406676650047302,0.11111100018024445,3.7935562431812286e-05,0.0
1900,0.2897944450378418,0.125,-1.6549602150917053e-06,0.125
1901,0.009428706020116806,0.5,2.93804332613945e-05,0.0
1902,0.5592214465141296,0.6229509711265564,0.03722275793552399,0.03278699889779091
1903,0.4238220453262329,0.4846149981021881,0.04681135341525078,0.030768999829888344
1904,0.3681527078151703,0.4000000059604645,0.04638952016830444,0.028571000322699547
1905,0.4110930562019348,0.8333330154418945,4.8189423978328705e-05,0.0
1906,0.3526087701320648,0.20000000298023224,-7.56140798330307e-06,0.4000000059604645
1907,0.43542948365211487,0.33333298563957214,-2.1445564925670624e-05,0.11111100018024445
1908,0.5221105813980103,0.5675680041313171,0.03823639079928398,0.05405399948358536
1909,0.4947981834411621,0.5,1.0905787348747253e-06,0.0
1910,0.5020838379859924,0.4776118993759155,0.04328356683254242,0.019900500774383545
1911,0.4880574345588684,0.484375,0.0409909188747406,0.125
1912,0.33623480796813965,0.22727300226688385,0.05455504357814789,0.0
1913,0.442249596118927,0.31666699051856995,0.04566483199596405,0.1166670024394989
1914,0.5302526950836182,0.33333298563957214,3.0836090445518494e-06,0.0
1915,0.42716723680496216,0.4761900007724762,0.04503105953335762,0.09523800015449524
1916,0.32348155975341797,0.4285714030265808,6.032176315784454e-06,0.0
1917,0.2662751078605652,0.19047600030899048,0.05219724774360657,0.14285700023174286
1918,0.22540530562400818,0.18181799352169037,0.00010341126471757889,0.0
1919,0.28815868496894836,0.2105260044336319,0.05194485932588577,0.15789499878883362
1920,0.5596147775650024,0.5737699866294861,0.037213101983070374,0.02459000051021576
1921,0.41076934337615967,0.5714290142059326,0.0002455255016684532,0.0
1922,0.4649500250816345,0.31578901410102844,0.043941110372543335,0.0
1923,0.28600651025772095,0.3428570032119751,0.05073712021112442,0.0
1924,0.26095807552337646,0.4000000059604645,0.05356265604496002,0.0
1925,0.5896578431129456,0.6746410131454468,0.03817364573478699,0.03349300101399422
1926,0.40464115142822266,0.48235300183296204,0.045956868678331375,0.01176500041037798
1927,0.429601788520813,0.5,0.04899664968252182,0.0441179983317852
1928,0.414314329624176,0.6666669845581055,0.0432724691927433,0.0
1929,0.49628329277038574,0.5324680209159851,0.041794486343860626,0.0
1930,0.38823509216308594,0.4255320131778717,0.0480937585234642,0.04255300015211105
1931,0.2846290171146393,0.36363598704338074,-7.045362144708633e-05,0.09090899676084518
1932,0.6016194820404053,0.5454549789428711,0.03354867175221443,0.018182000145316124
1933,0.5581269264221191,0.6000000238418579,5.565863102674484e-05,0.0
1934,0.37912046909332275,0.33333298563957214,2.7603469789028168e-05,0.0
1935,0.553379237651825,0.6457399725914001,0.04074079915881157,0.040359001606702805
1936,0.3646547496318817,0.4615379869937897,0.047243356704711914,0.15384599566459656
1937,0.5402181148529053,0.31818199157714844,0.04103881120681763,0.10606099665164948
1938,0.4000997543334961,0.20000000298023224,-1.4184042811393738e-05,0.0
1939,0.5829050540924072,0.7580649852752686,0.03708277642726898,0.03225800022482872
1940,0.39924293756484985,0.20833300054073334,0.045361269265413284,0.04166699945926666
1941,0.4928269386291504,0.4615379869937897,0.04403049498796463,0.03846200183033943
1942,0.3909626603126526,0.5,2.6281923055648804e-05,0.0
1943,0.2780097424983978,0.36363598704338074,0.02264079824090004,0.0
1944,0.31306177377700806,0.14285700023174286,-7.855705916881561e-06,0.0
1945,0.4976326823234558,0.33333298563957214,0.04125700145959854,0.07407400012016296
1946,0.3598630428314209,0.25,6.666500121355057e-05,0.125
1947,0.47760361433029175,0.5,0.03855978697538376,0.0
1948,0.3080631196498871,0.33333298563957214,0.04742183908820152,0.0
1949,0.5458299517631531,0.4658384919166565,0.040373604744672775,0.018633540719747543
1950,0.49590107798576355,0.53125,0.04359474778175354,0.09375
1951,0.639873743057251,0.6235290169715881,0.031132496893405914,0.04705899953842163
1952,0.45408427715301514,0.5,-5.38211315870285e-06,0.0
1953,0.5536279082298279,0.3400000035762787,0.03802400827407837,0.05999999865889549
1954,0.4068170487880707,0.44736799597740173,0.044541437178850174,0.0
1955,0.3297978639602661,0.5333330035209656,0.01815859228372574,0.20000000298023224
1956,0.5418069362640381,0.657895028591156,0.04082594811916351,0.026316000148653984
1957,0.3660809397697449,0.31818199157714844,0.04907013848423958,0.045455001294612885
1958,0.5006202459335327,0.6025639772415161,0.04151776432991028,0.1025639995932579
1959,0.4892827868461609,0.2985070049762726,0.04401932284235954,0.07462699711322784
1960,0.46524420380592346,0.33333298563957214,0.000680568628013134,0.0
1961,0.4645603895187378,0.4375,0.040101535618305206,0.0
1962,0.3102007210254669,0.800000011920929,3.838445991277695e-05,0.0
1963,0.5910178422927856,0.6685389876365662,0.036514777690172195,0.024344999343156815
1964,0.5901867151260376,0.5340660214424133,0.0366375669836998,0.0175819993019104
1965,0.5275034308433533,0.35714301466941833,0.03650641813874245,0.07142899930477142
1966,0.5434077382087708,0.4615379869937897,0.040277812629938126,0.06410299986600876
1967,0.3526090383529663,0.5,0.046292174607515335,0.0
1968,0.39502304792404175,0.4615379869937897,0.0005044089630246162,0.0
1969,0.5624136328697205,0.4035089910030365,0.03661206737160683,0.01754399947822094
1970,0.3393131494522095,0.25,1.6605481505393982e-06,0.0
1971,0.4798033833503723,0.510791003704071,0.04355005547404289,0.028776999562978745
1972,0.3270953297615051,0.36363598704338074,5.782861262559891e-05,0.0
1973,0.5133104920387268,0.6328120231628418,0.041618868708610535,0.03125
1974,0.4514973759651184,0.6666669845581055,1.0961666703224182e-06,0.33333298563957214
1975,0.393152117729187,0.4399999976158142,0.047642312943935394,0.03999999910593033
1976,0.5850787162780762,0.6000000238418579,0.03742065280675888,0.008696000091731548
1977,0.4482533931732178,1.0,9.385868906974792e-06,0.0
1978,0.4853511154651642,0.5185189843177795,0.03932208567857742,0.03703700006008148
1979,0.2084783911705017,0.0,-1.0405667126178741e-05,0.0
1980,0.5186224579811096,0.38709700107574463,0.03531754016876221,0.1612900048494339
1981,0.21859455108642578,0.11999999731779099,0.0578303262591362,0.07999999821186066
1982,0.586796224117279,0.3043479919433594,0.031132496893405914,0.04347800090909004
1983,0.5087926387786865,0.5396829843521118,0.04170402139425278,0.07142899930477142
1984,0.4463962912559509,0.5416669845581055,0.04333902895450592,0.04166699945926666
1985,0.40552273392677307,0.2222220003604889,6.630085408687592e-05,0.0
1986,0.4527326226234436,0.0,-1.8076971173286438e-06,0.0
1987,0.5194010138511658,0.6666669845581055,0.041225068271160126,0.0625
1988,0.012272283434867859,0.0,1.73225998878479e-07,0.0
1989,0.4686528444290161,0.800000011920929,3.380700945854187e-07,0.0
1990,0.3338659107685089,0.33333298563957214,-6.659887731075287e-06,0.0
1991,0.453493595123291,0.3035709857940674,0.045258790254592896,0.03571400046348572
1992,0.5083022117614746,0.2718450129032135,0.04323919117450714,0.0582519993185997
1993,0.2853136956691742,0.4000000059604645,-4.7365203499794006e-05,0.0
1994,0.5647602081298828,0.6600000262260437,0.03827500715851784,0.06666699796915054
1995,0.5103064775466919,0.4696969985961914,0.04049067944288254,0.09090899676084518
1996,0.3248627185821533,0.2857140004634857,-1.0555610060691833e-05,0.0
1997,0.5397971868515015,0.6052629947662354,0.04159226641058922,0.031578999012708664
1998,0.5442293286323547,0.6637169718742371,0.0397816076874733,0.06194699928164482
1999,0.6240575909614563,0.5391299724578857,0.03451288864016533,0.01739099994301796
2000,0.379713237285614,0.642857015132904,0.048870667815208435,0.14285700023174286
2001,0.36520689725875854,0.3478260040283203,0.053975336253643036,0.0
2002,0.44440126419067383,0.38135600090026855,0.046140749007463455,0.05932199954986572
2003,0.34760576486587524,0.20689700543880463,0.045440979301929474,0.03448300063610077
2004,0.42959344387054443,0.5952379703521729,0.04483748972415924,0.023809999227523804
2005,0.4812881350517273,0.16666699945926666,3.310851752758026e-06,0.0
2006,0.4304831027984619,0.6499999761581421,0.04325028508901596,0.0
2007,0.49512356519699097,0.421875,0.04153372347354889,0.109375
2008,0.31998199224472046,0.20000000298023224,-1.7782673239707947e-05,0.0
2009,0.5998796224594116,0.6803278923034668,0.03656096011400223,0.028688520193099976
2010,0.35379624366760254,0.375,-2.4889595806598663e-05,0.0
2011,0.5741056799888611,0.6153849959373474,0.004967930726706982,0.07692299783229828
2012,0.5680574178695679,0.5432599782943726,0.03911969065666199,0.008047999814152718
2013,0.49273747205734253,0.42592599987983704,0.04413151368498802,0.046296000480651855
2014,0.3868110179901123,0.4444440007209778,0.04926961660385132,0.0
2015,0.3873128890991211,0.5,4.175584763288498e-05,0.16666699945926666
2016,0.48241740465164185,0.494253009557724,0.04329465329647064,0.08045999705791473
2017,0.5799129009246826,0.3478260040283203,0.031132496893405914,0.04347800090909004
2018,0.4404861032962799,0.34615400433540344,0.04303951933979988,0.15384599566459656
2019,0.3511468470096588,0.6666669845581055,0.01199954841285944,0.0
2020,0.5321328043937683,0.5948280096054077,0.04091109335422516,0.03448300063610077
2021,0.44599300622940063,0.5128210186958313,0.04236922413110733,0.0
2022,0.3412020802497864,0.33644899725914,0.04984992370009422,0.028037000447511673
2023,0.5427339673042297,0.5543310046195984,0.04094834253191948,0.04881900176405907
2024,0.3308519423007965,0.4285709857940674,8.529983460903168e-06,0.14285700023174286
2025,0.2893480658531189,0.4000000059604645,-1.0048039257526398e-05,0.0
2026,0.4485756456851959,0.3513509929180145,0.042528875172138214,0.08108100295066833
2027,0.5359465479850769,0.6099290251731873,0.04040553420782089,0.02127699926495552
2028,0.49854642152786255,0.5833330154418945,0.03924497216939926,0.04166699945926666
2029,0.5468668341636658,0.699999988079071,0.03576674312353134,0.1333329975605011
2030,0.5207077264785767,0.625,1.3928860425949097e-05,0.0
2031,0.3712564706802368,0.33333298563957214,-8.063390851020813e-06,0.0
2032,0.2863484025001526,0.33333298563957214,-9.505078196525574e-06,0.0
2033,0.441969633102417,0.5714290142059326,0.04164548218250275,0.04761900007724762
2034,0.3678325414657593,0.4444440007209778,4.753191024065018e-05,0.11111100018024445
2035,0.5950936079025269,0.5,0.03323394060134888,0.030302999541163445
2036,0.4776308536529541,0.42222198843955994,0.04298405349254608,0.0
2037,0.4985530376434326,0.44329899549484253,0.04110267385840416,0.06185600161552429
2038,0.5186084508895874,0.3168320059776306,0.04308389127254486,0.06930699944496155
2039,0.5475212335586548,0.6682239770889282,0.04101220518350601,0.016355000436306
2040,0.5823917388916016,0.5912410020828247,0.036362454295158386,0.014599000103771687
2041,0.5053961277008057,0.33333298563957214,1.644343137741089e-05,0.33333298563957214
2042,0.5777890682220459,0.7093020081520081,0.038646675646305084,0.023256000131368637
2043,0.5641154050827026,0.6399999856948853,0.03476565331220627,0.0
2044,0.37573036551475525,0.20000000298023224,-4.0549784898757935e-06,0.0
2045,0.5214056372642517,0.5690379738807678,0.04151776432991028,0.016736000776290894
2046,0.5687261819839478,0.6836159825325012,0.038696855306625366,0.022599000483751297
2047,0.5742484331130981,0.7057057023048401,0.03751719370484352,0.02102101966738701
2048,0.4671287536621094,0.45161300897598267,0.03731446713209152,0.06451600044965744
2049,0.4014028310775757,0.6666669845581055,2.9131770133972168e-05,0.0
2050,0.37296369671821594,0.4666669964790344,0.04771580174565315,0.0
2051,0.42738765478134155,0.5757579803466797,0.0462489053606987,0.0
2052,0.4341147840023041,0.3125,0.03892654553055763,0.0625
2053,0.44783520698547363,0.45833298563957214,0.04313935339450836,0.125
2054,0.21292537450790405,0.1875,0.02942885085940361,0.0625
2055,0.39449891448020935,0.35714301466941833,0.018442455679178238,0.0
2056,0.4299764037132263,0.800000011920929,0.0006823698058724403,0.0
2057,0.2660917341709137,0.2857140004634857,0.0481252521276474,0.0
2058,0.38692808151245117,0.2800000011920929,0.05257733166217804,0.11999999731779099
2059,0.48051583766937256,0.5714290142059326,9.005889296531677e-07,0.14285700023174286
2060,0.4900114834308624,0.7142860293388367,2.0256265997886658e-06,0.0
2061,0.348937064409256,0.2830190062522888,0.04691951721906662,0.0
2062,0.33679908514022827,0.375,0.048513706773519516,0.08333300054073334
2063,0.4543027877807617,0.5862069725990295,0.04068225994706154,0.06896600127220154
2064,0.18286454677581787,0.2857140004634857,-2.7185305953025818e-05,0.0
2065,0.33090463280677795,0.5194810032844543,0.050135307013988495,0.025973999872803688
2066,0.4464973211288452,0.671642005443573,0.04532710835337639,0.014925000257790089
2067,0.2719678580760956,0.20000000298023224,-3.8119032979011536e-06,0.20000000298023224
2068,0.5775457620620728,0.5,0.031132496893405914,0.01612900011241436
2069,0.3015736937522888,0.23999999463558197,0.050112973898649216,0.03999999910593033
2070,0.24487099051475525,0.21428599953651428,0.06069213151931763,0.0
2071,0.5654749274253845,0.5,4.721805453300476e-07,0.0
2072,0.5806124806404114,0.7857139706611633,0.023287825286388397,0.07142899930477142
2073,0.5037466883659363,0.7777780294418335,0.03801918402314186,0.03703700006008148
2074,0.515146017074585,0.5714290142059326,0.037126220762729645,0.0
2075,0.3533009886741638,0.3333333134651184,-3.9869919419288635e-05,0.0
2076,0.5106642246246338,0.699999988079071,0.00035355519503355026,0.10000000149011612
2077,0.5533391237258911,0.7391300201416016,0.031132496893405914,0.0
2078,0.36816734075546265,0.3421050012111664,0.048849668353796005,0.10526300221681595
2079,0.39347946643829346,0.3666670024394989,0.04443895444273949,0.03333299979567528
2080,0.5337761640548706,0.5,0.037613727152347565,0.21428599953651428
2081,0.27398473024368286,1.0,3.0763447284698486e-05,0.0
2082,0.4034579396247864,0.4000000059604645,2.025347203016281e-05,0.0
2083,0.540499210357666,0.3851349949836731,0.039607107639312744,0.08108100295066833
2084,0.5116020441055298,0.5714290142059326,0.037893686443567276,0.09523800015449524
2085,0.5628657341003418,0.6875,0.005438263528048992,0.0625
2086,0.4159506559371948,0.6666669845581055,0.04850320890545845,0.0
2087,0.5329458117485046,0.38636401295661926,0.03967690467834473,0.06818199902772903
2088,0.4905576705932617,0.4000000059604645,-1.7182901501655579e-06,0.0
2089,0.5509741902351379,0.583732008934021,0.039851412177085876,0.05023900046944618
2090,0.49669551849365234,0.33333298563957214,2.6989728212356567e-06,0.16666699945926666
2091,0.6252458095550537,0.6260499954223633,0.035657405853271484,0.03781500086188316
2092,0.3283264935016632,0.27272701263427734,0.015589389018714428,0.09090899676084518
2093,0.3972671627998352,0.5555559992790222,1.1203810572624207e-06,0.11111100018024445
2094,0.4556678831577301,0.6666669845581055,2.6477500796318054e-06,0.0
2095,0.2566166818141937,0.4285709857940674,3.532972186803818e-05,0.14285700023174286
2096,0.394206166267395,0.09090899676084518,0.00015233922749757767,0.18181799352169037
2097,0.4479252099990845,0.4160580039024353,0.043974630534648895,0.021897999569773674
2098,0.4813425540924072,0.4074069857597351,0.040921736508607864,0.03703700006008148
2099,0.35574203729629517,0.41666701436042786,0.0015416843816637993,0.16666699945926666
2100,0.6103019714355469,0.65625,0.03425480052828789,0.09375
2101,0.6122446060180664,0.6833329796791077,0.035008229315280914,0.016666999086737633
2102,0.3293445110321045,0.19642899930477142,0.04994640499353409,0.16071400046348572
2103,0.5635488033294678,0.5945950150489807,0.040002647787332535,0.06756799668073654
2104,0.6375973224639893,0.6582279801368713,0.031619079411029816,0.037974998354911804
2105,0.03429840877652168,0.0,4.0354207158088684e-05,0.14285700023174286
2106,0.5697002410888672,0.6242420077323914,0.03827500715851784,0.054545000195503235
2107,0.6542543172836304,0.6615380048751831,0.031132496893405914,0.09230799973011017
2108,0.42101508378982544,0.5714290142059326,-2.99820676445961e-05,0.0
2109,0.47539737820625305,0.47058799862861633,0.04292859137058258,0.0441179983317852
2110,0.3380393385887146,0.33333298563957214,-2.368353307247162e-06,0.0
2111,0.40569818019866943,0.2380950003862381,0.050045959651470184,0.07936500012874603
2112,0.5466252565383911,0.36363598704338074,3.4994445741176605e-05,0.0
2113,0.5885883569717407,0.6063349843025208,0.036495521664619446,0.03846200183033943
2114,0.35957473516464233,0.2857140004634857,0.04858719930052757,0.0
2115,0.5982462167739868,0.7361109852790833,0.031570643186569214,0.02777799963951111
2116,0.5052021741867065,0.23076899349689484,0.00033043045550584793,0.0
2117,0.44703224301338196,0.2777779996395111,0.04742183908820152,0.0
2118,0.2534785568714142,0.21428599953651428,0.05146263539791107,0.03571400046348572
2119,0.3258357644081116,0.10000000149011612,0.05080698803067207,0.10000000149011612
2120,0.39409390091896057,0.5,8.96397978067398e-06,0.0
2121,0.43538638949394226,0.2857140004634857,0.04633544012904167,0.042017001658678055
2122,0.5592373013496399,0.5862069725990295,0.03557172417640686,0.05172400176525116
2123,0.4209093451499939,0.6315789818763733,0.04222021996974945,0.05263200029730797
2124,0.43491119146347046,0.4545449912548065,3.587733954191208e-05,0.09090899676084518
2125,0.4368654191493988,0.7692310214042664,0.047463830560445786,0.0
2126,0.4043150544166565,0.4000000059604645,3.242865204811096e-06,0.0
2127,0.42961427569389343,0.14285700023174286,0.001275641843676567,0.0
2128,0.4753560423851013,0.5555559992790222,5.382392555475235e-05,0.0
2129,0.39158445596694946,0.5063289999961853,0.05026933550834656,0.02531599998474121
2130,0.565659761428833,0.5666670203208923,0.03534310683608055,0.08333300054073334
2131,0.46991291642189026,0.5111110210418701,0.044723622500896454,0.06666699796915054
2132,0.45534059405326843,0.3513509929180145,0.042135074734687805,0.08108100295066833
2133,0.5112931728363037,0.5588240027427673,0.03645264357328415,0.029411999508738518
2134,0.4393070936203003,0.29166701436042786,0.04356122761964798,0.0
2135,0.5634310245513916,0.5,0.037912994623184204,0.03448300063610077
2136,0.2660180628299713,0.14285700023174286,0.030803345143795013,0.0
2137,0.459085613489151,0.6176469922065735,0.041299574077129364,0.029411999508738518
2138,0.3132990002632141,0.21428599953651428,0.04911213368177414,0.07142899930477142
2139,0.48150634765625,0.5384619832038879,0.0419328510761261,0.0
2140,0.5395775437355042,0.5531910061836243,0.03920842707157135,0.06383000314235687
2141,0.5714168548583984,0.5777779817581177,0.03603989630937576,0.022221999242901802
2142,0.48801615834236145,0.35714301466941833,0.010961546562612057,0.07142899930477142
2143,0.45019423961639404,0.36111098527908325,0.044177062809467316,0.05555599927902222
2144,0.329207181930542,1.0,-2.5634653866291046e-05,0.0
2145,0.4667002260684967,0.5142859816551208,0.040788695216178894,0.028571000322699547
2146,0.4102053642272949,0.5555559992790222,-1.2372620403766632e-05,0.11111100018024445
2147,0.42064541578292847,0.5050510168075562,0.04696277901530266,0.010100999847054482
2148,0.266229510307312,0.5,-1.6561709344387054e-05,0.0
2149,0.30843472480773926,0.33333298563957214,0.0008161058649420738,0.08333300054073334
2150,0.36322951316833496,0.5076919794082642,0.05014275759458542,0.07692299783229828
2151,0.2809930443763733,0.41379299759864807,0.051323018968105316,0.06896600127220154
2152,0.23961830139160156,0.2222220003604889,0.00013618450611829758,0.0
2153,0.37042486667633057,0.3269230127334595,0.05024699866771698,0.11538500338792801
2154,0.5370337963104248,0.5306119918823242,0.03605751693248749,0.06122399866580963
2155,0.4397558867931366,0.38095200061798096,0.04348324239253998,0.0
2156,0.5871513485908508,0.6756759881973267,0.036875221878290176,0.05405399948358536
2157,0.47244030237197876,0.5,1.1903233826160431e-05,0.16666699945926666
2158,0.5027678608894348,0.5448279976844788,0.043583571910858154,0.05517200008034706
2159,0.5515157580375671,0.5909090042114258,0.037777841091156006,0.012986999936401844
2160,0.4688660502433777,0.5238100290298462,0.03673901408910751,0.0
2161,0.6371035575866699,0.4545449912548065,-3.8917176425457e-05,0.0
2162,0.576374351978302,0.7074829936027527,0.03860323131084442,0.01360544003546238
2163,0.4613302946090698,0.3714289963245392,0.04313935339450836,0.08571399748325348
2164,0.22393006086349487,0.14285700023174286,0.056588150560855865,0.04761900007724762
2165,0.4941127598285675,0.4467009902000427,0.04267788678407669,0.055838000029325485
2166,0.5383071899414062,0.6468750238418579,0.041395366191864014,0.05937499925494194
2167,0.5737676620483398,0.7894740104675293,0.036238186061382294,0.0
2168,0.368103563785553,0.33333298563957214,2.0153820514678955e-06,0.0
2169,0.4477350413799286,0.4000000059604645,0.04260338097810745,0.11999999731779099
2170,0.48333436250686646,0.5714290142059326,0.0443478599190712,0.051020000129938126
2171,0.5284096002578735,0.5892860293388367,0.03919277340173721,0.01785700023174286
2172,0.3144165575504303,0.5,0.05067424476146698,0.08333300054073334
2173,0.5335320234298706,0.5151519775390625,0.042699169367551804,0.06060599908232689
2174,0.464995801448822,0.33333298563957214,5.569308996200562e-07,0.0
2175,0.311686635017395,0.25,0.03904895484447479,0.08333300054073334
2176,0.4665570557117462,0.35606101155281067,0.045167699456214905,0.053029999136924744
2177,0.6252029538154602,0.6929460167884827,0.03610902652144432,0.03734400123357773
2178,0.5570037961006165,0.6666669845581055,0.028216063976287842,0.0
2179,0.5165507197380066,0.4838710129261017,0.03770061209797859,0.0
2180,0.6619383096694946,0.6829270124435425,0.031132496893405914,0.0365849994122982
2181,0.42809993028640747,0.6666669845581055,-1.800060272216797e-05,0.08333300054073334
2182,0.5526312589645386,0.5,-5.9390440583229065e-06,0.0
2183,0.35310617089271545,0.20000000298023224,-4.375632852315903e-05,0.0
2184,0.36041730642318726,0.2222220003604889,0.0005781287327408791,0.0
2185,0.5854930877685547,0.625,0.013962273485958576,0.0625
2186,0.5168720483779907,0.5707070231437683,0.04308389127254486,0.025252999737858772
2187,0.5130079984664917,0.4285709857940674,0.04182641953229904,0.07142899930477142
2188,0.35832375288009644,0.75,-1.7891637980937958e-05,0.0
2189,0.6477931141853333,0.875,9.462237358093262e-07,0.0
2190,0.4375499486923218,0.30000001192092896,0.04470084607601166,0.05000000074505806
2191,0.26654499769210815,0.09090899676084518,-6.770994514226913e-05,0.09090899676084518
2192,0.5604880452156067,0.4285709857940674,0.03641863912343979,0.07142899930477142
2193,0.5264326333999634,0.49230799078941345,0.03756546229124069,0.01538500003516674
2194,0.5767184495925903,0.6394485831260681,0.03859357908368111,0.033934250473976135
2195,0.4305592477321625,0.2857140004634857,8.274801075458527e-06,0.14285700023174286
2196,0.6209546327590942,0.4423080086708069,0.03643638268113136,0.04487200081348419
2197,0.3308641016483307,0.6153849959373474,0.017937570810317993,0.0
2198,0.552776038646698,0.5483869910240173,0.036658428609371185,0.01612900011241436
2199,0.5246090292930603,0.5920000076293945,0.04275238886475563,0.0560000017285347
2200,0.5001112818717957,0.3222219944000244,0.042645953595638275,0.11111100018024445
2201,0.48673781752586365,0.5,0.04260338097810745,0.078125
2202,0.5789600014686584,0.4385960102081299,0.03525286167860031,0.07017499953508377
2203,0.5754563212394714,0.5714290142059326,0.0322171226143837,0.12244900315999985
2204,0.4777126908302307,0.3680559992790222,0.04303951933979988,0.06944400072097778
2205,0.5929746627807617,0.75,7.632002234458923e-05,0.0
2206,0.4727690815925598,0.5869569778442383,0.04139003902673721,0.02173900045454502
2207,0.4003875255584717,0.6037740111351013,0.045349884778261185,0.05660400167107582
2208,0.35627827048301697,0.5,0.008002768270671368,0.0
2209,0.3820664882659912,0.33333298563957214,0.04226279258728027,0.0
2210,0.5383238196372986,0.6417109966278076,0.037777841091156006,0.0267379991710186
2211,0.2936244308948517,0.25,0.025480031967163086,0.0
2212,0.3335668444633484,0.5,8.222460746765137e-05,0.0
2213,0.4300522208213806,0.14285700023174286,0.00021782983094453812,0.0
2214,0.3967939615249634,0.35714301466941833,0.049902547150850296,0.03571400046348572
2215,0.5589046478271484,0.5407609939575195,0.03954894095659256,0.05163000151515007
2216,0.4870818257331848,0.40151500701904297,0.04683298617601395,0.01515199989080429
2217,0.5601381063461304,0.7746480107307434,0.036860741674900055,0.01408500038087368
2218,0.5766340494155884,0.5905799865722656,0.038994405418634415,0.018115999177098274
2219,0.49746274948120117,0.6666669845581055,0.039345353841781616,0.0
2220,0.5213576555252075,0.6399999856948853,0.04068225994706154,0.03999999910593033
2221,0.5477436184883118,0.49090901017189026,0.038665980100631714,0.09090899676084518
2222,0.5269858837127686,0.3333333134651184,1.23586505651474e-06,0.0
2223,0.5592424273490906,0.5204079747200012,0.036721013486385345,0.025510000064969063
2224,0.4232049584388733,0.5555559992790222,0.04384055361151695,0.07407400012016296
2225,0.5387628078460693,0.5384619832038879,0.00029584672302007675,0.0
2226,0.0250152125954628,0.0,1.014862209558487e-05,0.0
2227,0.4533211290836334,0.4796749949455261,0.04571891576051712,0.04878000169992447
2228,0.4565279483795166,0.625,4.986021667718887e-05,0.0
2229,0.5241081714630127,0.6063830256462097,0.04048004001379013,0.09574499726295471
2230,0.4418793320655823,0.44999998807907104,0.04214572161436081,0.10000000149011612
2231,0.5814787149429321,0.5745859742164612,0.03751236945390701,0.03314900025725365
2232,0.6005900502204895,0.6701570153236389,0.036427512764930725,0.06806299835443497
2233,0.605702817440033,0.5882350206375122,0.03428507596254349,0.029411999508738518
2234,0.5670020580291748,0.5824180245399475,0.038785599172115326,0.04395600035786629
2235,0.2012532353401184,0.27272701263427734,0.05273214727640152,0.09090899676084518
2236,0.3994936943054199,0.5925930142402649,0.04655176401138306,0.0
2237,0.24808692932128906,0.15384599566459656,0.058282993733882904,0.07692299783229828
2238,0.47238725423812866,0.5,5.4710544645786285e-05,0.0
2239,0.5517453551292419,0.4494380056858063,0.039490774273872375,0.0674159973859787
2240,0.5112729072570801,0.6315789818763733,0.03960128873586655,0.10526300221681595
2241,0.5960460901260376,0.6358019709587097,0.03710690885782242,0.012346000410616398
2242,0.5678151845932007,0.5555559992790222,6.777141243219376e-05,0.2222220003604889
2243,0.5953781008720398,0.7222219705581665,0.031132496893405914,0.05555599927902222
2244,0.3852089047431946,0.33333298563957214,3.7187710404396057e-06,0.0
2245,0.5910784006118774,0.7857139706611633,0.022366374731063843,0.0
2246,0.5842627286911011,0.5454549789428711,0.033972933888435364,0.0
2247,0.4826633334159851,0.5084750056266785,0.04307279735803604,0.0
2248,0.2472814917564392,0.6000000238418579,6.402935832738876e-05,0.0
2249,0.5768147706985474,0.3370789885520935,0.03963037580251694,0.07116100192070007
2250,0.46727481484413147,0.36363598704338074,0.04215636104345322,0.0227269995957613
2251,0.5600951910018921,0.4749999940395355,0.03575339913368225,0.0
2252,0.3927941918373108,0.16666699945926666,0.04739034175872803,0.16666699945926666
2253,0.4567493200302124,0.41304299235343933,0.04346105456352234,0.02173900045454502
2254,0.48087209463119507,0.5806450247764587,0.044279541820287704,0.03225800022482872
2255,0.4078885316848755,0.36363598704338074,0.04974467307329178,0.045455001294612885
2256,0.5736655592918396,0.5279412269592285,0.03876993805170059,0.01617646962404251
2257,0.5023631453514099,0.6226419806480408,0.041230395436286926,0.0
2258,0.48695796728134155,0.36000001430511475,0.04267788678407669,0.03999999910593033
2259,0.3746899366378784,0.5454549789428711,0.0010586706921458244,0.27272701263427734
2260,0.4449498653411865,0.4285709857940674,9.942613542079926e-05,0.0
2261,0.4032450020313263,0.550724983215332,0.04837722331285477,0.10144899785518646
2262,0.4034041166305542,0.25,9.191222488880157e-06,0.25
2263,0.5207064151763916,0.7272729873657227,4.997476935386658e-06,0.0
2264,0.4791256785392761,0.5238100290298462,0.040101535618305206,0.14285700023174286
2265,0.5081132054328918,0.34666699171066284,0.041794486343860626,0.013333000242710114
2266,0.4257694482803345,0.5333330035209656,0.04465530067682266,0.10000000149011612
2267,0.4950413107872009,0.5400000214576721,0.043784692883491516,0.019999999552965164
2268,0.521062433719635,0.5933330059051514,0.04187963902950287,0.086667001247406
2269,0.47797226905822754,0.6229509711265564,0.04277367144823074,0.06557399779558182
2270,0.2592841684818268,0.4000000059604645,4.654470831155777e-05,0.0
2271,0.4979413151741028,0.49333301186561584,0.04298405349254608,0.0
2272,0.39126354455947876,0.6875,0.0443592444062233,0.125
2273,0.390403151512146,0.32499998807907104,0.05012786015868187,0.05000000074505806
2274,0.563834547996521,0.7181209921836853,0.039271071553230286,0.04026800021529198
2275,0.4834754467010498,0.3076919913291931,0.001361539587378502,0.0
2276,0.4571911692619324,0.47058799862861633,0.04182641953229904,0.11764699965715408
2277,0.5912045240402222,0.6806719899177551,0.035532619804143906,0.054621998220682144
2278,0.5733509063720703,0.5202310085296631,0.0362667515873909,0.017340999096632004
2279,0.44328343868255615,0.3684209883213043,0.04633544012904167,0.05263200029730797
2280,0.5257757306098938,0.5627909898757935,0.04195413738489151,0.08372099697589874
2281,0.5177412629127502,0.699999988079071,0.0005444744601845741,0.20000000298023224
2282,0.42280113697052,0.375,0.04226279258728027,0.125
2283,0.4138679504394531,0.43333300948143005,0.04659502953290939,0.03333299979567528
2284,0.3932375907897949,0.125,-2.206023782491684e-05,0.0
2285,0.6501811742782593,0.800000011920929,0.031132496893405914,0.0
2286,0.5236359238624573,0.5202310085296631,0.04045875370502472,0.03468199819326401
2287,0.43302106857299805,0.41463398933410645,0.0452246330678463,0.024390000849962234
2288,0.4545833170413971,0.2513369917869568,0.04555484652519226,0.010695000179111958
2289,0.44988250732421875,0.5675680041313171,0.04739034175872803,0.02702699974179268
2290,0.3757997155189514,0.3076919913291931,0.04506521672010422,0.0
2291,0.5037267208099365,0.3956040143966675,0.04415429010987282,0.04395600035786629
2292,0.40697574615478516,0.38571399450302124,0.04503105953335762,0.0
2293,0.44555574655532837,0.4285709857940674,0.04565401375293732,0.04081600159406662
2294,0.2577475905418396,0.4545449912548065,-2.4786219000816345e-05,0.09090899676084518
2295,0.30293208360671997,0.2666670083999634,0.045970942825078964,0.0
2296,0.4848412871360779,0.39534899592399597,0.04202863946557045,0.023256000131368637
2297,0.42231351137161255,0.4285709857940674,7.187854498624802e-05,0.14285700023174286
2298,0.36444291472435,0.24050599336624146,0.047168247401714325,0.06329099833965302
2299,0.5589892864227295,0.3384619951248169,0.03522578999400139,0.0
2300,0.5378627181053162,0.6170210242271423,0.03919277340173721,0.04255300015211105
2301,0.3805714249610901,0.5,0.03875458613038063,0.0
2302,0.415583074092865,0.8181819915771484,0.00844221469014883,0.0
2303,0.5599537491798401,0.5,0.03928718715906143,0.0
2304,0.5737693309783936,0.7142860293388367,6.845220923423767e-07,0.0
2305,0.4334135055541992,0.45161300897598267,0.044370636343955994,0.06451600044965744
2306,0.009577766060829163,0.0,1.3350509107112885e-05,0.0
2307,0.4523589015007019,0.5714290142059326,0.042305365204811096,0.04761900007724762
2308,0.4644831717014313,0.4545449912548065,0.040315065532922745,0.13636399805545807
2309,0.510714590549469,0.5033559799194336,0.0413634330034256,0.03355700150132179
2310,0.4022539258003235,0.18181799352169037,3.788527101278305e-05,0.0
2311,0.5381045341491699,0.625,0.035308513790369034,0.125
2312,0.5613383054733276,0.46581199765205383,0.04059711471199989,0.0726500004529953
2313,0.3908766508102417,0.0,3.259629011154175e-06,0.0
2314,0.6241209506988525,0.5199999809265137,0.031132496893405914,0.019999999552965164
2315,0.47201135754585266,0.375,5.082506686449051e-05,0.125
2316,0.5765710473060608,0.4806869924068451,0.03752201795578003,0.05293300002813339
2317,0.5407642722129822,0.6120690107345581,0.039114467799663544,0.01724099926650524
2318,0.50979083776474,0.5,0.04253952205181122,0.019999999552965164
2319,0.48228633403778076,0.6200000047683716,0.04103881120681763,0.03999999910593033
2320,0.5965312123298645,0.6000000238418579,0.03461303189396858,0.03125
2321,0.5374897718429565,0.5799999833106995,0.03978743031620979,0.11999999731779099
2322,0.45098432898521423,0.0,1.1194497346878052e-06,0.0
2323,0.4942786395549774,0.5,-8.115079253911972e-05,0.0
2324,0.5336710810661316,0.4292449951171875,0.04210314154624939,0.02830200083553791
2325,0.5174405574798584,0.6052629947662354,0.04152308404445648,0.10526300221681595
2326,0.3343401849269867,0.08823499828577042,0.049550026655197144,0.0
2327,0.4587726593017578,0.1875,0.03729033097624779,0.0625
2328,0.5194661021232605,0.6148149967193604,0.0428842157125473,0.08888900279998779
2329,0.3765478730201721,0.11111100018024445,0.04765281081199646,0.11111100018024445
2330,0.35350579023361206,0.25641000270843506,0.04877617955207825,0.07692299783229828
2331,0.4688897132873535,0.407941997051239,0.0452360138297081,0.07220199704170227
2332,0.4527687430381775,0.41666701436042786,0.04398580268025398,0.05555599927902222
2333,0.31633222103118896,0.10714299976825714,0.05310886353254318,0.07142899930477142
2334,0.5652031898498535,0.6671779751777649,0.03966527432203293,0.018404999747872353
2335,0.5752030611038208,0.6090226173400879,0.0386563241481781,0.016290729865431786
2336,0.5292325019836426,0.5681819915771484,0.039072707295417786,0.0227269995957613
2337,0.38304251432418823,0.5652170181274414,0.049301113933324814,0.08695700019598007
2338,0.5983860492706299,0.4210529923439026,0.031132496893405914,0.05263200029730797
2339,0.13745315372943878,1.0,4.432164132595062e-06,0.0
2340,0.37329888343811035,0.08333300054073334,-2.487562596797943e-06,0.0
2341,0.5069252848625183,0.3793100118637085,0.04320591688156128,0.07586199790239334
2342,0.5351592302322388,0.5945950150489807,0.04045875370502472,0.03603599965572357
2343,0.4652772843837738,0.3274340033531189,0.044905804097652435,0.09734500199556351
2344,0.4620841145515442,0.17073200643062592,0.04781029000878334,0.08536600321531296
2345,0.6034419536590576,0.5185189843177795,0.03152603283524513,0.11111100018024445
2346,0.5888501405715942,0.7857139706611633,-4.0045008063316345e-05,0.0
2347,0.5119767189025879,0.5842700004577637,0.04135278984904289,0.0674159973859787
2348,0.3377019762992859,0.375,3.948807716369629e-06,0.125
2349,0.46727854013442993,0.22077900171279907,0.04356122761964798,0.012986999936401844
2350,0.4233643412590027,0.5,4.290696233510971e-05,0.08333300054073334
2351,0.6339502334594727,0.5408809781074524,0.03481890261173248,0.01886799931526184
2352,0.5222197771072388,0.6119400262832642,0.040128812193870544,0.07462699711322784
2353,0.5163427591323853,0.43333300948143005,0.04146454483270645,0.02500000037252903
2354,0.4817408621311188,0.36250001192092896,0.04741134122014046,0.05000000074505806
2355,0.5646473169326782,0.5074629783630371,0.03725171834230423,0.05970099940896034
2356,0.16855379939079285,0.0,6.782729178667068e-05,0.0
2357,0.603895366191864,0.5454549789428711,0.031132496893405914,0.0
2358,0.6461357474327087,0.5,-1.6787089407444e-05,0.07142899930477142
2359,0.5727385878562927,0.508197009563446,0.03618922084569931,0.0
2360,0.4539778232574463,0.23076899349689484,0.00026652682572603226,0.0
2361,0.6608424782752991,0.5714290142059326,0.031132496893405914,0.01785700023174286
2362,0.45457372069358826,0.48148098587989807,0.0522470697760582,0.11111100018024445
2363,0.5703915953636169,0.5370370149612427,0.03966527432203293,0.061253998428583145
2364,0.5914973020553589,0.5703120231628418,0.0372999906539917,0.0625
2365,0.3935352563858032,0.35294100642204285,0.05009063333272934,0.058823999017477036
2366,0.618871808052063,0.5615379810333252,0.034846119582653046,0.10000000149011612
2367,0.3847396969795227,0.33333298563957214,0.051905274391174316,0.04347800090909004
2368,0.4469240605831146,0.4554460048675537,0.04612993076443672,0.0643559992313385
2369,0.6076580286026001,0.5333330035209656,0.03539424389600754,0.03333299979567528
2370,0.5131078362464905,0.6746990084648132,0.04350542277097702,0.02409599907696247
2371,0.45295268297195435,0.3333333134651184,-1.7267651855945587e-05,0.0
2372,0.64070725440979,0.4000000059604645,0.031132496893405914,0.028571000322699547
2373,0.5803043246269226,0.5422139763832092,0.036976590752601624,0.031895000487565994
2374,0.5657652616500854,0.5,0.03526918217539787,0.0625
2375,0.49281612038612366,0.6216220259666443,0.04028845578432083,0.05405399948358536
2376,0.2669432759284973,0.2222220003604889,3.0145980417728424e-05,0.0
2377,0.4339144825935364,0.18181799352169037,0.0031478507444262505,0.09090899676084518
2378,0.5868306159973145,0.47033900022506714,0.03735307976603508,0.0338979996740818
2379,0.5354756116867065,0.375,0.019858434796333313,0.0
2380,0.5767931938171387,0.7083330154418945,0.033667150884866714,0.0
2381,0.44292381405830383,0.48780500888824463,0.04398580268025398,0.024390000849962234
2382,0.3458561301231384,0.36363598704338074,0.0018963012844324112,0.09090899676084518
2383,0.509812593460083,0.7111110091209412,0.04007826745510101,0.022221999242901802
2384,0.44278138875961304,0.3846150040626526,0.0006461804732680321,0.15384599566459656
2385,0.6503098011016846,0.7894740104675293,0.031132496893405914,0.05263200029730797
2386,0.313098281621933,0.3846150040626526,0.00023498106747865677,0.0
2387,0.5518758893013,0.5823529958724976,0.041299574077129364,0.041175998747348785
2388,0.24402952194213867,0.058823999017477036,0.051614947617053986,0.058823999017477036
2389,0.4327943027019501,0.47826099395751953,0.04281765967607498,0.0
2390,0.5578784942626953,0.7631580233573914,0.03933371976017952,0.0
2391,0.4995921552181244,0.5909090042114258,0.04115588963031769,0.01515199989080429
2392,0.4761642515659332,0.5794870257377625,0.04475777968764305,0.025640999898314476
2393,0.5336947441101074,0.3846150040626526,0.038279835134744644,0.11538500338792801
2394,0.49753352999687195,0.47058799862861633,0.038014356046915054,0.058823999017477036
2395,0.5817971229553223,0.33333298563957214,-2.122577279806137e-05,0.0
2396,0.6161781549453735,0.6293439865112305,0.03457661718130112,0.019305000081658363
2397,0.3280736207962036,0.5199999809265137,0.05138648301362991,0.03999999910593033
2398,0.5733930468559265,0.4117650091648102,0.03430670499801636,0.11764699965715408
2399,0.5084460973739624,0.36363598704338074,0.0002562394365668297,0.09090899676084518
2400,0.41801202297210693,0.5142859816551208,0.04810425639152527,0.0
2401,0.5194854736328125,0.31578901410102844,0.0355972945690155,0.05263200029730797
2402,0.5455876588821411,0.51351398229599,0.037411004304885864,0.10810799896717072
2403,0.4382820129394531,0.5,0.037814103066921234,0.07142899930477142
2404,0.37081441283226013,0.3333333134651184,-1.9701197743415833e-05,0.16666670143604279
2405,0.4075663685798645,0.6000000238418579,3.109592944383621e-05,0.0
2406,0.36383920907974243,0.24050599336624146,0.04967261850833893,0.10126599669456482
2407,0.4573395550251007,0.4444440007209778,0.039420969784259796,0.11111100018024445
2408,0.5974864959716797,0.5049999952316284,0.03608056157827377,0.029999999329447746
2409,0.23692873120307922,0.16666699945926666,-6.236974149942398e-05,0.0
2410,0.38379716873168945,0.41666701436042786,0.0004763612523674965,0.08333300054073334
2411,0.5334606170654297,0.6000000238418579,3.670342266559601e-06,0.0
2412,0.39402949810028076,0.08333300054073334,0.0001049162819981575,0.16666699945926666
2413,0.4368489384651184,0.41666701436042786,0.04951108992099762,0.08333300054073334
2414,0.6239492893218994,0.6865670084953308,0.0356048159301281,0.04477600008249283
2415,0.3750443160533905,0.5,0.04846121370792389,0.045455001294612885
2416,0.48608821630477905,0.625,0.04259273782372475,0.020833000540733337
2417,0.4951995611190796,0.2608700096607208,0.040101535618305206,0.17391300201416016
2418,0.24664068222045898,0.21428599953651428,0.053284309804439545,0.14285700023174286
2419,0.47728168964385986,0.5,0.04415429010987282,0.03448300063610077
2420,0.4622824788093567,0.550000011920929,0.038785599172115326,0.05000000074505806
2421,0.5076631307601929,0.42105260491371155,0.0425075925886631,0.061403509229421616
2422,0.5044873356819153,0.4429529905319214,0.04297295957803726,0.02013400010764599
2423,0.5646981000900269,0.17073200643062592,0.03778266906738281,0.07317099720239639
2424,0.5823686122894287,0.6111109852790833,0.03419135883450508,0.05555599927902222
2425,0.6584030985832214,0.7727270126342773,0.031132496893405914,0.0
2426,0.2410351037979126,0.20000000298023224,1.835078001022339e-05,0.20000000298023224
2427,0.28438568115234375,0.5,6.108451634645462e-05,0.0
2428,0.4390207529067993,0.625,-4.247482866048813e-05,0.125
2429,0.4912998676300049,0.38888901472091675,0.03805297240614891,0.11111100018024445
2430,0.5233250260353088,0.4893620014190674,0.04235858470201492,0.06383000314235687
2431,0.5257739424705505,1.0,4.789792001247406e-06,0.0
2432,0.4720301628112793,0.5214723944664001,0.04597850143909454,0.05828221142292023
2433,0.2911390960216522,0.17647099494934082,0.05659367889165878,0.058823999017477036
2434,0.23402348160743713,0.20000000298023224,0.05322238802909851,0.05000000074505806
2435,0.4024116098880768,0.6388890147209167,0.04515631124377251,0.0
2436,0.2511104941368103,0.25,0.052685707807540894,0.14285700023174286
2437,0.2196732759475708,0.33333298563957214,2.6025809347629547e-05,0.16666699945926666
2438,0.5852375030517578,0.33333298563957214,0.03244667872786522,0.0
2439,0.5677928924560547,0.5,0.03965945541858673,0.11111100018024445
2440,0.5177759528160095,0.4588240087032318,0.04048004001379013,0.035294000059366226
2441,0.6182527542114258,0.5169079899787903,0.03563922643661499,0.05313999950885773
2442,0.567048966884613,0.6000000238418579,0.036462992429733276,0.05714299902319908
2443,0.5533948540687561,0.5384619832038879,0.036433424800634384,0.12820500135421753
2444,0.5478416681289673,0.5964909791946411,0.04019267112016678,0.014619999565184116
2445,0.52018803358078,0.5037040114402771,0.03905182331800461,0.014814999885857105
2446,0.3590984642505646,0.6029409766197205,0.05198091268539429,0.07352899760007858
2447,0.43342381715774536,0.3684209883213043,0.04235858470201492,0.05263200029730797
2448,0.4414904713630676,0.4000000059604645,0.02117188647389412,0.0
2449,0.5268132090568542,0.4230769872665405,0.035664401948451996,0.07692299783229828
2450,0.3518233001232147,0.625,1.9429251551628113e-05,0.0
2451,0.5687747001647949,0.5,0.03785024583339691,0.0412370003759861
2452,0.5706798434257507,0.6212120056152344,0.03459583595395088,0.045455001294612885
2453,0.5665491223335266,0.4059410095214844,0.03796608746051788,0.054455000907182693
2454,0.5269239544868469,0.646465003490448,0.04065033048391342,0.07070700079202652
2455,0.44557660818099976,0.625,-1.821480691432953e-05,0.125
2456,0.4938954710960388,0.589743971824646,0.04377351701259613,0.03846200183033943
2457,0.4638116955757141,0.5555559992790222,0.0408046580851078,0.0
2458,0.3920237421989441,0.5,1.309812068939209e-05,0.0
2459,0.6016846895217896,0.7916669845581055,0.031493209302425385,0.04166699945926666
2460,0.4892105460166931,0.5121949911117554,0.04239051416516304,0.009755999781191349
2461,0.3963695168495178,0.41666701436042786,0.047642312943935394,0.04166699945926666
2462,0.5731706619262695,0.5762709975242615,0.037628211081027985,0.0338979996740818
2463,0.4768717288970947,0.6923080086708069,0.0004375055432319641,0.0
2464,0.3055007755756378,0.3684209883213043,0.053965501487255096,0.0
2465,0.43229934573173523,0.4000000059604645,1.9529834389686584e-06,0.0
2466,0.4631837010383606,0.5168539881706238,0.04399697855114937,0.05618000030517578
2467,0.5427260398864746,0.4958679974079132,0.038009531795978546,0.04958700016140938
2468,0.6491612195968628,0.75,0.031132496893405914,0.0625
2469,0.580268144607544,0.4399999976158142,0.034315355122089386,0.03999999910593033
2470,0.46257954835891724,0.16666699945926666,3.128964453935623e-05,0.16666699945926666
2471,0.4047830104827881,0.4230769872665405,0.04369530826807022,0.11538500338792801
2472,0.36980003118515015,0.800000011920929,0.04659782722592354,0.06666699796915054
2473,0.6465253829956055,0.6979870200157166,0.03326261416077614,0.03355700150132179
2474,0.41207391023635864,0.5925930142402649,0.049091141670942307,0.07407400012016296
2475,0.5692701935768127,0.5502009987831116,0.03622322529554367,0.03614500164985657
2476,0.6293073892593384,0.6153849959373474,1.3799406588077545e-05,0.0
2477,0.511584997177124,0.6206899881362915,0.039967745542526245,0.03448300063610077
2478,0.41322678327560425,0.4000000059604645,-3.2386742532253265e-05,0.0
2479,0.35571467876434326,0.25,0.0008408622816205025,0.0
2480,0.42145147919654846,0.5,7.599592208862305e-07,0.0
2481,0.503871738910675,0.4761900007724762,0.03645264357328415,0.0
2482,0.6053240895271301,0.5016499757766724,0.0375702865421772,0.026403000578284264
2483,0.5756958723068237,0.49230799078941345,0.038183294236660004,0.023076999932527542
2484,0.5508129000663757,0.5964130163192749,0.0408046580851078,0.05381200090050697
2485,0.3863372206687927,0.20000000298023224,-2.5111250579357147e-05,0.0
2486,0.482960969209671,0.4272730052471161,0.04330574721097946,0.045455001294612885
2487,0.5785552263259888,0.4911504089832306,0.0385211743414402,0.0398230105638504
2488,0.5296792984008789,0.49780699610710144,0.04134746640920639,0.004385964944958687
2489,0.5894191265106201,0.5576919913291931,0.031132496893405914,0.019231000915169716
2490,0.5996540188789368,0.6206896901130676,0.031132496893405914,0.1034483015537262
2491,0.40280675888061523,0.625,0.04493996500968933,0.08333300054073334
2492,0.30152761936187744,0.0,-5.882233381271362e-06,0.25
2493,0.4196881055831909,0.4285709857940674,3.0370429158210754e-06,0.0
2494,0.3636783957481384,0.2857140004634857,-4.150904715061188e-06,0.0
2495,0.4842612147331238,0.4117650091648102,0.0387125164270401,0.058823999017477036
2496,0.3520536720752716,0.41935500502586365,0.04743234068155289,0.22580599784851074
2497,0.5452709197998047,0.5105739831924438,0.03951985388994217,0.03021148033440113
2498,0.5747368335723877,0.6000000238418579,0.039671093225479126,0.052000001072883606
2499,0.5442017316818237,0.42986398935317993,0.04144325852394104,0.040724001824855804
2500,0.47025611996650696,0.6951220035552979,0.04460975527763367,0.0365849994122982
2501,0.6189676523208618,0.592307984828949,0.03444916009902954,0.046153999865055084
2502,0.3946351706981659,0.3076919913291931,0.002411934547126293,0.0
2503,0.5671585202217102,0.619047999382019,0.03787437826395035,0.023809999227523804
2504,0.2901390492916107,0.33333298563957214,0.012123730964958668,0.0
2505,0.5147291421890259,0.47368401288986206,0.03980487585067749,0.07894700020551682
2506,0.3989903926849365,0.125,5.065836012363434e-05,0.125
2507,0.3827316164970398,1.0,-8.231960237026215e-06,0.0
2508,0.5808237195014954,0.8823530077934265,0.03478340804576874,0.0
2509,0.5693444609642029,0.5456389784812927,0.03930463641881943,0.0263689998537302
2510,0.47863468527793884,0.4948979914188385,0.045956868678331375,0.030611999332904816
2511,0.4600389897823334,0.6875,0.0462813563644886,0.015625
2512,0.27789798378944397,0.33333298563957214,1.0241754353046417e-05,0.0
2513,0.23006951808929443,0.33333298563957214,0.00013947580009698868,0.0
2514,0.49437639117240906,0.75,2.7744099497795105e-06,0.0
2515,0.6462253332138062,0.6946560144424438,0.03181128576397896,0.03053399920463562
2516,0.47215601801872253,0.4675320088863373,0.04367295652627945,0.012986999936401844
2517,0.4876360595226288,0.4444440007209778,0.0001850007101893425,0.11111100018024445
2518,0.5602951049804688,0.5714290142059326,0.03483310341835022,0.07142899930477142
2519,0.5669844746589661,0.3517589867115021,0.03919798880815506,0.07872699946165085
2520,0.517247200012207,0.43216100335121155,0.04317263513803482,0.08542700111865997
2521,0.5999966859817505,0.5365849733352661,0.03585348278284073,0.04878000169992447
2522,0.3559054732322693,0.31818199157714844,0.04992008954286575,0.045455001294612885
2523,0.5959797501564026,0.6315789818763733,0.035130709409713745,0.10526300221681595
2524,0.44874244928359985,0.75,3.917887806892395e-05,0.0
2525,0.6177066564559937,0.6913880109786987,0.03587082773447037,0.026316000148653984
2526,0.6166021823883057,0.6947119832038879,0.03677099943161011,0.033654000610113144
2527,0.4773707389831543,0.4375,0.03780680149793625,0.0
2528,0.44491955637931824,0.415583997964859,0.04566483199596405,0.025973999872803688
2529,0.48158878087997437,0.3548389971256256,0.042624667286872864,0.04838699847459793
2530,0.5389613509178162,0.75,0.03905182331800461,0.05000000074505806
2531,0.5458092093467712,0.31034499406814575,0.03657909482717514,0.03448300063610077
2532,0.5477557182312012,0.47183099389076233,0.04091109335422516,0.0211267601698637
2533,0.5173119902610779,0.5814980268478394,0.042379871010780334,0.07489000260829926
2534,0.49459266662597656,0.38888901472091675,0.04127828776836395,0.08333300054073334
2535,0.49517375230789185,0.375,0.002899504266679287,0.1875
2536,0.29546448588371277,0.27272701263427734,9.05599445104599e-05,0.0
2537,0.3970777988433838,0.6296300292015076,0.043762341141700745,0.0
2538,0.5030961036682129,0.3055559992790222,0.04302842915058136,0.13888899981975555
2539,0.3682031035423279,0.6666669845581055,0.051932841539382935,0.0
2540,0.019481372088193893,0.5,1.2961216270923615e-05,0.0
2541,0.5393703579902649,0.528302013874054,0.03835223615169525,0.0943399965763092
2542,0.44104447960853577,0.40625,0.0443364754319191,0.078125
2543,0.5407296419143677,0.6000000238418579,7.199123501777649e-07,0.0
2544,0.4373914897441864,0.4666669964790344,0.04777879640460014,0.08888900279998779
2545,0.5495651364326477,0.5567010045051575,0.038579098880290985,0.020618999376893044
2546,0.49184203147888184,0.534883975982666,0.0407993383705616,0.06976699829101562
2547,0.5042980909347534,0.6666669845581055,0.0351034551858902,0.11111100018024445
2548,0.40058350563049316,0.0,-1.8443912267684937e-05,0.25
2549,0.4670902490615845,0.7272729873657227,0.040506646037101746,0.0
2550,0.35450828075408936,0.49230799078941345,0.051926836371421814,0.046153999865055084
2551,0.2827014923095703,0.2222220003604889,0.05085589364171028,0.06666699796915054
2552,0.5913857817649841,0.375,0.031132496893405914,0.04166699945926666
2553,0.5731161832809448,0.4813080132007599,0.03704898804426193,0.04205600172281265
2554,0.5582576990127563,0.5909090042114258,0.035681188106536865,0.045455001294612885
2555,0.5191771984100342,0.6631579995155334,0.04224151000380516,0.05263200029730797
2556,0.5663483738899231,0.7272729873657227,0.03463427349925041,0.0
2557,0.41994860768318176,0.4285709857940674,0.00634602177888155,0.21428599953651428
2558,0.5463473796844482,0.4776119887828827,0.03885345906019211,0.022388000041246414
2559,0.45660462975502014,0.47368401288986206,0.03795160725712776,0.0
2560,0.5683498978614807,0.5986390113830566,0.03824121505022049,0.04081600159406662
2561,0.5332139730453491,0.46000000834465027,0.03837154805660248,0.05999999865889549
2562,0.4710666537284851,0.5,2.017337828874588e-05,0.10000000149011612
2563,0.47461557388305664,0.800000011920929,3.4635886549949646e-06,0.0
2564,0.4458189308643341,0.029411999508738518,0.041528403759002686,0.029411999508738518
2565,0.4245617389678955,0.25,0.05009808391332626,0.0
2566,0.6103969812393188,0.5357139706611633,0.033816639333963394,0.08928599953651428
2567,0.4274231791496277,0.3960399925708771,0.04607584699988365,0.05940600112080574
2568,0.5048890709877014,0.3703700006008148,0.04351653531193733,0.03703700006008148
2569,0.42876267433166504,0.33333298563957214,0.03372618928551674,0.0
2570,0.570932149887085,0.5,0.03297680616378784,0.04761900007724762
2571,0.31104153394699097,0.19642899930477142,0.05219724774360657,0.01785700023174286
2572,0.4345545172691345,0.4285709857940674,0.04533849656581879,0.05952399969100952
2573,0.1391197144985199,0.1333329975605011,0.0569877028465271,0.0
2574,0.4101513922214508,0.36363598704338074,0.043941110372543335,0.045455001294612885
2575,0.014146171510219574,0.0,7.423572242259979e-06,0.0
2576,0.5855173468589783,0.5625,0.03607514128088951,0.05208300054073334
2577,0.2105855643749237,0.33333298563957214,0.0033948738127946854,0.0
2578,0.34752458333969116,0.33333298563957214,0.0532069057226181,0.20833300054073334
2579,0.45272955298423767,0.3043479919433594,0.046367887407541275,0.062111999839544296
2580,0.5427932143211365,0.5221239924430847,0.041586942970752716,0.09734500199556351
2581,0.5713582634925842,0.5510200262069702,0.0353536382317543,0.06122399866580963
2582,0.48611074686050415,0.33333298563957214,0.03817364573478699,0.0
2583,0.4750223457813263,0.4210529923439026,0.044075191020965576,0.01754399947822094
2584,0.4764042794704437,0.5,3.155320882797241e-06,0.25
2585,0.6031267642974854,0.7307689785957336,0.03451187536120415,0.0
2586,0.37324097752571106,0.27272701263427734,0.00037261564284563065,0.0
2587,0.5841829180717468,0.5262467265129089,0.03815433382987976,0.013123360462486744
2588,0.6190608739852905,0.8888890147209167,9.889714419841766e-06,0.0
2589,0.33152127265930176,0.33333298563957214,0.04994640499353409,0.11764699965715408
2590,0.3606402277946472,0.43243199586868286,0.04832473397254944,0.02702699974179268
2591,0.3177759647369385,0.35294100642204285,0.04868168383836746,0.058823999017477036
2592,0.23351478576660156,0.2857140004634857,-1.4662742614746094e-05,0.2857140004634857
2593,0.46021637320518494,0.44137901067733765,0.047799788415431976,0.11034499853849411
2594,0.5586897730827332,0.5333330035209656,-1.6751699149608612e-05,0.1333329975605011
2595,0.39822107553482056,0.14285700023174286,-9.139999747276306e-06,0.0
2596,0.5867488384246826,0.6064940094947815,0.03808675706386566,0.045455001294612885
2597,0.45545488595962524,0.5,0.0002685645595192909,0.10000000149011612
2598,0.4476819634437561,0.4285709857940674,-2.2229738533496857e-05,0.14285700023174286
2599,0.6114271879196167,0.6000000238418579,0.03349313512444496,0.029999999329447746
2600,0.537747323513031,0.6290320158004761,0.03820260614156723,0.0
2601,0.37069278955459595,0.75,1.1906959116458893e-05,0.0
2602,0.5572288632392883,0.47368401288986206,0.031132496893405914,0.0
2603,0.4248197078704834,0.30000001192092896,0.0001379912719130516,0.0
2604,0.45465219020843506,0.25,2.0274892449378967e-06,0.0
2605,0.4389140009880066,0.17948700487613678,0.0429951474070549,0.1025639995932579
2606,0.5989620685577393,0.651515007019043,0.035382211208343506,0.030302999541163445
2607,0.5419880151748657,0.6363639831542969,0.038916103541851044,0.01515199989080429
2608,0.396537184715271,0.2777779996395111,0.044268153607845306,0.0
2609,0.5690423846244812,0.625,0.03154419735074043,0.0
2610,0.3947030305862427,0.0,3.21120023727417e-06,0.0
2611,0.44267964363098145,0.6666669845581055,-5.355104804039001e-07,0.0
2612,0.5598658919334412,0.4693880081176758,0.03922409191727638,0.02040800079703331
2613,0.4360542297363281,0.11594200134277344,0.04336121678352356,0.05797100067138672
2614,0.4382361173629761,0.36111098527908325,0.04423399269580841,0.02777799963951111
2615,0.36874455213546753,0.0,9.833555668592453e-05,0.0
2616,0.4629644751548767,0.550000011920929,0.04119314253330231,0.05000000074505806
2617,0.5063327550888062,0.6296300292015076,0.037256546318531036,0.0
2618,0.3700573444366455,0.14285700023174286,0.04960660636425018,0.07142899930477142
2619,0.4917994737625122,0.508197009563446,0.0443023145198822,0.04508199915289879
2620,0.36923447251319885,0.36000001430511475,0.04872368276119232,0.07999999821186066
2621,0.47556477785110474,0.4000000059604645,0.043161541223526,0.11999999731779099
2622,0.45510226488113403,0.3125,0.0425075925886631,0.0625
2623,0.5129957795143127,0.6056780219078064,0.04322810098528862,0.05047300085425377
2624,0.38391026854515076,0.6000000238418579,0.046140749007463455,0.0
2625,0.4447312355041504,0.5016840100288391,0.04635707288980484,0.030302999541163445
2626,0.5024981498718262,0.3684209883213043,0.040847234427928925,0.10526300221681595
2627,0.43349677324295044,0.4760270118713379,0.0466923750936985,0.054795000702142715
2628,0.2934640645980835,0.11111100018024445,0.0006051352247595787,0.11111100018024445
2629,0.6333460807800293,0.36363598704338074,0.031132496893405914,0.0
2630,0.3186537027359009,0.17647099494934082,0.048891663551330566,0.0
2631,0.5542281270027161,0.6363639831542969,1.3904646039009094e-06,0.0
2632,0.3763735890388489,0.6666669845581055,4.0084123611450195e-06,0.0
2633,0.4715798497200012,0.4444440007209778,4.107039421796799e-05,0.11111100018024445
2634,0.4879264533519745,0.6049379706382751,0.043862901628017426,0.02880699932575226
2635,0.5617871880531311,0.610496997833252,0.03933371976017952,0.0773480013012886
2636,0.4731125831604004,0.3139530122280121,0.044985510408878326,0.09302300214767456
2637,0.5994210839271545,0.8048779964447021,0.035073310136795044,0.024390000849962234
2638,0.49467891454696655,0.5428569912910461,0.04162951558828354,0.14285700023174286
2639,0.3034673035144806,0.2857140004634857,-2.4694018065929413e-05,0.14285700023174286
2640,0.5593456029891968,0.6153849959373474,-3.342237323522568e-05,0.07692299783229828
2641,0.4689639210700989,0.4285709857940674,0.006845436058938503,0.0
2642,0.44836050271987915,0.5142859816551208,0.04495135322213173,0.11428599804639816
2643,0.5527762770652771,0.800000011920929,-4.249159246683121e-05,0.0
2644,0.43646326661109924,0.7058820128440857,0.05172283202409744,0.058823999017477036
2645,0.21360501646995544,0.4444440007209778,0.04250479117035866,0.0
2646,0.4702049493789673,0.3799999952316284,0.04359474778175354,0.07999999821186066
2647,0.4815092980861664,0.5,0.03893698379397392,0.07692299783229828
2648,0.6130450367927551,0.6581199765205383,0.03255447745323181,0.05128199979662895
2649,0.5432604551315308,0.4545449912548065,0.03764751926064491,0.12121199816465378
2650,0.5310670137405396,0.41818198561668396,0.03828948736190796,0.04090899974107742
2651,0.27403855323791504,0.21568599343299866,0.054422393441200256,0.11764699965715408
2652,0.46657413244247437,0.4545449912548065,0.0016491301357746124,0.0
2653,0.574317216873169,0.7555559873580933,0.03538672253489494,0.044443998485803604
2654,0.5270512700080872,0.5723080039024353,0.040240563452243805,0.012307999655604362
2655,0.5107549428939819,0.6571429967880249,0.04007826745510101,0.028571000322699547
2656,0.5231822729110718,0.4821428954601288,0.04162951558828354,0.0089285708963871
2657,0.48291295766830444,0.5,0.04737984016537666,0.1875
2658,0.5469979047775269,0.5498009920120239,0.038837797939777374,0.03187299892306328
2659,0.5049864053726196,0.49163898825645447,0.04286203160881996,0.02006700076162815
2660,0.6497400999069214,0.5833330154418945,0.031132496893405914,0.0
2661,0.3512846827507019,0.41935500502586365,0.05172917991876602,0.0
2662,0.5877162218093872,0.421875,0.0357574000954628,0.046875
2663,0.5372419357299805,0.47706401348114014,0.039114467799663544,0.06421999633312225
2664,0.43475160002708435,0.4615379869937897,0.04251823201775551,0.0
2665,0.5516474843025208,0.6363639831542969,0.031132496893405914,0.0
2666,0.31030717492103577,0.4000000059604645,0.05195087194442749,0.03333299979567528
2667,0.596112072467804,0.6100919842720032,0.037995051592588425,0.009173999540507793
2668,0.4263918399810791,0.4444440007209778,0.0438852459192276,0.11111100018024445
2669,0.5566571950912476,0.48148098587989807,0.032057326287031174,0.03703700006008148
2670,0.5809308290481567,0.5806450247764587,0.03766682744026184,0.04032300040125847
2671,0.5287764668464661,0.43636399507522583,0.03606565296649933,0.054545000195503235
2672,0.520806610584259,0.5915489792823792,0.0406130813062191,0.028169000521302223
2673,0.5573744177818298,0.7142860293388367,-3.431830555200577e-05,0.0
2674,0.5705916881561279,0.6271190047264099,0.037811629474163055,0.0169489998370409
2675,0.5775210857391357,0.2479339987039566,0.037579942494630814,0.01652899943292141
2676,0.4315497875213623,0.375,-2.089235931634903e-05,0.0
2677,0.6079301834106445,0.5932719707489014,0.0343499593436718,0.009173999540507793
2678,0.42666110396385193,0.40963900089263916,0.04668156057596207,0.07228899747133255
2679,0.4271349012851715,0.4666669964790344,0.021885700523853302,0.0
2680,0.49941831827163696,0.4528299868106842,0.04195413738489151,0.03773599863052368
2681,0.29770687222480774,0.20967699587345123,0.051926836371421814,0.09677399694919586
2682,0.46605047583580017,0.25,-3.054179251194e-05,0.0
2683,0.440606951713562,0.7142860293388367,-1.8994323909282684e-05,0.0
2684,0.613159716129303,0.6866670250892639,0.03593958914279938,0.013333000242710114
2685,0.35385823249816895,0.30000001192092896,0.00014322716742753983,0.0
2686,0.49872660636901855,0.7333329916000366,0.006598633714020252,0.0
2687,0.42078864574432373,0.7083330154418945,0.05338752269744873,0.08333300054073334
2688,0.5656418204307556,0.514706015586853,0.03742548078298569,0.029411999508738518
2689,0.40840110182762146,0.37313398718833923,0.0504554808139801,0.014925000257790089
2690,0.5707786679267883,0.5964909791946411,0.037579942494630814,0.03508799895644188
2691,0.4792107939720154,0.375,0.04395228251814842,0.03125
2692,0.40289655327796936,0.4615379869937897,0.0067170122638344765,0.07692299783229828
2693,0.5754415988922119,0.6846539974212646,0.03870730102062225,0.07419899851083755
2694,0.5061652064323425,0.41666701436042786,0.0004982585087418556,0.0
2695,0.42167019844055176,0.2380950003862381,0.05097397789359093,0.0
2696,0.5019784569740295,0.2857140004634857,-6.034038960933685e-06,0.0
2697,0.3593321442604065,0.5,-8.408445864915848e-05,0.0
2698,0.34371864795684814,0.2222220003604889,4.0261074900627136e-05,0.11111100018024445
2699,0.4087625741958618,0.49180299043655396,0.04734834283590317,0.04918000102043152
2700,0.23505568504333496,0.2857140004634857,0.00010858289897441864,0.14285700023174286
2701,0.555141270160675,0.5460990071296692,0.040730156004428864,0.039007000625133514
2702,0.5275365114212036,0.43678200244903564,0.03905182331800461,0.03448300063610077
2703,0.619875967502594,0.6712329983711243,0.0358227863907814,0.08023499697446823
2704,0.4531390964984894,0.40721601247787476,0.04566483199596405,0.020618999376893044
2705,0.48595282435417175,0.6806719899177551,0.044177062809467316,0.025210000574588776
2706,0.5240479707717896,0.5761590003967285,0.04089512676000595,0.043046001344919205
2707,0.5864439010620117,0.6437659859657288,0.03706347197294235,0.05343500152230263
2708,0.4907984733581543,0.6145830154418945,0.043751172721385956,0.0
2709,0.4590612053871155,0.25,2.6365742087364197e-06,0.0
2710,0.5029121041297913,0.5205479860305786,0.039578020572662354,0.013698999769985676
2711,0.5359220504760742,0.45070400834083557,0.04116120934486389,0.01408500038087368
2712,0.40799009799957275,0.4920629858970642,0.04659502953290939,0.03174600005149841
2713,0.4822339713573456,0.4655170142650604,0.04062904790043831,0.10344800353050232
2714,0.39689987897872925,0.4210529923439026,0.045772992074489594,0.05263200029730797
2715,0.3475135266780853,0.4285709857940674,0.05141186714172363,0.023809999227523804
2716,0.49332574009895325,0.5769230127334595,0.04511076584458351,0.05769199877977371
2717,0.4539666175842285,0.6351349949836731,0.04425676912069321,0.06756799668073654
2718,0.5015251636505127,0.5405409932136536,0.04303951933979988,0.018017999827861786
2719,0.35488981008529663,0.45833298563957214,0.04462113976478577,0.0
2720,0.5796101093292236,0.6363639831542969,9.2359259724617e-06,0.0
2721,0.6195134520530701,0.75,0.03396555036306381,0.02777799963951111
2722,0.4800550937652588,0.28813600540161133,0.04066629707813263,0.0169489998370409
2723,0.599564790725708,0.5882350206375122,0.031132496893405914,0.0
2724,0.40139809250831604,0.4545449912548065,0.04688706994056702,0.045455001294612885
2725,0.3242017924785614,0.4000000059604645,5.890615284442902e-06,0.20000000298023224
2726,0.4401993453502655,0.2666670083999634,0.04808325320482254,0.03333299979567528
2727,0.2854663133621216,0.0,2.0827166736125946e-05,0.0
2728,0.43209898471832275,0.6000000238418579,0.00014889705926179886,0.0
2729,0.4381004869937897,0.5531910061836243,0.04392993822693825,0.04255300015211105
2730,0.4871516525745392,0.415583997964859,0.04333902895450592,0.012986999936401844
2731,0.1812995970249176,0.33333298563957214,-2.2044405341148376e-06,0.0
2732,0.3849064111709595,0.2857140004634857,0.01498390268534422,0.07142899930477142
2733,0.5604127645492554,0.699999988079071,1.8122605979442596e-05,0.0
2734,0.6029447317123413,0.6923080086708069,0.0341654047369957,0.054944999516010284
2735,0.48572033643722534,0.6923080086708069,0.044052839279174805,0.025640999898314476
2736,0.21533054113388062,0.25,2.342555671930313e-05,0.0
2737,0.25545984506607056,0.1875,0.05556026101112366,0.0625
2738,0.5833961963653564,0.5228539705276489,0.038226738572120667,0.024526000022888184
2739,0.5816744565963745,0.6347830295562744,0.03806745260953903,0.10434799641370773
2740,0.32220885157585144,0.0,3.588106483221054e-05,0.125
2741,0.4681854546070099,0.4210529923439026,0.041262321174144745,0.05263200029730797
2742,0.5718145370483398,0.549019992351532,0.0386563241481781,0.034313999116420746
2743,0.5878654718399048,0.6896550059318542,0.031132496893405914,0.03448300063610077
2744,0.5295642614364624,0.800000011920929,4.23286110162735e-06,0.0
2745,0.257637083530426,0.0,3.315228968858719e-05,0.0
2746,0.6047253608703613,0.6153849959373474,0.03387236222624779,0.025640999898314476
2747,0.416991651058197,0.125,-1.6774050891399384e-05,0.125
2748,0.5203000903129578,0.30000001192092896,0.041241034865379333,0.0
2749,0.29411569237709045,0.2857140004634857,0.00012044701725244522,0.0
2750,0.2869575023651123,0.5,0.05386725068092346,0.16666699945926666
2751,0.3498614430427551,0.23529399931430817,0.04413793236017227,0.0
2752,0.3348384499549866,0.0,4.575960338115692e-05,0.0
2753,0.5572894215583801,0.4000000059604645,0.03897874429821968,0.03999999910593033
2754,0.5233115553855896,0.5164470076560974,0.041719984263181686,0.0230260007083416
2755,0.45665690302848816,0.6923080086708069,0.03965364024043083,0.0
2756,0.16614878177642822,0.0,3.019813448190689e-05,0.0
2757,0.4640432596206665,0.3271600008010864,0.04399697855114937,0.018518999218940735
2758,0.5486937165260315,0.4383560121059418,0.037613727152347565,0.027396999299526215
2759,0.5124894380569458,0.36363598704338074,0.03650882840156555,0.0
2760,0.30664047598838806,0.20000000298023224,5.043111741542816e-06,0.20000000298023224
2761,0.3429524302482605,0.4086959958076477,0.04998936131596565,0.07826100289821625
2762,0.4231293201446533,0.6000000238418579,0.048177748918533325,0.0
2763,0.46158772706985474,0.4399999976158142,0.044905804097652435,0.03999999910593033
2764,0.4777090847492218,0.434783011674881,0.03685591742396355,0.08695700019598007
2765,0.4731161594390869,0.4144139885902405,0.04460975527763367,0.03603599965572357
2766,0.5984881520271301,0.45522400736808777,0.03540928661823273,0.0074629997834563255
2767,0.39536023139953613,0.375,0.04797826707363129,0.0
2768,0.49432408809661865,0.6129029989242554,0.03950822353363037,0.03225800022482872
2769,0.33259525895118713,0.41666701436042786,0.048471711575984955,0.04166699945926666
2770,0.4717283546924591,0.4000000059604645,0.05426027625799179,0.15000000596046448
2771,0.377946138381958,1.0,2.1957792341709137e-05,0.0
2772,0.3709368407726288,0.20000000298023224,0.0001458795741200447,0.30000001192092896
2773,0.4461568593978882,0.4615379869937897,0.008436947129666805,0.0
2774,0.5549825429916382,0.6415089964866638,0.0404215008020401,0.04245299845933914
2775,0.435199499130249,0.4399999976158142,0.04868168383836746,0.03999999910593033
2776,0.49328479170799255,0.5542169809341431,0.04214572161436081,0.03614500164985657
2777,0.4195590019226074,0.4375,0.04163484275341034,0.0625
2778,0.6404222846031189,0.5555559992790222,0.031132496893405914,0.0
2779,0.569205641746521,0.6175640225410461,0.03733859956264496,0.019829999655485153
2780,0.4581735134124756,0.33333298563957214,0.04350542277097702,0.05555599927902222
2781,0.605705738067627,0.5040000081062317,0.03412359207868576,0.0
2782,0.34341245889663696,0.125,0.055038534104824066,0.125
2783,0.18124333024024963,0.16666699945926666,1.6580335795879364e-05,0.0
2784,0.5479325652122498,0.6000000238418579,0.03663339465856552,0.10000000149011612
2785,0.5664488673210144,0.5,0.03844394534826279,0.02830200083553791
2786,0.573215901851654,0.5411764979362488,0.03867103531956673,0.04117647185921669
2787,0.330758273601532,0.0,4.811212420463562e-06,0.0
2788,0.44532424211502075,0.36000001430511475,0.04423399269580841,0.0
2789,0.5210656523704529,0.35714301466941833,-5.587004125118256e-06,0.07142899930477142
2790,0.5427584648132324,0.5762709975242615,0.03773922845721245,0.08474600315093994
2791,0.6127363443374634,0.699999988079071,7.066410034894943e-05,0.0
2792,0.459503173828125,0.23529399931430817,0.04451865702867508,0.029411999508738518
2793,0.4282844066619873,0.1875,0.04259273782372475,0.0
2794,0.014892764389514923,0.25,-2.0889565348625183e-06,0.0
2795,0.3581237196922302,0.5714290142059326,-1.892540603876114e-05,0.14285700023174286
2796,0.44705086946487427,0.546875,0.045697275549173355,0.046875
2797,0.5507836937904358,0.5849059820175171,0.04110267385840416,0.006289000157266855
2798,0.5834122896194458,0.5522390007972717,0.03806745260953903,0.06716399639844894
2799,0.4057650566101074,0.21212099492549896,0.050730131566524506,0.06060599908232689
2800,0.5361557006835938,0.4827589988708496,0.04209250211715698,0.0
2801,0.38462668657302856,0.2195120006799698,0.0488811656832695,0.024390000849962234
2802,0.5027331709861755,0.7272729873657227,0.0377054400742054,0.045455001294612885
2803,0.44912320375442505,0.6138610243797302,0.046703193336725235,0.019802000373601913
2804,0.4888204038143158,0.6153849959373474,0.00018049497157335281,0.07692299783229828
2805,0.3736266791820526,1.0,2.750195562839508e-06,0.0
2806,0.3645276725292206,0.4285709857940674,2.1129846572875977e-05,0.0
2807,0.31172773241996765,0.33333298563957214,2.182088792324066e-06,0.0
2808,0.4304344654083252,0.32432401180267334,0.05054483562707901,0.0
2809,0.5669522285461426,0.657895028591156,0.036134812980890274,0.026316000148653984
2810,0.46009546518325806,0.2941179871559143,0.04088447988033295,0.029411999508738518
2811,0.4784107506275177,0.34196901321411133,0.04465530067682266,0.04663199931383133
2812,0.38618266582489014,0.27272701263427734,0.050135307013988495,0.0
2813,0.5575496554374695,0.5774649977684021,0.03885345906019211,0.07042299956083298
2814,0.34576040506362915,0.4000000059604645,-7.058493793010712e-06,0.0
2815,0.008328534662723541,0.0,-1.970399171113968e-05,0.0
2816,0.5384513139724731,0.5898057818412781,0.040958985686302185,0.019417479634284973
2817,0.526536762714386,0.6499999761581421,0.036807648837566376,0.0
2818,0.4538625478744507,0.5405409932136536,0.04767380654811859,0.05405399948358536
2819,0.5275658369064331,0.5925930142402649,0.03551457077264786,0.0
2820,0.3503822386264801,0.25,0.01761826127767563,0.0
2821,0.49207937717437744,0.5483869910240173,0.040144775062799454,0.06451600044965744
2822,0.3434521555900574,0.4000000059604645,0.005935166962444782,0.0
2823,0.5536064505577087,0.5555559992790222,0.03721792995929718,0.022221999242901802
2824,0.36878612637519836,0.7142860293388367,-7.334444671869278e-05,0.0
2825,0.5078125,0.5333330035209656,0.03640089929103851,0.1333329975605011
2826,0.438165545463562,0.5833330154418945,0.04140600562095642,0.04166699945926666
2827,0.37542954087257385,0.3076919913291931,0.04695196449756622,0.0
2828,0.31514212489128113,0.4210529923439026,0.05002224072813988,0.026316000148653984
2829,0.6253604292869568,0.5855069756507874,0.03637281060218811,0.028985999524593353
2830,0.5638331770896912,0.634615421295166,0.039752524346113205,0.05128204822540283
2831,0.3985216021537781,0.5714290142059326,-2.666376531124115e-05,0.0
2832,0.4109236001968384,0.75,1.5041790902614594e-05,0.0
2833,0.3592650294303894,0.21359199285507202,0.04883916676044464,0.01941699907183647
2834,0.4272804856300354,0.5869569778442383,0.047070927917957306,0.04347800090909004
2835,0.35946667194366455,0.5,-4.670582711696625e-06,0.0
2836,0.3809674382209778,0.4545449912548065,0.005416798405349255,0.09090899676084518
2837,0.5677657127380371,0.800000011920929,5.9757381677627563e-05,0.0
2838,0.49112075567245483,0.549019992351532,0.040373604744672775,0.0
2839,0.4964894950389862,0.6153849959373474,0.04422260820865631,0.009050000458955765
2840,0.32743069529533386,0.4142859876155853,0.05381321161985397,0.028571000322699547
2841,0.4753665328025818,0.6079549789428711,0.044632524251937866,0.056818000972270966
2842,0.4633260667324066,0.5968989729881287,0.04874468222260475,0.06976699829101562
2843,0.2306586503982544,0.33333298563957214,0.02230728790163994,0.0
2844,0.4900508522987366,0.5,0.03570135682821274,0.0
2845,0.5186084508895874,0.5514709949493408,0.039386071264743805,0.036765001714229584
2846,0.41436952352523804,0.764706015586853,0.04643278568983078,0.058823999017477036
2847,0.4752325415611267,0.5371900200843811,0.04471223056316376,0.057851001620292664
2848,0.3237577974796295,0.38888901472091675,0.0489126592874527,0.11111100018024445
2849,0.2838920056819916,0.38095200061798096,0.05072315037250519,0.04761900007724762
2850,0.6243604421615601,0.6574069857597351,0.035192739218473434,0.009259000420570374
2851,0.6490482091903687,0.6499999761581421,0.031132496893405914,0.0
2852,0.5821009874343872,0.4545449912548065,-4.0424056351184845e-05,0.0
2853,0.637601375579834,0.5833330154418945,0.031132496893405914,0.05555599927902222
2854,0.5476961135864258,0.6121000051498413,0.0413687527179718,0.028470000252127647
2855,0.4412243664264679,0.4761900007724762,0.04387407377362251,0.04761900007724762
2856,0.2809060513973236,0.38888901472091675,0.057541124522686005,0.05555599927902222
2857,0.5238927006721497,0.5454549789428711,0.04191156476736069,0.018182000145316124
2858,0.3484801948070526,0.2222220003604889,0.048828672617673874,0.03703700006008148
2859,0.24071821570396423,0.22413800656795502,0.05371987074613571,0.01724099926650524
2860,0.6385331153869629,0.612500011920929,0.03318656608462334,0.020833000540733337
2861,0.4420112371444702,0.2777779996395111,0.04004918038845062,0.05555599927902222
2862,0.559613823890686,0.6034989953041077,0.04162951558828354,0.03790099918842316
2863,0.5517597198486328,0.5217390060424805,0.035470955073833466,0.0
2864,0.4999294877052307,0.5777779817581177,0.04360591992735863,0.022221999242901802
2865,0.34643012285232544,0.375,1.066550612449646e-05,0.0
2866,0.5502407550811768,0.5263159871101379,0.03993866592645645,0.0827070027589798
2867,0.5105642676353455,0.31168800592422485,0.04195413738489151,0.03896100074052811
2868,0.592060387134552,0.5333330035209656,0.021617494523525238,0.06666699796915054
2869,0.5998414754867554,0.613332986831665,0.03458572179079056,0.026667000725865364
2870,0.016438007354736328,0.5,-5.052424967288971e-06,0.0
2871,0.5654564499855042,0.4000000059604645,6.391573697328568e-05,0.0
2872,0.43436744809150696,0.5,0.0506393164396286,0.125
2873,0.4782274067401886,0.45945900678634644,0.038612887263298035,0.08108100295066833
2874,0.5508713126182556,0.5909090042114258,0.04004918038845062,0.045455001294612885
2875,0.5463486909866333,0.33333298563957214,0.00018880795687437057,0.0
2876,0.527254581451416,0.5,0.04297295957803726,0.03636400029063225
2877,0.5767011642456055,0.6444439888000488,0.03855978697538376,0.06222200021147728
2878,0.2975953221321106,0.375,3.064889460802078e-05,0.125
2879,0.5890320539474487,0.6123600006103516,0.038837797939777374,0.05618000030517578
2880,0.4366065263748169,0.4285709857940674,0.04449588805437088,0.10714299976825714
2881,0.4771970212459564,0.75,2.537854015827179e-06,0.0
2882,0.3444192707538605,0.35714301466941833,0.04493996500968933,0.07142899930477142
2883,0.4218652844429016,0.31034499406814575,0.04557761922478676,0.03448300063610077
2884,0.5280777812004089,0.5684009790420532,0.041491154581308365,0.05780300125479698
2885,0.5167670845985413,0.4761900007724762,0.038299135863780975,0.0
2886,0.38254082202911377,0.450980007648468,0.051659367978572845,0.07843100279569626
2887,0.3812146782875061,0.2666670083999634,0.046573396772146225,0.026667000725865364
2888,0.4791434407234192,0.5161290168762207,0.04126764088869095,0.03225800022482872
2889,0.544950544834137,0.5454549789428711,0.038665980100631714,0.0
2890,0.432342529296875,0.5,-2.3225322365760803e-05,0.0
2891,0.30365148186683655,0.6153849959373474,0.017890803515911102,0.0
2892,0.5913830399513245,0.5652170181274414,0.03432833403348923,0.1304350048303604
2893,0.4622771143913269,0.4285709857940674,0.03972925990819931,0.028571000322699547
2894,0.5635033845901489,0.5862069725990295,0.03537920489907265,0.0
2895,0.5172828435897827,0.4000000059604645,0.03609411418437958,0.0
2896,0.5891686677932739,0.6363639831542969,0.03628987446427345,0.06818199902772903
2897,0.39877331256866455,0.32499998807907104,0.04406401515007019,0.05000000074505806
2898,0.12103797495365143,0.0,7.949583232402802e-05,0.0
2899,0.32426270842552185,0.21428599953651428,0.052675388753414154,0.14285700023174286
2900,0.46863871812820435,0.4313730001449585,0.04683298617601395,0.07843100279569626
2901,0.3581591248512268,0.19047600030899048,0.0498586967587471,0.10714299976825714
2902,0.5558596253395081,0.5,0.0375027135014534,0.045455001294612885
2903,0.384041428565979,0.27272701263427734,0.043751172721385956,0.0
2904,0.41542327404022217,0.20000000298023224,0.04291749745607376,0.07500000298023224
2905,0.45125094056129456,0.4399999976158142,0.04183705896139145,0.07999999821186066
2906,0.6080222129821777,0.5842220187187195,0.03702002763748169,0.027719000354409218
2907,0.456190288066864,0.6875,0.0024764714762568474,0.0625
2908,0.1001816987991333,0.125,0.055446185171604156,0.0
2909,0.3729555010795593,0.20000000298023224,0.05205302685499191,0.05000000074505806
2910,0.33010923862457275,0.53125,0.052592821419239044,0.0
2911,0.42319297790527344,0.20000000298023224,3.2102689146995544e-06,0.0
2912,0.38228467106819153,0.2857140004634857,0.04592442139983177,0.09523800015449524
2913,0.36929526925086975,0.35294100642204285,0.0478837825357914,0.0
2914,0.5833688974380493,0.5418990254402161,0.035564206540584564,0.03910600021481514
2915,0.3194326162338257,0.25,2.789311110973358e-06,0.0
2916,0.5494470596313477,0.480663001537323,0.03930463641881943,0.06077300012111664
2917,0.19065198302268982,0.5,0.00010903831571340561,0.0
2918,0.43331316113471985,0.40322598814964294,0.046140749007463455,0.01612900011241436
2919,0.5789577960968018,0.7090910077095032,0.03605751693248749,0.0
2920,0.5292485952377319,0.5945950150489807,0.03715518116950989,0.08108100295066833
2921,0.479145884513855,0.5714290142059326,0.04070354998111725,0.17857100069522858
2922,0.5044518709182739,0.4444440007209778,0.04135278984904289,0.04166699945926666
2923,0.5400617718696594,0.699999988079071,7.0035457611083984e-06,0.0
2924,0.37435925006866455,0.5161290168762207,0.04787328094244003,0.03225800022482872
2925,0.6436470746994019,0.7758619785308838,0.031132496893405914,0.0
2926,0.6383832097053528,0.630137026309967,0.031132496893405914,0.013698999769985676
2927,0.5357876420021057,0.29771000146865845,0.040921736508607864,0.06488499790430069
2928,0.4461880326271057,0.0,1.7425045371055603e-06,0.0
2929,0.6352032423019409,0.634145975112915,0.03372480720281601,0.09756100177764893
2930,0.3709228038787842,0.5714290142059326,7.77076929807663e-05,0.14285700023174286
2931,0.37894222140312195,0.1875,0.0462813563644886,0.25
2932,0.3390830159187317,0.47058799862861633,0.04875517636537552,0.058823999017477036
2933,0.5580818057060242,0.7731959819793701,0.04173062741756439,0.020618999376893044
2934,0.601527214050293,0.6134020090103149,0.03612937033176422,0.0412370003759861
2935,0.5775081515312195,0.45161300897598267,0.036499954760074615,0.01612900011241436
2936,0.6867119073867798,0.8064519762992859,0.031132496893405914,0.0
2937,0.43888169527053833,0.2448980063199997,0.045902788639068604,0.02040800079703331
2938,0.4052485227584839,0.25,0.02464888244867325,0.125
2939,0.14697496592998505,0.125,7.155537605285645e-05,0.25
2940,0.6036676168441772,0.4444443881511688,5.186349153518677e-05,0.0
2941,0.4506138563156128,0.5789470076560974,0.04537265747785568,0.01754399947822094
2942,0.34011486172676086,0.2950820028781891,0.05219123512506485,0.09836100041866302
2943,0.4975433945655823,0.25,0.04006662964820862,0.05000000074505806
2944,0.5888624787330627,0.5342469811439514,0.03589620813727379,0.020547999069094658
2945,0.6729679107666016,0.5454549789428711,-6.755348294973373e-05,0.09090899676084518
2946,0.5494321584701538,0.5513389706611633,0.04030442237854004,0.03348200023174286
2947,0.5868009924888611,0.5991649031639099,0.03665008395910263,0.027139870449900627
2948,0.4378136098384857,0.4850749969482422,0.04802026227116585,0.022388000041246414
2949,0.5306393504142761,0.6952379941940308,0.04055986553430557,0.0
2950,0.4330418109893799,0.5555559992790222,0.04202863946557045,0.0
2951,0.3965555429458618,0.5,-1.810956746339798e-05,0.10000000149011612
2952,0.4159068465232849,0.4285709857940674,0.04638952016830444,0.04761900007724762
2953,0.37158840894699097,0.2926830053329468,0.047211501747369766,0.09756100177764893
2954,0.5309210419654846,0.5369459986686707,0.040485359728336334,0.03940900042653084
2955,0.5530229806900024,0.6705880165100098,0.03837154805660248,0.01176500041037798
2956,0.5343098640441895,0.5,0.03497155010700226,0.0
2957,0.4210307002067566,0.2909089922904968,0.04541820287704468,0.07272700220346451
2958,0.5174471735954285,0.40476199984550476,0.041437938809394836,0.06349200010299683
2959,0.34361594915390015,0.3428570032119751,0.0531398206949234,0.028571000322699547
2960,0.4205631613731384,0.6666669845581055,2.9734335839748383e-05,0.0
2961,0.5904844999313354,0.6347029805183411,0.035760074853897095,0.00913199968636036
2962,0.5344692468643188,0.4285709857940674,1.2675300240516663e-06,0.0
2963,0.4561018943786621,0.6744189858436584,0.04486025869846344,0.046512000262737274
2964,0.38225623965263367,0.3199999928474426,0.051735520362854004,0.0
2965,0.6315950155258179,0.8333330154418945,0.031132496893405914,0.04761900007724762
2966,0.4267311692237854,0.558139979839325,0.04585952311754227,0.06976699829101562
2967,0.2189822494983673,0.16666699945926666,-2.993270754814148e-06,0.16666699945926666
2968,0.5727044343948364,0.6770830154418945,0.03813502937555313,0.0625
2969,0.4113151431083679,0.2941179871559143,0.04413151368498802,0.058823999017477036
2970,0.25383442640304565,0.27272701263427734,0.05271666496992111,0.045455001294612885
2971,0.4728124737739563,0.30399999022483826,0.044905804097652435,0.03999999910593033
2972,0.5323460698127747,0.5617979764938354,0.04183705896139145,0.029962999746203423
2973,0.502022385597229,0.5238100290298462,0.04199671000242233,0.023809999227523804
2974,0.4130731225013733,0.3333333134651184,2.3528002202510834e-05,0.0
2975,0.4756802022457123,0.2857140004634857,3.486219793558121e-05,0.0
2976,0.3548313081264496,0.1875,0.054058849811553955,0.0
2977,0.3224353790283203,0.25,0.05099301412701607,0.08695700019598007
2978,0.5843014121055603,0.6315789818763733,0.03197425603866577,0.026316000148653984
2979,0.5298163294792175,0.7142860293388367,1.7735175788402557e-05,0.0
2980,0.5983569622039795,0.5833330154418945,0.03483191877603531,0.050925999879837036
2981,0.5487346053123474,0.5549449920654297,0.038617707788944244,0.027473000809550285
2982,0.5483624339103699,0.5,2.573244273662567e-06,0.0
2983,0.5066614151000977,0.6666669845581055,1.611746847629547e-05,0.0
2984,0.5988001823425293,0.657895028591156,0.035107649862766266,0.07894700020551682
2985,0.5226590037345886,0.26315799355506897,0.03773440048098564,0.05263200029730797
2986,0.2827064096927643,0.36363598704338074,0.03932880610227585,0.0
2987,0.5537019968032837,0.5596330165863037,0.0387125164270401,0.11926600337028503
2988,0.46705231070518494,0.4651159942150116,0.044883035123348236,0.023256000131368637
2989,0.4472147822380066,0.4444440007209778,-8.8447704911232e-06,0.0
2990,0.6321887969970703,0.7232469916343689,0.03619737923145294,0.007379999849945307
2991,0.3349868953227997,0.27272701263427734,0.05315530300140381,0.09090899676084518
2992,0.4218139946460724,0.6896550059318542,0.0523141548037529,0.03448300063610077
2993,0.3890576660633087,0.2758620083332062,0.04903864115476608,0.03448300063610077
2994,0.28900378942489624,0.20000000298023224,0.029153846204280853,0.0
2995,0.024052724242210388,0.0,4.547648131847382e-06,0.0
2996,0.45523902773857117,0.5454549789428711,0.0016856109723448753,0.09090899676084518
2997,0.3621516823768616,0.6000000238418579,0.053532011806964874,0.0
2998,0.5549356341362,0.37614700198173523,0.03748823329806328,0.027522999793291092
2999,0.44370752573013306,0.4666669964790344,0.04082062467932701,0.0
3000,0.5390284061431885,0.2941179871559143,0.03660217672586441,0.0
3001,0.3293827176094055,0.0,-9.550713002681732e-06,0.0
3002,0.5550222396850586,0.5512819886207581,0.03904138505458832,0.06410299986600876
3003,0.18606001138687134,0.23076899349689484,0.0004996070638298988,0.15384599566459656
3004,0.5208285450935364,0.4761900007724762,0.04462113976478577,0.0
3005,0.5551434755325317,0.5057470202445984,0.03758477419614792,0.022988999262452126
3006,0.39218586683273315,0.375,-6.684102118015289e-06,0.125
3007,0.674528956413269,0.7210879921913147,0.031132496893405914,0.006802999880164862
3008,0.47877490520477295,0.2105260044336319,0.045361269265413284,0.15789499878883362
3009,0.596103847026825,0.6834800243377686,0.03641272708773613,0.03909200057387352
3010,0.5272139310836792,0.484252005815506,0.04241180047392845,0.05905500054359436
3011,0.4083762764930725,0.31818199157714844,0.046930328011512756,0.0227269995957613
3012,0.5764631628990173,0.6000000238418579,0.033075734972953796,0.0
3013,0.39109545946121216,0.3846150040626526,0.03950553387403488,0.07692299783229828
3014,0.26017338037490845,0.25,2.1778978407382965e-05,0.0
3015,0.34443432092666626,0.14285700023174286,0.04875517636537552,0.07142899930477142
3016,0.4893038272857666,0.38636401295661926,0.04329465329647064,0.045455001294612885
3017,0.5182917714118958,0.375,0.03598321974277496,0.0625
3018,0.4241880774497986,0.6176469922065735,0.04504244774580002,0.0
3019,0.5480977892875671,0.5670099854469299,0.04125700145959854,0.020618999376893044
3020,0.550435483455658,0.4520550072193146,0.04001428186893463,0.06164399906992912
3021,0.292469322681427,0.4000000059604645,1.2800097465515137e-05,0.0
3022,0.6595948338508606,0.642857015132904,0.031132496893405914,0.14285700023174286
3023,0.5203420519828796,0.453125,0.042763032019138336,0.05208300054073334
3024,0.2558077573776245,0.11999999731779099,0.052252233028411865,0.0
3025,0.5723741054534912,0.5337839722633362,0.03584013879299164,0.07432399690151215
3026,0.5605889558792114,0.5985919833183289,0.04040553420782089,0.028169000521302223
3027,0.5752279758453369,0.5379112958908081,0.03894220292568207,0.015736769884824753
3028,0.5068336129188538,0.6000000238418579,0.04089512676000595,0.019999999552965164
3029,0.5368244051933289,0.6136360168457031,0.036494042724370956,0.045455001294612885
3030,0.39006507396698,0.4615379869937897,0.00012867990881204605,0.0
3031,0.5117310881614685,0.5909090042114258,0.03990957885980606,0.045455001294612885
3032,0.43941253423690796,0.37623798847198486,0.043650612235069275,0.0
3033,0.6642885208129883,0.6363639831542969,0.031132496893405914,0.030302999541163445
3034,0.5182481408119202,0.4951460063457489,0.041283607482910156,0.01941699907183647
3035,0.2268531620502472,0.5,9.029172360897064e-06,0.0
3036,0.5192522406578064,0.5714290142059326,1.105479896068573e-06,0.0
3037,0.4236917197704315,0.4000000059604645,-8.754432201385498e-07,0.0
3038,0.4248574376106262,0.3478260040283203,0.05078602954745293,0.04347800090909004
3039,0.5326116681098938,0.6666669845581055,0.03644968941807747,0.03703700006008148
3040,0.48728692531585693,0.5510200262069702,0.04140068590641022,0.04081600159406662
3041,0.5063895583152771,0.6077349781990051,0.04229472577571869,0.022098999470472336
3042,0.47485587000846863,0.3703700006008148,0.03840533271431923,0.07407400012016296
3043,0.5851346254348755,0.375,2.1486543118953705e-05,0.0
3044,0.41435176134109497,0.6666669845581055,0.04895465448498726,0.0
3045,0.5472266674041748,0.5600000023841858,0.03453817963600159,0.07999999821186066
3046,0.05337301641702652,0.0,5.776993930339813e-06,0.0
3047,0.2818407118320465,0.2173909991979599,0.05541219562292099,0.04347800090909004
3048,0.39103424549102783,0.5,0.0001678401604294777,0.08333300054073334
3049,0.58439701795578,0.669064998626709,0.03647778183221817,0.06474799662828445
3050,0.556807279586792,0.484375,0.034795235842466354,0.046875
3051,0.4703425168991089,0.6153849959373474,0.0004992857575416565,0.07692299783229828
3052,0.4512980580329895,0.5,5.642883479595184e-06,0.0
3053,0.5413796305656433,0.33333298563957214,2.9318034648895264e-06,0.0
3054,0.5780238509178162,0.4545449912548065,4.463363438844681e-05,0.0
3055,0.4257016181945801,0.375,3.994442522525787e-06,0.0
3056,0.23647648096084595,1.0,-7.848255336284637e-06,0.0
3057,0.5298031568527222,0.3125,0.03066040575504303,0.125
3058,0.3728528618812561,0.4000000059604645,0.00011447723954916,0.0
3059,0.5110613107681274,0.38888901472091675,0.037391696125268936,0.0
3060,0.605126678943634,0.6122450232505798,0.031132496893405914,0.02040800079703331
3061,0.4584507942199707,0.75,9.763054549694061e-06,0.25
3062,0.5528075695037842,0.2941179871559143,0.03018154948949814,0.058823999017477036
3063,0.6044056415557861,0.6551719903945923,0.031132496893405914,0.06896600127220154
3064,0.42619529366493225,0.40853700041770935,0.0462489053606987,0.060975998640060425
3065,0.37582045793533325,0.4399999976158142,0.052119120955467224,0.0
3066,0.5243427157402039,0.2222220003604889,1.3120472431182861e-05,0.0
3067,0.5850969552993774,0.5454549789428711,0.0325925275683403,0.0
3068,0.5450220108032227,0.657302975654602,0.03821225464344025,0.03932600095868111
3069,0.5190432071685791,0.4558820128440857,0.03835223615169525,0.0
3070,0.6187716126441956,0.6923080086708069,-6.993021816015244e-05,0.0
3071,0.5225890278816223,0.558139979839325,0.040565185248851776,0.08139500021934509
3072,0.6250430345535278,0.64615398645401,0.031132496893405914,0.01538500003516674
3073,0.4971570372581482,0.30392199754714966,0.04340558499097824,0.058823999017477036
3074,0.5252196192741394,0.44585999846458435,0.04242244362831116,0.00636899983510375
3075,0.44654524326324463,0.5,-1.4672055840492249e-05,0.0
3076,0.5506277084350586,0.5945950150489807,0.036592282354831696,0.02702699974179268
3077,0.4239923059940338,0.5,2.355314791202545e-06,0.0
3078,0.30326735973358154,0.0,3.94042581319809e-06,0.0
3079,0.49545377492904663,0.5,0.008860885165631771,0.0
3080,0.6146460771560669,0.5909090042114258,0.031132496893405914,0.09090899676084518
3081,0.4083901047706604,0.6666669845581055,0.02010836824774742,0.0
3082,0.5685015916824341,0.5104166865348816,0.039717622101306915,0.039930559694767
3083,0.3235892951488495,0.33333298563957214,-1.78581103682518e-05,0.0
3084,0.6007798314094543,0.5652170181274414,0.03397736698389053,0.06521700322628021
3085,0.5984303951263428,0.6875,0.031132496893405914,0.125
3086,0.43556880950927734,0.33333298563957214,0.039345353841781616,0.09523800015449524
3087,0.5675235986709595,0.4623660147190094,0.037893686443567276,0.03225800022482872
3088,0.3936728537082672,0.22292999923229218,0.049521204084157944,0.09554100036621094
3089,0.4254080653190613,0.2571429908275604,0.04242244362831116,0.0
3090,0.5575801730155945,0.6000000238418579,0.03585615009069443,0.03636400029063225
3091,0.5773390531539917,0.4855639934539795,0.03901528939604759,0.04724400117993355
3092,0.36357665061950684,0.5,0.038215525448322296,0.0
3093,0.5789759159088135,0.5416669845581055,0.037010371685028076,0.020833000540733337
3094,0.31525447964668274,0.4000000059604645,4.400499165058136e-06,0.0
3095,0.5933229923248291,0.5,0.031132496893405914,0.0
3096,0.3422999978065491,0.0,1.993030309677124e-05,0.0
3097,0.32569217681884766,0.5,0.05246897041797638,0.02777799963951111
3098,0.5608019828796387,0.5696970224380493,0.037343427538871765,0.012121000327169895
3099,0.4850088357925415,0.25,0.0387594997882843,0.0
3100,0.5924352407455444,0.5851849913597107,0.03581478074193001,0.014814999885857105
3101,0.5340375900268555,0.6363639831542969,0.04125700145959854,0.06493499875068665
3102,0.539026141166687,0.598214328289032,0.03963037580251694,0.0334821417927742
3103,0.46696966886520386,0.41666701436042786,-4.538334906101227e-06,0.0
3104,0.6015393733978271,0.4615379869937897,0.0037152012810111046,0.0
3105,0.589789867401123,0.6440680027008057,0.034682825207710266,0.05084700137376785
3106,0.5488971471786499,0.6019420027732849,0.0385887548327446,0.06796099990606308
3107,0.30160048604011536,0.33333298563957214,0.052173204720020294,0.08333300054073334
3108,0.38901177048683167,0.3090910017490387,0.04959717392921448,0.12727299332618713
3109,0.30999141931533813,0.41666701436042786,0.05253089219331741,0.16666699945926666
3110,0.4878377914428711,0.4666669964790344,0.001167002134025097,0.06666699796915054
3111,0.5853971838951111,0.5489296913146973,0.03844394534826279,0.042813461273908615
3112,0.35538792610168457,0.33333298563957214,3.909692168235779e-06,0.33333298563957214
3113,0.526724636554718,0.4202899932861328,0.04177851974964142,0.11594200134277344
3114,0.3510580360889435,0.25,0.027774646878242493,0.0625
3115,0.5709348917007446,0.4140619933605194,0.03752201795578003,0.046875
3116,0.40162211656570435,0.5833330154418945,0.0010039657354354858,0.08333300054073334
3117,0.5512984395027161,0.6158940196037292,0.04116120934486389,0.04635800048708916
3118,0.5095435380935669,0.4399999976158142,0.039566390216350555,0.07999999821186066
3119,0.4090479612350464,0.4000000059604645,0.04576217755675316,0.028571000322699547
3120,0.3788542151451111,0.5,0.00022932980209589005,0.125
3121,0.5056643486022949,0.4000000059604645,0.0001689661294221878,0.0
3122,0.5034793019294739,0.43589699268341064,0.0433834046125412,0.03418799862265587
3123,0.5864779949188232,0.5655739903450012,0.03656096011400223,0.02049200050532818
3124,0.6062732338905334,0.7189779877662659,0.03665008395910263,0.04744499921798706
3125,0.40990936756134033,0.4255320131778717,0.0470384880900383,0.06383000314235687
3126,0.5161313414573669,0.5,-5.013309419155121e-06,0.07142899930477142
3127,0.6012810468673706,0.6130653023719788,0.036194659769535065,0.01884422078728676
3128,0.42795413732528687,0.23529399931430817,0.04602176696062088,0.058823999017477036
3129,0.4525797665119171,0.4000000059604645,1.5937723219394684e-05,0.0
3130,0.4655662775039673,0.6037740111351013,0.04315045103430748,0.03773599863052368
3131,0.5157879590988159,0.5,0.03667094558477402,0.0
3132,0.4477815628051758,0.2777779996395111,0.0430506132543087,0.08333300054073334
3133,0.2899934649467468,0.20000000298023224,-1.6996636986732483e-06,0.0
3134,0.3955615162849426,0.25,0.040921736508607864,0.0
3135,0.4022263288497925,0.800000011920929,4.908069968223572e-07,0.0
3136,0.47795093059539795,1.0,-1.8803402781486511e-06,0.0
3137,0.43918848037719727,0.5400000214576721,0.04474639147520065,0.019999999552965164
3138,0.39689695835113525,0.5,0.04499690234661102,0.0
3139,0.4718291759490967,0.7209299802780151,0.044108740985393524,0.046512000262737274
3140,0.46836331486701965,0.4545449912548065,0.04283984377980232,0.0
3141,0.519480288028717,0.7045450210571289,0.04125168174505234,0.0227269995957613
3142,0.547703206539154,0.69930100440979,0.04125168174505234,0.05594399943947792
3143,0.5614491105079651,0.5970150232315063,0.03904138505458832,0.0049749999307096004
3144,0.5249719023704529,0.5476189851760864,0.04024588316679001,0.04761900007724762
3145,0.4400143027305603,0.36363598704338074,0.0433279350399971,0.09090899676084518
3146,0.431172251701355,0.34693899750709534,0.04814625531435013,0.06122399866580963
3147,0.5305858850479126,0.421875,0.038313619792461395,0.046875
3148,0.5681771636009216,0.6148650050163269,0.03574138879776001,0.07432399690151215
3149,0.5594630241394043,0.642857015132904,0.03885345906019211,0.01785700023174286
3150,0.5863827466964722,0.7012990117073059,0.036641739308834076,0.03896100074052811
3151,0.5364319682121277,0.5256410241127014,0.0413687527179718,0.03846200183033943
3152,0.38689854741096497,0.29166701436042786,0.04638952016830444,0.04166699945926666
3153,0.520862340927124,0.5405409932136536,0.03588550537824631,0.21621599793434143
3154,0.5914139747619629,0.6074770092964172,0.03444916009902954,0.009345999918878078
3155,0.6002145409584045,0.6529970169067383,0.035504043102264404,0.034699998795986176
3156,0.5349355936050415,0.44573599100112915,0.04063436761498451,0.023256000131368637
3157,0.31238454580307007,0.5151519775390625,0.04873418062925339,0.0
3158,0.6023529767990112,0.6629921197891235,0.03615929186344147,0.04251968860626221
3159,0.42865124344825745,0.3199999928474426,0.0476108118891716,0.03999999910593033
3160,0.32936179637908936,0.5,0.040673695504665375,0.08333300054073334
3161,0.41898393630981445,1.0,-8.09505581855774e-06,0.0
3162,0.4684301018714905,0.5882350206375122,0.038895219564437866,0.11764699965715408
3163,0.4670664370059967,0.41666701436042786,8.949078619480133e-06,0.0
3164,0.36637118458747864,0.6086959838867188,0.049301113933324814,0.0
3165,0.45651596784591675,0.4000000059604645,0.04089512676000595,0.0
3166,0.5514304041862488,0.619047999382019,0.035367172211408615,0.0
3167,0.5065178275108337,0.4444440007209778,-4.5598484575748444e-05,0.11111100018024445
3168,0.1747157871723175,0.2857142984867096,-0.0003609815612435341,0.0
3169,0.4536833167076111,0.3400000035762787,0.045247405767440796,0.03999999910593033
3170,0.5536370873451233,0.45945900678634644,0.03421875089406967,0.05405399948358536
3171,0.4428270161151886,0.5238100290298462,0.0415550135076046,0.04761900007724762
3172,0.48797687888145447,0.5357139706611633,0.04113992676138878,0.026785999536514282
3173,0.46637147665023804,0.41935500502586365,0.0434388667345047,0.25806498527526855
3174,0.2443535029888153,0.16666699945926666,0.0015944363549351692,0.0
3175,0.5422647595405579,0.508197009563446,0.03656096011400223,0.04918000102043152
3176,0.6113521456718445,0.5,0.031132496893405914,0.0
3177,0.5821457505226135,0.6037740111351013,0.033121392130851746,0.01886799931526184
3178,0.2698310911655426,0.1875,0.005256892181932926,0.0625
3179,0.43867334723472595,0.5,5.188398063182831e-06,0.0
3180,0.523378849029541,0.6000000238418579,0.0009201327338814735,0.1333329975605011
3181,0.5062263607978821,0.4587630033493042,0.04307279735803604,0.030928000807762146
3182,0.47670790553092957,0.32558101415634155,0.03830879554152489,0.046512000262737274
3183,0.3065371811389923,0.25,6.153713911771774e-05,0.0
3184,0.46565961837768555,0.2857140004634857,0.04307279735803604,0.07936500012874603
3185,0.4542156457901001,0.23999999463558197,0.04356122761964798,0.0
3186,0.4344386160373688,0.4117650091648102,0.04241180047392845,0.0
3187,0.6045735478401184,0.6153849959373474,-3.144703805446625e-05,0.0
3188,0.3978537619113922,0.33333298563957214,0.04370647668838501,0.06666699796915054
3189,0.46998387575149536,0.47368401288986206,0.04453004524111748,0.07017499953508377
3190,0.4987247884273529,0.375,0.049700818955898285,0.0625
3191,0.5127661228179932,0.3333333134651184,2.281833440065384e-05,0.0
3192,0.36121517419815063,0.3400000035762787,0.05070219188928604,0.07999999821186066
3193,0.5963077545166016,0.44329899549484253,0.034992847591638565,0.06185600161552429
3194,0.47647151350975037,0.5333330035209656,0.00041248928755521774,0.0
3195,0.4401944875717163,0.20000000298023224,-7.770303636789322e-05,0.0
3196,0.2929239869117737,0.4000000059604645,7.370579987764359e-05,0.0
3197,0.4775593876838684,0.36633700132369995,0.04421122372150421,0.009901000186800957
3198,0.6334515810012817,0.8333330154418945,1.690629869699478e-05,0.0
3199,0.2620963156223297,0.21875,0.05280955880880356,0.0625
3200,0.5653942823410034,0.5449100136756897,0.03810124099254608,0.05389200150966644
3201,0.490405797958374,0.4545449912548065,0.03823156654834747,0.03636400029063225
3202,0.31462562084198,0.11111100018024445,0.00010370742529630661,0.0
3203,0.4227643311023712,0.38356199860572815,0.044370636343955994,0.06849300116300583
3204,0.47341641783714294,0.23076899349689484,0.005222334526479244,0.23076899349689484
3205,0.5967745184898376,0.7058820128440857,0.031132496893405914,0.058823999017477036
3206,0.48239651322364807,0.6499999761581421,0.04509937763214111,0.05000000074505806
3207,0.4076080620288849,0.4666669964790344,0.04931161552667618,0.0
3208,0.2621419131755829,0.30000001192092896,0.05262378603219986,0.06666699796915054
3209,0.32541754841804504,0.337662011384964,0.05006084963679314,0.025973999872803688
3210,0.5889825224876404,0.6666666865348816,0.03652084246277809,0.009456264786422253
3211,0.46857261657714844,0.2777779996395111,0.03887956216931343,0.11111100018024445
3212,0.2935996949672699,0.16666699945926666,0.026395156979560852,0.33333298563957214
3213,0.45200586318969727,0.5714290142059326,0.04620315507054329,0.21428599953651428
3214,0.3868316411972046,0.6551719903945923,0.053201742470264435,0.03448300063610077
3215,0.21644970774650574,0.0,-1.8258579075336456e-05,0.0
3216,0.5080910921096802,0.625,0.04151243716478348,0.0
3217,0.2915576100349426,0.20000000298023224,9.856186807155609e-06,0.0
3218,0.4451175928115845,0.4117650091648102,0.04398580268025398,0.11764699965715408
3219,0.5018326044082642,0.59375,0.0377730168402195,0.03125
3220,0.23592022061347961,0.11764699965715408,0.051905274391174316,0.11764699965715408
3221,0.5541363954544067,0.699999988079071,0.03991539403796196,0.05000000074505806
3222,0.464491605758667,0.375,0.038463249802589417,0.0
3223,0.3693994879722595,0.4117650091648102,0.04593523591756821,0.0
3224,0.5231586694717407,0.5932199954986572,0.0407940149307251,0.0338979996740818
3225,0.46901923418045044,0.40606099367141724,0.04395228251814842,0.03636400029063225
3226,0.4953319728374481,0.48695701360702515,0.04389641806483269,0.07826100289821625
3227,0.427438348531723,0.6000000238418579,2.533290535211563e-05,0.10000000149011612
3228,0.46337372064590454,0.4545449912548065,0.0001309877261519432,0.0
3229,0.5572221279144287,0.6666669845581055,0.03666260093450546,0.04347800090909004
3230,0.5046637654304504,0.5909090042114258,0.03562803566455841,0.0
3231,0.36947065591812134,0.16666699945926666,0.0466289296746254,0.08333300054073334
3232,0.5309026837348938,0.6206899881362915,0.03603718429803848,0.03448300063610077
3233,0.37636613845825195,0.33333298563957214,6.758607923984528e-06,0.0
3234,0.5388127565383911,0.45495501160621643,0.04173062741756439,0.022523000836372375
3235,0.5820726752281189,0.39682498574256897,0.03751236945390701,0.015873000025749207
3236,0.5784757137298584,0.5339369773864746,0.0393977016210556,0.04977399855852127
3237,0.5599270462989807,0.3684209883213043,0.034869786351919174,0.0
3238,0.4694057106971741,0.09090899676084518,0.0003912784159183502,0.09090899676084518
3239,0.49836134910583496,0.2894740104675293,0.04075676202774048,0.026316000148653984
3240,0.5379358530044556,0.5384619832038879,-3.696326166391373e-05,0.07692299783229828
3241,0.5546959638595581,0.33333298563957214,2.5704503059387207e-07,0.0
3242,0.38104647397994995,0.16666670143604279,3.953464329242706e-06,0.0
3243,0.5839813947677612,0.5882350206375122,0.03688004985451698,0.058823999017477036
3244,0.48435717821121216,0.2857140004634857,-3.789924085140228e-05,0.0
3245,0.5726271271705627,0.6530609726905823,0.03655930981040001,0.02040800079703331
3246,0.5527874827384949,0.5263159871101379,0.03691383823752403,0.0
3247,0.5549779534339905,0.5281389951705933,0.04185834527015686,0.03463200107216835
3248,0.2659565508365631,0.38095200061798096,0.05026188865303993,0.0
3249,0.5542718768119812,0.434783011674881,0.040639691054821014,0.0326090008020401
3250,0.5542526841163635,0.45930200815200806,0.04030442237854004,0.08139500021934509
3251,0.0033512338995933533,0.0,1.0048039257526398e-05,0.0
3252,0.5197371244430542,0.7391300201416016,0.03908836841583252,0.014492999762296677
3253,0.4817197024822235,0.4935060143470764,0.04328356683254242,0.06493499875068665
3254,0.3835103511810303,0.4683539867401123,0.045532070100307465,0.037974998354911804
3255,0.5507912039756775,0.35294100642204285,0.03731929510831833,0.08823499828577042
3256,0.34628117084503174,0.25,-6.220303475856781e-06,0.0
3257,0.5127912163734436,0.5588240027427673,0.03848738968372345,0.0
3258,0.40840932726860046,0.20000000298023224,-2.9398128390312195e-05,0.0
3259,0.5447583198547363,0.5145630240440369,0.04127828776836395,0.07767000049352646
3260,0.5704948306083679,0.44117599725723267,0.03678470849990845,0.03921600058674812
3261,0.6068888902664185,0.5238100290298462,0.03814950957894325,0.04761900007724762
3262,0.4664749503135681,0.3125,0.04355005547404289,0.0625
3263,0.5652698874473572,0.5094019770622253,0.03929882124066353,0.02906000055372715
3264,0.24678382277488708,0.15384599566459656,0.056924737989902496,0.15384599566459656
3265,0.2682274878025055,0.27272701263427734,0.0159752294421196,0.0
3266,0.6103722453117371,0.6551719903945923,0.032685112208127975,0.01724099926650524
3267,0.30151283740997314,0.14285700023174286,7.011927664279938e-06,0.0
3268,0.010444194078445435,0.0,3.7165358662605286e-05,0.4000000059604645
3269,0.30615124106407166,0.26315799355506897,0.05420132726430893,0.05263200029730797
3270,0.5558156371116638,0.5387759804725647,0.04075676202774048,0.03673499822616577
3271,0.3653729557991028,0.5,1.2656673789024353e-06,0.0
3272,0.5216479897499084,0.6545959711074829,0.042177651077508926,0.038996998220682144
3273,0.38605594635009766,0.39473700523376465,0.04901764541864395,0.0
3274,0.386691689491272,0.4000000059604645,0.0005247592926025391,0.0
3275,0.4601565897464752,0.33333298563957214,0.037444792687892914,0.08333300054073334
3276,0.505406379699707,0.4255320131778717,0.04121974855661392,0.02127699926495552
3277,0.5786595344543457,0.6704549789428711,0.037493057548999786,0.04924200102686882
3278,0.5094673037528992,0.7222219705581665,0.03559879958629608,0.05555599927902222
3279,0.419444739818573,0.6000000238418579,-5.970802158117294e-05,0.20000000298023224
3280,0.5563702583312988,0.5968989729881287,0.03820743411779404,0.06976699829101562
3281,0.5689373016357422,0.6129029989242554,0.03411494195461273,0.03225800022482872
3282,0.6481316089630127,0.8235290050506592,0.031132496893405914,0.058823999017477036
3283,0.5347905158996582,0.6290320158004761,0.04115588963031769,0.08064500242471695
3284,0.5946552157402039,0.7397850155830383,0.03637132793664932,0.06021500006318092
3285,0.38686904311180115,0.4128440022468567,0.04967261850833893,0.07339400053024292
3286,0.5923093557357788,0.6666669845581055,0.03631708025932312,0.014492999762296677
3287,0.5449622869491577,0.6111109852790833,0.03830396756529808,0.05555599927902222
3288,0.36636221408843994,0.4761900007724762,0.04899664968252182,0.023809999227523804
3289,0.40626123547554016,0.0,1.1897645890712738e-05,0.0
3290,0.538044273853302,0.5234379768371582,0.03835223615169525,0.054687999188899994
3291,0.2759197950363159,0.2857140004634857,0.05475474148988724,0.09523800015449524
3292,0.2963815927505493,0.2222220003604889,0.048870667815208435,0.07407400012016296
3293,0.492778480052948,0.5813949704170227,0.04131553694605827,0.06976699829101562
3294,0.1461125612258911,0.0,2.0324252545833588e-05,0.0
3295,0.3890681564807892,0.1016950011253357,0.0481252521276474,0.0169489998370409
3296,0.6118268966674805,0.7094020247459412,0.03527091443538666,0.0
3297,0.3767474591732025,0.4285709857940674,0.02173282578587532,0.0
3298,0.5050169825553894,0.45161300897598267,0.037927478551864624,0.09677399694919586
3299,0.5009596943855286,0.5849059820175171,0.04749532788991928,0.03773599863052368
3300,0.5113058686256409,0.33333298563957214,0.04330574721097946,0.09090899676084518
3301,0.28752171993255615,0.0,0.0009162323549389839,0.09090899676084518
3302,0.6292324066162109,0.7179489731788635,0.031132496893405914,0.05128199979662895
3303,0.5008609294891357,0.5254240036010742,0.04278438165783882,0.11864399909973145
3304,0.42238155007362366,0.4749999940395355,0.045190468430519104,0.0
3305,0.49644505977630615,0.6000000238418579,0.026805423200130463,0.0
3306,0.5011726021766663,0.3050850033760071,0.04227343574166298,0.1355929970741272
3307,0.5420475602149963,0.45833298563957214,0.03667094558477402,0.04166699945926666
3308,0.3180520832538605,0.41666701436042786,0.0414842888712883,0.08333300054073334
3309,0.5021963715553284,0.5555559992790222,0.03821225464344025,0.03703700006008148
3310,0.33073198795318604,0.375,4.369765520095825e-05,0.0
3311,0.5724689960479736,0.6875,0.0332576259970665,0.03125
3312,0.5879780650138855,0.6768642067909241,0.03667094558477402,0.040152959525585175
3313,0.49318796396255493,0.5740739703178406,0.04279547184705734,0.02777799963951111
3314,0.4074135422706604,0.5,-3.125891089439392e-05,0.0
3315,0.5592120289802551,0.5164840221405029,0.03863701969385147,0.07692299783229828
3316,0.5599764585494995,0.4433960020542145,0.037242062389850616,0.0
3317,0.4618622660636902,0.6666669845581055,3.4170225262641907e-06,0.0
3318,0.5292246341705322,0.4000000059604645,0.0370296835899353,0.10000000149011612
3319,0.3893773555755615,0.7142860293388367,-4.106573760509491e-05,0.0
3320,0.40221482515335083,0.8333330154418945,3.3117830753326416e-06,0.0
3321,0.324183851480484,0.4545449912548065,8.975062519311905e-05,0.0
3322,0.5495394468307495,0.6792449951171875,0.03890044242143631,0.03773599863052368
3323,0.45041561126708984,0.800000011920929,-2.427678555250168e-05,0.0
3324,0.4291377663612366,0.31818199157714844,0.04232665151357651,0.045455001294612885
3325,0.4335448145866394,0.6666669845581055,2.4596229195594788e-06,0.0
3326,0.4061375856399536,0.3076919913291931,0.00819872785359621,0.07692299783229828
3327,0.3429306745529175,0.0,-3.1692907214164734e-06,0.0
3328,0.562259316444397,0.5888890027999878,0.037826113402843475,0.03333299979567528
3329,0.5315971374511719,0.5263159871101379,0.04119846224784851,0.10526300221681595
3330,0.4241551160812378,0.5263159871101379,0.04798877239227295,0.10526300221681595
3331,0.4064319133758545,0.5492960214614868,0.045520681887865067,0.056338001042604446
3332,0.01034572720527649,0.5,1.6473233699798584e-05,0.0
3333,0.47294798493385315,0.4311690032482147,0.045087989419698715,0.051947999745607376
3334,0.5115480422973633,0.0,1.546088606119156e-05,0.0
3335,0.43657365441322327,0.2758620083332062,0.04356122761964798,0.08620700240135193
3336,0.4471356272697449,0.24358999729156494,0.045076608657836914,0.05128199979662895
3337,0.43723130226135254,0.17391300201416016,0.05055972561240196,0.04347800090909004
3338,0.2756938338279724,0.2954550087451935,0.05124686658382416,0.0
3339,0.44608110189437866,1.0,-3.460794687271118e-06,0.0
3340,0.486895352602005,0.14285710453987122,8.353963494300842e-07,0.0
3341,0.576015293598175,0.653846025466919,0.03599109500646591,0.03846200183033943
3342,0.5206384658813477,0.5925930142402649,0.03657250106334686,0.03703700006008148
3343,0.3470063805580139,0.4545449912548065,-2.03549861907959e-05,0.09090899676084518
3344,0.36298781633377075,0.2857140004634857,0.0520169734954834,0.07142899930477142
3345,0.5143232345581055,1.0,-8.056871592998505e-06,0.0
3346,0.41777706146240234,0.3505150079727173,0.048713184893131256,0.020618999376893044
3347,0.5848580002784729,0.691989004611969,0.03822191059589386,0.03038674034178257
3348,0.48179125785827637,0.48214301466941833,0.04244372993707657,0.01785700023174286
3349,0.43210092186927795,0.549019992351532,0.04935360699892044,0.058823999017477036
3350,0.55743008852005,0.5142859816551208,0.03718896955251694,0.07619000226259232
3351,0.5466704964637756,0.5452200174331665,0.0397699773311615,0.02842400036752224
3352,0.35804903507232666,0.2894740104675293,0.05219724774360657,0.05263200029730797
3353,0.4254957437515259,0.5600000023841858,0.04273109883069992,0.07999999821186066
3354,0.2615017592906952,0.3125,0.05355264991521835,0.0625
3355,0.562466025352478,0.625,0.03613073378801346,0.0
3356,0.5663460493087769,0.5333330035209656,0.039647821336984634,0.0733330026268959
3357,0.3307405412197113,0.5,-8.922349661588669e-05,0.0
3358,0.3061014711856842,0.3548389971256256,0.04876568168401718,0.03225800022482872
3359,0.3295382857322693,0.4117650091648102,0.0443364754319191,0.0
3360,0.3211356997489929,0.20000000298023224,-6.653554737567902e-05,0.0
3361,0.5088545083999634,0.8333330154418945,2.5704503059387207e-07,0.0
3362,0.4698246419429779,0.8888890147209167,0.03969435766339302,0.0
3363,0.570325493812561,0.6363639831542969,0.034514911472797394,0.09090899676084518
3364,0.6273120641708374,0.6206899881362915,0.031132496893405914,0.03448300063610077
3365,0.4564650356769562,0.10526300221681595,0.040037550032138824,0.10526300221681595
3366,0.5772109031677246,0.6666669845581055,0.03603311628103256,0.06349200010299683
3367,0.5714749097824097,0.3076919913291931,0.03874905779957771,0.05128199979662895
3368,0.38061678409576416,0.35294100642204285,0.0480937585234642,0.03921600058674812
3369,0.5994102358818054,0.684211015701294,0.03272949904203415,0.026316000148653984
3370,0.5281421542167664,0.6111109852790833,0.03656096011400223,0.11111100018024445
3371,0.32945722341537476,0.4285709857940674,2.4683773517608643e-05,0.0
3372,0.442913293838501,0.2800000011920929,0.03778749704360962,0.03999999910593033
3373,0.42790448665618896,0.44827601313591003,0.0452360138297081,0.06896600127220154
3374,0.5866749286651611,0.6046509742736816,0.03335237503051758,0.0
3375,0.40756112337112427,0.5,0.0528198778629303,0.0
3376,0.22307109832763672,0.15789499878883362,0.05346492677927017,0.0
3377,0.41667360067367554,0.5454549789428711,-9.485520422458649e-06,0.0
3378,0.34810057282447815,0.5,1.7599202692508698e-05,0.0
3379,0.5906952619552612,0.6666669845581055,-2.7329660952091217e-05,0.0
3380,0.5828827619552612,0.5714290142059326,0.03705381602048874,0.07453399896621704
3381,0.5516371130943298,0.5971729755401611,0.0381157211959362,0.024734999984502792
3382,0.558203399181366,0.2666670083999634,0.03291085734963417,0.20000000298023224
3383,0.4534875154495239,0.058823999017477036,0.05116436257958412,0.0
3384,0.539799153804779,0.619047999382019,0.03675729036331177,0.023809999227523804
3385,0.5425267815589905,0.5113639831542969,0.0364600345492363,0.045455001294612885
3386,0.3571716845035553,0.3703700006008148,0.04646523669362068,0.0
3387,0.2730724811553955,0.25,0.056051552295684814,0.0
3388,0.5561836957931519,0.6213589906692505,0.040123485028743744,0.01941699907183647
3389,0.48098820447921753,0.6082469820976257,0.04473500698804855,0.09278400242328644
3390,0.33550184965133667,0.5,2.4940818548202515e-06,0.0
3391,0.4328160881996155,0.5434780120849609,0.04681135341525078,0.10869599878787994
3392,0.3200765550136566,0.20000000298023224,0.0005452511832118034,0.10000000149011612
3393,0.3319409489631653,0.19512200355529785,0.05091876536607742,0.024390000849962234
3394,0.5446258187294006,0.5689659714698792,0.04085255414247513,0.04310299828648567
3395,0.2765265107154846,0.5714290142059326,-5.041901022195816e-05,0.0
3396,0.47393178939819336,0.5277780294418335,0.03863701969385147,0.02777799963951111
3397,0.5614349246025085,0.4264709949493408,0.03686556965112686,0.0
3398,0.3411761522293091,0.3225809931755066,0.04856619983911514,0.09677399694919586
3399,0.6042662262916565,0.5871210098266602,0.03718896955251694,0.05871199816465378
3400,0.4335307478904724,0.5806450247764587,0.04181577265262604,0.0
3401,0.2882891893386841,0.33333298563957214,0.05390164256095886,0.16666699945926666
3402,0.44267573952674866,0.5263159871101379,0.04291749745607376,0.05263200029730797
3403,0.2678872346878052,0.20000000298023224,0.054990433156490326,0.10000000149011612
3404,0.3788236975669861,0.35294100642204285,0.04528156667947769,0.11764699965715408
3405,0.32320353388786316,0.5,-1.1453405022621155e-05,0.0
3406,0.41954505443573,0.6388890147209167,0.0488811656832695,0.05555599927902222
3407,0.3344353437423706,0.41666701436042786,0.05393111705780029,0.04166699945926666
3408,0.5050938725471497,0.44999998807907104,0.036244988441467285,0.15000000596046448
3409,0.4207318425178528,0.09090899676084518,2.00001522898674e-05,0.0
3410,0.28211894631385803,0.0,-3.0904076993465424e-05,0.0
3411,0.6355085372924805,0.6153849959373474,0.03470767289400101,0.010989000089466572
3412,0.3236357867717743,0.4375,0.05036613345146179,0.0
3413,0.5951908826828003,0.6900579929351807,0.03581211343407631,0.040936000645160675
3414,0.5032258629798889,0.12121199816465378,0.03948495537042618,0.0
3415,0.3895522654056549,0.33333298563957214,6.834976375102997e-05,0.16666699945926666
3416,0.5499822497367859,0.6108199954032898,0.040002647787332535,0.015706999227404594
3417,0.5755807161331177,0.5294119715690613,0.03666260093450546,0.0
3418,0.2448110282421112,0.18181799352169037,0.051691100001335144,0.09090899676084518
3419,0.46860677003860474,0.33333298563957214,-1.2053176760673523e-05,0.0
3420,0.45558616518974304,0.6499999761581421,0.04403049498796463,0.05000000074505806
3421,0.5476274490356445,0.550000011920929,0.04101220518350601,0.06666699796915054
3422,0.45623475313186646,0.5272729992866516,0.04537265747785568,0.12727299332618713
3423,0.5983895063400269,0.6923080086708069,0.03603582829236984,0.019231000915169716
3424,0.5367274284362793,0.6107190251350403,0.04101220518350601,0.012694000266492367
3425,0.5249531269073486,0.3556230962276459,0.04244372993707657,0.06079027056694031
3426,0.5692834854125977,0.2857140004634857,0.034888722002506256,0.0
3427,0.39146503806114197,0.4242419898509979,0.04656257852911949,0.09090899676084518
3428,0.5698456764221191,0.6499999761581421,0.03526640310883522,0.016666999086737633
3429,0.3993474841117859,0.6666669845581055,-1.843087375164032e-06,0.0
3430,0.37716132402420044,0.2222220003604889,3.685150295495987e-05,0.11111100018024445
3431,0.4389309287071228,0.5,0.0001063961535692215,0.0
3432,0.47673094272613525,0.2173909991979599,0.04409753531217575,0.02173900045454502
3433,0.5713787078857422,0.4666669964790344,0.0007303822785615921,0.0
3434,0.4957730174064636,0.5238100290298462,0.03691866621375084,0.09523800015449524
3435,0.5198144912719727,0.5407410264015198,0.041437938809394836,0.03703700006008148
3436,0.5075322985649109,0.45833298563957214,0.04486025869846344,0.04166699945926666
3437,0.6149592995643616,0.35294100642204285,-3.86405736207962e-06,0.058823999017477036
3438,0.27581167221069336,0.25,0.00671596173197031,0.0
3439,0.6385307312011719,0.725838303565979,0.03607378154993057,0.05128204822540283
3440,0.5891258120536804,0.6174499988555908,0.03887956216931343,0.003355999942868948
3441,0.5143181681632996,0.4074069857597351,0.04019799083471298,0.14814800024032593
3442,0.355302631855011,0.625,-6.102304905653e-05,0.0
3443,0.2801389694213867,0.5,-3.659166395664215e-05,0.0
3444,0.4633055627346039,0.5,-6.735324859619141e-06,0.0
3445,0.39973774552345276,0.4399999976158142,0.04612993076443672,0.03999999910593033
3446,0.21872815489768982,0.1764705926179886,0.044655460864305496,0.11764709651470184
3447,0.2828669250011444,0.25,0.03532807156443596,0.0
3448,0.335336297750473,0.8333330154418945,0.0508628748357296,0.0
3449,0.4081372022628784,0.1923079937696457,0.04749532788991928,0.03846200183033943
3450,0.5960991382598877,0.5402299761772156,0.03666260093450546,0.022988999262452126
3451,0.5810739398002625,0.5952379703521729,0.035957206040620804,0.023809999227523804
3452,0.4869595766067505,0.6000000238418579,5.038455128669739e-07,0.0
3453,0.3706013560295105,0.2105260044336319,0.04049331322312355,0.05263200029730797
3454,0.6365885734558105,0.5,0.031132496893405914,0.0
3455,0.4908994138240814,0.4285709857940674,-2.9105693101882935e-05,0.0
3456,0.5526978373527527,0.3703700006008148,0.04087916389107704,0.07407400012016296
3457,0.5395976901054382,0.5588240027427673,0.03967690467834473,0.061496999114751816
3458,0.388541042804718,0.4285709857940674,0.04905964061617851,0.05714299902319908
3459,0.5788276195526123,0.5340049862861633,0.0360141396522522,0.052896998822689056
3460,0.40611690282821655,0.6545450091362,0.04566483199596405,0.03636400029063225
3461,0.43359124660491943,0.0,0.0003822715952992439,0.16666699945926666
3462,0.5302940011024475,0.3076919913291931,0.0003378698602318764,0.07692299783229828
3463,0.5599727034568787,0.5166670083999634,0.036629222333431244,0.10000000149011612
3464,0.46911725401878357,0.4675320088863373,0.04473500698804855,0.1298699975013733
3465,0.6153595447540283,0.6923080086708069,0.031132496893405914,0.15384599566459656
3466,0.5026400089263916,0.4375,0.036567553877830505,0.0625
3467,0.5318065881729126,0.5588240027427673,0.03765717148780823,0.0
3468,0.5378048419952393,0.6296300292015076,0.03622050583362579,0.11111100018024445
3469,0.5263252258300781,0.75,0.04289530962705612,0.0
3470,0.5725030899047852,0.6446809768676758,0.0388639010488987,0.05531900003552437
3471,0.2896740138530731,0.25,4.676170647144318e-06,0.0
3472,0.3512699604034424,0.5,2.2426247596740723e-06,0.0
3473,0.39708125591278076,0.4666669964790344,0.03244726359844208,0.0
3474,0.6261800527572632,0.7179489731788635,0.031132496893405914,0.025640999898314476
3475,0.38908547163009644,0.43809500336647034,0.047799788415431976,0.05714299902319908
3476,0.29553961753845215,0.33333298563957214,9.095761924982071e-05,0.0
3477,0.2858732044696808,0.0,-1.2135133147239685e-05,0.0
3478,0.2396342158317566,0.33333298563957214,0.05614559352397919,0.16666699945926666
3479,0.2616228759288788,0.33333298563957214,-6.134901195764542e-05,0.0
3480,0.3108788728713989,0.5454549789428711,0.04755832254886627,0.0
3481,0.493956983089447,0.5761899948120117,0.04422260820865631,0.07142899930477142
3482,0.4212859869003296,0.6000000238418579,4.002824425697327e-06,0.0
3483,0.49375736713409424,0.38697299361228943,0.04385172575712204,0.03831399977207184
3484,0.36914047598838806,0.33333298563957214,2.691522240638733e-06,0.33333298563957214
3485,0.47820866107940674,0.23076899349689484,0.043639443814754486,0.03846200183033943
3486,0.5698731541633606,0.5544549822807312,0.03674358129501343,0.02970300056040287
3487,0.5381906628608704,0.5,0.00013308320194482803,0.125
3488,0.312375545501709,0.5909090042114258,0.05036613345146179,0.045455001294612885
3489,0.34340333938598633,0.16666699945926666,5.48018142580986e-05,0.0
3490,0.2734065651893616,0.18181799352169037,8.01868736743927e-07,0.0
3491,0.3763412535190582,0.5,1.3340264558792114e-05,0.0
3492,0.5535919070243835,0.592307984828949,0.03933953493833542,0.0
3493,0.3168797492980957,0.234375,0.05009063333272934,0.0625
3494,0.5481001138687134,0.5555559992790222,0.03586548939347267,0.018518999218940735
3495,0.5830598473548889,0.684211015701294,0.03642011806368828,0.010525999590754509
3496,0.5631908178329468,0.7407410144805908,0.03598567470908165,0.03703700006008148
3497,0.5871791839599609,0.6128209829330444,0.038463249802589417,0.04871800169348717
3498,0.5754449963569641,0.6000000238418579,0.036319799721241,0.0
3499,0.5975376963615417,0.684211015701294,0.031132496893405914,0.0
3500,0.46224188804626465,0.4074069857597351,0.04267788678407669,0.05555599927902222
3501,0.5828287601470947,0.5679609775543213,0.03617154061794281,0.014562999829649925
3502,0.5600065588951111,0.49180299043655396,0.036098185926675797,0.09836100041866302
3503,0.35707995295524597,0.375,8.590146899223328e-05,0.125
3504,0.45911267399787903,0.27272701263427734,0.00020213425159454346,0.0
3505,0.5776110887527466,0.535714328289032,0.0385211743414402,0.04421769082546234
3506,0.4778498411178589,0.5714290142059326,0.011512172408401966,0.0
3507,0.433699369430542,0.3714289963245392,0.046086665242910385,0.08571399748325348
3508,0.3868931531906128,0.0,1.547299325466156e-05,0.0
3509,0.578348696231842,0.6946110129356384,0.038299135863780975,0.03592799976468086
3510,0.6039232015609741,0.6761900186538696,0.03655601292848587,0.03174600005149841
3511,0.509739875793457,0.41891899704933167,0.041230395436286926,0.02702699974179268
3512,0.4246056079864502,0.4545449912548065,0.00010069925338029861,0.09090899676084518
3513,0.5871121287345886,0.5421689748764038,0.038550134748220444,0.0337349995970726
3514,0.5480861663818359,0.6385542154312134,0.04082062467932701,0.02409639023244381
3515,0.5004920959472656,0.4615379869937897,0.04185834527015686,0.019231000915169716
3516,0.4325963258743286,0.0,-4.6362169086933136e-05,0.5
3517,0.4958387613296509,0.15384599566459656,0.00026031024754047394,0.0
3518,0.3794412910938263,0.2777779996395111,0.04550929367542267,0.0
3519,0.44029003381729126,0.4285709857940674,0.00012832041829824448,0.0
3520,0.531017541885376,0.6666669845581055,2.6533380150794983e-06,0.0
3521,0.5638250708580017,0.5860739946365356,0.039250195026397705,0.025144999846816063
3522,0.40509337186813354,0.1851850003004074,0.04280656576156616,0.03703700006008148
3523,0.3578895628452301,0.375,5.7229772210121155e-06,0.125
3524,0.591340184211731,0.6050419807434082,0.03713104501366615,0.06722699850797653
3525,0.6035818457603455,0.6534649729728699,0.036928318440914154,0.054455000907182693
3526,0.4523974359035492,0.4893620014190674,0.0413634330034256,0.06383000314235687
3527,0.47884461283683777,0.47826099395751953,0.03860323131084442,0.04347800090909004
3528,0.4594882130622864,0.5428569912910461,0.044008150696754456,0.05714299902319908
3529,0.3652847409248352,0.3142859935760498,0.04819874465465546,0.0
3530,0.34386393427848816,0.25,3.222376108169556e-05,0.0
3531,0.6680877208709717,0.5697669982910156,0.031132496893405914,0.046512000262737274
3532,0.6044702529907227,0.3962259888648987,0.03457661718130112,0.07547199726104736
3533,0.5043091773986816,0.632652997970581,0.040043361485004425,0.04081600159406662
3534,0.5038033723831177,0.5555559992790222,0.03782128170132637,0.0
3535,0.38250187039375305,0.171875,0.04649768024682999,0.0625
3536,0.4028970003128052,0.15789499878883362,0.041741274297237396,0.15789499878883362
3537,0.3454500138759613,0.30000001192092896,3.985222429037094e-05,0.0
3538,0.5740578174591064,0.31578901410102844,0.03695245459675789,0.07894700020551682
3539,0.2977304756641388,0.33333298563957214,3.381539136171341e-05,0.33333298563957214
3540,0.36950618028640747,0.25,0.04758981615304947,0.0625
3541,0.024381473660469055,0.0,2.11251899600029e-05,0.14285700023174286
3542,0.3546941578388214,0.35294100642204285,0.048156749457120895,0.029411999508738518
3543,0.6131011247634888,0.6944440007209778,0.031132496893405914,0.02777799963951111
3544,0.5012605786323547,0.5,2.7846544981002808e-06,0.0
3545,0.5330631136894226,0.5375000238418579,0.04006081074476242,0.012500000186264515
3546,0.02263982594013214,0.0,9.49762761592865e-06,0.0
3547,0.5150153040885925,0.5,-7.079914212226868e-06,0.0
3548,0.26103341579437256,0.25,2.2885389626026154e-05,0.0
3549,0.6847506761550903,0.484375,0.031132496893405914,0.0625
3550,0.26949751377105713,0.30000001192092896,5.8195553719997406e-05,0.10000000149011612
3551,0.5401243567466736,0.553846001625061,0.03837154805660248,0.030768999829888344
3552,0.4199640154838562,0.5,1.7919577658176422e-05,0.0
3553,0.30849015712738037,0.3666670024394989,0.04921712726354599,0.06666699796915054
3554,0.38717421889305115,0.26923099160194397,0.045751363039016724,0.0
3555,0.48613065481185913,0.33333298563957214,0.037811629474163055,0.05555599927902222
3556,0.41027337312698364,0.25,0.0015143435448408127,0.08333300054073334
3557,0.30465471744537354,0.16666699945926666,-3.4617260098457336e-06,0.0
3558,0.5549008846282959,0.4545449912548065,0.04017137736082077,0.054545000195503235
3559,0.4272878170013428,0.3043479919433594,0.04483748972415924,0.0
3560,0.43945881724357605,0.33333298563957214,3.8156285881996155e-06,0.16666699945926666
3561,0.5895277857780457,0.59375,0.03470293805003166,0.03125
3562,0.5616632699966431,0.6028710007667542,0.039897944778203964,0.07176999747753143
3563,0.4070436954498291,0.2820509970188141,0.04742183908820152,0.11538500338792801
3564,0.6216998100280762,0.6923080086708069,0.031132496893405914,0.05128199979662895
3565,0.49312514066696167,0.4237290024757385,0.043862901628017426,0.04237300157546997
3566,0.34026050567626953,0.5211269855499268,0.05196288973093033,0.0422540009021759
3567,0.30504629015922546,0.32558101415634155,0.05282503366470337,0.06976699829101562
3568,0.5378164052963257,0.4641149938106537,0.04036296159029007,0.0430620014667511
3569,0.6263715624809265,0.6348230242729187,0.03529497608542442,0.013867000117897987
3570,0.5067160129547119,0.3488369882106781,0.039386071264743805,0.0
3571,0.5386033654212952,0.5,0.03616201877593994,0.0
3572,0.5795105695724487,0.6526950001716614,0.037430308759212494,0.06387200206518173
3573,0.40769731998443604,0.25,0.04344996064901352,0.0
3574,0.6000714302062988,0.7176470160484314,0.03611716628074646,0.02352900058031082
3575,0.5234749913215637,0.5175570249557495,0.04191156476736069,0.045802000910043716
3576,0.5828334093093872,0.5747860074043274,0.03728550300002098,0.017093999311327934
3577,0.40500032901763916,0.47058799862861633,0.043784692883491516,0.058823999017477036
3578,0.6064726114273071,0.6342710256576538,0.03622458502650261,0.015344999730587006
3579,0.4673249423503876,0.44999998807907104,0.04235858470201492,0.03750000149011612
3580,0.2906132638454437,0.11111100018024445,6.726011633872986e-06,0.0
3581,0.5125110149383545,0.5277780294418335,0.03823639079928398,0.02777799963951111
3582,0.47205477952957153,0.5223879814147949,0.043762341141700745,0.029851000756025314
3583,0.5203132033348083,0.45217400789260864,0.042550161480903625,0.03478299826383591
3584,0.43905797600746155,0.23684200644493103,0.04627053812146187,0.026316000148653984
3585,0.537461519241333,0.6470590233802795,0.030373353511095047,0.0
3586,0.41849440336227417,0.434783011674881,0.043717652559280396,0.08695700019598007
3587,0.41683563590049744,0.4647890031337738,0.04607584699988365,0.056338001042604446
3588,0.40010902285575867,0.5,-1.9567087292671204e-05,0.0
3589,0.46312958002090454,0.4601770043373108,0.04509937763214111,0.03539799898862839
3590,0.41015899181365967,0.19047600030899048,0.0443478599190712,0.0
3591,0.4158370792865753,0.15000000596046448,0.043829381465911865,0.0
3592,0.4476886987686157,0.3076919913291931,-5.107838660478592e-05,0.0
3593,0.336333692073822,0.0,1.5053898096084595e-05,0.0
3594,0.4706583321094513,0.5,1.0044313967227936e-05,0.0
3595,0.3532957136631012,0.14285700023174286,0.010595002211630344,0.0
3596,0.42044511437416077,0.5,9.32915136218071e-05,0.125
3597,0.550658643245697,0.37777799367904663,0.037961263209581375,0.06666699796915054
3598,0.5579069256782532,0.5365849733352661,0.037295158952474594,0.0365849994122982
3599,0.25939929485321045,0.145455002784729,0.05118340253829956,0.054545000195503235
3600,0.49174654483795166,0.4285709857940674,0.038497038185596466,0.07142899930477142
3601,0.6564139127731323,0.7777780294418335,0.031132496893405914,0.0
3602,0.4379315972328186,0.4399999976158142,0.049385104328393936,0.11999999731779099
3603,0.28909996151924133,0.125,0.047694891691207886,0.0
3604,0.31182560324668884,0.24390199780464172,0.049550026655197144,0.07317099720239639
3605,0.5097623467445374,0.5633800029754639,0.0419434979557991,0.0
3606,0.5566077828407288,0.857142984867096,0.03514329344034195,0.0
3607,0.30089011788368225,0.15384599566459656,0.054932720959186554,0.07692299783229828
3608,0.475506067276001,0.6499999761581421,0.03956057131290436,0.05000000074505806
3609,0.5259007811546326,0.5714290142059326,2.6899389922618866e-05,0.14285700023174286
3610,0.5615397691726685,0.5870450139045715,0.03983977809548378,0.07894700020551682
3611,0.635915994644165,0.6527780294418335,0.031132496893405914,0.04166699945926666
3612,0.5186169743537903,0.6516129970550537,0.04333902895450592,0.05161299929022789
3613,0.5916796922683716,0.6408045887947083,0.03830879554152489,0.020114939659833908
3614,0.5215942859649658,0.46376800537109375,0.03988049179315567,0.10144899785518646
3615,0.31048083305358887,0.27272701263427734,0.05437326431274414,0.13636399805545807
3616,0.3570864498615265,0.36363598704338074,0.04789428412914276,0.06060599908232689
3617,0.41293865442276,0.6000000238418579,0.04015541821718216,0.05000000074505806
3618,0.5366101861000061,0.6339290142059326,0.040373604744672775,0.04017899930477142
3619,0.4808143973350525,1.0,3.2386742532253265e-05,0.0
3620,0.5983301401138306,0.5918369889259338,0.0316343754529953,0.02040800079703331
3621,0.4363633096218109,0.5853660106658936,0.04422260820865631,0.07317099720239639
3622,0.3966107964515686,0.1875,0.05271150916814804,0.0
3623,0.5709037780761719,0.5333330035209656,0.03665008395910263,0.06666699796915054
3624,0.4771297574043274,0.1599999964237213,0.042177651077508926,0.1599999964237213
3625,0.45787158608436584,0.375,0.04291749745607376,0.125
3626,0.3699738383293152,0.5833330154418945,0.028390727937221527,0.0
3627,0.27848654985427856,0.2800000011920929,0.05350104719400406,0.07999999821186066
3628,0.5229359865188599,0.5,0.040043361485004425,0.0057470002211630344
3629,0.5774962902069092,0.6610170006752014,0.033373571932315826,0.0338979996740818
3630,0.5638833045959473,0.5806450247764587,0.03543485701084137,0.03225800022482872
3631,0.4311152398586273,0.4285709857940674,0.03896235674619675,0.0
3632,0.5948044657707214,0.5785580277442932,0.03630891442298889,0.03881699964404106
3633,0.263001024723053,0.3333333134651184,-2.235453575849533e-05,0.0
3634,0.31299304962158203,0.3043479919433594,0.04903864115476608,0.04347800090909004
3635,0.566645622253418,0.6739130020141602,0.03566020727157593,0.06521700322628021
3636,0.5239058136940002,0.36559098958969116,0.0402352437376976,0.021505000069737434
3637,0.3743113875389099,0.35294100642204285,0.0425075925886631,0.0
3638,0.5212863087654114,0.7142860293388367,0.04026716947555542,0.04761900007724762
3639,0.5013429522514343,0.30303001403808594,0.04195413738489151,0.0
3640,0.5385069847106934,0.526881992816925,0.040772728621959686,0.053762998431921005
3641,0.2330740988254547,0.16666699945926666,1.7243437469005585e-05,0.0
3642,0.5003114938735962,0.35294100642204285,0.042039282619953156,0.14705899357795715
3643,0.5220327377319336,0.42567598819732666,0.04162951558828354,0.08783800154924393
3644,0.4979393184185028,0.4444440007209778,0.043538883328437805,0.0
3645,0.4795616865158081,0.39534899592399597,0.044370636343955994,0.06976699829101562
3646,0.4791984260082245,0.625,5.84237277507782e-05,0.0
3647,0.5329659581184387,0.5931029915809631,0.04191156476736069,0.006897000130265951
3648,0.4572035074234009,0.435373991727829,0.04607584699988365,0.04761900007724762
3649,0.547883927822113,0.5773810148239136,0.0411824956536293,0.02976199984550476
3650,0.3498191237449646,0.2926830053329468,0.051986925303936005,0.09756100177764893
3651,0.43225765228271484,0.5714290142059326,-1.3857148587703705e-05,0.0
3652,0.41036126017570496,0.2222220003604889,0.045167699456214905,0.0
3653,0.5595738291740417,0.7230769991874695,0.037328943610191345,0.01538500003516674
3654,0.5725023150444031,0.6790120005607605,0.03503544628620148,0.049382999539375305
3655,0.4584006369113922,0.2786889970302582,0.044086359441280365,0.18032799661159515
3656,0.5505399703979492,0.4399999976158142,0.03603989630937576,0.07999999821186066
3657,0.37282681465148926,0.16666699945926666,4.264526069164276e-06,0.0
3658,0.515489399433136,0.6437770128250122,0.04475777968764305,0.05579400062561035
3659,0.26533743739128113,0.20000000298023224,0.014567137695848942,0.06666699796915054
3660,0.3237075209617615,0.25,0.05188675969839096,0.09090899676084518
3661,0.5114840269088745,0.5206189751625061,0.04380703717470169,0.015464000403881073
3662,0.4415667653083801,0.41379299759864807,0.04311716929078102,0.06896600127220154
3663,0.6149687767028809,0.6458330154418945,0.03467690572142601,0.03472200036048889
3664,0.5242993831634521,0.25373101234436035,0.03972925990819931,0.029851000756025314
3665,0.6052963137626648,0.59375,0.03553111478686333,0.07291699945926666
3666,0.4615698456764221,0.38888901472091675,0.04589197412133217,0.06060599908232689
3667,0.5445331931114197,0.3684209883213043,0.03295144438743591,0.0
3668,0.5640750527381897,0.5,0.037213101983070374,0.015625
3669,0.4625210762023926,0.6363639831542969,1.0439194738864899e-05,0.18181799352169037
3670,0.4559166133403778,0.33333298563957214,0.041150566190481186,0.0
3671,0.4462575614452362,0.3846150040626526,0.04576217755675316,0.07692299783229828
3672,0.5640316605567932,0.4642859995365143,0.031132496893405914,0.03571400046348572
3673,0.5704119801521301,0.5049499869346619,0.03673901408910751,0.03960400074720383
3674,0.5841254591941833,0.6574469804763794,0.03665425628423691,0.057447001338005066
3675,0.440637469291687,0.33333298563957214,2.4869106709957123e-05,0.16666699945926666
3676,0.4924336075782776,0.5,-1.0849907994270325e-06,0.0
3677,0.5114263892173767,0.7195119857788086,0.04267788678407669,0.012195000424981117
3678,0.6059848070144653,0.574999988079071,0.034618087112903595,0.10000000149011612
3679,0.17111057043075562,0.14285700023174286,0.03965860977768898,0.0
3680,0.3251476287841797,0.23404300212860107,0.049841150641441345,0.0851060003042221
3681,0.5537156462669373,0.5981519818305969,0.040072448551654816,0.062355998903512955
3682,0.3795327842235565,0.2777779996395111,0.04340558499097824,0.05555599927902222
3683,0.5753014087677002,0.642857015132904,0.021061711013317108,0.0
3684,0.5640142560005188,0.613332986831665,0.036095473915338516,0.026667000725865364
3685,0.5512800812721252,0.7684209942817688,0.03955475613474846,0.021052999421954155
3686,0.5515654683113098,0.6352940201759338,0.03856944292783737,0.0
3687,0.5130869150161743,0.6504849791526794,0.04297295957803726,0.07281599938869476
3688,0.46037745475769043,0.33333298563957214,0.04415429010987282,0.11111100018024445
3689,0.42369258403778076,0.47368401288986206,0.041203781962394714,0.05263200029730797
3690,0.3853233754634857,0.4375,0.04649768024682999,0.125
3691,0.5908170938491821,0.662971019744873,0.03653667867183685,0.031042000278830528
3692,0.43240565061569214,0.375,3.331061452627182e-05,0.0
3693,0.4038005471229553,0.4651159942150116,0.04745333641767502,0.023256000131368637
3694,0.5175064206123352,0.6654139757156372,0.04270981252193451,0.0864659994840622
3695,0.682840883731842,0.7083330154418945,0.031132496893405914,0.04166699945926666
3696,0.4014448821544647,0.6458330154418945,0.04750582575798035,0.020833000540733337
3697,0.5163055062294006,0.6654549837112427,0.042741745710372925,0.04363600164651871
3698,0.5608431696891785,0.5960264801979065,0.03966527432203293,0.015452539548277855
3699,0.407792329788208,0.4651159942150116,0.04615156352519989,0.046512000262737274
3700,0.5579599738121033,0.39682498574256897,0.03730481117963791,0.023809999227523804
3701,0.37329980731010437,0.41964301466941833,0.04903864115476608,0.026785999536514282
3702,0.37474846839904785,0.33333298563957214,-2.6549212634563446e-05,0.0
3703,0.4600268006324768,0.41666701436042786,0.0430506132543087,0.125
3704,0.16581222414970398,0.0,0.00013567321002483368,0.0
3705,0.5094895958900452,0.6724140048027039,0.04013413190841675,0.03448300063610077
3706,0.49699100852012634,0.25,0.03565461188554764,0.0625
3707,0.619503915309906,0.6666669845581055,0.031132496893405914,0.03333299979567528
3708,0.514886200428009,0.684211015701294,0.03751236945390701,0.0
3709,0.28672653436660767,0.4444440007209778,0.00014709960669279099,0.0
3710,0.3927368223667145,0.20000000298023224,0.03639191389083862,0.20000000298023224
3711,0.6279340386390686,0.6551719903945923,0.031132496893405914,0.03448300063610077
3712,0.5091320872306824,0.5760369896888733,0.042741745710372925,0.06451600044965744
3713,0.3496154546737671,0.24705900251865387,0.04901764541864395,0.1529410034418106
3714,0.5707088112831116,0.4315789043903351,0.04002591222524643,0.017543859779834747
3715,0.4738461971282959,0.20000000298023224,1.3075768947601318e-06,0.0
3716,0.37741580605506897,0.4545449912548065,-3.0483119189739227e-05,0.0
3717,0.5166364312171936,0.4000000059604645,2.0062550902366638e-05,0.10000000149011612
3718,0.6507521867752075,0.7112680077552795,0.03466270491480827,0.009390000253915787
3719,0.34030789136886597,0.22666700184345245,0.049395602196455,0.026667000725865364
3720,0.537574291229248,0.5400000214576721,0.04179980978369713,0.05000000074505806
3721,0.28141772747039795,0.4666669964790344,0.013986279256641865,0.0
3722,0.4245108962059021,0.32727301120758057,0.045349884778261185,0.054545000195503235
3723,0.43845927715301514,0.4615379869937897,0.00038071535527706146,0.0
3724,0.3850054442882538,0.25641000270843506,0.045087989419698715,0.025640999898314476
3725,0.49639949202537537,0.5,0.04190092533826828,0.03999999910593033
3726,0.44267261028289795,0.4285709857940674,0.04278438165783882,0.04761900007724762
3727,0.01404866948723793,0.0,7.165595889091492e-06,0.0
3728,0.5964598655700684,0.5191550254821777,0.036359500139951706,0.04491399973630905
3729,0.442379891872406,0.0,2.1823681890964508e-05,0.16666699945926666
3730,0.294800341129303,0.44999998807907104,0.047484830021858215,0.0
3731,0.3295413851737976,0.33333298563957214,-2.0732171833515167e-05,0.0
3732,0.6384128332138062,0.6489099860191345,0.035243839025497437,0.053268998861312866
3733,0.48907405138015747,0.7560979723930359,0.041113317012786865,0.0
3734,0.4889140725135803,0.4745759963989258,0.042528875172138214,0.0169489998370409
3735,0.4188944399356842,0.5294119715690613,0.04328356683254242,0.0
3736,0.5444875359535217,0.5416669845581055,0.034018345177173615,0.0
3737,0.29105445742607117,0.04761900007724762,0.052262552082538605,0.11111100018024445
3738,0.40735912322998047,0.30000001192092896,6.327033042907715e-05,0.30000001192092896
3739,0.25809332728385925,0.27272701263427734,0.0001240614801645279,0.09090899676084518
3740,0.5537706017494202,0.625,9.921658784151077e-05,0.125
3741,0.5667815804481506,0.54237300157547,0.04003173112869263,0.07118599861860275
3742,0.4650585949420929,0.594202995300293,0.04377351701259613,0.0
3743,0.5262266397476196,0.6166669726371765,0.03722275793552399,0.03333299979567528
3744,0.5902618765830994,0.5419849753379822,0.034045737236738205,0.061069000512361526
3745,0.6005174517631531,0.6421800255775452,0.03560180589556694,0.02369699999690056
3746,0.2940879166126251,0.20000000298023224,5.423184484243393e-05,0.20000000298023224
3747,0.3433060646057129,0.3125,0.0269177183508873,0.0625
3748,0.4833264946937561,0.6153849959373474,0.0007608020678162575,0.0
3749,0.5073408484458923,0.44680899381637573,0.03821708261966705,0.0851060003042221
3750,0.5654369592666626,0.5220419764518738,0.039124906063079834,0.023202000185847282
3751,0.4687247574329376,0.4666669964790344,0.03907793015241623,0.06666699796915054
3752,0.5432190895080566,0.6118419766426086,0.0397816076874733,0.07894700020551682
3753,0.5109054446220398,0.5454549789428711,0.04229472577571869,0.18181799352169037
3754,0.4611424207687378,0.800000011920929,1.0365620255470276e-06,0.0
3755,0.23438218235969543,0.14285700023174286,-8.990056812763214e-06,0.0
3756,0.5522872805595398,0.4954949915409088,0.03744961693882942,0.02702699974179268
3757,0.38408204913139343,0.5,-7.244758307933807e-06,0.0
3758,0.34125804901123047,0.4444440007209778,0.00028805527836084366,0.2222220003604889
3759,0.42661547660827637,0.14285700023174286,0.039897944778203964,0.0
3760,0.5386396646499634,0.4654090106487274,0.04005499556660652,0.05660400167107582
3761,0.400576651096344,0.29310300946235657,0.044177062809467316,0.0
3762,0.276127427816391,0.20000000298023224,0.00016613956540822983,0.20000000298023224
3763,0.48050758242607117,0.7333332896232605,0.03840050473809242,0.0
3764,0.4792587161064148,0.47058799862861633,0.03638019785284996,0.0
3765,0.5529419183731079,0.4838710129261017,0.03714069724082947,0.06451600044965744
3766,0.5646765828132629,0.6785709857940674,0.03578142076730728,0.08928599953651428
3767,0.5478236079216003,0.5,0.03965945541858673,0.13541699945926666
3768,0.48946070671081543,0.5391299724578857,0.04277367144823074,0.01739099994301796
3769,0.5521674752235413,0.2173909991979599,0.03746409714221954,0.04347800090909004
3770,0.42353999614715576,0.31578901410102844,0.04686544090509415,0.07017499953508377
3771,0.4020267724990845,0.1355929970741272,0.045621566474437714,0.0
3772,0.6055960059165955,0.619047999382019,0.035458918660879135,0.06666699796915054
3773,0.47431233525276184,0.5,-4.3579377233982086e-05,0.0
3774,0.43351179361343384,0.48214301466941833,0.047957275062799454,0.03571400046348572
3775,0.5483343005180359,0.5116279721260071,0.039316266775131226,0.0
3776,0.48890817165374756,0.4813080132007599,0.0428287535905838,0.04672899842262268
3777,0.5270364880561829,0.6193180084228516,0.042624667286872864,0.0227269995957613
3778,0.4731677770614624,0.125,3.890227526426315e-05,0.25
3779,0.6001587510108948,0.800000011920929,7.934123277664185e-05,0.0
3780,0.48593592643737793,0.5769230127334595,0.038361888378858566,0.03846200183033943
3781,0.5346258878707886,0.6666669845581055,0.03710690885782242,0.04761900007724762
3782,0.4051501750946045,0.5454549789428711,0.04774729907512665,0.0
3783,0.5606502294540405,0.5138890147209167,0.03739652410149574,0.013888999819755554
3784,0.010532304644584656,1.0,1.1626631021499634e-05,0.0
3785,0.5205467939376831,0.6389780044555664,0.04270981252193451,0.022363999858498573
3786,0.45425543189048767,0.30000001192092896,6.82435929775238e-05,0.0
3787,0.4133908450603485,0.44827601313591003,0.04683298617601395,0.05172400176525116
3788,0.20210528373718262,0.4000000059604645,0.000661172904074192,0.0
3789,0.31782475113868713,0.26829299330711365,0.05213715136051178,0.0
3790,0.34518077969551086,0.6000000238418579,0.046984411776065826,0.11999999731779099
3791,0.337144136428833,0.5714290142059326,0.051050134003162384,0.06122399866580963
3792,0.42343342304229736,0.5555559992790222,0.04684380441904068,0.0
3793,0.433810293674469,0.0,5.238689482212067e-06,0.0
3794,0.6034033298492432,0.6442952752113342,0.03615657240152359,0.03523489832878113
3795,0.4841747283935547,0.5864199995994568,0.04460975527763367,0.03086400032043457
3796,0.36338376998901367,0.3132529854774475,0.0496348962187767,0.02409599907696247
3797,0.547863781452179,0.6235960125923157,0.04134746640920639,0.05618000030517578
3798,0.4918394088745117,0.6129029989242554,0.04111863672733307,0.12903200089931488
3799,0.40275323390960693,0.800000011920929,-3.08966264128685e-05,0.0
3800,0.40262460708618164,0.21212099492549896,0.047189876437187195,0.05050500109791756
3801,0.5771008133888245,0.5954200029373169,0.03849221393465996,0.022901000455021858
3802,0.45702534914016724,0.35555601119995117,0.03994447737932205,0.044443998485803604
3803,0.3879774808883667,0.3880600035190582,0.048828672617673874,0.029851000756025314
3804,0.37130510807037354,0.4423080086708069,0.04916463419795036,0.11538500338792801
3805,0.29561686515808105,0.23076899349689484,0.05254121869802475,0.07692299783229828
3806,0.5125802755355835,0.6499999761581421,0.03846808522939682,0.02500000037252903
3807,0.3947414755821228,0.7142860293388367,3.296416252851486e-05,0.0
3808,0.4456822872161865,0.75,0.04215636104345322,0.03125
3809,0.011644601821899414,0.0,9.763054549694061e-06,0.0
3810,0.5912210941314697,0.5630249977111816,0.03432544693350792,0.05042000114917755
3811,0.5822121500968933,0.4615379869937897,0.03763303905725479,0.025640999898314476
3812,0.5094077587127686,0.5051550269126892,0.041714660823345184,0.010308999568223953
3813,0.5319773554801941,0.7304350137710571,0.04207121580839157,0.01739099994301796
3814,0.5591833591461182,0.5845069885253906,0.039711810648441315,0.01643200032413006
3815,0.39871859550476074,0.33333298563957214,1.3345852494239807e-06,0.0
3816,0.27801528573036194,0.16666699945926666,-1.4584511518478394e-05,0.0
3817,0.6091336011886597,0.5833330154418945,0.03643933683633804,0.048611000180244446
3818,0.5867364406585693,0.6666669845581055,0.031132496893405914,0.0
3819,0.5783666372299194,0.5735849738121033,0.037024855613708496,0.06792499870061874
3820,0.4634054899215698,0.6138610243797302,0.04819874465465546,0.049504999071359634
3821,0.38945919275283813,0.35294100642204285,0.047463830560445786,0.08823499828577042
3822,0.5176100134849548,0.6704549789428711,0.04119314253330231,0.03409099951386452
3823,0.530886709690094,0.558139979839325,0.038983963429927826,0.011628000065684319
3824,0.5731228590011597,0.6923080086708069,0.0011175507679581642,0.07692299783229828
3825,0.5698034763336182,0.6666669845581055,6.752088665962219e-07,0.0
3826,0.4561700224876404,0.25,2.9041431844234467e-05,0.0
3827,0.20707151293754578,0.10000000149011612,-6.112735718488693e-05,0.20000000298023224
3828,0.6312414407730103,0.6016259789466858,0.034045737236738205,0.016259999945759773
3829,0.529288649559021,0.35294100642204285,0.0392032116651535,0.058823999017477036
3830,0.5561110377311707,0.5077720284461975,0.04059711471199989,0.031088000163435936
3831,0.5565739870071411,0.6166669726371765,0.03894220292568207,0.016666999086737633
3832,0.3886239528656006,1.0,2.046767622232437e-05,0.0
3833,0.6016955375671387,0.38698598742485046,0.036498479545116425,0.06849300116300583
3834,0.5313243269920349,0.4444440007209778,0.0351768359541893,0.07407400012016296
3835,0.6597344875335693,0.6974359750747681,0.031132496893405914,0.005127999931573868
3836,0.32919201254844666,0.0,1.645740121603012e-05,0.0
3837,0.4883635342121124,0.33333298563957214,0.03561384230852127,0.0
3838,0.6123802065849304,0.6666669845581055,0.031132496893405914,0.0
3839,0.5698115825653076,0.4122140109539032,0.039124906063079834,0.061069000512361526
3840,0.5600296258926392,0.7058820128440857,0.034820087254047394,0.029411999508738518
3841,0.4867958724498749,0.41666701436042786,0.05220910906791687,0.04166699945926666
3842,0.5192385911941528,0.5217390060424805,0.04052793234586716,0.04347800090909004
3843,0.4450533390045166,0.25,0.04493996500968933,0.0625
3844,0.5159898400306702,0.8333330154418945,2.002343535423279e-06,0.0
3845,0.3330094814300537,0.0,2.474617213010788e-05,0.0
3846,0.5068146586418152,0.3095239996910095,0.0397699773311615,0.0
3847,0.5497152805328369,0.4285709857940674,8.150003850460052e-06,0.0
3848,0.5477479100227356,0.5566040277481079,0.039851412177085876,0.01886799931526184
3849,0.6050056219100952,0.48286598920822144,0.03640533238649368,0.05919000133872032
3850,0.5490263104438782,0.6060609817504883,0.03785507380962372,0.030302999541163445
3851,0.5860958099365234,1.0,1.1632218956947327e-06,0.0
3852,0.19316133856773376,0.2857140004634857,-4.4735148549079895e-05,0.4285709857940674
3853,0.3226851224899292,0.2586210072040558,0.05267021805047989,0.05172400176525116
3854,0.576187252998352,0.5404189825057983,0.038550134748220444,0.04940100014209747
3855,0.4344751238822937,0.6499999761581421,0.04566483199596405,0.0
3856,0.5299818515777588,0.6363639831542969,0.04191156476736069,0.05050500109791756
3857,0.5550425052642822,0.6593409776687622,0.040905773639678955,0.04395600035786629
3858,0.6366926431655884,0.5268290042877197,0.03426489233970642,0.039023999124765396
3859,0.5754154324531555,0.5710780024528503,0.03961292281746864,0.036765001714229584
3860,0.45057323575019836,0.8333330154418945,7.783062756061554e-06,0.0
3861,0.56024169921875,0.22388100624084473,0.03832327574491501,0.11940299719572067
3862,0.3310167193412781,0.30000001192092896,-1.2696720659732819e-05,0.0
3863,0.6070834398269653,0.5582820177078247,0.036615364253520966,0.06748499721288681
3864,0.2230241298675537,0.20000000298023224,0.022572334855794907,0.06666699796915054
3865,0.3310513496398926,0.0,5.830638110637665e-05,0.0
3866,0.46829092502593994,0.41818198561668396,0.0419328510761261,0.03636400029063225
3867,0.2705448567867279,0.4375,0.049406103789806366,0.125
3868,0.2452002465724945,0.2666670083999634,0.05695907771587372,0.0
3869,0.5926374793052673,0.5633116960525513,0.03644821047782898,0.035714291036129
3870,0.3740888833999634,0.33333298563957214,-4.879944026470184e-05,0.11111100018024445
3871,0.5378223657608032,0.33333298563957214,9.806826710700989e-07,0.0
3872,0.4628567695617676,0.45945900678634644,0.042188290506601334,0.0
3873,0.31926801800727844,0.75,-2.1112151443958282e-05,0.0
3874,0.4406784176826477,0.6000000238418579,1.714564859867096e-06,0.0
3875,0.3626670241355896,0.5882350206375122,0.04649768024682999,0.0
3876,0.489917516708374,0.5675680041313171,0.04355005547404289,0.013513999991118908
3877,0.47918057441711426,0.5406500101089478,0.045881155878305435,0.05284599959850311
3878,0.46967199444770813,0.5084750056266785,0.043941110372543335,0.11864399909973145
3879,0.5947561264038086,0.6649569869041443,0.03638759255409241,0.039315998554229736
3880,0.3212607502937317,0.5,-9.305775165557861e-06,0.0
3881,0.25179171562194824,0.6000000238418579,-1.3812445104122162e-05,0.0
3882,0.38839927315711975,0.3095239996910095,0.05220325291156769,0.023809999227523804
3883,0.44925403594970703,0.5454549789428711,-1.8309801816940308e-06,0.09090899676084518
3884,0.5275878310203552,0.5306119918823242,0.040336351841688156,0.04081600159406662
3885,0.33545464277267456,0.5454549789428711,-6.842426955699921e-06,0.0
3886,0.40367114543914795,0.6666669845581055,0.0015202099457383156,0.0
3887,0.45082390308380127,0.5,2.1141022443771362e-06,0.0
3888,0.5393468141555786,0.524150013923645,0.04141132906079292,0.01967800036072731
3889,0.2843821048736572,0.4000000059604645,0.00017925631254911423,0.0
3890,0.614408016204834,0.24242399632930756,0.03603040799498558,0.12121199816465378
3891,0.570643961429596,0.6583330035209656,0.038448773324489594,0.05833299830555916
3892,0.36477789282798767,0.3023259937763214,0.049091141670942307,0.09302300214767456
3893,0.5111549496650696,0.2666670083999634,0.012319033034145832,0.0
3894,0.5411393642425537,0.7222219705581665,0.04320591688156128,0.0
3895,0.5435240268707275,0.5882350206375122,0.03650882840156555,0.03921600058674812
3896,0.5291721820831299,0.5774649977684021,0.041719984263181686,0.0070420000702142715
3897,0.4200422763824463,0.36363640427589417,-2.3330561816692352e-05,0.09090909361839294
3898,0.5768033266067505,0.3421050012111664,0.03651776164770126,0.0
3899,0.3556319773197174,0.16666670143604279,-2.1731480956077576e-05,0.0
3900,0.6412769556045532,0.36111098527908325,0.031132496893405914,0.11111100018024445
3901,0.3689652681350708,0.25,0.0001637795940041542,0.125
3902,0.5995252728462219,0.5555559992790222,0.032762475311756134,0.0
3903,0.4453299045562744,0.5,-3.2838433980941772e-06,0.5
3904,0.5014169216156006,0.48837199807167053,0.04103881120681763,0.06976699829101562
3905,0.5208505988121033,0.5405409932136536,0.03775370866060257,0.02702699974179268
3906,0.40494608879089355,0.4545449912548065,0.046086665242910385,0.0
3907,0.5545443296432495,0.625,1.253560185432434e-06,0.0
3908,0.1331108659505844,0.14285700023174286,-2.3727305233478546e-05,0.0
3909,0.608299732208252,0.4244900047779083,0.03610360622406006,0.048980001360177994
3910,0.3563048243522644,0.1571429967880249,0.05230382829904556,0.05714299902319908
3911,0.5657181143760681,0.6000000238418579,-1.7099082469940186e-06,0.0
3912,0.5478132963180542,0.5041670203208923,0.03933953493833542,0.04583299905061722
3913,0.24239066243171692,0.6666669845581055,-9.262654930353165e-05,0.0
3914,0.48447054624557495,0.4000000059604645,0.04166676849126816,0.013333000242710114
3915,0.38138794898986816,0.40625,0.04341668263077736,0.0
3916,0.51565021276474,0.6060609817504883,0.036615364253520966,0.06060599908232689
3917,0.5342792272567749,0.5526319742202759,0.03660877048969269,0.026316000148653984
3918,0.5143229961395264,0.47692298889160156,0.04185834527015686,0.06153799965977669
3919,0.5827746391296387,0.65625,0.03713104501366615,0.0
3920,0.4983154535293579,0.619047999382019,0.0360209196805954,0.04761900007724762
3921,0.2936917543411255,0.20000000298023224,0.03619178757071495,0.1333329975605011
3922,0.39120638370513916,0.5405409932136536,0.04696277901530266,0.0
3923,0.5168383121490479,0.5287359952926636,0.042528875172138214,0.01724099926650524
3924,0.4165836572647095,0.5,0.049653761088848114,0.05555599927902222
3925,0.5525313019752502,0.4854370057582855,0.04062372446060181,0.024272000417113304
3926,0.4224540889263153,0.4000000059604645,4.324130713939667e-06,0.0
3927,0.5745342373847961,0.5570780038833618,0.03794195502996445,0.02283100038766861
3928,0.4200105667114258,0.6666669845581055,7.583945989608765e-05,0.0
3929,0.5513056516647339,0.46253201365470886,0.03991539403796196,0.06976699829101562
3930,0.4653952717781067,0.642857015132904,0.00027956999838352203,0.0
3931,0.355928897857666,0.4000000059604645,0.024561099708080292,0.1333329975605011
3932,0.39289045333862305,0.4375,0.052041009068489075,0.1875
3933,0.36769333481788635,0.20000000298023224,-1.2693926692008972e-06,0.4000000059604645
3934,0.32884955406188965,0.33333298563957214,-7.861573249101639e-05,0.25
3935,0.512559711933136,0.5671640038490295,0.04138471931219101,0.05970099940896034
3936,0.5410211682319641,0.5185189843177795,0.03705381602048874,0.14814800024032593
3937,0.4816253185272217,0.45945900678634644,0.038696855306625366,0.0
3938,0.39039093255996704,0.3846150040626526,0.04495135322213173,0.0
3939,0.497724711894989,0.5265486836433411,0.04398580268025398,0.0752212405204773
3940,0.434887170791626,0.33333298563957214,7.855705916881561e-06,0.0
3941,0.5180919170379639,0.5400000214576721,0.04164548218250275,0.05999999865889549
3942,0.19300556182861328,0.10000000149011612,-1.3807788491249084e-05,0.0
3943,0.5445699691772461,0.5381680130958557,0.04016605764627457,0.0076339999213814735
3944,0.5427659749984741,0.27272701263427734,0.03726619854569435,0.06060599908232689
3945,0.4657478928565979,0.5454549789428711,0.04007826745510101,0.0
3946,0.6214165091514587,0.6714289784431458,0.031132496893405914,0.05714299902319908
3947,0.3054952025413513,0.3499999940395355,0.0508628748357296,0.15000000596046448
3948,0.45183390378952026,0.5434780120849609,0.04355005547404289,0.02173900045454502
3949,0.3498615622520447,0.4117650091648102,0.043684132397174835,0.0
3950,0.6125748753547668,0.5357139706611633,0.03461100906133652,0.011904999613761902
3951,0.30961453914642334,0.24528299272060394,0.052855998277664185,0.03773599863052368
3952,0.45230311155319214,0.5263159871101379,0.04567564278841019,0.0394739992916584
3953,0.4582081735134125,0.5,4.904065281152725e-05,0.0
3954,0.5669286847114563,0.5199999809265137,0.03733377158641815,0.0
3955,0.47630736231803894,0.4230769872665405,0.041773200035095215,0.0
3956,0.5722894668579102,0.6371911764144897,0.040336351841688156,0.03511052951216698
3957,0.3882187008857727,0.38095200061798096,0.04675726965069771,0.14285700023174286
3958,0.5441169738769531,0.5593219995498657,0.04017137736082077,0.0338979996740818
3959,0.3011024296283722,0.5,5.585420876741409e-05,0.0
3960,0.496108740568161,0.44680899381637573,0.037695787847042084,0.0
3961,0.5006706118583679,0.5,7.813796401023865e-07,0.0
3962,0.44322341680526733,0.4368929862976074,0.045881155878305435,0.03883500024676323
3963,0.4360629916191101,0.5362319946289062,0.045729730278253555,0.014492999762296677
3964,0.3777892291545868,0.3199999928474426,0.04550929367542267,0.03999999910593033
3965,0.2477996051311493,0.27272701263427734,0.0001429254189133644,0.0
3966,0.4036250114440918,0.5,0.05222643166780472,0.0625
3967,0.4852287769317627,0.5860469937324524,0.04453004524111748,0.027907000854611397
3968,0.42484015226364136,0.5,-4.14801761507988e-05,0.0
3969,0.555189847946167,0.6666669845581055,0.0419434979557991,0.06666699796915054
3970,0.5512219071388245,0.4074069857597351,0.04209250211715698,0.11111100018024445
3971,0.6461018323898315,0.619047999382019,0.031132496893405914,0.0
3972,0.2241995930671692,0.20000000298023224,5.68293035030365e-05,0.0
3973,0.43779683113098145,0.38297900557518005,0.044803325086832047,0.0
3974,0.4087885022163391,0.0,2.1877698600292206e-05,0.0
3975,0.5061651468276978,0.6000000238418579,0.038612887263298035,0.07999999821186066
3976,0.5554391145706177,0.5666670203208923,0.03718414157629013,0.03333299979567528
3977,0.27611666917800903,0.31818199157714844,0.05258249491453171,0.0
3978,0.25677984952926636,0.25,0.00011204741895198822,0.0
3979,0.513884961605072,0.7142860293388367,0.03833292797207832,0.0
3980,0.60616135597229,0.5686269998550415,0.031132496893405914,0.01960800029337406
3981,0.4878939390182495,0.5945950150489807,0.04323919117450714,0.0
3982,0.6219700574874878,0.6896550059318542,0.034217312932014465,0.0
3983,0.4389471411705017,0.41379299759864807,0.04499690234661102,0.10344800353050232
3984,0.3321952819824219,0.4285709857940674,0.04844021797180176,0.0
3985,0.5842446088790894,0.5483869910240173,0.03555818647146225,0.06451600044965744
3986,0.6421747207641602,0.6779659986495972,0.031132496893405914,0.0338979996740818
3987,0.565764844417572,0.4000000059604645,-6.514601409435272e-06,0.0
3988,0.5258259773254395,0.5409839749336243,0.041528403759002686,0.06557399779558182
3989,0.5109021067619324,0.40625,0.036658428609371185,0.046875
3990,0.5522683262825012,0.5144929885864258,0.03915100917220116,0.03623199835419655
3991,0.402732253074646,0.3400000035762787,0.048450715839862823,0.05999999865889549
3992,0.41898250579833984,0.1304350048303604,0.04574054479598999,0.2173909991979599
3993,0.29437097907066345,0.33333298563957214,0.05395077168941498,0.0
3994,0.5362159013748169,0.5440729856491089,0.04103349149227142,0.04559300094842911
3995,0.28915607929229736,0.4375,0.0551876500248909,0.0
3996,0.6090272665023804,0.5,1.3408251106739044e-05,0.0
3997,0.5962582230567932,0.7368419766426086,0.0362844355404377,0.01754399947822094
3998,0.576213002204895,0.4615379869937897,0.03556119650602341,0.15384599566459656
3999,0.4529467821121216,0.16279099881649017,0.04511076584458351,0.0
4000,0.5433879494667053,0.5825110077857971,0.039671093225479126,0.03526100143790245
4001,0.4743289351463318,0.5903609991073608,0.04413151368498802,0.012047999538481236
4002,0.2622450590133667,0.3684209883213043,0.05288179963827133,0.15789499878883362
4003,0.5188682675361633,0.5416669845581055,0.04035763815045357,0.04166699945926666
4004,0.633965253829956,0.41666701436042786,-1.648440957069397e-06,0.0
4005,0.4741061329841614,0.5555559992790222,-2.435687929391861e-05,0.11111100018024445
4006,0.009077116847038269,0.0,1.8524006009101868e-05,0.0
4007,0.4776667058467865,0.6380950212478638,0.04466668516397476,0.009523999877274036
4008,0.4297182559967041,0.5454549789428711,0.00013933703303337097,0.09090899676084518
4009,0.5929901003837585,0.8260869979858398,0.033389776945114136,0.08695700019598007
4010,0.5857184529304504,0.7168020009994507,0.03835706412792206,0.031165000051259995
4011,0.3604590892791748,0.2941179871559143,0.050165094435214996,0.08823499828577042
4012,0.34047386050224304,0.125,-1.3997778296470642e-06,0.0
4013,0.4151080846786499,0.5789470076560974,0.04821974039077759,0.04210500046610832
4014,0.3688642978668213,0.23076899349689484,0.04632462188601494,0.0
4015,0.5688421130180359,0.5238100290298462,0.03579209744930267,0.03174600005149841
4016,0.551807701587677,0.6034160256385803,0.040676940232515335,0.028463000431656837
4017,0.42408955097198486,0.6923080086708069,0.04695196449756622,0.0
4018,0.5887506008148193,0.7586209774017334,0.03434130549430847,0.03448300063610077
4019,0.44575682282447815,0.6318179965019226,0.04821974039077759,0.06818199902772903
4020,0.4811950922012329,0.699999988079071,0.00010124128311872482,0.0
4021,0.34458184242248535,0.5,0.00022748950868844986,0.0
4022,0.4655196964740753,0.5945950150489807,0.041320860385894775,0.0
4023,0.5674125552177429,0.3076919913291931,0.00011525209993124008,0.15384599566459656
4024,0.4291973114013672,1.0,-2.2714026272296906e-05,0.0
4025,0.47486841678619385,0.5555559992790222,3.0538998544216156e-05,0.0
4026,0.45721936225891113,0.5,0.038028839975595474,0.0
4027,0.19232985377311707,0.33333298563957214,0.000179193913936615,0.0
4028,0.48382246494293213,0.619047999382019,0.05266506224870682,0.0
4029,0.39470237493515015,0.27272701263427734,0.0015509473159909248,0.18181799352169037
4030,0.5186419486999512,0.6153849959373474,0.03670849651098251,0.03846200183033943
4031,0.2463867962360382,0.4000000059604645,7.076188921928406e-06,0.0
4032,0.571532666683197,0.6666669845581055,0.035075679421424866,0.0
4033,0.27534204721450806,0.23333300650119781,0.05020231753587723,0.06666699796915054
4034,0.4903442859649658,0.5,0.03865149989724159,0.06666699796915054
4035,0.2896813154220581,0.33333298563957214,-7.596798241138458e-06,0.0
4036,0.49028417468070984,0.5404040217399597,0.04425676912069321,0.07070700079202652
4037,0.5634258985519409,0.5440000295639038,0.039004847407341,0.07199999690055847
4038,0.5289226770401001,0.6808509826660156,0.04039489105343819,0.06383000314235687
4039,0.5109291076660156,0.6333330273628235,0.03820260614156723,0.03333299979567528
4040,0.4945651888847351,0.5240169763565063,0.043728820979595184,0.03930100053548813
4041,0.5990498661994934,0.5668020248413086,0.0353250578045845,0.04048600047826767
4042,0.5208680629730225,0.4444440007209778,0.03610902652144432,0.0
4043,0.295153945684433,0.6666669845581055,4.181917756795883e-05,0.0
4044,0.1893441379070282,0.3076919913291931,8.36588442325592e-05,0.0
4045,0.47831666469573975,0.4074069857597351,0.049911320209503174,0.07407400012016296
4046,0.5072513222694397,0.47200000286102295,0.04356122761964798,0.01600000075995922
4047,0.4901285469532013,0.2222220003604889,0.03693314641714096,0.05555599927902222
4048,0.4271169602870941,0.6000000238418579,1.066364347934723e-06,0.0
4049,0.5272642970085144,0.5496690273284912,0.04200735688209534,0.043046001344919205
4050,0.6070744395256042,0.5609760284423828,0.03250502049922943,0.0
4051,0.48337656259536743,0.35714301466941833,0.011594542302191257,0.21428599953651428
4052,0.4779451787471771,0.4545449912548065,0.04278438165783882,0.06060599908232689
4053,0.4480550289154053,0.6000000238418579,1.1418014764785767e-05,0.0
4054,0.5581704378128052,0.587302029132843,0.036909010261297226,0.06349200010299683
4055,0.5172287225723267,0.6028370261192322,0.040735479444265366,0.0
4056,0.45860555768013,0.33333298563957214,6.51925802230835e-07,0.0
4057,0.29887834191322327,0.33333298563957214,0.054481349885463715,0.0
4058,0.5179098844528198,0.4638783037662506,0.04267788678407669,0.038022808730602264
4059,0.5528836250305176,0.5555559992790222,9.092502295970917e-06,0.0
4060,0.5655670762062073,0.6739606261253357,0.03954312205314636,0.01969365030527115
4061,0.30943888425827026,0.0,1.351628452539444e-05,0.5
4062,0.4896208643913269,0.25,1.1271797120571136e-05,0.0
4063,0.3573002815246582,0.25999999046325684,0.053695306181907654,0.05999999865889549
4064,0.6030218005180359,0.5754719972610474,0.036394983530044556,0.06289300322532654
4065,0.5539935827255249,0.6184210181236267,0.03972344473004341,0.021929999813437462
4066,0.4292100667953491,0.20000000298023224,0.04678972065448761,0.04210500046610832
4067,0.5466922521591187,0.48941200971603394,0.041379399597644806,0.03999999910593033
4068,0.49758780002593994,0.5,0.028529278934001923,0.0625
4069,0.2679060101509094,0.2857140004634857,8.875597268342972e-05,0.0
4070,0.6004819869995117,0.5792509913444519,0.035748064517974854,0.034582000225782394
4071,0.45563215017318726,0.36363640427589417,-1.979060471057892e-06,0.09090909361839294
4072,0.5538519024848938,0.5032327771186829,0.04020863398909569,0.05818966031074524
4073,0.5569177269935608,0.5217390060424805,0.03629395365715027,0.04347800090909004
4074,0.6092662215232849,1.0,0.00012802984565496445,0.0
4075,0.54827880859375,0.39669400453567505,0.041054777801036835,0.06198300048708916
4076,0.3118169605731964,0.3125,0.05388690531253815,0.0625
4077,0.19228056073188782,0.25,-1.5469267964363098e-06,0.0
4078,0.6369650363922119,0.6328120231628418,0.03571470081806183,0.023437999188899994
4079,0.5142508745193481,0.20000000298023224,0.036326974630355835,0.15000000596046448
4080,0.6732155084609985,0.625,0.02546580135822296,0.0
4081,0.5086267590522766,0.35398200154304504,0.04256080836057663,0.07079599797725677
4082,0.4697416424751282,0.1721310019493103,0.04475777968764305,0.08196700364351273
4083,0.3614414632320404,0.4000000059604645,0.04818824306130409,0.07999999821186066
4084,0.5455877184867859,0.29166701436042786,0.03619194030761719,0.04166699945926666
4085,0.43481090664863586,0.33333298563957214,0.03933953493833542,0.0
4086,0.6094003915786743,0.4399999976158142,0.031132496893405914,0.07999999821186066
4087,0.2949528098106384,0.47058799862861633,0.04561081528663635,0.11764699965715408
4088,0.6300601959228516,0.5952939987182617,0.035308513790369034,0.041175998747348785
4089,0.5776317119598389,0.6000000238418579,0.036183781921863556,0.03333299979567528
4090,0.529758095741272,0.7272729873657227,0.03943841904401779,0.0
4091,0.32832980155944824,0.4285709857940674,-2.9814429581165314e-05,0.0
4092,0.5848363637924194,0.492480993270874,0.037411004304885864,0.03007500059902668
4093,0.4513229429721832,0.4444440007209778,0.04528156667947769,0.020201999694108963
4094,0.48311012983322144,0.5,2.7352944016456604e-06,0.0
4095,0.5441505312919617,0.6595739722251892,0.03812054917216301,0.02127699926495552
4096,0.5905956029891968,0.7540979981422424,0.0343802385032177,0.01639300025999546
4097,0.3615082800388336,0.4000000059604645,0.04625972360372543,0.0
4098,0.18209125101566315,0.21428599953651428,0.03161398321390152,0.0
4099,0.40556836128234863,0.5625,0.041890278458595276,0.0625
4100,0.41576072573661804,0.37168100476264954,0.047621313482522964,0.03539799898862839
4101,0.2399836778640747,0.20895500481128693,0.052167199552059174,0.07462699711322784
4102,0.35284101963043213,0.5,0.04980606958270073,0.045455001294612885
4103,0.38113367557525635,0.5714290142059326,-6.239861249923706e-08,0.0
4104,0.4743049144744873,0.5199999809265137,0.0387594997882843,0.07999999821186066
4105,0.37667420506477356,0.25806498527526855,0.05223675072193146,0.12903200089931488
4106,0.49104541540145874,0.637499988079071,0.04164548218250275,0.0625
4107,0.5210845470428467,0.25,2.2705644369125366e-06,0.125
4108,0.3604639172554016,0.3684209883213043,0.04964432492852211,0.0
4109,0.5611531138420105,0.4615379869937897,0.01618073880672455,0.0
4110,0.43708598613739014,0.6153849959373474,0.0442422479391098,0.07692299783229828
4111,0.5263858437538147,0.5,-1.3799406588077545e-05,0.0
4112,0.34307318925857544,0.2637360095977783,0.051088202744722366,0.010989000089466572
4113,0.3557390570640564,0.4117650091648102,0.04752682149410248,0.058823999017477036
4114,0.27568429708480835,0.11111100018024445,5.341600626707077e-05,0.11111100018024445
4115,0.3948397636413574,0.32203400135040283,0.04512215405702591,0.08474600315093994
4116,0.36486709117889404,0.33333298563957214,0.054942332208156586,0.06666699796915054
4117,0.27106207609176636,0.4285709857940674,-4.038121551275253e-05,0.0
4118,0.4915723204612732,0.44999998807907104,0.036365412175655365,0.0
4119,0.5171220302581787,0.5678390264511108,0.0429396852850914,0.09045200049877167
4120,0.567378044128418,0.5546669960021973,0.03924497216939926,0.045333001762628555
4121,0.42263543605804443,0.22916699945926666,0.04861869663000107,0.0
4122,0.18517887592315674,0.36363598704338074,0.04033074527978897,0.09090899676084518
4123,0.5159714818000793,0.5609760284423828,0.03724689036607742,0.024390000849962234
4124,0.5337727665901184,0.4825170040130615,0.036675117909908295,0.06293699890375137
4125,0.5155714750289917,1.0,-1.5599653124809265e-06,0.0
4126,0.3963632583618164,0.6666669845581055,0.04597850143909454,0.0
4127,0.3294845521450043,0.3770489990711212,0.05058206245303154,0.03278699889779091
4128,0.44939225912094116,0.5925930142402649,0.0443478599190712,0.018518999218940735
4129,0.5173185467720032,0.5,0.041964784264564514,0.03125
4130,0.3018229305744171,0.0,-2.362765371799469e-06,0.0
4131,0.5151497721672058,0.41935500502586365,0.03652717545628548,0.03225800022482872
4132,0.41475120186805725,0.4545449912548065,0.04289530962705612,0.045455001294612885
4133,0.3743616044521332,0.44827601313591003,0.049521204084157944,0.1379310041666031
4134,0.5959627628326416,0.6800000071525574,0.031132496893405914,0.03999999910593033
4135,0.33805426955223083,0.38271600008010864,0.050306566059589386,0.0
4136,0.5600855350494385,0.6079139709472656,0.0408046580851078,0.03237399831414223
4137,0.5982978343963623,0.5403509736061096,0.03629531338810921,0.031578999012708664
4138,0.43129414319992065,0.75,3.3620744943618774e-07,0.0
4139,0.46058595180511475,0.2264149934053421,0.04406401515007019,0.01886799931526184
4140,0.5479034781455994,0.6923080086708069,-3.863871097564697e-05,0.0
4141,0.016059711575508118,0.5,-2.5867484509944916e-05,0.0
4142,0.5898605585098267,0.6213020086288452,0.03796608746051788,0.02662700042128563
4143,0.5397917032241821,0.6206899881362915,0.0375027135014534,0.05172400176525116
4144,0.505982518196106,0.5151519775390625,0.03895264491438866,0.030302999541163445
4145,0.5004364848136902,0.41999998688697815,0.04058647155761719,0.05999999865889549
4146,0.45376691222190857,0.5600000023841858,0.0431060753762722,0.0
4147,0.38307827711105347,0.48148098587989807,0.04468946158885956,0.0
4148,0.44738978147506714,0.6046509742736816,0.043650612235069275,0.023256000131368637
4149,0.38668298721313477,0.5384619832038879,0.05140552669763565,0.0
4150,0.3990399241447449,0.35294100642204285,0.0476108118891716,0.058823999017477036
4151,0.5074498057365417,0.5871310234069824,0.04256080836057663,0.026809999719262123
4152,0.44900286197662354,0.5714290142059326,0.04339449480175972,0.19047600030899048
4153,0.393175333738327,0.4864859879016876,0.04820924252271652,0.1216220036149025
4154,0.4094172716140747,0.06666699796915054,0.04684380441904068,0.0
4155,0.42201757431030273,0.5,0.01519020926207304,0.08333300054073334
4156,0.5913176536560059,0.630499005317688,0.035370178520679474,0.017595000565052032
4157,0.5598593354225159,0.5378789901733398,0.03858392685651779,0.030302999541163445
4158,0.5854639410972595,0.6650940179824829,0.03704898804426193,0.03301899880170822
4159,0.5288702249526978,0.5,0.041986070573329926,0.09139800071716309
4160,0.3685007691383362,0.20000000298023224,0.04340558499097824,0.0
4161,0.4341627359390259,0.0,2.6090070605278015e-05,0.0
4162,0.3387921154499054,0.0,-4.669651389122009e-06,0.33333298563957214
4163,0.3832271695137024,0.41666701436042786,0.051018401980400085,0.05555599927902222
4164,0.43993785977363586,0.5,0.04576217755675316,0.019999999552965164
4165,0.44052380323410034,0.33333298563957214,-2.1447427570819855e-05,0.0
4166,0.2503173351287842,0.5,3.4691765904426575e-06,0.0
4167,0.43538281321525574,0.40625,0.050667256116867065,0.125
4168,0.4156697988510132,0.5454549789428711,5.889777094125748e-05,0.0
4169,0.403830349445343,0.33333298563957214,0.04604339972138405,0.19047600030899048
4170,0.2578504979610443,0.2857140004634857,0.02901662141084671,0.07142899930477142
4171,0.4649227261543274,0.37681201100349426,0.04467806965112686,0.05797100067138672
4172,0.5596930384635925,0.5714290142059326,0.03771992027759552,0.03571400046348572
4173,0.4526382088661194,0.5714290142059326,0.00033716391772031784,0.0
4174,0.519054114818573,0.75,0.0004635443910956383,0.0
4175,0.23556724190711975,0.3076919913291931,0.05897457152605057,0.07692299783229828
4176,0.5357530117034912,0.7204300165176392,0.037961263209581375,0.0
4177,0.5818122029304504,0.7209299802780151,0.036312997341156006,0.011628000065684319
4178,0.5129855871200562,0.125,0.04019799083471298,0.25
4179,0.5473583936691284,0.625,0.035092972218990326,0.125
4180,0.4841269254684448,0.800000011920929,2.1819956600666046e-05,0.0
4181,0.34791964292526245,0.23076899349689484,0.053284309804439545,0.15384599566459656
4182,0.5370727181434631,0.5915489792823792,0.037444792687892914,0.056338001042604446
4183,0.41390424966812134,0.2857140004634857,2.709217369556427e-06,0.14285700023174286
4184,0.5282375812530518,0.4285709857940674,5.668122321367264e-05,0.2857140004634857
4185,0.31141841411590576,0.20000000298023224,0.054029375314712524,0.05714299902319908
4186,0.32261791825294495,0.18181799352169037,0.05138648301362991,0.045455001294612885
4187,0.37674030661582947,0.25,-3.7658028304576874e-05,0.0
4188,0.35825520753860474,0.14814800024032593,0.04947959631681442,0.0
4189,0.26089906692504883,0.4000000059604645,0.05095267295837402,0.06666667014360428
4190,0.42094099521636963,0.4000000059604645,0.04404166713356972,0.03999999910593033
4191,0.24087804555892944,0.30000001192092896,6.186775863170624e-06,0.10000000149011612
4192,0.4797855019569397,0.7777780294418335,-2.4578534066677094e-05,0.0
4193,0.5657863616943359,0.33333298563957214,-6.091780960559845e-06,0.0
4194,0.5802138447761536,0.7200000286102295,0.031132496893405914,0.03999999910593033
4195,0.40266305208206177,0.5263159871101379,0.04682216793298721,0.05263200029730797
4196,0.48904234170913696,0.25,3.46451997756958e-07,0.0
4197,0.4510899782180786,0.375,0.04127828776836395,0.04166699945926666
4198,0.38576528429985046,0.5,1.7894431948661804e-05,0.0
4199,0.4636576175689697,0.35294100642204285,0.0429396852850914,0.0
4200,0.5553160905838013,0.5263159871101379,0.036658428609371185,0.0
4201,0.3721778094768524,0.31578901410102844,0.0458378903567791,0.07894700020551682
4202,0.4270380437374115,0.550000011920929,0.044985510408878326,0.02500000037252903
4203,0.2984001338481903,0.25,-9.640119969844818e-06,0.0
4204,0.3213496804237366,0.1875,0.051576875150203705,0.03125
4205,0.44025757908821106,0.33333298563957214,0.041448578238487244,0.05555599927902222
4206,0.3366914987564087,0.5,0.04620563983917236,0.0
4207,0.5431994795799255,0.5380120277404785,0.041581619530916214,0.04678399860858917
4208,0.5362986922264099,0.5833330154418945,0.035562701523303986,0.0
4209,0.5779494047164917,0.5172410011291504,0.03492658585309982,0.08620700240135193
4210,0.6425172686576843,0.7111110091209412,0.031132496893405914,0.02962999977171421
4211,0.4396631121635437,0.32432401180267334,0.04414290189743042,0.1441439986228943
4212,0.3864447772502899,0.4000000059604645,2.8209760785102844e-06,0.0
4213,0.4865410029888153,0.2777779996395111,0.04668156057596207,0.2222220003604889
4214,0.44179588556289673,0.5522390007972717,0.04589197412133217,0.05970099940896034
4215,0.5728760957717896,0.6513158082962036,0.03884302079677582,0.03125
4216,0.5445199608802795,0.5563910007476807,0.04120910167694092,0.06015000119805336
4217,0.3558666706085205,0.5,2.2882595658302307e-06,0.0
4218,0.56181401014328,0.75,0.04051728546619415,0.03804299980401993
4219,0.3144257664680481,0.4285709857940674,-5.89713454246521e-06,0.0
4220,0.49461066722869873,0.29166701436042786,0.03926584869623184,0.04166699945926666
4221,0.4835778474807739,0.23076899349689484,0.0038914158940315247,0.07692299783229828
4222,0.4756842851638794,0.4452050030231476,0.04478055238723755,0.08904100209474564
4223,0.3120279312133789,0.4000000059604645,6.148498505353928e-05,0.0
4224,0.615543007850647,0.6547620296478271,0.03524985536932945,0.01984100043773651
4225,0.3345741629600525,0.33333298563957214,1.608859747648239e-05,0.0
4226,0.3838713765144348,0.6666666865348816,4.275701940059662e-06,0.0
4227,0.00928497314453125,0.0,6.7176297307014465e-06,0.0
4228,0.4544442594051361,0.6470590233802795,0.041374076157808304,0.058823999017477036
4229,0.5420104265213013,0.5833330154418945,0.041299574077129364,0.009259000420570374
4230,0.3480970859527588,0.27272701263427734,6.972718983888626e-05,0.0
4231,0.39258646965026855,0.619047999382019,0.0443592444062233,0.023809999227523804
4232,0.5152493715286255,0.378946989774704,0.042550161480903625,0.04210500046610832
4233,0.5754325985908508,0.6465520262718201,0.03818812221288681,0.03448300063610077
4234,0.48804202675819397,0.4049589931964874,0.044165678322315216,0.024793000891804695
4235,0.5445753335952759,0.4117650091648102,0.038028839975595474,0.08823499828577042
4236,0.5613542199134827,0.49878349900245667,0.03867610543966293,0.02676399052143097
4237,0.5276201367378235,0.5454549789428711,8.555129170417786e-06,0.09090899676084518
4238,0.4816589951515198,0.6470590233802795,0.04403049498796463,0.058823999017477036
4239,0.5213104486465454,0.5,0.039531487971544266,0.08333300054073334
4240,0.5380055904388428,0.38095200061798096,0.03622186556458473,0.09523800015449524
4241,0.5712878108024597,0.5788288116455078,0.03786955401301384,0.036036040633916855
4242,0.34266507625579834,0.4000000059604645,8.446164429187775e-06,0.0
4243,0.5715422034263611,0.4932529926300049,0.03887956216931343,0.07196400314569473
4244,0.6103676557540894,0.9130430221557617,0.031132496893405914,0.0
4245,0.3325285315513611,0.11764699965715408,0.04412013292312622,0.0
4246,0.5267980694770813,0.4642859995365143,0.0409855917096138,0.011904999613761902
4247,0.4829319417476654,0.515625,0.042645953595638275,0.109375
4248,0.600584864616394,0.6399999856948853,0.035893514752388,0.013333000242710114
4249,0.5073500871658325,0.5625,0.0405445471405983,0.0
4250,0.4991840124130249,0.29629600048065186,0.04029377922415733,0.11111100018024445
4251,0.5797207355499268,0.5229359865188599,0.036445252597332,0.08256900310516357
4252,0.5073568820953369,0.6138610243797302,0.04301733151078224,0.049504999071359634
4253,0.6118717193603516,0.5679439902305603,0.036238186061382294,0.013937000185251236
4254,0.5287919044494629,0.517857015132904,0.04308389127254486,0.05357100069522858
4255,0.6302563548088074,0.6701030135154724,0.035742729902267456,0.020618999376893044
4256,0.397143691778183,0.5714290142059326,-1.750979572534561e-05,0.0
4257,0.37981098890304565,0.6000000238418579,3.150664269924164e-06,0.0
4258,0.4345625042915344,0.4117650091648102,0.05322754383087158,0.058823999017477036
4259,0.5628080368041992,0.7380949854850769,0.03846808522939682,0.03968299925327301
4260,0.526441216468811,0.550000011920929,0.03783576190471649,0.05000000074505806
4261,0.40487992763519287,0.4615379869937897,0.04944809526205063,0.11538500338792801
4262,0.3933719992637634,0.5,4.962645471096039e-05,0.0
4263,0.4970584511756897,0.5,0.040101535618305206,0.0925929993391037
4264,0.39750975370407104,0.21428599953651428,0.03240826353430748,0.0
4265,0.4454575777053833,0.0,5.3783878684043884e-06,0.0
4266,0.5097593069076538,0.5199999809265137,0.04308389127254486,0.009999999776482582
4267,0.5186997652053833,0.47999998927116394,0.04044278711080551,0.0
4268,0.3231988549232483,0.5555559992790222,1.2475065886974335e-05,0.0
4269,0.5536789894104004,0.49877798557281494,0.03988631069660187,0.017115000635385513
4270,0.5498709678649902,0.6351349949836731,0.03823156654834747,0.013513999991118908
4271,0.45832860469818115,0.38888901472091675,0.03972925990819931,0.0
4272,0.6364853978157043,0.6000000238418579,0.031132496893405914,0.03333299979567528
4273,0.5181494951248169,0.6000000238418579,1.661386340856552e-05,0.0
4274,0.29485517740249634,0.5,0.05245348811149597,0.0
4275,0.4438185691833496,0.2222220003604889,-1.0049901902675629e-05,0.2222220003604889
4276,0.4772428870201111,0.4000000059604645,0.03869163617491722,0.0
4277,0.25259852409362793,0.25,3.499723970890045e-05,0.0
4278,0.5220707654953003,0.26153799891471863,0.04050132632255554,0.07692299783229828
4279,0.4676029086112976,0.6666669845581055,-1.958850771188736e-05,0.0
4280,0.5132695436477661,0.4615379869937897,0.03834258019924164,0.025640999898314476
4281,0.4979584515094757,0.3710939884185791,0.04351653531193733,0.0742190033197403
4282,0.5299471616744995,0.3170729875564575,0.03762338310480118,0.04878000169992447
4283,0.4691939651966095,0.5633800029754639,0.044541437178850174,0.0422540009021759
4284,0.5238533020019531,0.35294100642204285,0.03578275442123413,0.0
4285,0.4131641983985901,0.26315799355506897,0.05516841262578964,0.26315799355506897
4286,0.591467559337616,0.44848498702049255,0.03564062714576721,0.0
4287,0.6500859260559082,0.6219509840011597,0.031132496893405914,0.09756100177764893
4288,0.3189603388309479,0.27272701263427734,0.05281471461057663,0.045455001294612885
4289,0.34223562479019165,0.0,3.259815275669098e-05,0.0
4290,0.4553976058959961,0.5,-6.015412509441376e-06,0.125
4291,0.2062518298625946,0.25,-5.446653813123703e-05,0.125
4292,0.38233569264411926,0.3846150040626526,0.045361269265413284,0.05769199877977371
4293,0.6233351230621338,0.6860470175743103,0.033673323690891266,0.017441999167203903
4294,0.6158548593521118,0.34920600056648254,0.03450985252857208,0.023809999227523804
4295,0.5024075508117676,0.4963499903678894,0.04462113976478577,0.04379599913954735
4296,0.5266057252883911,0.5217390060424805,0.03418703377246857,0.0
4297,0.5796066522598267,0.5215830206871033,0.03858392685651779,0.053957000374794006
4298,0.2576925456523895,0.0,-4.7159381210803986e-05,0.0
4299,0.47934848070144653,0.3076919913291931,0.0417465940117836,0.11538500338792801
4300,0.521626889705658,0.6333330273628235,0.04225214943289757,0.008333000354468822
4301,0.5409547686576843,0.40625,0.03973507508635521,0.15625
4302,0.3554422855377197,0.2105260044336319,0.048513706773519516,0.05263200029730797
4303,0.5552324652671814,0.4049080014228821,0.0404215008020401,0.018404999747872353
4304,0.5675261616706848,0.6203010082244873,0.039213649928569794,0.02255599945783615
4305,0.5022013783454895,0.5529410243034363,0.04487164691090584,0.02352900058031082
4306,0.3698176145553589,0.41935500502586365,0.04929061606526375,0.0
4307,0.2891104221343994,0.75,-3.59630212187767e-05,0.0
4308,0.4974070191383362,0.19354799389839172,0.04133150354027748,0.06451600044965744
4309,0.5735875964164734,0.48537999391555786,0.03590027242898941,0.04678399860858917
4310,0.5418977737426758,0.48863598704338074,0.03943841904401779,0.03409099951386452
4311,0.3613245487213135,0.20000000298023224,0.047243356704711914,0.11249999701976776
4312,0.3344810903072357,0.5,3.6284327507019043e-06,0.0
4313,0.37031668424606323,0.0,-2.0728446543216705e-05,0.0
4314,0.4444482922554016,0.43450498580932617,0.04576217755675316,0.022363999858498573
4315,0.6703413724899292,0.6888890266418457,0.031132496893405914,0.044443998485803604
4316,0.5093029737472534,0.75,2.7744099497795105e-06,0.0
4317,0.5997064709663391,0.4545449912548065,0.034021224826574326,0.06060599908232689
4318,0.598396897315979,0.5121110081672668,0.03604260832071304,0.06920400261878967
4319,0.39059871435165405,0.75,4.881061613559723e-06,0.0
4320,0.6162610650062561,0.5686269998550415,0.03135858103632927,0.11764699965715408
4321,0.33960971236228943,0.36363598704338074,0.01916653662919998,0.18181799352169037
4322,0.5704295039176941,0.5254240036010742,0.038381196558475494,0.0338979996740818
4323,0.4912984371185303,0.5,3.7830322980880737e-06,0.0
4324,0.5726824402809143,0.6666669845581055,2.269633114337921e-05,0.0
4325,0.6678003072738647,0.4000000059604645,0.031132496893405914,0.1333329975605011
4326,0.3877660036087036,0.6666669845581055,-1.2109987437725067e-05,0.0
4327,0.5944685935974121,0.5,0.029284663498401642,0.0
4328,0.3142735958099365,0.375,0.05099301412701607,0.09722200036048889
4329,0.323688268661499,0.09375,0.05020976811647415,0.03125
4330,0.6483032703399658,0.8333330154418945,0.031132496893405914,0.0
4331,0.5247854590415955,0.5294119715690613,0.035107649862766266,0.0
4332,0.5758203268051147,0.6000000238418579,0.034771569073200226,0.06666699796915054
4333,0.4571555256843567,0.8333330154418945,-3.5177916288375854e-05,0.0
4334,0.36522001028060913,0.4615379869937897,0.03024429827928543,0.07692299783229828
4335,0.3502807915210724,0.2264149934053421,0.051043786108493805,0.07547199726104736
4336,0.5837830305099487,0.5040000081062317,0.038963086903095245,0.06400000303983688
4337,0.5111916661262512,0.47368401288986206,0.032094553112983704,0.0
4338,0.5818478465080261,0.5925930142402649,0.038994405418634415,0.06060599908232689
4339,0.3103593587875366,0.33333298563957214,8.80146399140358e-05,0.16666699945926666
4340,0.41690200567245483,0.47058799862861633,0.047243356704711914,0.058823999017477036
4341,0.1744835078716278,0.0,-4.4737011194229126e-05,0.0
4342,0.6270493268966675,0.6466169953346252,0.03455840423703194,0.07518800348043442
4343,0.5425476431846619,0.33333298563957214,0.03546193242073059,0.05555599927902222
4344,0.3964703679084778,0.4210529923439026,0.04352770745754242,0.0
4345,0.5058639049530029,0.5833330154418945,0.0397699773311615,0.0
4346,0.5821455717086792,0.5454549789428711,5.289353430271149e-05,0.0
4347,0.3203406035900116,0.19047600030899048,0.053994983434677124,0.04761900007724762
4348,0.4996863007545471,0.5529410243034363,0.041171856224536896,0.04705899953842163
4349,0.550774335861206,0.512499988079071,0.038983963429927826,0.0625
4350,0.5718058347702026,0.5904762148857117,0.038874343037605286,0.015238099731504917
4351,0.5038070678710938,0.5113639831542969,0.04333902895450592,0.045455001294612885
4352,0.5648066401481628,0.5945950150489807,0.03500349819660187,0.0
4353,0.35694804787635803,0.4285709857940674,6.04335218667984e-06,0.0
4354,0.5877677798271179,0.567113995552063,0.038043320178985596,0.04698000103235245
4355,0.48424816131591797,0.4117650091648102,0.04045875370502472,0.058823999017477036
4356,0.4312571883201599,0.16666699945926666,1.4021061360836029e-05,0.0
4357,0.5028953552246094,0.2222220003604889,5.449354648590088e-05,0.11111100018024445
4358,0.6269650459289551,0.7368419766426086,0.031132496893405914,0.0
4359,0.5242728590965271,0.5769230127334595,0.04267788678407669,0.005495000164955854
4360,0.38085904717445374,0.25,-1.1689960956573486e-05,0.0
4361,0.4929373264312744,0.5217390060424805,0.04165612533688545,0.17391300201416016
4362,0.48832938075065613,0.5454549789428711,0.04447311535477638,0.051947999745607376
4363,0.5733088254928589,0.41666701436042786,0.036860741674900055,0.0
4364,0.5545245409011841,0.6175119876861572,0.04093237966299057,0.05530000105500221
4365,0.5917606353759766,0.5400000214576721,0.03618650138378143,0.06666699796915054
4366,0.634893000125885,0.5,0.031132496893405914,0.045455001294612885
4367,0.45615214109420776,0.4000000059604645,1.7657876014709473e-06,0.4000000059604645
4368,0.4834188222885132,0.5087720155715942,0.044370636343955994,0.10526300221681595
4369,0.3298100531101227,0.10526300221681595,0.048230238258838654,0.15789499878883362
4370,0.24189606308937073,0.5,-1.115351915359497e-05,0.25
4371,0.25764742493629456,0.38095200061798096,0.05401954799890518,0.2380950003862381
4372,0.46298664808273315,0.41818198561668396,0.04783128947019577,0.09090899676084518
4373,0.5888217687606812,0.5703120231628418,0.037546154111623764,0.0625
4374,0.5972164869308472,0.7054259777069092,0.03842464089393616,0.06459899991750717
4375,0.33195361495018005,0.25,0.04797826707363129,0.05000000074505806
4376,0.5501785278320312,0.5777779817581177,0.03594771772623062,0.022221999242901802
4377,0.5580649971961975,0.5017539858818054,0.04082062467932701,0.08421099931001663
4378,0.36680713295936584,0.4117650091648102,0.047915276139974594,0.029411999508738518
4379,0.6193344593048096,0.6388890147209167,0.031132496893405914,0.0
4380,0.49591219425201416,0.4893620014190674,0.03906748816370964,0.02127699926495552
4381,0.43955832719802856,0.6666669845581055,0.047189876437187195,0.0
4382,0.3213745653629303,0.4000000059604645,-6.210990250110626e-06,0.0
4383,0.4573509097099304,0.5,0.03894178941845894,0.0
4384,0.35317084193229675,0.20000000298023224,-5.8826059103012085e-05,0.10000000149011612
4385,0.5756950378417969,0.5987840294837952,0.038827359676361084,0.0501520000398159
4386,0.3295947313308716,0.4666669964790344,0.03592600300908089,0.06666699796915054
4387,0.604661226272583,0.5789470076560974,0.031132496893405914,0.05263200029730797
4388,0.5205532312393188,0.6666669845581055,2.9336661100387573e-06,0.0
4389,0.6156094074249268,0.620618999004364,0.03583880141377449,0.045361001044511795
4390,0.43487584590911865,0.5346530079841614,0.04642196744680405,0.009901000186800957
4391,0.6483415961265564,0.6976739764213562,0.031132496893405914,0.023256000131368637
4392,0.5786234736442566,0.4642859995365143,0.035239327698946,0.0
4393,0.5056285858154297,0.5151519775390625,0.039996832609176636,0.030302999541163445
4394,0.494390606880188,0.6111109852790833,0.04248630255460739,0.0
4395,0.2839300334453583,0.2857140004634857,-1.3297423720359802e-05,0.0
4396,0.5393000245094299,0.5,1.1499039828777313e-05,0.125
4397,0.5708008408546448,0.5384619832038879,0.036766428500413895,0.05769199877977371
4398,0.5945261120796204,0.5,4.8945657908916473e-05,0.0
4399,0.5089500546455383,0.4586470127105713,0.041453901678323746,0.03007500059902668
4400,0.4704045057296753,0.6363639831542969,0.00020082946866750717,0.18181799352169037
4401,0.422261506319046,0.4210529923439026,0.048114754259586334,0.10526300221681595
4402,0.5499221086502075,0.39506199955940247,0.039386071264743805,0.0
4403,0.39120087027549744,0.33333298563957214,1.5662983059883118e-05,0.0
4404,0.6020921468734741,0.511040985584259,0.03650587052106857,0.05362800136208534
4405,0.3872582018375397,0.4642859995365143,0.04943759739398956,0.0
4406,0.5541585087776184,0.5164179801940918,0.0411824956536293,0.04477600008249283
4407,0.5219407677650452,0.6166669726371765,0.041283607482910156,0.03333299979567528
4408,0.4878235459327698,0.4444440007209778,1.956801861524582e-05,0.0
4409,0.4863487184047699,0.5425530076026917,0.04329465329647064,0.02127699926495552
4410,0.3697538673877716,0.4000000059604645,7.199123501777649e-07,0.0
4411,0.6614660024642944,0.42500001192092896,0.031132496893405914,0.07500000298023224
4412,0.43213021755218506,0.30000001192092896,-5.580764263868332e-05,0.0
4413,0.27163708209991455,0.11764699965715408,0.04901764541864395,0.058823999017477036
4414,0.4217230975627899,0.4545449912548065,0.0002923710271716118,0.0
4415,0.5614452958106995,0.6153849959373474,0.03850669413805008,0.012821000069379807
4416,0.4455496370792389,0.5,-7.039867341518402e-06,0.10000000149011612
4417,0.5183345675468445,0.505495011806488,0.04108671098947525,0.08241800218820572
4418,0.5728992223739624,0.5,0.018389131873846054,0.07142899930477142
4419,0.3925294876098633,0.25,0.0014975136145949364,0.08333300054073334
4420,0.6119358539581299,0.7333329916000366,0.024509858340024948,0.06666699796915054
4421,0.3983285427093506,0.33333298563957214,0.02821028232574463,0.0
4422,0.3572559952735901,0.14285700023174286,0.050239548087120056,0.07142899930477142
4423,0.5711304545402527,0.33333298563957214,2.4186447262763977e-06,0.16666699945926666
4424,0.497949481010437,0.41379299759864807,0.039897944778203964,0.03448300063610077
4425,0.47725456953048706,0.4444440007209778,1.1743046343326569e-05,0.2222220003604889
4426,0.3944581151008606,0.36363598704338074,0.04369530826807022,0.0
4427,0.49243396520614624,0.5532990097999573,0.04395228251814842,0.09644699841737747
4428,0.3781862258911133,0.48837199807167053,0.05050760507583618,0.023256000131368637
4429,0.5361400246620178,0.5428569912910461,0.040043361485004425,0.034285999834537506
4430,0.34159260988235474,0.25,-5.139969289302826e-06,0.0
4431,0.5723579525947571,0.7085710167884827,0.03770061209797859,0.07999999821186066
4432,0.4904147982597351,0.6000000238418579,1.1818483471870422e-06,0.20000000298023224
4433,0.6123829483985901,0.589743971824646,0.03536416217684746,0.017093999311327934
4434,0.5723798274993896,0.6702700257301331,0.03743996471166611,0.029729999601840973
4435,0.6010282039642334,0.6976739764213562,0.035261884331703186,0.0
4436,0.35777872800827026,0.5,0.04979730024933815,0.0
4437,0.4321303069591522,0.5199999809265137,0.042645953595638275,0.03999999910593033
4438,0.6397511959075928,0.7931029796600342,0.031132496893405914,0.0
4439,0.48936572670936584,0.6888890266418457,0.04398580268025398,0.05555599927902222
4440,0.5028814077377319,0.4545449912548065,0.038463249802589417,0.0227269995957613
4441,0.5399785041809082,0.6571429967880249,0.03803849220275879,0.06666699796915054
4442,0.5074009895324707,0.510204017162323,0.036793842911720276,0.04081600159406662
4443,0.34686991572380066,0.4285709857940674,0.0370129719376564,0.0
4444,0.5454007387161255,0.5555559992790222,9.989365935325623e-06,0.0
4445,0.3918326497077942,0.5,-3.7700869143009186e-05,0.0
4446,0.5913609862327576,0.6881719827651978,0.035658806562423706,0.04301099851727486
4447,0.4331079125404358,0.5,0.04606503248214722,0.06818199902772903
4448,0.4371420741081238,0.3846150040626526,0.04146454483270645,0.05128199979662895
4449,0.533824622631073,0.5826089978218079,0.040331028401851654,0.03478299826383591
4450,0.4493741989135742,0.5473679900169373,0.04479194059967995,0.031578999012708664
4451,0.5318206548690796,0.510204017162323,0.04132618010044098,0.06122399866580963
4452,0.5072464346885681,0.35294100642204285,0.036675117909908295,0.11764699965715408
4453,0.4298556447029114,0.5,0.02314496785402298,0.0
4454,0.4367389976978302,0.6825399994850159,0.04615156352519989,0.015873000025749207
4455,0.5244386196136475,0.5714290142059326,9.844359010457993e-05,0.07142899930477142
4456,0.45510298013687134,0.47368401288986206,0.04068225994706154,0.10526300221681595
4457,0.24155807495117188,0.18181799352169037,-1.8955208361148834e-05,0.18181799352169037
4458,0.4645787179470062,0.5333330035209656,0.04710715264081955,0.06666699796915054
4459,0.3785659670829773,0.4285709857940674,0.04826173931360245,0.0
4460,0.4756030738353729,0.45833298563957214,0.03999101370573044,0.04166699945926666
4461,0.3057158589363098,0.1923079937696457,0.05345460772514343,0.05769199877977371
4462,0.34846851229667664,0.1923079937696457,0.054894231259822845,0.07692299783229828
4463,0.5999361276626587,0.4838710129261017,0.03514748439192772,0.01612900011241436
4464,0.34295305609703064,0.33333298563957214,-8.736271411180496e-05,0.0
4465,0.2947142422199249,0.33333298563957214,0.0056589627638459206,0.0
4466,0.527829647064209,0.5491799712181091,0.03961292281746864,0.04098400101065636
4467,0.5831766724586487,0.607142984867096,0.038260526955127716,0.04166699945926666
4468,0.5417482256889343,0.5714290142059326,0.000124271959066391,0.0
4469,0.40727871656417847,0.20000000298023224,0.0511389821767807,0.06666699796915054
4470,0.37006676197052,0.3846150040626526,-6.405636668205261e-05,0.07692299783229828
4471,0.4436963200569153,0.5384619832038879,0.043728820979595184,0.03846200183033943
4472,0.42641720175743103,0.375,0.04585952311754227,0.04166699945926666
4473,0.5003373026847839,0.44827601313591003,0.03653509542346001,0.0
4474,0.5166430473327637,0.33333298563957214,1.9157305359840393e-06,0.0
4475,0.39509308338165283,0.32624098658561707,0.047484830021858215,0.056738000363111496
4476,0.4654693603515625,0.645160973072052,0.04532710835337639,0.053762998431921005
4477,0.47455787658691406,0.3823530077934265,0.040144775062799454,0.14705899357795715
4478,0.30342474579811096,0.16666699945926666,1.8803402781486511e-06,0.0
4479,0.40720048546791077,0.3448280096054077,0.0523812398314476,0.06896600127220154
4480,0.17150506377220154,0.14285700023174286,-2.144835889339447e-06,0.0
4481,0.3504529595375061,0.5111110210418701,0.04727485403418541,0.06666699796915054
4482,0.4880151152610779,0.4545449912548065,0.03921887278556824,0.045455001294612885
4483,0.28611499071121216,0.17142899334430695,0.05129128694534302,0.0
4484,0.55854731798172,0.625,3.618188202381134e-06,0.0
4485,0.4597725570201874,0.6705880165100098,0.045258790254592896,0.02352900058031082
4486,0.4300428032875061,0.4117650091648102,0.04674645513296127,0.0
4487,0.3898216187953949,0.47368401288986206,0.04483748972415924,0.10526300221681595
4488,0.5046498775482178,0.33879798650741577,0.04356122761964798,0.07650300115346909
4489,0.5408545136451721,0.27272701263427734,7.743947207927704e-06,0.0
4490,0.2722451090812683,0.10344800353050232,0.05169744789600372,0.1379310041666031
4491,0.5582727789878845,0.7230769991874695,0.037213101983070374,0.06153799965977669
4492,0.6157709360122681,0.6289860010147095,0.035965342074632645,0.04347800090909004
4493,0.5867955088615417,0.6239320039749146,0.036314357072114944,0.0
4494,0.5932220220565796,0.5696200132369995,0.034485578536987305,0.018986999988555908
4495,0.5401392579078674,0.5063289999961853,0.04034167528152466,0.012657999992370605
4496,0.5428659915924072,0.48072999715805054,0.04088980332016945,0.04056800156831741
4497,0.43843981623649597,0.75,5.103740841150284e-05,0.0
4498,0.269165962934494,0.11111100018024445,-3.4159980714321136e-05,0.0
4499,0.24380597472190857,0.08333300054073334,4.0197744965553284e-05,0.0
4500,0.3733406960964203,0.3076919913291931,7.470138370990753e-06,0.0
4501,0.4553292989730835,0.375,0.007653099484741688,0.1875
4502,0.5217764377593994,0.415583997964859,0.04236922413110733,0.03896100074052811
4503,0.5099737644195557,0.43362799286842346,0.04195413738489151,0.03539799898862839
4504,0.46853235363960266,0.43243199586868286,0.04653012752532959,0.1351349949836731
4505,0.27506494522094727,0.31578901410102844,0.051043786108493805,0.10526300221681595
4506,0.43510931730270386,0.800000011920929,3.6740675568580627e-06,0.0
4507,0.47104859352111816,0.3846150040626526,0.007687431760132313,0.0
4508,0.48967456817626953,0.5080209970474243,0.04406401515007019,0.032085999846458435
4509,0.5272983312606812,0.7142860293388367,0.021211326122283936,0.0
4510,0.5126810669898987,0.4230769872665405,0.039822325110435486,0.03846200183033943
4511,0.57802414894104,0.6000000238418579,0.03844394534826279,0.052990999072790146
4512,0.5273833274841309,0.6162790060043335,0.039647821336984634,0.0
4513,0.2762359380722046,0.3448280096054077,0.05141821503639221,0.10344800353050232
4514,0.33280324935913086,0.0,0.0002165287733078003,0.0
4515,0.3946262001991272,0.5454549789428711,-2.139247953891754e-05,0.09090899676084518
4516,0.29046934843063354,0.20000000298023224,0.005228991620242596,0.0
4517,0.49705973267555237,0.5606060028076172,0.042667239904403687,0.01515199989080429
4518,0.38195064663887024,0.35099300742149353,0.05012041702866554,0.04635800048708916
4519,0.5522192716598511,0.5142859816551208,0.03417838364839554,0.08571399748325348
4520,0.5985724925994873,0.634227991104126,0.036304838955402374,0.050335999578237534
4521,0.5673121809959412,0.608938992023468,0.04004918038845062,0.027932999655604362
4522,0.33704623579978943,0.625,0.03967628628015518,0.0625
4523,0.5245464444160461,0.4285709857940674,0.0409855917096138,0.04761900007724762
4524,0.45685240626335144,0.125,9.62335616350174e-06,0.0
4525,0.5898936986923218,0.34693899750709534,0.034339867532253265,0.02040800079703331
4526,0.3642405569553375,0.33333298563957214,-1.92178413271904e-05,0.33333298563957214
4527,0.6375088691711426,0.6000000238418579,1.353491097688675e-05,0.0
4528,0.480865478515625,0.39130398631095886,0.04062904790043831,0.06521700322628021
4529,0.547977089881897,0.5462753772735596,0.040203310549259186,0.01580134965479374
4530,0.4005672335624695,0.058823999017477036,0.04144325852394104,0.058823999017477036
4531,0.5159234404563904,0.5138890147209167,0.040980271995067596,0.02777799963951111
4532,0.5242904424667358,0.6470590233802795,0.047799788415431976,0.0
4533,0.5718101263046265,0.6923080086708069,0.0364600345492363,0.012821000069379807
4534,0.5680574774742126,0.6290320158004761,0.039671093225479126,0.01612900011241436
4535,0.4837222099304199,0.7142860293388367,2.9430724680423737e-05,0.0
4536,0.49080395698547363,0.4405589997768402,0.04267788678407669,0.03496500104665756
4537,0.6422242522239685,0.6060609817504883,0.031132496893405914,0.0
4538,0.47711190581321716,0.550000011920929,0.03742548078298569,0.0
4539,0.43220454454421997,0.5,3.604218363761902e-06,0.0
4540,0.44314032793045044,0.33333298563957214,0.0003256341442465782,0.0
4541,0.5927552580833435,0.5,-6.716791540384293e-05,0.08333300054073334
4542,0.4334491491317749,0.4864859879016876,0.04329465329647064,0.10810799896717072
4543,0.37441378831863403,0.4000000059604645,0.0488811656832695,0.03333299979567528
4544,0.33429190516471863,0.5,2.3286789655685425e-05,0.0
4545,0.24923676252365112,0.33333298563957214,8.773989975452423e-06,0.0
4546,0.42348432540893555,0.2222220003604889,2.7154572308063507e-05,0.0
4547,0.4259567856788635,0.09375,0.04802026227116585,0.03125
4548,0.4206429719924927,0.5,0.04677890986204147,0.06666699796915054
4549,0.3216862082481384,0.4230769872665405,0.04879717528820038,0.03846200183033943
4550,0.46243715286254883,0.37333300709724426,0.04359474778175354,0.026667000725865364
4551,0.2098754346370697,0.23076899349689484,0.0201837457716465,0.15384599566459656
4552,0.3952251970767975,0.6666669845581055,7.01146200299263e-05,0.0
4553,0.4414806067943573,0.3818179965019226,0.04439341276884079,0.03636400029063225
4554,0.41087353229522705,0.40476199984550476,0.044917188584804535,0.023809999227523804
4555,0.4273585081100464,0.375,0.04377351701259613,0.15625
4556,0.5982439517974854,0.6744189858436584,0.03483428806066513,0.06976699829101562
4557,0.4177250564098358,0.25,2.847053110599518e-06,0.0
4558,0.39132899045944214,0.30000001192092896,6.936583667993546e-05,0.0
4559,0.5574001669883728,0.6496673822402954,0.03987468034029007,0.05986696109175682
4560,0.4626357853412628,0.125,-2.350006252527237e-05,0.125
4561,0.47118785977363586,0.5454549789428711,4.128832370042801e-05,0.0
4562,0.5164903998374939,0.6666669845581055,0.04032038897275925,0.04761900007724762
4563,0.39367714524269104,0.5833330154418945,0.000749172642827034,0.0
4564,0.5073480606079102,1.0,2.703629434108734e-06,0.0
4565,0.4900369942188263,0.16666699945926666,0.04038424789905548,0.05555599927902222
4566,0.4510188400745392,0.3846150040626526,0.04133150354027748,0.0
4567,0.5640579462051392,0.4850749969482422,0.03874905779957771,0.03731299936771393
4568,0.636214017868042,0.6496059894561768,0.03220507875084877,0.043306998908519745
4569,0.48607978224754333,0.4444440007209778,-1.8338672816753387e-05,0.0
4570,0.4320541322231293,0.36170199513435364,0.04513353854417801,0.06383000314235687
4571,0.5358149409294128,0.5901640057563782,0.04085255414247513,0.09016399830579758
4572,0.524717390537262,0.5223209857940674,0.04260338097810745,0.10267899930477142
4573,0.587513267993927,0.653846025466919,0.037343427538871765,0.06153799965977669
4574,0.5905309319496155,0.6052629947662354,0.031132496893405914,0.0
4575,0.43912914395332336,0.3846150040626526,0.0003422582522034645,0.23076899349689484
4576,0.5542553663253784,0.4749999940395355,0.0370296835899353,0.04374999925494194
4577,0.5974312424659729,0.5457749962806702,0.036125294864177704,0.0422540009021759
4578,0.44255125522613525,0.4255320131778717,0.044177062809467316,0.02127699926495552
4579,0.4767179489135742,0.5,0.017631035298109055,0.0625
4580,0.5935542583465576,0.6206899881362915,0.03601549565792084,0.10344800353050232
4581,0.26430925726890564,0.5,-5.384627729654312e-05,0.0
4582,0.5663567185401917,0.36000001430511475,0.038197778165340424,0.03999999910593033
4583,0.5149027109146118,0.5675680041313171,0.036588989198207855,0.0
4584,0.5799935460090637,0.580357015132904,0.03748823329806328,0.01785700023174286
4585,0.5039495229721069,0.5555559992790222,0.04019799083471298,0.044443998485803604
4586,0.49234867095947266,0.5172410011291504,0.039502404630184174,0.06896600127220154
4587,0.5923657417297363,0.6181820034980774,0.03645708039402962,0.045455001294612885
4588,0.5425923466682434,0.4210529923439026,0.03939189016819,0.05263200029730797
4589,0.5262238383293152,0.3799999952316284,0.03808675706386566,0.05999999865889549
4590,0.5188705921173096,0.33333298563957214,7.646158337593079e-07,0.16666699945926666
4591,0.44037914276123047,0.20000000298023224,0.04306170344352722,0.0
4592,0.3031625747680664,0.33333298563957214,0.003652803599834442,0.08333300054073334
4593,0.5375201106071472,0.48826301097869873,0.03948495537042618,0.028169000521302223
4594,0.5697469711303711,0.4634149968624115,0.03624362871050835,0.0365849994122982
4595,0.4169657826423645,0.4375,0.005421356298029423,0.0625
4596,0.4127582311630249,0.434783011674881,0.05113263055682182,0.0
4597,0.5575027465820312,0.6236559748649597,0.04021395742893219,0.04301099851727486
4598,0.5348958969116211,0.45751601457595825,0.038361888378858566,0.01307199988514185
4599,0.599210262298584,0.4848479926586151,0.03624226525425911,0.045455001294612885
4600,0.3920164704322815,0.058823999017477036,0.04564320296049118,0.11764699965715408
4601,0.4418758749961853,0.5,0.03817364573478699,0.05555599927902222
4602,0.406238317489624,0.25,2.6916153728961945e-05,0.08333300054073334
4603,0.546856701374054,0.6444439888000488,0.03919277340173721,0.11111100018024445
4604,0.5736969709396362,0.5925930142402649,0.03584013879299164,0.03703700006008148
4605,0.5501728653907776,0.375,-3.394670784473419e-06,0.0
4606,0.5101735591888428,0.2711859941482544,0.03954894095659256,0.1016950011253357
4607,0.5932592153549194,0.5600000023841858,0.031132496893405914,0.07999999821186066
4608,0.5782466530799866,0.5714290142059326,0.031132496893405914,0.09523800015449524
4609,0.4985331594944,0.47982099652290344,0.04350542277097702,0.0717490017414093
4610,0.5676828622817993,0.5865380167961121,0.03837636858224869,0.028845999389886856
4611,0.5920778512954712,0.4666669964790344,0.005896356888115406,0.06666699796915054
4612,0.5003751516342163,0.4285714030265808,1.214444637298584e-06,0.0
4613,0.5851861238479614,0.4903849959373474,0.03608056157827377,0.019231000915169716
4614,0.4791463613510132,0.800000011920929,6.129033863544464e-06,0.0
4615,0.5839102268218994,0.6527780294418335,0.03598703071475029,0.0
4616,0.5440093874931335,0.5985659956932068,0.04067161679267883,0.046594999730587006
4617,0.5845828056335449,0.375,1.4617107808589935e-05,0.0
4618,0.501681387424469,0.5,0.04355005547404289,0.05555599927902222
4619,0.6084199547767639,0.6785709857940674,0.031132496893405914,0.07142899930477142
4620,0.4783794581890106,0.5,0.00010584015399217606,0.0
4621,0.6334651708602905,0.857142984867096,0.031132496893405914,0.0
4622,0.5408836603164673,0.4666669964790344,0.003040284849703312,0.0
4623,0.3303721249103546,0.34615400433540344,0.05205302685499191,0.15384599566459656
4624,0.2502487301826477,0.18644100427627563,0.05381321161985397,0.05084700137376785
4625,0.44461578130722046,0.625,2.6105903089046478e-05,0.0
4626,0.5981799364089966,0.510470986366272,0.03590569645166397,0.03403099998831749
4627,0.1427757441997528,0.0,1.2553296983242035e-05,0.0
4628,0.4804055392742157,0.6000000238418579,0.044370636343955994,0.04137900099158287
4629,0.4921224117279053,0.7142860293388367,0.02879221737384796,0.07142899930477142
4630,0.4659726321697235,0.5652170181274414,0.03989212587475777,0.04347800090909004
4631,0.02129712700843811,0.0,-1.6733072698116302e-05,0.0
4632,0.3105912506580353,0.2857140004634857,0.05272699147462845,0.03571400046348572
4633,0.46194687485694885,0.4784480035305023,0.04503105953335762,0.03879300132393837
4634,0.5865287780761719,0.41463398933410645,0.03693314641714096,0.07317099720239639
4635,0.591264009475708,0.5526319742202759,0.03656096011400223,0.09398499876260757
4636,0.38394320011138916,0.14285700023174286,3.1972303986549377e-06,0.0
4637,0.5035303235054016,0.581080973148346,0.04173062741756439,0.05405399948358536
4638,0.6256938576698303,0.625,0.031132496893405914,0.0
4639,0.48319923877716064,0.5833330154418945,0.04145922511816025,0.04166699945926666
4640,0.5064176321029663,0.5,0.03570135682821274,0.16666699945926666
4641,0.30586785078048706,0.4000000059604645,0.00012946221977472305,0.0
4642,0.5589459538459778,0.4615379869937897,-3.014877438545227e-05,0.07692299783229828
4643,0.5008067488670349,0.4444440007209778,5.943421274423599e-05,0.0
4644,0.4266126751899719,0.4000000059604645,-1.3091601431369781e-05,0.0
4645,0.4485902190208435,0.3918919861316681,0.04602176696062088,0.06081100180745125
4646,0.5738105177879333,0.4084779918193817,0.038816921412944794,0.05009600147604942
4647,0.2922978103160858,0.09523800015449524,0.0521431639790535,0.04761900007724762
4648,0.4653819799423218,0.49431800842285156,0.0443592444062233,0.056818000972270966
4649,0.424738347530365,0.35714301466941833,0.0359480082988739,0.14285700023174286
4650,0.5179440975189209,0.4545449912548065,9.94047150015831e-05,0.18181799352169037
4651,0.413524329662323,0.3499999940395355,0.044985510408878326,0.06666699796915054
4652,0.4329575300216675,0.20000000298023224,2.462416887283325e-06,0.0
4653,0.5256065726280212,0.6122450232505798,0.04131021350622177,0.04081600159406662
4654,0.5119298696517944,0.6666669845581055,0.03685108944773674,0.14285700023174286
4655,0.50367671251297,0.7142860293388367,0.00012893322855234146,0.0
4656,0.6051997542381287,0.6486489772796631,0.03351164609193802,0.05405399948358536
4657,0.6367229223251343,0.6721310019493103,0.031132496893405914,0.0
4658,0.45041295886039734,0.5945950150489807,0.04366178810596466,0.0
4659,0.24870479106903076,0.5,-2.3806467652320862e-05,0.0
4660,0.41604340076446533,0.4000000059604645,0.04278438165783882,0.07999999821186066
4661,0.5818847417831421,0.6714289784431458,0.034584708511829376,0.028571000322699547
4662,0.5038381814956665,0.6981130242347717,0.04439341276884079,0.02830200083553791
4663,0.5493415594100952,0.4186049997806549,0.04002591222524643,0.08139500021934509
4664,0.5269323587417603,0.38888901472091675,0.03438456356525421,0.0
4665,0.5237308144569397,0.5,0.03921887278556824,0.06451600044965744
4666,0.5182656049728394,0.5172410011291504,0.035460423678159714,0.06896600127220154
4667,0.30979713797569275,0.4871790111064911,0.05040335655212402,0.05128199979662895
4668,0.18179967999458313,0.20000000298023224,2.457760274410248e-06,0.0
4669,0.36897939443588257,0.25,0.046032581478357315,0.0625
4670,0.3967922329902649,0.4257430136203766,0.048114754259586334,0.02970300056040287
4671,0.269807904958725,0.5,0.01642215996980667,0.0
4672,0.48192644119262695,0.4285709857940674,0.00011553429067134857,0.2857140004634857
4673,0.26983827352523804,0.33333298563957214,5.909707397222519e-05,0.0
4674,0.48793891072273254,0.2777779996395111,0.038313619792461395,0.0
4675,0.5771132707595825,0.45522400736808777,0.03648369759321213,0.05970099940896034
4676,0.5458999872207642,0.7297300100326538,0.03700072318315506,0.0
4677,0.5981502532958984,0.5774059891700745,0.034400422126054764,0.04184100031852722
4678,0.6015762090682983,0.46462300419807434,0.03785507380962372,0.0471699982881546
4679,0.376834511756897,0.25,4.014000296592712e-06,0.0
4680,0.4347231388092041,0.625,1.0713934898376465e-05,0.125
4681,0.5173353552818298,0.517857015132904,0.03880126029253006,0.07142899930477142
4682,0.5764572620391846,0.5308640003204346,0.037797149270772934,0.045267000794410706
4683,0.6212470531463623,0.47368401288986206,0.01681794598698616,0.0
4684,0.5759264230728149,0.5337240099906921,0.038144681602716446,0.029325999319553375
4685,0.4357120990753174,0.5769230127334595,0.04457559436559677,0.03846200183033943
4686,0.5661745071411133,0.6904760003089905,0.03622186556458473,0.0
4687,0.5336556434631348,0.5454549789428711,0.03479050099849701,0.0
4688,0.597891628742218,0.6132352948188782,0.036228664219379425,0.020588239654898643
4689,0.3812917172908783,0.2857140004634857,0.04260338097810745,0.04761900007724762
4690,0.45631861686706543,0.47887301445007324,0.044008150696754456,0.056338001042604446
4691,0.5057998299598694,0.5882350206375122,0.04149647429585457,0.0
4692,0.4706723093986511,0.75,1.9120052456855774e-06,0.0
4693,0.5464717745780945,0.5161290168762207,0.03448861092329025,0.09677399694919586
4694,0.6193604469299316,0.75,8.592382073402405e-06,0.0
4695,0.5411604046821594,0.5757579803466797,0.03824121505022049,0.0
4696,0.6006238460540771,0.8181819915771484,0.03354867175221443,0.0
4697,0.5551206469535828,0.5477030277252197,0.04082594811916351,0.06007099896669388
4698,0.5580998659133911,0.4375,0.03901006653904915,0.05000000074505806
4699,0.5166000127792358,0.6153849959373474,0.03799987584352493,0.0
4700,0.4218425452709198,0.5384619832038879,0.04591360688209534,0.0
4701,0.5443845987319946,0.5615940093994141,0.0413687527179718,0.03623199835419655
4702,0.45967140793800354,0.5142859816551208,0.04296187311410904,0.05714299902319908
4703,0.38019928336143494,0.4230769872665405,0.0480937585234642,0.0
4704,0.4205530881881714,0.11111100018024445,6.277300417423248e-05,0.11111100018024445
4705,0.20470497012138367,0.25,-2.3606233298778534e-05,0.0
4706,0.42648738622665405,1.0,3.873370587825775e-06,0.0
4707,0.5122925043106079,0.5714290142059326,0.03904660791158676,0.0
4708,0.5218973755836487,0.3818179965019226,0.04215636104345322,0.03636400029063225
4709,0.39194509387016296,0.5,4.2428262531757355e-05,0.0
4710,0.425612211227417,0.4000000059604645,1.5980564057826996e-05,0.0
4711,0.4953272342681885,0.5,0.004149802029132843,0.125
4712,0.348436176776886,0.43396198749542236,0.051075518131256104,0.01886799931526184
4713,0.6163511872291565,0.5454549789428711,0.03492540121078491,0.03409099951386452
4714,0.5762643814086914,0.5370370149612427,0.038717735558748245,0.05144000053405762
4715,0.4219900071620941,0.5,-1.2223608791828156e-05,0.0
4716,0.36794576048851013,0.30000001192092896,-4.8969872295856476e-05,0.30000001192092896
4717,0.528752863407135,0.29629600048065186,0.03860805928707123,0.11111100018024445
4718,0.5699650645256042,0.5726643800735474,0.03899962455034256,0.03287196904420853
4719,0.5226488709449768,0.5068489909172058,0.042645953595638275,0.08904100209474564
4720,0.5958211421966553,0.6375319957733154,0.0364733450114727,0.030848000198602676
4721,0.5118181109428406,0.6470590233802795,0.03872295841574669,0.08823499828577042
4722,0.5798142552375793,0.5846149921417236,0.036704324185848236,0.030768999829888344
4723,0.38638246059417725,0.5,-3.086123615503311e-05,0.0
4724,0.005192384123802185,0.0,1.444946974515915e-05,0.0
4725,0.5100786685943604,0.35877901315689087,0.0431060753762722,0.07633599638938904
4726,0.6074109077453613,0.5400000214576721,0.038043320178985596,0.03999999910593033
4727,0.5825644135475159,0.4093959927558899,0.0389108806848526,0.04698000103235245
4728,0.5787131190299988,0.6342859864234924,0.03807710483670235,0.034285999834537506
4729,0.18210040032863617,0.23529399931430817,0.05257733166217804,0.058823999017477036
4730,0.4928474724292755,0.35616400837898254,0.04366178810596466,0.2191780060529709
4731,0.4423843026161194,0.38636401295661926,0.047642312943935394,0.053029999136924744
4732,0.6102431416511536,0.4848479926586151,0.03209347277879715,0.030302999541163445
4733,0.4352107644081116,0.23999999463558197,0.04800976812839508,0.0
4734,0.4773803949356079,0.391061007976532,0.04476916790008545,0.07821200042963028
4735,0.4981551766395569,0.3956040143966675,0.040927059948444366,0.010989000089466572
4736,0.44074034690856934,0.4000000059604645,0.04346105456352234,0.044443998485803604
4737,0.5370776057243347,0.5416669845581055,0.03909880667924881,0.0
4738,0.5254419445991516,0.5757579803466797,0.03918755054473877,0.09090899676084518
4739,0.5629143118858337,0.6605839729309082,0.03764268755912781,0.029196999967098236
4740,0.18395617604255676,0.33333298563957214,-2.236105501651764e-06,0.0
4741,0.6180492043495178,0.5634920001029968,0.03220951557159424,0.015873000025749207
4742,0.5041227340698242,0.45323699712753296,0.043161541223526,0.043164998292922974
4743,0.5830495953559875,0.6666669845581055,0.012330823577940464,0.0
4744,0.4236094057559967,0.800000011920929,9.32253897190094e-07,0.0
4745,0.46169281005859375,0.6666669845581055,0.015926584601402283,0.08333300054073334
4746,0.33748456835746765,0.20000000298023224,-4.83514741063118e-05,0.0
4747,0.5478653907775879,1.0,2.318061888217926e-06,0.0
4748,0.452908456325531,0.37804898619651794,0.044985510408878326,0.09756100177764893
4749,0.6400983929634094,0.5,0.031132496893405914,0.0
4750,0.5395978093147278,0.3692309856414795,0.03611580654978752,0.01538500003516674
4751,0.33098942041397095,0.41379299759864807,0.05084890127182007,0.05172400176525116
4752,0.36017319560050964,0.18181799352169037,0.0006208987906575203,0.0
4753,0.5158231258392334,0.8333330154418945,0.0020437268540263176,0.0
4754,0.3111096918582916,0.36363598704338074,0.030186157673597336,0.09090899676084518
4755,0.2748560905456543,0.6000000238418579,0.00023886468261480331,0.0
4756,0.35571250319480896,0.4000000059604645,9.318813681602478e-06,0.0
4757,0.34296196699142456,0.5,0.045827075839042664,0.05555599927902222
4758,0.5357085466384888,0.23076899349689484,0.03322770446538925,0.07692299783229828
4759,0.49053704738616943,0.40476199984550476,0.04243309050798416,0.023809999227523804
4760,0.4034648537635803,0.41121500730514526,0.05012786015868187,0.11214999854564667
4761,0.4913486838340759,0.5199999809265137,0.03906748816370964,0.03999999910593033
4762,0.5245739221572876,0.5822780132293701,0.036514777690172195,0.05063299834728241
4763,0.5230998992919922,0.5,1.8943101167678833e-05,0.0
4764,0.4468933641910553,0.5,0.04395228251814842,0.0
4765,0.4682128429412842,0.4761900007724762,0.044370636343955994,0.04761900007724762
4766,0.3041192889213562,0.16666699945926666,-3.541167825460434e-05,0.0
4767,0.512479305267334,0.6282050013542175,0.04100688174366951,0.03846200183033943
4768,0.5753819942474365,0.47651010751724243,0.03860323131084442,0.05872483178973198
4769,0.4838133156299591,0.20833300054073334,0.04209250211715698,0.0
4770,0.4478217363357544,0.4920629858970642,0.04319482296705246,0.015873000025749207
4771,0.4474974274635315,0.41666701436042786,3.457721322774887e-05,0.08333300054073334
4772,0.5685461163520813,0.5641030073165894,0.03667094558477402,0.03846200183033943
4773,0.34229421615600586,0.16666699945926666,0.0520169734954834,0.0
4774,0.5623359680175781,0.5652170181274414,0.03582412749528885,0.0
4775,0.5826575756072998,0.5966389775276184,0.036962106823921204,0.025210000574588776
4776,0.2717248499393463,0.10000000149011612,0.00023083295673131943,0.20000000298023224
4777,0.42239081859588623,0.41935500502586365,0.04470084607601166,0.12903200089931488
4778,0.5076602101325989,0.3711340129375458,0.042060572654008865,0.0412370003759861
4779,0.3537113666534424,0.33333298563957214,2.4155713617801666e-05,0.0
4780,0.55753093957901,0.5822219848632812,0.037560634315013885,0.05333299934864044
4781,0.6404664516448975,0.794871985912323,0.031132496893405914,0.025640999898314476
4782,0.572190523147583,0.6000000238418579,0.038696855306625366,0.04210500046610832
4783,0.5033997297286987,0.4150939881801605,0.043751172721385956,0.1320749968290329
4784,0.398899644613266,0.23999999463558197,0.04625972360372543,0.0
4785,0.3896169662475586,0.14285700023174286,2.4126842617988586e-05,0.0
4786,0.5728392601013184,0.5555559992790222,-2.1891668438911438e-05,0.0
4787,0.4273695945739746,0.48148098587989807,0.043829381465911865,0.03703700006008148
4788,0.20445069670677185,0.35714301466941833,0.022045139223337173,0.0
4789,0.28174376487731934,0.25,0.04654102772474289,0.1875
4790,0.5170653462409973,0.4000000059604645,1.3508833944797516e-05,0.0
4791,0.5935871005058289,0.5652170181274414,0.031132496893405914,0.08695700019598007
4792,0.6033138632774353,0.5625,0.035864152014255524,0.010417000390589237
4793,0.39442721009254456,0.375,-9.080395102500916e-06,0.0
4794,0.4907493591308594,0.6153849959373474,0.04413151368498802,0.03846200183033943
4795,0.4017444849014282,0.375,1.3269484043121338e-05,0.0
4796,0.28271329402923584,0.2173909991979599,0.04859769716858864,0.17391300201416016
4797,0.4795270264148712,0.4285709857940674,0.00258716382086277,0.07142899930477142
4798,0.6233750581741333,0.71875,0.031132496893405914,0.03125
4799,0.47252702713012695,0.5,-3.6293640732765198e-06,0.0
4800,0.4429590702056885,0.5294119715690613,0.042060572654008865,0.11764699965715408
4801,0.4335325062274933,0.5670099854469299,0.04634625464677811,0.020618999376893044
4802,0.5813740491867065,0.6541095972061157,0.038395676761865616,0.03424657881259918
4803,0.4927993416786194,0.7333329916000366,0.020751051604747772,0.0
4804,0.3920457363128662,0.33333298563957214,0.04589197412133217,0.06666699796915054
4805,0.43461403250694275,1.0,7.665716111660004e-06,0.0
4806,0.3907868266105652,0.6153849959373474,0.0462489053606987,0.03846200183033943
4807,0.32192838191986084,0.4444440007209778,2.6831403374671936e-06,0.0
4808,0.5253801941871643,0.27272701263427734,0.04225214943289757,0.03896100074052811
4809,0.5568750500679016,0.5625,0.03821708261966705,0.010417000390589237
4810,0.3520073890686035,0.6666669845581055,6.251968443393707e-06,0.0
4811,0.5677973628044128,0.5169230103492737,0.03793712705373764,0.027691999450325966
4812,0.36687955260276794,0.4285709857940674,-2.420414239168167e-05,0.0
4813,0.49707192182540894,0.3894740045070648,0.04302842915058136,0.010525999590754509
4814,0.519736647605896,0.5450819730758667,0.04130489379167557,0.053279001265764236
4815,0.4148041605949402,0.22580599784851074,0.04547513648867607,0.0
4816,0.48881715536117554,0.5172410011291504,0.042528875172138214,0.1379310041666031
4817,0.4647029638290405,0.5,2.976786345243454e-05,0.0
4818,0.5874392986297607,0.5333330035209656,0.031132496893405914,0.06666699796915054
4819,0.5025586485862732,0.589743971824646,0.038564618676900864,0.025640999898314476
4820,0.437521755695343,0.48837199807167053,0.04185834527015686,0.046512000262737274
4821,0.5676485896110535,0.577235996723175,0.03832327574491501,0.037939999252557755
4822,0.4866684079170227,0.6153849959373474,0.04359474778175354,0.03296700119972229
4823,0.34839823842048645,0.3333333134651184,8.684583008289337e-06,0.0
4824,0.5438570976257324,0.6200000047683716,0.03995611518621445,0.019999999552965164
4825,0.5039193034172058,0.4054050147533417,0.037092432379722595,0.02702699974179268
4826,0.4891286790370941,0.48603400588035583,0.0443023145198822,0.036313001066446304
4827,0.5184807777404785,0.7209299802780151,0.04210314154624939,0.0
4828,0.5589301586151123,0.49732598662376404,0.03746892511844635,0.045455001294612885
4829,0.5763864517211914,0.59375,0.036539845168590546,0.046875
4830,0.4836990535259247,0.5454549789428711,0.04413151368498802,0.07692299783229828
4831,0.5602510571479797,0.4074069857597351,0.03507804870605469,0.07407400012016296
4832,0.36104512214660645,0.5666670203208923,0.04870268702507019,0.0
4833,0.6091470122337341,0.6000000238418579,0.031132496893405914,0.05000000074505806
4834,0.3690086305141449,0.21428599953651428,0.046032581478357315,0.04761900007724762
4835,0.43389514088630676,0.41666701436042786,0.006597611121833324,0.0
4836,0.40514057874679565,0.5,2.234242856502533e-06,0.0
4837,0.33428335189819336,0.2941179871559143,0.048608195036649704,0.17647099494934082
4838,0.56495201587677,0.6074380278587341,0.039260633289813995,0.035124000161886215
4839,0.24365097284317017,0.5,4.41940501332283e-05,0.0
4840,0.2961205244064331,0.2857140004634857,-1.9327737390995026e-05,0.0
4841,0.6235874891281128,0.5,-2.1209008991718292e-05,0.0
4842,0.6125674247741699,0.7083330154418945,0.031132496893405914,0.0
4843,0.4350648522377014,0.4864859879016876,0.044279541820287704,0.02702699974179268
4844,0.3904535174369812,0.33333298563957214,0.0432724691927433,0.05555599927902222
4845,0.43898558616638184,0.5,0.0432170107960701,0.045455001294612885
4846,0.505581796169281,0.375,5.429703742265701e-05,0.0
4847,0.2815609574317932,0.25,0.0014611957594752312,0.25
4848,0.4472760856151581,0.699999988079071,0.041890278458595276,0.07500000298023224
4849,0.539465069770813,0.6363639831542969,0.038381196558475494,0.045455001294612885
4850,0.4820880591869354,0.5454549789428711,4.305504262447357e-06,0.09090899676084518
4851,0.44767826795578003,0.2857140004634857,0.04649768024682999,0.07142899930477142
4852,0.48752447962760925,0.33333298563957214,1.3494864106178284e-06,0.0
4853,0.42218780517578125,0.5882350206375122,0.04342777281999588,0.058823999017477036
4854,0.6244503259658813,0.7599999904632568,0.031132496893405914,0.0
4855,0.39827048778533936,0.5714290142059326,0.0137257045134902,0.0
4856,0.31898510456085205,0.4000000059604645,0.000169302336871624,0.20000000298023224
4857,0.659247636795044,0.6410260200500488,0.031132496893405914,0.03418799862265587
4858,0.38513654470443726,0.5454549789428711,-2.7400441467761993e-05,0.09090899676084518
4859,0.3803756535053253,0.5,0.04784884676337242,0.0
4860,0.2421611249446869,0.16666699945926666,0.05633368343114853,0.0
4861,0.4568091630935669,0.5,0.04152308404445648,0.10000000149011612
4862,0.5980079770088196,0.6794869899749756,0.03685108944773674,0.012821000069379807
4863,0.4366079568862915,0.4000000059604645,0.04539543017745018,0.09333299845457077
4864,0.5686793327331543,0.6767680048942566,0.03563503175973892,0.05050500109791756
4865,0.5788854360580444,0.4710739850997925,0.036368370056152344,0.008263999596238136
4866,0.5227624773979187,1.0,-8.8544562458992e-05,0.0
4867,0.2889728248119354,0.14285700023174286,0.05260313302278519,0.0
4868,0.37899553775787354,0.3838379979133606,0.048629194498062134,0.0
4869,0.3274763822555542,0.18181799352169037,0.0540342852473259,0.09090899676084518
4870,0.4915323853492737,0.2857140004634857,0.036096829921007156,0.09523800015449524
4871,0.5495112538337708,0.33333298563957214,3.1851232051849365e-07,0.33333298563957214
4872,0.5456501841545105,0.5459060072898865,0.04074611887335777,0.05459100008010864
4873,0.369452565908432,0.20000000298023224,-2.5471672415733337e-06,0.10000000149011612
4874,0.4511241912841797,0.33333298563957214,0.050604380667209625,0.0
4875,0.5942188501358032,0.6378380060195923,0.03569868952035904,0.05405399948358536
4876,0.4725275933742523,0.42500001192092896,0.04497412592172623,0.07500000298023224
4877,0.4643935561180115,0.6760560274124146,0.04619482904672623,0.09859199821949005
4878,0.3495175242424011,0.1333329975605011,0.05246380716562271,0.06666699796915054
4879,0.3469783365726471,0.27272701263427734,0.04640033841133118,0.09090899676084518
4880,0.4826100468635559,0.6000000238418579,0.03678559511899948,0.06666699796915054
4881,0.4077945947647095,0.4205609858036041,0.04677890986204147,0.037383001297712326
4882,0.503225564956665,0.42800000309944153,0.04287312179803848,0.03200000151991844
4883,0.5172415375709534,0.35555601119995117,0.03808675706386566,0.0
4884,0.5827677249908447,0.8999999761581421,4.736613482236862e-05,0.0
4885,0.5932300090789795,0.5853660106658936,0.033197786659002304,0.0
4886,0.498799592256546,0.6785709857940674,0.0421244353055954,0.05357100069522858
4887,0.57895427942276,0.5,0.03443601354956627,0.0
4888,0.5299241542816162,0.7777780294418335,-7.055699825286865e-06,0.0
4889,0.602993905544281,0.6882591247558594,0.03626403212547302,0.0708502009510994
4890,0.6152578592300415,0.6944440007209778,0.031132496893405914,0.02777799963951111
4891,0.3664938807487488,0.5263159871101379,0.04688706994056702,0.0
4892,0.386756956577301,0.45945900678634644,0.05032145977020264,0.08108100295066833
4893,0.5536174178123474,0.65625,0.033998046070337296,0.0
4894,0.48853954672813416,0.4390240013599396,0.03718414157629013,0.09756100177764893
4895,0.2813296318054199,0.25,-1.0231509804725647e-05,0.0
4896,0.4538341760635376,0.4000000059604645,0.04097495600581169,0.0
4897,0.4075797200202942,0.2608700096607208,0.04604339972138405,0.04347800090909004
4898,0.5584065318107605,0.7695649862289429,0.040410853922367096,0.013043000362813473
4899,0.42837080359458923,0.2926830053329468,0.04503105953335762,0.09756100177764893
4900,0.4728764295578003,0.5,0.04478055238723755,0.03846200183033943
4901,0.5508490800857544,0.6000000238418579,0.035609327256679535,0.05000000074505806
4902,0.538483738899231,0.5269460082054138,0.04020863398909569,0.011975999921560287
4903,0.5782622694969177,0.6635509729385376,0.03759925067424774,0.028037000447511673
4904,0.5330523252487183,0.41975298523902893,0.03970599174499512,0.09876500070095062
4905,0.6021533608436584,0.5622119903564453,0.035043731331825256,0.025345999747514725
4906,0.581351637840271,0.5555555820465088,2.535339444875717e-05,0.1111110970377922
4907,0.40020447969436646,0.6666669845581055,-2.804212272167206e-06,0.33333298563957214
4908,0.36475977301597595,0.6000000238418579,0.00024571921676397324,0.0
4909,0.42314958572387695,0.6000000238418579,3.066007047891617e-05,0.0
4910,0.4198834002017975,0.5714290142059326,0.010655797086656094,0.0
4911,0.29158177971839905,0.33333298563957214,-3.808457404375076e-05,0.16666699945926666
4912,0.29856979846954346,0.125,0.00058718491345644,0.0
4913,0.4396589994430542,0.3245609998703003,0.04601094871759415,0.06140400096774101
4914,0.520777702331543,0.5840709805488586,0.04109735041856766,0.008849999867379665
4915,0.5068653225898743,0.4615379869937897,0.01861673966050148,0.0
4916,0.2937808334827423,0.41666701436042786,0.053201742470264435,0.0
4917,0.5147607922554016,0.4545449912548065,0.03870207816362381,0.09090899676084518
4918,0.5605379343032837,0.5689659714698792,0.0356462188065052,0.01724099926650524
4919,0.5358995199203491,0.6315789818763733,0.03546945005655289,0.05263200029730797
4920,0.5880544185638428,0.5806450247764587,0.031132496893405914,0.03225800022482872
4921,0.5841854810714722,0.5214719772338867,0.03758959472179413,0.042945001274347305
4922,0.6041672229766846,0.6079999804496765,0.036494042724370956,0.10400000214576721
4923,0.3485398292541504,0.48571398854255676,0.05020231753587723,0.05714299902319908
4924,0.4278327226638794,1.0,3.945082426071167e-06,0.0
4925,0.5096714496612549,0.5,0.00228891521692276,0.0
4926,0.5159547328948975,0.5518069863319397,0.042230866849422455,0.04819300025701523
4927,0.47895535826683044,0.5625,0.03833775222301483,0.125
4928,0.5410695672035217,0.46022701263427734,0.041453901678323746,0.017045000568032265
4929,0.551231324672699,0.75,0.010654897429049015,0.0
4930,0.4733954668045044,0.6491230130195618,0.04412013292312622,0.0
4931,0.4184733033180237,0.26285699009895325,0.047264356166124344,0.022856999188661575
4932,0.49071991443634033,0.17241400480270386,0.04243309050798416,0.06896600127220154
4933,0.597832977771759,0.675000011920929,0.03654301539063454,0.03125
4934,0.3349069058895111,0.11363600194454193,0.05098666995763779,0.0227269995957613
4935,0.4412629306316376,0.5,0.0003513982519507408,0.0
4936,0.4411475360393524,0.45833298563957214,0.05247412621974945,0.0
4937,0.5934500694274902,0.5521020293235779,0.03628715127706528,0.036563001573085785
4938,0.6059173345565796,0.5822780132293701,0.0351981483399868,0.037974998354911804
4939,0.34405848383903503,0.4444440007209778,0.0433279350399971,0.05555599927902222
4940,0.5630814433097839,0.5395680069923401,0.03841015696525574,0.017985999584197998
4941,0.3934587836265564,0.23999999463558197,0.04576217755675316,0.03999999910593033
4942,0.3466595411300659,0.36000001430511475,0.04753732308745384,0.07999999821186066
4943,0.362354040145874,0.5714285969734192,-3.946665674448013e-05,0.0
4944,0.5355871915817261,0.5142859816551208,0.040543895214796066,0.0628570020198822
4945,0.532634437084198,0.5,-2.1187588572502136e-06,0.0
4946,0.38643038272857666,0.2857140004634857,0.04790478199720383,0.19047600030899048
4947,0.4445986747741699,0.4102559983730316,0.045532070100307465,0.0
4948,0.6251031160354614,0.8235290050506592,0.032744720578193665,0.014705999754369259
4949,0.4983365535736084,0.6666669845581055,1.7276033759117126e-06,0.33333298563957214
4950,0.5327842235565186,0.6857140064239502,0.0394035205245018,0.0
4951,0.406343936920166,0.5555559992790222,-3.308989107608795e-06,0.0
4952,0.5338098406791687,0.36000001430511475,0.03735790774226189,0.11999999731779099
4953,0.5297825336456299,0.5522390007972717,0.03933371976017952,0.05970099940896034
4954,0.5274015069007874,0.5,2.0405277609825134e-06,0.0
4955,0.2975664436817169,0.36363598704338074,0.00012045912444591522,0.09090899676084518
4956,0.4073517322540283,0.5,-3.818422555923462e-08,0.0
4957,0.1393347978591919,0.0,-5.423091351985931e-06,0.0
4958,0.3306591808795929,0.4545449912548065,0.007864509709179401,0.0
4959,0.561271071434021,0.36363598704338074,-6.522703915834427e-05,0.09090899676084518
4960,0.6304596662521362,1.0,1.805182546377182e-05,0.0
4961,0.538604736328125,0.5384619832038879,0.03948495537042618,0.07692299783229828
4962,0.5553650856018066,0.6153849959373474,0.04006081074476242,0.025640999898314476
4963,0.48050931096076965,0.5526319742202759,0.03963037580251694,0.026316000148653984
4964,0.41602832078933716,0.3518519997596741,0.04542958736419678,0.07407400012016296
4965,0.5598859190940857,0.6655409932136536,0.04088447988033295,0.02702699974179268
4966,0.3479452431201935,0.33333298563957214,1.580454409122467e-06,0.0
4967,0.37433624267578125,0.25581398606300354,0.04964432492852211,0.09302300214767456
4968,0.22964820265769958,0.5,4.673842340707779e-05,0.0
4969,0.38791224360466003,0.6363639831542969,0.0002016490325331688,0.0
4970,0.35788092017173767,0.3846150040626526,0.010883902199566364,0.0
4971,0.36522066593170166,0.0,-7.356517016887665e-06,0.20000000298023224
4972,0.43825003504753113,0.6111109852790833,0.04016605764627457,0.0
4973,0.542884111404419,0.5294119715690613,0.03576674312353134,0.0
4974,0.3917693495750427,0.4545449912548065,-1.2787990272045135e-05,0.0
4975,0.5245422124862671,0.6129029989242554,0.04112928360700607,0.06451600044965744
4976,0.5334625840187073,0.5272110104560852,0.04256080836057663,0.04761900007724762
4977,0.45638176798820496,0.5,-7.321126759052277e-06,0.0
4978,0.5823907852172852,0.467741996049881,0.037980567663908005,0.03225800022482872
4979,0.3146951496601105,0.375,5.143694579601288e-06,0.0
4980,0.5420771241188049,0.49397599697113037,0.03963618725538254,0.04819300025701523
4981,0.5834025144577026,0.6219649910926819,0.03869163617491722,0.05433500185608864
4982,0.6089690923690796,0.6617649793624878,0.03570936620235443,0.07352899760007858
4983,0.5880283117294312,0.49019598960876465,0.03606429696083069,0.03921600058674812
4984,0.5059511065483093,0.5303030014038086,0.04141664877533913,0.06060599908232689
4985,0.4770449101924896,0.6363639831542969,7.627066224813461e-05,0.0
4986,0.5208122730255127,0.5714290142059326,1.0699033737182617e-05,0.14285700023174286
4987,0.3189287483692169,0.25,4.533492028713226e-05,0.0
4988,0.5714113712310791,0.6875,0.0017482908442616463,0.0
4989,0.31827446818351746,0.0,3.308989107608795e-06,0.0
4990,0.3293006420135498,0.43589699268341064,0.052432842552661896,0.05128199979662895
4991,0.5902640223503113,0.5546879768371582,0.03775370866060257,0.039062000811100006
4992,0.2990148961544037,0.33333298563957214,-1.1760741472244263e-05,0.0
4993,0.5086391568183899,0.6144580245018005,0.03981650993227959,0.02409599907696247
4994,0.5990387797355652,0.5970150232315063,0.03535513952374458,0.029851000756025314
4995,0.5168715715408325,0.47863200306892395,0.04090045019984245,0.04273499920964241
4996,0.28421488404273987,0.20000000298023224,0.00040653813630342484,0.0
4997,0.33099618554115295,0.6000000238418579,-1.5795230865478516e-06,0.0
4998,0.4003288149833679,0.36111098527908325,0.047442834824323654,0.02777799963951111
4999,0.44686490297317505,0.5,7.111299782991409e-05,0.0
5000,0.4131759703159332,0.5918369889259338,0.04653012752532959,0.04081600159406662
5001,0.4868788421154022,0.4960629940032959,0.04277367144823074,0.023622000589966774
5002,0.35533851385116577,0.2857140004634857,5.295500159263611e-05,0.0
5003,0.49704575538635254,0.5564519762992859,0.04357239976525307,0.03225800022482872
5004,0.5355097651481628,0.6818180084228516,0.039671093225479126,0.01652899943292141
5005,0.5375661253929138,0.6216220259666443,0.0375702865421772,0.02702699974179268
5006,0.32581302523612976,0.38709700107574463,0.052267707884311676,0.09677399694919586
5007,0.5668362379074097,0.5172410011291504,0.0314607098698616,0.05172400176525116
5008,0.28994637727737427,0.3199999928474426,0.0494270995259285,0.03999999910593033
5009,0.41656848788261414,0.32824400067329407,0.047243356704711914,0.03816799819469452
5010,0.39599913358688354,0.4000000059604645,0.0002279495820403099,0.0
5011,0.32196271419525146,0.20000000298023224,0.050820957869291306,0.06666699796915054
5012,-0.0037534907460212708,0.0,6.573274731636047e-06,0.0
5013,0.5656542181968689,0.569767415523529,0.03906748816370964,0.01453488040715456
5014,0.549704372882843,0.6666669845581055,0.04065033048391342,0.0
5015,0.461150199174881,0.5190839767456055,0.04542958736419678,0.03053399920463562
5016,0.42675694823265076,0.7142860293388367,-9.746290743350983e-06,0.0
5017,0.34350207448005676,0.0,6.1998143792152405e-06,0.0
5018,0.4607936143875122,0.3714289963245392,0.04474639147520065,0.05714299902319908
5019,0.36098480224609375,0.25,7.48736783862114e-05,0.0
5020,0.398434579372406,0.33333298563957214,3.4347176551818848e-06,0.16666699945926666
5021,0.3347402513027191,0.35294100642204285,0.0486396960914135,0.058823999017477036
5022,0.5637900233268738,0.5820900201797485,0.03679841384291649,0.04477600008249283
5023,0.3954639434814453,0.20689700543880463,0.04959717392921448,0.1379310041666031
5024,0.31546854972839355,0.3125,0.05257217586040497,0.0
5025,0.5032073259353638,0.5614039897918701,0.04093237966299057,0.03508799895644188
5026,0.3947794735431671,0.5,0.04396345466375351,0.045455001294612885
5027,0.5607693195343018,0.5434780120849609,0.036595579236745834,0.04347800090909004
5028,0.415499210357666,0.1333329975605011,0.04110799357295036,0.0
5029,0.40881431102752686,0.4648649990558624,0.04754781723022461,0.05405399948358536
5030,0.46571218967437744,0.35294100642204285,0.03944423794746399,0.0
5031,0.46711549162864685,0.625,0.04415429010987282,0.0625
5032,0.576515793800354,0.596153974533081,0.03500586748123169,0.05769199877977371
5033,0.5805898904800415,0.5,0.0326140895485878,0.0625
5034,0.5002992153167725,0.5128210186958313,0.03936861827969551,0.025640999898314476
5035,0.28125980496406555,0.2666670083999634,0.047620031982660294,0.0
5036,0.3071976602077484,0.0,3.2597221434116364e-05,0.0
5037,0.5040743350982666,0.33333298563957214,2.9402785003185272e-05,0.0
5038,0.5261106491088867,0.4761900007724762,0.04192220792174339,0.05952399969100952
5039,0.5297463536262512,0.4285709857940674,0.04013413190841675,0.023809999227523804
5040,0.5887080430984497,0.6666669845581055,0.033959317952394485,0.04761900007724762
5041,0.3402407169342041,0.38888901472091675,0.04981484264135361,0.08333300054073334
5042,0.6031360030174255,0.550000011920929,0.03560180589556694,0.0
5043,0.5162410140037537,0.4838710129261017,0.03950822353363037,0.06451600044965744
5044,0.45768511295318604,0.5,4.5280903577804565e-06,0.25
5045,0.2754591107368469,0.33333298563957214,5.537644028663635e-05,0.11111100018024445
5046,0.4668809175491333,0.4749999940395355,0.0428287535905838,0.07500000298023224
5047,0.5120600461959839,0.47916701436042786,0.042135074734687805,0.0625
5048,0.5319377183914185,0.6090430021286011,0.04441618174314499,0.05319099873304367
5049,0.5604991912841797,0.5833330154418945,-3.7192367017269135e-05,0.0
5050,0.5871940851211548,0.4745759963989258,0.03314041346311569,0.0338979996740818
5051,0.5396556258201599,0.5808079838752747,0.041475191712379456,0.040403999388217926
5052,0.5007117390632629,0.35294100642204285,0.036001939326524734,0.058823999017477036
5053,0.49088168144226074,0.5,0.03663339465856552,0.03571400046348572
5054,0.477883517742157,0.4437499940395355,0.04459836706519127,0.08749999850988388
5055,0.6147019863128662,0.6455699801445007,0.031132496893405914,0.037974998354911804
5056,0.29880040884017944,0.2857140004634857,0.00020676758140325546,0.4285709857940674
5057,0.5465958118438721,0.48351600766181946,0.040751442313194275,0.07142899930477142
5058,0.6172193288803101,0.75,0.031132496893405914,0.0
5059,0.5585704445838928,0.5172410011291504,0.035849474370479584,0.03448300063610077
5060,0.21866554021835327,0.4444440007209778,0.040704965591430664,0.0
5061,0.5200117826461792,0.4351849853992462,0.03984559327363968,0.03703700006008148
5062,0.5893597602844238,0.6288340091705322,0.038632191717624664,0.042945001274347305
5063,0.5928642153739929,0.6444439888000488,0.034545257687568665,0.044443998485803604
5064,0.5343612432479858,0.570248007774353,0.04040021076798439,0.01652899943292141
5065,0.4407784938812256,0.20000000298023224,3.012828528881073e-06,0.0
5066,0.4125310182571411,0.47368401288986206,0.0462813563644886,0.026316000148653984
5067,0.39438438415527344,0.6666669845581055,3.4365803003311157e-06,0.0
5068,0.6753536462783813,0.7692307829856873,-3.953557461500168e-05,0.0
5069,0.41889435052871704,0.5,2.955365926027298e-05,0.0
5070,0.488369345664978,0.5,0.04311716929078102,0.023809999227523804
5071,0.396406888961792,0.17391300201416016,0.04617319628596306,0.0
5072,0.1675357222557068,0.16666699945926666,0.0006141131743788719,0.0
5073,0.5439944863319397,0.6849319934844971,0.038361888378858566,0.06849300116300583
5074,0.3736673593521118,0.38571399450302124,0.04899664968252182,0.05714299902319908
5075,0.6017621755599976,0.5777779817581177,0.03376273810863495,0.06666699796915054
5076,0.34515801072120667,0.5555559992790222,-4.662293940782547e-05,0.0
5077,0.5395882725715637,0.4237290024757385,0.03904660791158676,0.05084700137376785
5078,0.5863902568817139,0.7368419766426086,0.03567558899521828,0.026316000148653984
5079,0.44274061918258667,0.25,0.03650595620274544,0.08333300054073334
5080,0.5154081583023071,0.43820199370384216,0.041203781962394714,0.011235999874770641
5081,0.48606380820274353,0.45652198791503906,0.040676940232515335,0.0
5082,0.570205807685852,0.6006885170936584,0.03914579004049301,0.020654039457440376
5083,0.5513744354248047,0.4238409996032715,0.04090045019984245,0.026489999145269394
5084,0.5099340677261353,0.4827589988708496,0.039531487971544266,0.0
5085,0.5240516066551208,0.5,0.041171856224536896,0.0
5086,0.31092405319213867,0.30303001403808594,0.0541374534368515,0.06060599908232689
5087,0.554486870765686,0.5373129844665527,0.03674815222620964,0.05970099940896034
5088,0.5506177544593811,0.651515007019043,0.0397757925093174,0.05050500109791756
5089,0.5346094369888306,0.3918919861316681,0.04007826745510101,0.1351349949836731
5090,0.22178485989570618,0.27083298563957214,0.052422523498535156,0.10416699945926666
5091,0.5796441435813904,0.4634149968624115,0.03738204389810562,0.0707319974899292
5092,0.5777504444122314,0.6269112825393677,0.0385211743414402,0.02446483075618744
5093,0.4286186695098877,0.5384619832038879,0.004237116314470768,0.15384599566459656
5094,0.43862444162368774,0.5714290142059326,0.03874905779957771,0.04761900007724762
5095,0.30001312494277954,0.5,-2.0586885511875153e-05,0.0
5096,0.6226295828819275,0.653846025466919,0.032340146601200104,0.05769199877977371
5097,0.590578556060791,0.5466669797897339,0.03741582855582237,0.017777999863028526
5098,0.5867417454719543,0.48322099447250366,0.03622050583362579,0.006711000110954046
5099,0.5458421111106873,0.5035459995269775,0.03972344473004341,0.05319099873304367
5100,0.6232860088348389,0.5854920148849487,0.031132496893405914,0.031088000163435936
5101,0.40557369589805603,0.23076899349689484,0.0006630886346101761,0.07692299783229828
5102,0.38581591844558716,0.125,-3.677699714899063e-05,0.125
5103,0.5872464179992676,0.6027399897575378,0.036125294864177704,0.013698999769985676
5104,0.28876426815986633,0.6666669845581055,3.512948751449585e-06,0.0
5105,0.4241456389427185,0.33333298563957214,0.04515631124377251,0.021505000069737434
5106,0.6055574417114258,0.4519430100917816,0.03738204389810562,0.042945001274347305
5107,0.5340955257415771,0.5666670203208923,0.03786955401301384,0.06666699796915054
5108,0.43124595284461975,0.4000000059604645,0.04450727254152298,0.0
5109,0.5182506442070007,0.4117650091648102,0.04291749745607376,0.06722699850797653
5110,0.4994756281375885,0.6595739722251892,0.04016605764627457,0.0
5111,0.5422584414482117,0.4761900007724762,0.044450338929891586,0.0
5112,0.46786975860595703,0.5087720155715942,0.043862901628017426,0.0
5113,0.5065633654594421,0.4285709857940674,0.0434943325817585,0.06593400239944458
5114,0.5898308157920837,0.5714290142059326,0.03583747148513794,0.051947999745607376
5115,0.45374399423599243,0.5593219995498657,0.04500828683376312,0.0338979996740818
5116,0.31868454813957214,0.30303001403808594,0.0532585084438324,0.09090899676084518
5117,0.5992904305458069,0.6444439888000488,0.03625314682722092,0.05555599927902222
5118,0.44000524282455444,0.5471699833869934,0.0475793182849884,0.07547199726104736
5119,0.5716031193733215,0.6640620231628418,0.03939189016819,0.03125
5120,0.5913645029067993,0.26785698533058167,0.03622322529554367,0.03571400046348572
5121,0.5211262106895447,0.4242419898509979,0.03743996471166611,0.0
5122,0.5378231406211853,0.5882350206375122,0.038395676761865616,0.0073529998771846294
5123,0.45465975999832153,0.4117650091648102,0.03753167390823364,0.0
5124,0.562431275844574,0.5263159871101379,0.031132496893405914,0.05263200029730797
5125,0.49539607763290405,0.36170199513435364,0.0419328510761261,0.0
5126,0.5599938631057739,0.33333298563957214,0.03695245459675789,0.05555599927902222
5127,0.3714299201965332,0.2666670083999634,0.044231053441762924,0.1333329975605011
5128,0.3180534243583679,0.25,-6.949529051780701e-06,0.0
5129,0.5092151165008545,0.5,0.03645264357328415,0.02500000037252903
5130,0.2702568471431732,0.15625,0.05606260895729065,0.125
5131,0.25779616832733154,0.31818199157714844,0.05220325291156769,0.0227269995957613
5132,0.5049327611923218,0.5,4.854053258895874e-05,0.08333300054073334
5133,0.3914687931537628,0.4615379869937897,0.05068821832537651,0.03846200183033943
5134,0.48854929208755493,0.6470590233802795,0.038260526955127716,0.11764699965715408
5135,0.5024794936180115,0.4285709857940674,3.232620656490326e-06,0.0
5136,0.5669182538986206,0.6086959838867188,0.031132496893405914,0.10869599878787994
5137,0.36254844069480896,0.16666699945926666,0.0008087893947958946,0.08333300054073334
5138,0.4884382486343384,0.5,1.6067177057266235e-05,0.0
5139,0.26605090498924255,0.35714301466941833,0.041460223495960236,0.0
5140,0.30999255180358887,0.2592589855194092,0.05262894183397293,0.11111100018024445
5141,0.21134266257286072,0.25,-1.5106983482837677e-05,0.0
5142,0.4607231020927429,0.2608700096607208,0.03847290575504303,0.04347800090909004
5143,0.5315961241722107,0.5833330154418945,0.00012828223407268524,0.0
5144,0.4309421479701996,0.6511629819869995,0.04335012286901474,0.09302300214767456
5145,0.33140242099761963,0.10000000149011612,0.00014408212155103683,0.0
5146,0.5942777991294861,0.6041669845581055,0.031132496893405914,0.0
5147,0.3619292378425598,0.5,4.44706529378891e-05,0.0
5148,0.4318543076515198,0.4897960126399994,0.04496273770928383,0.02040800079703331
5149,0.4998036026954651,0.4810130000114441,0.038246043026447296,0.08860799670219421
5150,0.5307274460792542,0.6153849959373474,0.03878037631511688,0.025640999898314476
5151,0.39655956625938416,0.41666701436042786,7.797684520483017e-05,0.0
5152,0.5414530038833618,0.5882350206375122,0.037811629474163055,0.008403000421822071
5153,0.4841325879096985,0.6906470060348511,0.0443364754319191,0.05755399912595749
5154,0.2578721046447754,0.35294100642204285,0.05355774611234665,0.17647099494934082
5155,0.3679671287536621,0.5588240027427673,0.047484830021858215,0.029411999508738518
5156,0.43801963329315186,0.6410260200500488,0.04356122761964798,0.05128199979662895
5157,0.30184707045555115,0.1333329975605011,0.050681229680776596,0.0
5158,0.5556508898735046,0.6553030014038086,0.040336351841688156,0.0416666716337204
5159,0.3863762617111206,0.4042550027370453,0.04531572386622429,0.0851060003042221
5160,0.5770480036735535,0.7142860293388367,0.03593958914279938,0.06349200010299683
5161,0.21200695633888245,0.2222220003604889,0.05341847985982895,0.0
5162,0.5299093127250671,0.6938779950141907,0.0371648333966732,0.0
5163,0.4108330011367798,0.47368401288986206,0.04470084607601166,0.07894700020551682
5164,0.5677433609962463,0.59375,0.03141912817955017,0.0625
5165,0.4152093529701233,0.5,-4.0207989513874054e-05,0.0
5166,0.5155315399169922,0.6818180084228516,0.0381784662604332,0.09090899676084518
5167,0.381015807390213,0.41666701436042786,0.0486396960914135,0.05555599927902222
5168,0.5217170119285583,0.39473700523376465,0.042177651077508926,0.05263200029730797
5169,0.39066290855407715,0.4117650091648102,0.04620563983917236,0.029411999508738518
5170,0.194270059466362,0.33333298563957214,0.004184691235423088,0.0
5171,0.43322116136550903,0.36363598704338074,0.0434943325817585,0.045455001294612885
5172,0.4248911142349243,0.51351398229599,0.04207121580839157,0.05405399948358536
5173,0.6201190948486328,0.6000000238418579,5.0418078899383545e-05,0.0
5174,0.3153127431869507,0.33333298563957214,0.04749532788991928,0.0
5175,0.435681015253067,0.6000000238418579,-1.8856488168239594e-05,0.20000000298023224
5176,0.3215767741203308,0.3684209883213043,0.04945859685540199,0.2105260044336319
5177,0.2536521255970001,0.4000000059604645,6.706453859806061e-06,0.0
5178,0.4561784267425537,0.5625,0.040772728621959686,0.0625
5179,0.3923451006412506,0.35714301466941833,0.05254637449979782,0.14285700023174286
5180,0.26922693848609924,0.33333298563957214,-2.353917807340622e-05,0.0
5181,0.3942977786064148,0.34117600321769714,0.04686544090509415,0.01176500041037798
5182,0.033573850989341736,0.0,-2.2991560399532318e-05,0.0
5183,0.35988789796829224,0.23188400268554688,0.04715743660926819,0.04347800090909004
5184,0.6230383515357971,0.6240000128746033,0.03169269114732742,0.07199999690055847
5185,0.5991500616073608,0.6287879943847656,0.03582145273685455,0.03787900134921074
5186,0.4861483573913574,0.3499999940395355,0.04256080836057663,0.15000000596046448
5187,0.44928935170173645,0.4629630148410797,0.04686544090509415,0.0925929993391037
5188,0.5893043279647827,0.6450700163841248,0.03886912390589714,0.01408500038087368
5189,0.2736027240753174,0.25,0.05350104719400406,0.04166699945926666
5190,0.5176120400428772,0.6231880187988281,0.041150566190481186,0.0
5191,0.4392448663711548,0.5,0.04537265747785568,0.13636399805545807
5192,0.5392919778823853,0.6296300292015076,0.03762338310480118,0.07407400012016296
5193,0.3275793790817261,0.8333330154418945,4.7608278691768646e-05,0.0
5194,0.4330224394798279,0.2800000011920929,0.0423160120844841,0.07999999821186066
5195,0.4339069724082947,0.3793100118637085,0.04366178810596466,0.06896600127220154
5196,0.4781559407711029,0.2750000059604645,0.0428842157125473,0.05000000074505806
5197,0.5164961814880371,0.5368419885635376,0.03918755054473877,0.010525999590754509
5198,0.5674911141395569,0.3771519958972931,0.03967690467834473,0.05320800095796585
5199,0.45061275362968445,0.5108699798583984,0.04329465329647064,0.02173900045454502
5200,0.5439149141311646,0.6521739959716797,0.03541680425405502,0.0
5201,0.38686689734458923,0.32432401180267334,0.045076608657836914,0.08108100295066833
5202,0.4647062420845032,0.6521739959716797,0.05015764757990837,0.04347800090909004
5203,0.34700778126716614,0.30000001192092896,5.073379725217819e-05,0.0
5204,0.6220405101776123,0.699999988079071,0.035428836941719055,0.0
5205,0.45348960161209106,0.3421050012111664,0.04389641806483269,0.07894700020551682
5206,0.5068191885948181,0.5,8.922070264816284e-07,0.0
5207,0.33486443758010864,0.27272701263427734,0.05079301446676254,0.045455001294612885
5208,0.37555843591690063,0.6000000238418579,1.4738179743289948e-05,0.0
5209,0.5507417917251587,0.49242401123046875,0.04110267385840416,0.018938999623060226
5210,0.48117151856422424,0.33333298563957214,0.036793842911720276,0.05555599927902222
5211,0.43331706523895264,0.4545449912548065,0.04496273770928383,0.12121199816465378
5212,0.5064194798469543,0.3975900113582611,0.0432170107960701,0.03614500164985657
5213,0.5613777041435242,0.2222220003604889,0.03628715127706528,0.02777799963951111
5214,0.5384760499000549,0.125,9.656883776187897e-06,0.25
5215,0.4785600006580353,0.41337400674819946,0.04473500698804855,0.02127699926495552
5216,0.5979478359222412,0.6018519997596741,0.036000583320856094,0.018518999218940735
5217,0.20187067985534668,0.33333298563957214,7.0938840508461e-06,0.0
5218,0.5779557824134827,0.7619050145149231,0.03434418886899948,0.0
5219,0.47829240560531616,0.5163400173187256,0.04346105456352234,0.01307199988514185
5220,0.3781886100769043,0.6666669845581055,3.6498531699180603e-06,0.0
5221,0.4604099690914154,0.3269230127334595,0.04509937763214111,0.07692299783229828
5222,0.34012848138809204,0.4000000059604645,0.04701685905456543,0.05000000074505806
5223,0.376045823097229,0.5588240027427673,0.04532710835337639,0.08823499828577042
5224,0.5951355695724487,0.800000011920929,0.031132496893405914,0.0
5225,0.5230446457862854,0.5793099999427795,0.03933371976017952,0.04827599972486496
5226,0.3815073072910309,0.4444440007209778,5.467701703310013e-05,0.0
5227,0.3197460174560547,0.20000000298023224,0.046573396772146225,0.1333329975605011
5228,0.5943129658699036,0.5783900022506714,0.036332882940769196,0.02966099977493286
5229,0.41508403420448303,0.5,2.760719507932663e-05,0.16666699945926666
5230,0.5380207300186157,0.4273500144481659,0.03843911737203598,0.04273499920964241
5231,0.5147349834442139,0.6470590233802795,0.03857427090406418,0.058823999017477036
5232,0.5343071222305298,0.41935500502586365,0.03896830603480339,0.03225800022482872
5233,0.4649176597595215,0.3684209883213043,0.04244372993707657,0.0
5234,0.5552145838737488,0.693693995475769,0.039607107639312744,0.045044999569654465
5235,0.5058780312538147,0.6666669845581055,0.03956057131290436,0.07692299783229828
5236,0.33717072010040283,0.0,-8.258968591690063e-06,0.0
5237,0.6242938041687012,0.6106190085411072,0.031132496893405914,0.06194699928164482
5238,0.32432791590690613,0.31818199157714844,0.046908698976039886,0.18181799352169037
5239,0.33653175830841064,0.0,7.79610127210617e-06,0.0
5240,0.2998453974723816,0.38095200061798096,0.05332043766975403,0.0
5241,0.27574172616004944,0.20000000298023224,-3.1198374927043915e-05,0.0
5242,0.6008073091506958,0.5734270215034485,0.03371404856443405,0.01398599985986948
5243,0.3749346435070038,0.25,6.908271461725235e-05,0.0
5244,0.3419146239757538,0.33333298563957214,-5.824770778417587e-05,0.11111100018024445
5245,0.421450674533844,0.4344260096549988,0.04711417853832245,0.02459000051021576
5246,0.557778537273407,0.5973449945449829,0.038874343037605286,0.03982299938797951
5247,0.3837156295776367,0.16666699945926666,-2.0285136997699738e-05,0.0
5248,0.315980464220047,0.75,-3.300514072179794e-05,0.0
5249,0.5203514695167542,0.5535709857940674,0.03870730102062225,0.05357100069522858
5250,0.4670630395412445,0.434783011674881,0.04116120934486389,0.0
5251,0.573754608631134,0.6666669845581055,0.03629803657531738,0.049382999539375305
5252,0.5603897571563721,0.5263159871101379,0.031137213110923767,0.0
5253,0.5666160583496094,0.3973332941532135,0.03925541043281555,0.00800000037997961
5254,0.4883960485458374,0.3703700006008148,0.03958965837955475,0.14814800024032593
5255,0.6010807752609253,0.75,0.03282081335783005,0.0
5256,0.5274346470832825,0.5185189843177795,0.038381196558475494,0.03703700006008148
5257,0.3827067017555237,0.4000000059604645,0.04903864115476608,0.06666699796915054
5258,0.283012717962265,0.0,3.489851951599121e-05,0.0
5259,0.5164890289306641,0.7741940021514893,0.04071950912475586,0.03225800022482872
5260,0.20970243215560913,0.16666699945926666,0.056850314140319824,0.11111100018024445
5261,0.4538242518901825,0.44999998807907104,0.04246501624584198,0.05000000074505806
5262,0.34849482774734497,0.18181799352169037,0.04654094576835632,0.13636399805545807
5263,0.55084627866745,0.39130398631095886,0.03627355396747589,0.08695700019598007
5264,0.39600709080696106,0.11111100018024445,0.04366178810596466,0.05555599927902222
5265,0.42591676115989685,0.3880600035190582,0.04495135322213173,0.014925000257790089
5266,0.6100653409957886,0.6666669845581055,0.03587883338332176,0.07142899930477142
5267,0.5725657939910889,0.4000000059604645,0.009128688834607601,0.0
5268,0.20274502038955688,0.08333300054073334,0.018364273011684418,0.16666699945926666
5269,0.26870593428611755,0.5,6.411317735910416e-05,0.0
5270,0.5842474699020386,0.6289590001106262,0.0357574000954628,0.04524900019168854
5271,0.5280922055244446,0.3846150040626526,0.03703451156616211,0.11538500338792801
5272,0.44466981291770935,0.19047600030899048,0.04184770584106445,0.14285700023174286
5273,0.5484607815742493,0.5181819796562195,0.03958383947610855,0.02727299928665161
5274,0.5649298429489136,0.622107982635498,0.03922409191727638,0.03341900184750557
5275,0.5159816145896912,0.4573169946670532,0.04096430912613869,0.0365849994122982
5276,0.514438807964325,0.18181799352169037,-1.257285475730896e-07,0.0
5277,0.49996545910835266,0.20000000298023224,0.00048789381980895996,0.0
5278,0.3863530158996582,0.0,0.00011347513645887375,0.0
5279,0.23497024178504944,0.4285709857940674,3.630761057138443e-05,0.0
5280,0.3883189558982849,0.26923099160194397,0.051088202744722366,0.03846200183033943
5281,0.535251796245575,0.4545449912548065,1.3476237654685974e-05,0.0
5282,0.5210314989089966,0.642857015132904,-1.3101845979690552e-05,0.0
5283,0.5054384469985962,0.48148098587989807,0.0408046580851078,0.03703700006008148
5284,0.48956218361854553,0.3076919913291931,0.03805297240614891,0.07692299783229828
5285,0.49852558970451355,0.5238100290298462,0.043751172721385956,0.0
5286,0.4500105381011963,0.5294119715690613,0.04123571515083313,0.0
5287,0.4483434557914734,1.0,4.529021680355072e-06,0.0
5288,0.5453988313674927,0.800000011920929,-1.614447683095932e-05,0.0
5289,0.5471230149269104,0.26470598578453064,0.03785507380962372,0.0
5290,0.6044191718101501,0.5082690119743347,0.03720344975590706,0.04740900173783302
5291,0.5721007585525513,0.5678499937057495,0.03889000043272972,0.048016998916864395
5292,0.49935847520828247,0.6363639831542969,3.778096288442612e-05,0.09090899676084518
5293,0.6039371490478516,0.6986299753189087,0.03694762662053108,0.03424699977040291
5294,0.47535765171051025,0.6923080086708069,0.022641286253929138,0.0
5295,0.5179949998855591,0.1333329975605011,0.03628579527139664,0.0
5296,0.3915293216705322,0.4761900007724762,0.0508628748357296,0.03174600005149841
5297,0.30336159467697144,0.15384599566459656,8.171331137418747e-05,0.0
5298,0.4142730236053467,0.2894740104675293,0.04487164691090584,0.026316000148653984
5299,0.3653469979763031,0.14285700023174286,0.015591424889862537,0.0
5300,0.45667141675949097,0.3823530077934265,0.046238094568252563,0.0
5301,0.27661144733428955,0.0,-3.7373974919319153e-06,0.0
5302,0.5757123231887817,0.5632179975509644,0.04069822281599045,0.0957849994301796
5303,0.3192831873893738,0.375,-2.264324575662613e-05,0.0
5304,0.4576845169067383,0.5370370149612427,0.04600013419985771,0.02777799963951111
5305,0.4190276265144348,0.3142859935760498,0.04241180047392845,0.05714299902319908
5306,0.5881527662277222,0.49433109164237976,0.036752719432115555,0.051020409911870956
5307,0.409296452999115,0.5,1.4095567166805267e-05,0.0
5308,0.45480185747146606,0.5405409932136536,0.04528156667947769,0.02702699974179268
5309,0.6208970546722412,0.634145975112915,0.03396407514810562,0.0
5310,0.6001313924789429,0.6388890147209167,0.035681188106536865,0.05555599927902222
5311,0.5342763066291809,0.5416669845581055,0.03743996471166611,0.04166699945926666
5312,0.47149893641471863,0.5714290142059326,1.0744668543338776e-05,0.0
5313,0.47620218992233276,0.4399999976158142,0.04352770745754242,0.0
5314,0.5538069009780884,0.18518519401550293,0.04013945162296295,0.055555559694767
5315,0.5088323950767517,0.30000001192092896,1.2153759598731995e-05,0.0
5316,0.424793004989624,0.5,0.04089512676000595,0.0
5317,0.5133930444717407,0.40322598814964294,0.04067161679267883,0.06451600044965744
5318,0.42777854204177856,0.31147500872612,0.045452363789081573,0.16393400728702545
5319,0.3366106152534485,0.0,3.1925737857818604e-05,0.0
5320,0.2710055410861969,0.6000000238418579,-2.8032809495925903e-05,0.0
5321,0.3338624835014343,0.5714290142059326,-2.5420449674129486e-05,0.0
5322,0.49093252420425415,0.5,0.04390759766101837,0.0625
5323,0.44511038064956665,0.3125,0.04848221316933632,0.1875
5324,0.5455939173698425,0.534483015537262,0.0406130813062191,0.04741400107741356
5325,0.3860897123813629,0.5,0.04630298912525177,0.125
5326,0.5267211198806763,0.35294100642204285,0.03742065280675888,0.2058819979429245
5327,0.027360834181308746,0.5,-4.0407292544841766e-05,0.0
5328,0.5380820035934448,0.800000011920929,-3.72081995010376e-05,0.0
5329,0.3461190462112427,0.5333330035209656,0.012942553497850895,0.0
5330,0.556398332118988,0.4917129874229431,0.03837154805660248,0.06077300012111664
5331,0.5069612860679626,0.33333298563957214,0.041283607482910156,0.03174600005149841
5332,0.30622008442878723,0.3428570032119751,0.053372032940387726,0.05714299902319908
5333,0.4572269916534424,0.539326012134552,0.04564320296049118,0.044943999499082565
5334,0.4906860589981079,0.5967739820480347,0.042188290506601334,0.0
5335,0.5415563583374023,0.38376399874687195,0.040543895214796066,0.03320999816060066
5336,0.4631084203720093,0.5333330035209656,0.012450858019292355,0.0
5337,0.363748699426651,0.11111100018024445,9.537674486637115e-06,0.33333298563957214
5338,0.4505154490470886,0.5769230127334595,0.045361269265413284,0.019231000915169716
5339,0.4792001247406006,0.5616440176963806,0.046238094568252563,0.03424699977040291
5340,0.47398078441619873,0.20000000298023224,2.1043233573436737e-05,0.0
5341,0.2683560252189636,0.31818199157714844,0.05325334519147873,0.13636399805545807
5342,0.378274530172348,0.35294100642204285,0.049682047218084335,0.0
5343,0.533186674118042,0.6076560020446777,0.0413687527179718,0.014353999868035316
5344,0.5453484058380127,0.6559630036354065,0.04144325852394104,0.03210999816656113
5345,0.2903340756893158,0.0,-1.6951002180576324e-05,0.0
5346,0.4781074821949005,0.75,2.623535692691803e-06,0.0
5347,0.5597071051597595,1.0,5.522742867469788e-07,0.0
5348,0.3206435441970825,0.0,2.7599744498729706e-05,0.0
5349,0.35699981451034546,0.5,0.0032152729108929634,0.07142899930477142
5350,0.5219138264656067,0.5562909841537476,0.04138471931219101,0.06622499972581863
5351,0.5456738471984863,0.5,7.990747690200806e-07,0.0
5352,0.5260537266731262,0.5,-1.4994293451309204e-07,0.16666670143604279
5353,0.682221531867981,0.4117650091648102,0.031132496893405914,0.11764699965715408
5354,0.40242913365364075,0.6153849959373474,-4.802737385034561e-05,0.0
5355,0.5376841425895691,0.5185189843177795,0.037126220762729645,0.07407400012016296
5356,0.45247238874435425,0.5,0.0003438349813222885,0.0
5357,0.5788477659225464,0.5676389932632446,0.038530830293893814,0.053050000220537186
5358,0.5094800591468811,0.0,3.733579069375992e-05,0.0
5359,0.36832255125045776,0.5769230127334595,0.05084890127182007,0.03846200183033943
5360,0.5620890259742737,0.5769230127334595,0.032706670463085175,0.03846200183033943
5361,0.42558231949806213,0.4000000059604645,3.702007234096527e-06,0.0
5362,0.5206522345542908,0.5714290142059326,1.332256942987442e-05,0.14285700023174286
5363,0.4101642072200775,0.16666670143604279,-2.3208558559417725e-05,0.0
5364,0.3989238739013672,0.4000000059604645,0.04422260820865631,0.03999999910593033
5365,0.2756568193435669,0.16666699945926666,0.05392128974199295,0.0
5366,0.47601640224456787,0.25,0.03872818127274513,0.0625
5367,0.4621655344963074,0.6499999761581421,0.04037892445921898,0.0
5368,0.5542702674865723,0.16666699945926666,8.267257362604141e-05,0.08333300054073334
5369,0.4569709897041321,0.5,1.0468065738677979e-05,0.0
5370,0.5155434012413025,0.6000000238418579,0.03530099242925644,0.0
5371,0.5817394852638245,0.5594409704208374,0.036567553877830505,0.01398599985986948
5372,0.5237475037574768,0.5199999809265137,0.03823156654834747,0.0
5373,0.487883985042572,0.5925930142402649,0.04004918038845062,0.03703700006008148
5374,0.41441935300827026,0.4666669964790344,0.04387407377362251,0.06666699796915054
5375,0.22642430663108826,0.2222220003604889,-5.385465919971466e-05,0.0
5376,0.6137843132019043,0.6333330273628235,0.031132496893405914,0.03333299979567528
5377,0.35971471667289734,0.30000001192092896,0.04668156057596207,0.0
5378,0.3266964554786682,0.47058799862861633,0.05432414263486862,0.0
5379,0.45270657539367676,0.25,8.032657206058502e-06,0.125
5380,0.36743080615997314,0.4444440007209778,6.54337927699089e-05,0.0
5381,0.6214726567268372,0.14285700023174286,-9.473413228988647e-06,0.0
5382,0.4786704480648041,0.5,2.232380211353302e-06,0.0
5383,0.461506187915802,0.3076919913291931,0.0009348252788186073,0.15384599566459656
5384,0.5741583108901978,0.6781610250473022,0.036752719432115555,0.011494000442326069
5385,0.25402921438217163,0.23333300650119781,0.05195687711238861,0.03333299979567528
5386,0.5403562188148499,0.08333300054073334,9.294599294662476e-06,0.0
5387,0.4832157492637634,0.48780500888824463,0.040410853922367096,0.024390000849962234
5388,0.493501216173172,0.5238100290298462,0.038696855306625366,0.09523800015449524
5389,0.5934787392616272,0.6391440033912659,0.03641124814748764,0.03669700026512146
5390,0.5677878260612488,0.7058820128440857,0.036570847034454346,0.01960800029337406
5391,0.4968107342720032,0.4000000059604645,6.05359673500061e-07,0.4000000059604645
5392,0.5095064043998718,0.3846150040626526,0.04289530962705612,0.04395600035786629
5393,0.4062001407146454,0.3289470076560974,0.051024749875068665,0.06578899919986725
5394,0.23720216751098633,0.125,0.011463035829365253,0.0
5395,0.42079463601112366,0.7727270126342773,0.05035868659615517,0.045455001294612885
5396,0.38632944226264954,0.27272701263427734,4.7023408114910126e-05,0.0
5397,0.5429689884185791,0.4184100031852722,0.03997938334941864,0.04184100031852722
5398,0.4476602077484131,0.4625000059604645,0.04576217755675316,0.02500000037252903
5399,0.543727695941925,0.44827601313591003,0.040373604744672775,0.0
5400,0.393678218126297,0.4000000059604645,1.2759119272232056e-06,0.0
5401,0.3721286654472351,0.5,1.282431185245514e-06,0.0
5402,0.561644434928894,0.800000011920929,6.174668669700623e-07,0.0
5403,0.4613752067089081,0.45945900678634644,0.045827075839042664,0.02702699974179268
5404,0.5268112421035767,0.41379299759864807,0.035504043102264404,0.06896600127220154
5405,0.42286211252212524,0.6666669845581055,0.006226574070751667,0.0
5406,0.4474250078201294,0.589743971824646,0.04340558499097824,0.025640999898314476
5407,0.5468673706054688,0.47169798612594604,0.03758959472179413,0.03773599863052368
5408,0.3404368460178375,0.20930199325084686,0.051905274391174316,0.046512000262737274
5409,0.36907291412353516,0.4000000059604645,-1.0421499609947205e-06,0.0
5410,0.23545339703559875,0.07142899930477142,0.05219724774360657,0.0
5411,0.3817012310028076,0.4074069857597351,0.05241736024618149,0.11111100018024445
5412,0.6994426250457764,0.8260869979858398,0.031132496893405914,0.043478261679410934
5413,0.5620830059051514,0.7272729873657227,0.035049647092819214,0.045455001294612885
5414,0.4620855450630188,0.30303001403808594,0.04062372446060181,0.09090899676084518
5415,0.45167428255081177,0.47058799862861633,0.03812054917216301,0.058823999017477036
5416,0.5694644451141357,0.6391749978065491,0.03950822353363037,0.010308999568223953
5417,0.16893185675144196,0.20000000298023224,0.0001414092257618904,0.0
5418,0.36773449182510376,0.5,3.227032721042633e-06,0.0
5419,0.28639739751815796,0.39393898844718933,0.05005340278148651,0.0
5420,0.4339883029460907,0.5476189851760864,0.04505383223295212,0.04761900007724762
5421,0.5287558436393738,0.37804898619651794,0.03890044242143631,0.024390000849962234
5422,0.45306503772735596,0.37735798954963684,0.044826097786426544,0.03773599863052368
5423,0.5334505438804626,0.5333330035209656,0.04286203160881996,0.05333299934864044
5424,0.48011595010757446,0.33333298563957214,3.5045668482780457e-06,0.0
5425,0.5733939409255981,0.16666699945926666,8.735805749893188e-07,0.16666699945926666
5426,0.5277631282806396,0.5600000023841858,0.03499521315097809,0.03999999910593033
5427,0.25955408811569214,0.0,0.000119759701192379,0.0
5428,0.5726421475410461,0.41791000962257385,0.036875221878290176,0.014925000257790089
5429,0.6030992269515991,0.5477709770202637,0.036324016749858856,0.03821700066328049
5430,0.5807751417160034,0.6251530051231384,0.038434289395809174,0.054944999516010284
5431,0.5401669144630432,0.3832339942455292,0.04183705896139145,0.089819997549057
5432,0.2492736577987671,0.16666699945926666,4.591420292854309e-07,0.0
5433,0.4708159565925598,0.375,0.05355774611234665,0.125
5434,0.5381597876548767,0.41463398933410645,0.038395676761865616,0.07317099720239639
5435,0.3529151678085327,0.75,2.1453946828842163e-05,0.0
5436,0.5095602869987488,0.5555555820465088,0.00033892225474119186,0.0
5437,0.42154860496520996,0.46000000834465027,0.0452132448554039,0.019999999552965164
5438,0.5403308868408203,0.5161290168762207,0.035111840814352036,0.03225800022482872
5439,0.31962987780570984,0.375,-3.4032389521598816e-05,0.125
5440,0.5647205114364624,0.5461540222167969,0.03927629068493843,0.026923000812530518
5441,0.5294873118400574,0.5789470076560974,0.04392993822693825,0.10526300221681595
5442,0.5414648056030273,0.5418990254402161,0.038717735558748245,0.011172999627888203
5443,0.28501254320144653,0.23076899349689484,0.05256185680627823,0.0
5444,0.16033777594566345,0.16666699945926666,3.4654513001441956e-06,0.0
5445,0.36228469014167786,0.20000000298023224,-1.3746321201324463e-05,0.20000000298023224
5446,0.5457351803779602,0.7200000286102295,0.0366186648607254,0.0
5447,0.4190981388092041,0.6896550059318542,0.04713581129908562,0.01724099926650524
5448,0.49251508712768555,0.5294119715690613,0.039682723581790924,0.0
5449,0.4972758889198303,0.625,0.03724689036607742,0.03125
5450,0.40585261583328247,0.0,1.3755634427070618e-06,0.0
5451,0.48381802439689636,0.4596270024776459,0.04259273782372475,0.03726699948310852
5452,0.4457942843437195,0.48148098587989807,0.041624195873737335,0.03703700006008148
5453,0.31951475143432617,0.5185189843177795,0.052252233028411865,0.14814800024032593
5454,0.467937171459198,0.5,0.03648960590362549,0.0
5455,0.21256640553474426,0.0,-1.2247823178768158e-05,0.0
5456,0.2007523775100708,0.25,0.01712123304605484,0.0
5457,0.5004726648330688,0.610168993473053,0.042135074734687805,0.06779699772596359
5458,0.30078908801078796,0.4000000059604645,0.047551240772008896,0.0
5459,0.36292916536331177,0.25,0.049902547150850296,0.08333300054073334
5460,0.15944908559322357,0.3076919913291931,0.05533663183450699,0.0
5461,0.4079604148864746,0.6666669845581055,0.02530079334974289,0.0
5462,0.5380173325538635,0.5753419995307922,0.03926584869623184,0.027396999299526215
5463,0.4096537232398987,0.5,0.04292859137058258,0.04166699945926666
5464,0.3435702621936798,0.47058799862861633,0.052783749997615814,0.058823999017477036
5465,0.4927372932434082,0.6666669845581055,1.526903361082077e-05,0.0
5466,0.5667117238044739,0.5903080105781555,0.03620010241866112,0.004404999781399965
5467,0.24812328815460205,0.5,1.6062520444393158e-05,0.0
5468,0.6108510494232178,0.6530609726905823,0.03293242305517197,0.0
5469,0.37485471367836,0.32608699798583984,0.04874468222260475,0.08695700019598007
5470,0.6075581312179565,0.5714290142059326,3.196578472852707e-05,0.2857140004634857
5471,0.45555925369262695,0.48148098587989807,0.044268153607845306,0.018518999218940735
5472,0.598749041557312,0.5496690273284912,0.035926032811403275,0.03311299905180931
5473,0.5144551992416382,0.636942982673645,0.042379871010780334,0.05095500126481056
5474,0.44484251737594604,0.7142860293388367,2.397783100605011e-05,0.0
5475,0.5356222987174988,0.6170210242271423,0.03673901408910751,0.0
5476,0.5276570916175842,0.45161300897598267,0.03751719370484352,0.06451600044965744
5477,0.45111048221588135,0.5199999809265137,0.0431060753762722,0.03999999910593033
5478,0.5033169388771057,0.5428569912910461,0.03800470381975174,0.0
5479,0.4399777352809906,0.5227270126342773,0.044086359441280365,0.09090899676084518
5480,0.5519417524337769,0.4795919954776764,0.036178335547447205,0.010204000398516655
5481,0.30776748061180115,0.20000000298023224,4.1835010051727295e-06,0.0
5482,0.5256463885307312,0.3882350027561188,0.04077804833650589,0.02352900058031082
5483,0.5470963716506958,0.5373129844665527,0.03989212587475777,0.029851000756025314
5484,0.2236751914024353,0.15625,0.053975336253643036,0.0625
5485,0.34427663683891296,0.48076900839805603,0.04702768102288246,0.0
5486,0.4774290919303894,0.4464290142059326,0.04308389127254486,0.01785700023174286
5487,0.44404512643814087,0.33333298563957214,-1.7463229596614838e-05,0.0
5488,0.4892159700393677,0.6000000238418579,0.037695787847042084,0.0
5489,0.5863485336303711,0.6947669982910156,0.038130201399326324,0.024708999320864677
5490,0.5928490161895752,0.6896550059318542,0.033696770668029785,0.0
5491,0.505578339099884,0.6363639831542969,2.3475848138332367e-05,0.0
5492,0.575380802154541,0.5818179845809937,0.03613617271184921,0.018182000145316124
5493,0.1204855740070343,0.2222220003604889,7.600430399179459e-05,0.0
5494,0.5169627666473389,0.5582820177078247,0.04289530962705612,0.06134999915957451
5495,0.4165411591529846,0.3478260040283203,0.04208185896277428,0.04347800090909004
5496,0.5346380472183228,0.5217390060424805,0.03508877754211426,0.0
5497,0.33640843629837036,0.4000000059604645,0.04944809526205063,0.0
5498,0.4913098216056824,0.5,0.04422260820865631,0.07894700020551682
5499,0.47795569896698,0.800000011920929,0.0002978527918457985,0.10000000149011612
5500,0.5131598114967346,0.6000000238418579,0.04422260820865631,0.0
5501,0.2946945130825043,0.3488369882106781,0.05379847437143326,0.1860470026731491
5502,0.5831503868103027,0.6115109920501709,0.036495521664619446,0.028776999562978745
5503,0.5110337734222412,0.625,3.1674280762672424e-06,0.0
5504,0.5754530429840088,0.5342469811439514,0.03620010241866112,0.041095998138189316
5505,0.3785349130630493,0.3199999928474426,0.04835622385144234,0.10000000149011612
5506,0.5642900466918945,0.5515149831771851,0.03995029628276825,0.02727299928665161
5507,0.5917313098907471,0.6447370052337646,0.037295158952474594,0.0
5508,0.5748916864395142,0.6044440269470215,0.03622594475746155,0.05333299934864044
5509,0.530925989151001,0.800000011920929,0.03595178574323654,0.03999999910593033
5510,0.2276526689529419,0.10526300221681595,0.04977975785732269,0.05263200029730797
5511,0.32063955068588257,0.2666670083999634,0.036488309502601624,0.06666699796915054
5512,0.5370468497276306,0.7435899972915649,0.03694762662053108,0.025640999898314476
5513,0.5869468450546265,0.6333330273628235,0.03385457396507263,0.0
5514,0.43094509840011597,0.4000000059604645,-1.3165175914764404e-05,0.20000000298023224
5515,0.42923301458358765,0.6666669845581055,-1.6252510249614716e-05,0.0
5516,0.40147578716278076,0.3703700006008148,0.043583571910858154,0.07407400012016296
5517,0.48080143332481384,0.7894740104675293,0.04110799357295036,0.05263200029730797
5518,0.5025292634963989,0.4655170142650604,0.04291749745607376,0.05172400176525116
5519,0.3500792384147644,0.0,0.011688613332808018,0.10000000149011612
5520,0.34755268692970276,0.38095200061798096,0.0489126592874527,0.0
5521,0.3568604290485382,0.434783011674881,0.05232447385787964,0.10869599878787994
5522,0.5659608244895935,0.5365849733352661,0.03921887278556824,0.009380999952554703
5523,0.529495894908905,0.5833330154418945,0.0001124311238527298,0.0
5524,0.46108153462409973,0.33333298563957214,-2.411194145679474e-05,0.16666699945926666
5525,0.4331875741481781,0.33333298563957214,-2.0259059965610504e-05,0.11111100018024445
5526,0.5656482577323914,0.6666669845581055,5.572102963924408e-05,0.0
5527,0.5337873101234436,0.5,7.962808012962341e-07,0.0
5528,0.2492670714855194,0.0,1.9622966647148132e-06,0.0
5529,0.6258695125579834,0.5625,0.031132496893405914,0.03750000149011612
5530,0.5436455011367798,0.45945900678634644,0.0364881306886673,0.10810799896717072
5531,0.3580842614173889,0.4615379869937897,0.0015171589329838753,0.23076899349689484
5532,0.47162824869155884,0.5454549789428711,0.053724780678749084,0.045455001294612885
5533,0.35598430037498474,0.33333298563957214,0.053098537027835846,0.1333329975605011
5534,0.5451146364212036,0.3478260040283203,0.04102284461259842,0.08695700019598007
5535,0.5993593335151672,0.5861300230026245,0.03626811504364014,0.04026800021529198
5536,0.510465145111084,0.47940099239349365,0.04333902895450592,0.00749099999666214
5537,0.503982663154602,0.5575760006904602,0.041475191712379456,0.018182000145316124
5538,0.37789008021354675,0.375,0.04504244774580002,0.04166699945926666
5539,0.5896069407463074,0.7453870177268982,0.0360209196805954,0.047970000654459
5540,0.5071493983268738,0.5714290142059326,0.03660877048969269,0.04761900007724762
5541,0.3548857569694519,0.30303001403808594,0.049972712993621826,0.09090899676084518
5542,0.3704480826854706,0.6666669845581055,1.2244097888469696e-05,0.0
5543,0.5367001891136169,0.5723270177841187,0.040714193135499954,0.03144700080156326
5544,0.5057001709938049,0.5700929760932922,0.04323919117450714,0.028037000447511673
5545,0.5497348308563232,0.6666669845581055,9.015202522277832e-07,0.0
5546,0.5741736888885498,0.6464970111846924,0.03685591742396355,0.03184700012207031
5547,0.4726713299751282,0.25,0.029818281531333923,0.0
5548,0.29460570216178894,0.2653059959411621,0.05087684839963913,0.06122399866580963
5549,0.5259031057357788,0.5973150134086609,0.042401157319545746,0.02684600092470646
5550,0.4324833154678345,0.3125,0.05191321671009064,0.125
5551,0.5238147974014282,0.47572800517082214,0.04141664877533913,0.01941699907183647
5552,0.3711740970611572,0.20833300054073334,0.053459763526916504,0.08333300054073334
5553,0.6595965623855591,0.4666669964790344,0.01792009174823761,0.06666699796915054
5554,0.5801712274551392,0.594871997833252,0.03715035319328308,0.025640999898314476
5555,0.42830801010131836,0.33333298563957214,2.3972243070602417e-06,0.0
5556,0.519723117351532,0.7093020081520081,0.04283984377980232,0.029069999232888222
5557,0.6197912693023682,0.6470590233802795,0.03647482395172119,0.11764699965715408
5558,0.5809309482574463,0.6630265116691589,0.038434289395809174,0.02652106061577797
5559,0.4798849821090698,0.6834530234336853,0.04579462483525276,0.014387999661266804
5560,0.5719691514968872,0.5600000023841858,0.03823639079928398,0.06117599830031395
5561,0.3906588554382324,0.26315799355506897,0.05279923230409622,0.05263200029730797
5562,0.3897964358329773,0.4285709857940674,3.486219793558121e-05,0.14285700023174286
5563,0.43383798003196716,0.375,3.8106925785541534e-05,0.0
5564,0.4257451891899109,0.4749999940395355,0.04306170344352722,0.05000000074505806
5565,0.4633263647556305,0.44086000323295593,0.04292859137058258,0.021505000069737434
5566,0.41083717346191406,0.5068489909172058,0.047327347099781036,0.06849300116300583
5567,0.6074938774108887,0.6241459846496582,0.03519634157419205,0.02277900092303753
5568,0.5970712304115295,0.580152690410614,0.0363890677690506,0.05852416902780533
5569,0.5798621773719788,0.6571429967880249,0.034682825207710266,0.0
5570,0.40075910091400146,0.17647099494934082,0.05085589364171028,0.11764699965715408
5571,0.21774494647979736,0.16666699945926666,0.05223158746957779,0.05555599927902222
5572,0.4824768304824829,0.4285709857940674,-9.844079613685608e-07,0.14285700023174286
5573,0.6024891138076782,0.5757579803466797,0.034094762057065964,0.06060599908232689
5574,0.5177698135375977,0.43362799286842346,0.041661448776721954,0.004424999933689833
5575,0.3890056610107422,0.20000000298023224,9.622331708669662e-05,0.4000000059604645
5576,0.6152495741844177,0.6923080086708069,-2.3338012397289276e-05,0.0
5577,0.5484117269515991,0.5590720176696777,0.040996238589286804,0.016877999529242516
5578,0.42989999055862427,0.5405409932136536,0.0462489053606987,0.05405399948358536
5579,0.553259551525116,0.5931624174118042,0.04054921865463257,0.03076923079788685
5580,0.5930284261703491,0.625,0.031132496893405914,0.03125
5581,0.5458348393440247,0.6933330297470093,0.04016073793172836,0.05999999865889549
5582,0.408700555562973,0.41935500502586365,0.044917188584804535,0.03225800022482872
5583,0.43398720026016235,0.4305559992790222,0.04470084607601166,0.04166699945926666
5584,0.4064953923225403,0.14285700023174286,-3.462657332420349e-06,0.14285700023174286
5585,0.332669198513031,0.4375,0.05061835050582886,0.0
5586,0.49998486042022705,0.23076899349689484,0.0016357889398932457,0.0
5587,0.5291451215744019,0.5602840185165405,0.04239051416516304,0.06383000314235687
5588,0.6125459671020508,0.6792449951171875,0.034247588366270065,0.05660400167107582
5589,0.5698773264884949,0.6305080056190491,0.03807228058576584,0.044068001210689545
5590,0.47018975019454956,0.5573769807815552,0.04317263513803482,0.05737699940800667
5591,0.45000720024108887,0.32558101415634155,0.04329465329647064,0.046512000262737274
5592,0.6037433743476868,0.6010929942131042,0.03799022361636162,0.06284199655056
5593,0.3597531318664551,0.4000000059604645,0.04772629961371422,0.06666699796915054
5594,0.5197352170944214,0.4117650091648102,0.041475191712379456,0.06722699850797653
5595,0.5060831904411316,0.4285709857940674,0.0438852459192276,0.026785999536514282
5596,0.5569378137588501,0.33333298563957214,0.03699589520692825,0.0
5597,0.4221875071525574,0.6521739959716797,0.050224658101797104,0.04347800090909004
5598,0.5964239239692688,0.49152499437332153,0.03522278368473053,0.0169489998370409
5599,0.45646601915359497,0.33333298563957214,0.042741745710372925,0.04761900007724762
5600,0.3853316307067871,0.4117650091648102,0.048849668353796005,0.058823999017477036
5601,0.3353676199913025,0.4642859995365143,0.047146622091531754,0.03571400046348572
5602,0.5846384763717651,0.5772495865821838,0.037198618054389954,0.03395586088299751
5603,0.2668468952178955,0.375,0.04981484264135361,0.04166699945926666
5604,0.36058998107910156,0.5384619832038879,0.026783034205436707,0.0
5605,0.6216294765472412,0.5,0.03452704846858978,0.09090899676084518
5606,0.449984073638916,0.550000011920929,0.038874343037605286,0.20000000298023224
5607,0.24237695336341858,0.21428599953651428,0.053705133497714996,0.10714299976825714
5608,0.39632537961006165,0.2222220003604889,0.049653761088848114,0.02777799963951111
5609,0.5891131162643433,0.6800000071525574,0.04019267112016678,0.0
5610,0.5831341743469238,0.625,2.0596198737621307e-05,0.125
5611,0.5500980019569397,0.5398229956626892,0.03951985388994217,0.017698999494314194
5612,0.46155083179473877,0.6129029989242554,0.042284078896045685,0.03225800022482872
5613,0.3948538601398468,0.27272701263427734,0.04955945536494255,0.07272700220346451
5614,0.5186777710914612,0.16666699945926666,1.3585202395915985e-05,0.16666699945926666
5615,0.011185996234416962,0.5,7.716938853263855e-06,0.0
5616,0.5796323418617249,0.5833330154418945,6.304122507572174e-06,0.0
5617,0.3487641513347626,0.25,2.5099143385887146e-06,0.25
5618,0.3669525980949402,0.20833300054073334,0.049091141670942307,0.06944400072097778
5619,0.4150221347808838,0.18181799352169037,0.04546374827623367,0.15909099578857422
5620,0.4121284484863281,0.5333330035209656,0.047642312943935394,0.20000000298023224
5621,0.5657577514648438,0.5147348046302795,0.03969435766339302,0.05697445943951607
5622,0.2307250201702118,0.25,9.752810001373291e-06,0.25
5623,0.46222153306007385,0.38888901472091675,0.05522613972425461,0.05555599927902222
5624,0.6306610107421875,0.800000011920929,7.293187081813812e-06,0.0
5625,0.47311314940452576,0.31578901410102844,0.041773200035095215,0.05263200029730797
5626,0.3232797384262085,0.4545449912548065,0.000984775833785534,0.0
5627,0.5346830487251282,0.4000000059604645,4.200264811515808e-07,0.0
5628,0.6680988073348999,0.5,4.256144165992737e-07,0.0
5629,0.5443547964096069,0.4794520139694214,0.04438202083110809,0.06849300116300583
5630,0.6470217108726501,0.2222220003604889,1.0416842997074127e-05,0.0
5631,0.03745664656162262,0.0,6.093643605709076e-06,0.0
5632,0.4958488941192627,0.31578901410102844,0.04068225994706154,0.08771900087594986
5633,0.3966871500015259,0.44791701436042786,0.048408716917037964,0.010417000390589237
5634,0.4616228938102722,0.6956520080566406,0.04004918038845062,0.04347800090909004
5635,0.6262299418449402,0.71875,0.031132496893405914,0.0
5636,0.4614514410495758,0.5526319742202759,0.04112928360700607,0.0
5637,0.5948280096054077,0.47999998927116394,0.034247588366270065,0.019999999552965164
5638,0.5722802877426147,0.5365849733352661,0.03385457396507263,0.0
5639,0.473418653011322,0.4615379869937897,0.042284078896045685,0.1923079937696457
5640,0.39628803730010986,0.35714301466941833,0.0008309688419103622,0.0
5641,0.6088464260101318,0.5833330154418945,0.031132496893405914,0.020833000540733337
5642,0.5731498599052429,0.596153974533081,0.03617017716169357,0.04230799898505211
5643,0.5488473176956177,0.5438600182533264,0.03856944292783737,0.026316000148653984
5644,0.5710083842277527,0.5686269998550415,0.036570847034454346,0.058823999017477036
5645,0.4728237986564636,0.6984130144119263,0.04447311535477638,0.06349200010299683
5646,0.34905028343200684,0.2800000011920929,0.047862786799669266,0.0
5647,0.4132941961288452,0.33333298563957214,-7.0016831159591675e-06,0.0
5648,0.3058791160583496,0.25,0.0001279190182685852,0.25
5649,0.4116119146347046,0.4838710129261017,0.04654094576835632,0.06451600044965744
5650,0.4189205467700958,0.6000000238418579,3.4533441066741943e-06,0.0
5651,0.5318660736083984,0.49000000953674316,0.040352314710617065,0.029999999329447746
5652,0.3747585415840149,0.4528299868106842,0.049101635813713074,0.01886799931526184
5653,0.34972527623176575,0.33333298563957214,0.0494270995259285,0.16666699945926666
5654,0.5380123257637024,0.6764709949493408,0.03602227568626404,0.029411999508738518
5655,0.5914924144744873,0.6697670221328735,0.03628715127706528,0.06976699829101562
5656,0.3459382653236389,0.25581398606300354,0.04729584977030754,0.046512000262737274
5657,0.30539470911026,0.0,2.457760274410248e-06,0.5
5658,0.48105862736701965,0.4634149968624115,0.046162381768226624,0.024390000849962234
5659,0.024780090898275375,0.25,1.605413854122162e-05,0.0
5660,0.526452362537384,0.625,0.03367949277162552,0.0
5661,0.4360916018486023,0.375,1.3319775462150574e-05,0.0
5662,0.5350088477134705,0.6279069781303406,0.036393508315086365,0.0
5663,0.6265401840209961,0.6542059779167175,0.03431391716003418,0.04672899842262268
5664,0.5182952880859375,0.4000000059604645,0.00039247889071702957,0.06666699796915054
5665,0.5877487659454346,0.5476189851760864,0.03511393815279007,0.011904999613761902
5666,0.5405954122543335,0.26315799355506897,0.037661999464035034,0.0
5667,0.4449077844619751,0.6138610243797302,0.04600013419985771,0.019802000373601913
5668,0.5487285852432251,0.4285709857940674,4.077330231666565e-06,0.07142899930477142
5669,0.26537594199180603,0.3125,0.05922604352235794,0.0
5670,0.2742088735103607,0.33333298563957214,-1.3669021427631378e-05,0.0
5671,0.4547293782234192,0.375,-4.4568441808223724e-05,0.125
5672,0.48763078451156616,0.5074629783630371,0.04381820932030678,0.07462699711322784
5673,0.5241568684577942,0.39303499460220337,0.03855495899915695,0.054726000875234604
5674,0.5211237668991089,0.5325440168380737,0.04047472029924393,0.04142000153660774
5675,0.4040248394012451,0.4230769872665405,0.04695196449756622,0.11538500338792801
5676,0.3115047812461853,0.1875,0.05020231753587723,0.09375
5677,0.545485258102417,0.5,0.040008462965488434,0.0
5678,0.5065158605575562,0.5950919985771179,0.0431060753762722,0.06134999915957451
5679,0.2507927119731903,0.16666699945926666,0.0204569473862648,0.08333300054073334
5680,0.47918200492858887,0.375,0.04200735688209534,0.0
5681,0.09785080701112747,0.0,0.044901199638843536,0.0
5682,0.5088359713554382,0.5844590067863464,0.04085787385702133,0.06418900191783905
5683,0.4805680513381958,0.5759999752044678,0.04272045940160751,0.03200000151991844
5684,0.47661322355270386,0.3695650100708008,0.04568646475672722,0.06521700322628021
5685,0.42400985956192017,0.4000000059604645,0.04838772118091583,0.06153799965977669
5686,0.36100319027900696,0.35294100642204285,0.048156749457120895,0.0
5687,0.5689805746078491,0.5547950267791748,0.03605480492115021,0.03082199953496456
5688,0.5808489918708801,0.51351398229599,0.036641739308834076,0.10810799896717072
5689,0.4566197991371155,0.5217390060424805,0.04185834527015686,0.0724639967083931
5690,0.5263370275497437,0.46875,0.03616201877593994,0.0
5691,0.5259128212928772,0.800000011920929,1.1459924280643463e-05,0.0
5692,0.3510955572128296,0.25,2.9063783586025238e-05,0.0
5693,0.5746361017227173,0.5819399952888489,0.038796037435531616,0.033445000648498535
5694,0.2929893136024475,1.0,2.5437213480472565e-05,0.0
5695,0.45394983887672424,0.25,1.1160038411617279e-05,0.0
5696,0.35423535108566284,0.5151519775390625,0.05210711061954498,0.09090899676084518
5697,0.5426127910614014,0.6499999761581421,0.03629803657531738,0.05000000074505806
5698,0.5014498829841614,0.5714290142059326,0.04267788678407669,0.03571400046348572
5699,0.3592234253883362,0.41666701436042786,0.0007399739697575569,0.0
5700,0.5099791288375854,0.5238100290298462,0.0353611558675766,0.04761900007724762
5701,0.48692357540130615,0.5,-1.1519528925418854e-05,0.0
5702,0.5196366310119629,0.4255320131778717,0.03956057131290436,0.10638300329446793
5703,0.5461628437042236,0.6385539770126343,0.0389578640460968,0.03614500164985657
5704,0.4146844446659088,0.5,2.9923394322395325e-06,0.0
5705,0.437887042760849,0.27272701263427734,0.04182641953229904,0.12727299332618713
5706,0.18803760409355164,0.18181799352169037,0.034482453018426895,0.09090899676084518
5707,0.32944121956825256,0.36000001430511475,0.04803076386451721,0.03999999910593033
5708,0.4283626973628998,0.8181819915771484,0.00017199944704771042,0.0
5709,0.44865304231643677,0.550000011920929,0.042528875172138214,0.05000000074505806
5710,0.3267151117324829,0.4285709857940674,1.7415732145309448e-06,0.14285700023174286
5711,0.5695834159851074,0.6097559928894043,0.036050740629434586,0.04878000169992447
5712,0.5600906610488892,0.5631070137023926,0.037777841091156006,0.04854400083422661
5713,0.39419156312942505,0.37209299206733704,0.04792577773332596,0.058139998465776443
5714,0.5898689031600952,0.5425530076026917,0.03560030087828636,0.02127699926495552
5715,0.5509871244430542,0.7196969985961914,0.03872295841574669,0.030302999541163445
5716,0.5195218324661255,0.7777780294418335,0.03598296269774437,0.05555599927902222
5717,0.48493367433547974,0.75,-6.483402103185654e-05,0.0
5718,0.3444010019302368,0.5,-1.990329474210739e-05,0.0
5719,0.5277960896492004,0.658536970615387,0.03674358129501343,0.0
5720,0.458761990070343,0.42391300201416016,0.0452018603682518,0.04891299828886986
5721,0.28754347562789917,0.5,0.02755790203809738,0.0
5722,0.34302908182144165,0.5714285969734192,0.04735884442925453,0.0
5723,0.3555368185043335,0.7272729873657227,0.05377881973981857,0.0
5724,0.4133213758468628,0.33333298563957214,8.970499038696289e-05,0.0
5725,0.3812168836593628,0.2432429939508438,0.048230238258838654,0.08108100295066833
5726,0.30752959847450256,0.2666670083999634,0.04937460273504257,0.0
5727,0.6569281220436096,0.6764709949493408,0.031132496893405914,0.08823499828577042
5728,0.5230163931846619,0.22499999403953552,0.0367344468832016,0.10000000149011612
5729,0.40301594138145447,0.16666699945926666,8.570589125156403e-05,0.0
5730,0.403302401304245,0.4444440007209778,1.6898848116397858e-05,0.0
5731,0.3305995464324951,0.1612900048494339,0.04905964061617851,0.0
5732,0.514377772808075,0.5909090042114258,0.03970599174499512,0.045455001294612885
5733,0.42239218950271606,0.36363598704338074,4.3206848204135895e-05,0.09090899676084518
5734,0.5463111400604248,0.5,0.03641863912343979,0.05000000074505806
5735,0.6971946954727173,0.2857140004634857,1.8598511815071106e-06,0.0
5736,0.4897370934486389,0.4536080062389374,0.04549790918827057,0.030928000807762146
5737,0.4797109365463257,0.8333330154418945,5.379971116781235e-05,0.0
5738,0.5722537636756897,0.5632910132408142,0.03588150069117546,0.012657999992370605
5739,0.3060700595378876,0.33333298563957214,5.37605956196785e-05,0.0
5740,0.35972875356674194,0.4545449912548065,1.0547228157520294e-05,0.0
5741,0.47535908222198486,0.3483150005340576,0.04065033048391342,0.03370799869298935
5742,0.6131263375282288,0.5189869999885559,0.03466625511646271,0.08860799670219421
5743,0.2947007119655609,0.35714301466941833,0.004291118122637272,0.07142899930477142
5744,0.6477582454681396,0.6029409766197205,0.031132496893405914,0.014705999754369259
5745,0.5560701489448547,0.6145830154418945,0.03879082202911377,0.04166699945926666
5746,0.3803051710128784,0.25,-3.659352660179138e-05,0.0
5747,0.2549351751804352,0.0,0.00010697916150093079,0.14285700023174286
5748,0.5490092039108276,0.33945000171661377,0.03892654553055763,0.027522999793291092
5749,0.2310267984867096,0.2857140004634857,0.040331557393074036,0.07142899930477142
5750,0.35065293312072754,0.5862069725990295,0.05254637449979782,0.0
5751,0.5128275156021118,0.5223879814147949,0.041166532784700394,0.06716399639844894
5752,0.41280311346054077,0.2926830053329468,0.04367295652627945,0.04878000169992447
5753,0.5298007130622864,0.5724380016326904,0.041225068271160126,0.035335998982191086
5754,0.41976267099380493,0.2765960097312927,0.04509937763214111,0.02127699926495552
5755,0.5394683480262756,0.5270270109176636,0.03760407492518425,0.04054100066423416
5756,0.3688221573829651,0.33333298563957214,3.3008866012096405e-05,0.08333300054073334
5757,0.45369046926498413,0.6315789818763733,0.04844021797180176,0.0
5758,0.5972753763198853,0.4285709857940674,0.034888722002506256,0.04761900007724762
5759,0.5220755338668823,0.375,0.03867103531956673,0.0
5760,0.39375361800193787,0.4000000059604645,-9.492039680480957e-06,0.0
5761,0.5846572518348694,0.46808499097824097,0.03428363427519798,0.0
5762,0.5219920873641968,0.6239320039749146,0.043684132397174835,0.03846200183033943
5763,0.33040285110473633,0.10714299976825714,0.05355774611234665,0.10714299976825714
5764,0.5524440407752991,0.5,0.03762338310480118,0.03999999910593033
5765,0.43972116708755493,0.44999998807907104,0.04541820287704468,0.07500000298023224
5766,0.5247700214385986,0.6455699801445007,0.03944423794746399,0.012657999992370605
5767,0.19381096959114075,0.2666670083999634,0.053366877138614655,0.03333299979567528
5768,0.4815657436847687,0.6000000238418579,0.045532070100307465,0.10000000149011612
5769,0.5751515626907349,0.7846149802207947,0.037010371685028076,0.01538500003516674
5770,0.285787969827652,0.5,2.7939677238464355e-09,0.25
5771,0.5000362396240234,0.48148098587989807,0.03936861827969551,0.02469100058078766
5772,0.5392653346061707,0.5099009871482849,0.041358113288879395,0.03960400074720383
5773,0.4669075310230255,0.4285709857940674,9.308289736509323e-05,0.0
5774,0.5183462500572205,0.4893620014190674,0.04287312179803848,0.02978700026869774
5775,0.5186070203781128,0.5263159871101379,0.0390622653067112,0.026316000148653984
5776,0.44017916917800903,0.5535709857940674,0.04643278568983078,0.07142899930477142
5777,0.622519850730896,0.6200000047683716,0.031132496893405914,0.0
5778,0.5586612820625305,0.3924730122089386,0.040655653923749924,0.04301099851727486
5779,0.5602915287017822,0.45901599526405334,0.04064501076936722,0.01229500025510788
5780,0.40347820520401,0.26923099160194397,0.044826097786426544,0.0
5781,0.4075034260749817,0.6129029989242554,0.04509937763214111,0.0
5782,0.5564888119697571,0.6351349949836731,0.03800470381975174,0.04054100066423416
5783,0.5984538197517395,0.549019992351532,0.031132496893405914,0.0
5784,0.5775701403617859,0.6951026916503906,0.03866115212440491,0.06319115310907364
5785,0.6176003813743591,0.5789470076560974,0.031132496893405914,0.05263200029730797
5786,0.5708037614822388,0.6822429895401001,0.04006662964820862,0.018691999837756157
5787,0.6078543663024902,0.5625,0.031480468809604645,0.03125
5788,0.5469870567321777,0.53125,0.0389578640460968,0.09375
5789,0.46318238973617554,0.4242419898509979,0.04019799083471298,0.030302999541163445
5790,0.27629777789115906,0.17777800559997559,0.051748208701610565,0.06666699796915054
5791,0.21342766284942627,0.0,2.2409483790397644e-05,0.0
5792,0.4756826162338257,0.5164840221405029,0.04154437035322189,0.04395600035786629
5793,0.6323770880699158,0.7894740104675293,0.031132496893405914,0.0
5794,0.4779936671257019,0.38095200061798096,0.04989377781748772,0.09523800015449524
5795,0.4677185118198395,0.35294100642204285,0.03862736374139786,0.11764699965715408
5796,0.5860205888748169,0.6076189875602722,0.03693797439336777,0.026667000725865364
5797,0.46406739950180054,0.4423080086708069,0.044199831783771515,0.05769199877977371
5798,0.5233868360519409,0.44318199157714844,0.04062372446060181,0.10227300226688385
5799,0.574175238609314,0.6839079856872559,0.03792264685034752,0.022988999262452126
5800,0.5663347244262695,0.44999998807907104,0.035742729902267456,0.0625
5801,0.6491855978965759,0.6724740266799927,0.03463831916451454,0.010452999733388424
5802,0.6056542992591858,0.5655530095100403,0.03499758243560791,0.025707000866532326
5803,0.6109024286270142,0.6499999761581421,0.031132496893405914,0.0
5804,0.4333140254020691,0.5,-1.6810372471809387e-06,0.0
5805,0.49045872688293457,0.57635498046875,0.04398580268025398,0.049261000007390976
5806,0.26633569598197937,0.19444400072097778,0.05091876536607742,0.0
5807,0.6080671548843384,0.6690139770507812,0.03240419179201126,0.01408500038087368
5808,0.4756816029548645,0.47826099395751953,0.04027249291539192,0.04347800090909004
5809,0.5267522931098938,0.4588240087032318,0.04339449480175972,0.031373001635074615
5810,0.4383329153060913,0.0,-0.00010174885392189026,0.0
5811,0.46122774481773376,0.49019598960876465,0.045956868678331375,0.01960800029337406
5812,0.4629000127315521,0.41666701436042786,3.426428884267807e-05,0.0
5813,0.5733222961425781,0.3581080138683319,0.03815916180610657,0.05405399948358536
5814,0.42611509561538696,0.5,0.040735479444265366,0.0
5815,0.4034574031829834,0.5277780294418335,0.04699522629380226,0.06944400072097778
5816,0.3997614085674286,0.5,0.04828273504972458,0.05555599927902222
5817,0.34245219826698303,0.31666699051856995,0.05246897041797638,0.03333299979567528
5818,0.24292972683906555,0.25806498527526855,0.052173204720020294,0.12903200089931488
5819,0.4289901852607727,0.34615400433540344,0.050187431275844574,0.07692299783229828
5820,0.2836427688598633,0.4285709857940674,-2.457760274410248e-06,0.14285700023174286
5821,0.5966554880142212,0.534483015537262,0.031132496893405914,0.03448300063610077
5822,0.34102410078048706,0.3214290142059326,0.05391637980937958,0.03571400046348572
5823,0.32634615898132324,0.0,1.9612722098827362e-05,0.0
5824,0.34141457080841064,0.07142899930477142,0.05341332405805588,0.14285700023174286
5825,0.4216976761817932,0.39130398631095886,0.0434388667345047,0.02173900045454502
5826,0.20709562301635742,0.375,0.00011183507740497589,0.0
5827,0.5115968585014343,0.36111098527908325,0.037541329860687256,0.02777799963951111
5828,0.2524489164352417,0.25,4.284083843231201e-06,0.0
5829,0.5195794701576233,0.550724983215332,0.04101220518350601,0.07970999926328659
5830,0.44702261686325073,0.4285709857940674,0.04638952016830444,0.07563000172376633
5831,0.4629495143890381,0.41538500785827637,0.04359474778175354,0.01538500003516674
5832,0.38202494382858276,0.3225809931755066,0.04537265747785568,0.12903200089931488
5833,0.4751940965652466,0.4545449912548065,0.041171856224536896,0.030302999541163445
5834,0.483594685792923,0.4210529923439026,0.03896830603480339,0.0
5835,0.10364651679992676,0.09090899676084518,0.0002546710893511772,0.0
5836,0.32622939348220825,0.6785709857940674,0.04894415661692619,0.0
5837,0.4421682357788086,0.5407410264015198,0.046984411776065826,0.014814999885857105
5838,0.5989720821380615,0.7086610198020935,0.03540327027440071,0.023622000589966774
5839,0.3499002456665039,0.2380950003862381,0.048534709960222244,0.0
5840,0.421336829662323,0.3333333134651184,2.141110599040985e-06,0.0
5841,0.5939205288887024,0.5714290142059326,-7.77561217546463e-06,0.0
5842,0.442233681678772,0.6222220063209534,0.04497412592172623,0.05555599927902222
5843,0.3339250385761261,0.5555559992790222,7.0192851126194e-05,0.0
5844,0.49474668502807617,0.75,0.00018017180263996124,0.0
5845,0.5498397350311279,0.6486489772796631,0.03813502937555313,0.08108100295066833
5846,0.4792911112308502,0.5555559992790222,0.04066097363829613,0.0
5847,0.5576800107955933,0.6544119715690613,0.03855495899915695,0.058823999017477036
5848,0.5244137644767761,0.6030529737472534,0.04178384318947792,0.01908399909734726
5849,0.592516303062439,0.5874999761581421,0.035261884331703186,0.012500000186264515
5850,0.4113130569458008,0.36000001430511475,0.04412013292312622,0.07999999821186066
5851,0.41483741998672485,0.645160973072052,0.04581625759601593,0.0
5852,0.4422045350074768,0.4444440007209778,0.000535610131919384,0.0
5853,0.6100293397903442,0.6363639831542969,0.03166337311267853,0.03636400029063225
5854,0.44334709644317627,0.36363598704338074,0.000453178770840168,0.09090899676084518
5855,0.3515121042728424,0.3095239996910095,0.046854618936777115,0.0
5856,0.5338796377182007,0.5,0.0389578640460968,0.0
5857,0.19792631268501282,0.33333298563957214,-8.940696716308594e-07,0.0
5858,0.6388040781021118,0.607142984867096,0.031132496893405914,0.0
5859,0.43928056955337524,0.37735798954963684,0.04571891576051712,0.05660400167107582
5860,0.4909238815307617,0.699999988079071,0.0443364754319191,0.0
5861,0.2885912358760834,0.25,0.0009035291150212288,0.0
5862,0.6490070819854736,0.8235290050506592,0.031132496893405914,0.0
5863,0.27905839681625366,0.21666699647903442,0.05150071531534195,0.08333300054073334
5864,0.4910505414009094,0.3580250144004822,0.041964784264564514,0.049382999539375305
5865,0.5817564129829407,0.35714301466941833,0.03174755722284317,0.07142899930477142
5866,0.4220140278339386,0.6666669845581055,1.8496066331863403e-06,0.16666699945926666
5867,0.38085412979125977,0.5714290142059326,4.7344714403152466e-05,0.0
5868,0.5538477301597595,0.6153849959373474,0.03542733192443848,0.06153799965977669
5869,0.40967804193496704,0.5555559992790222,0.041719984263181686,0.0
5870,0.34952783584594727,0.29629600048065186,0.05009063333272934,0.018518999218940735
5871,0.5241378545761108,0.699999988079071,0.04108138754963875,0.0
5872,0.4430904984474182,0.7142860293388367,-3.161374479532242e-05,0.0
5873,0.5260471105575562,0.30405399203300476,0.04179980978369713,0.006756999995559454
5874,0.5154417157173157,0.3358210027217865,0.04390759766101837,0.014925000257790089
5875,0.4739079475402832,0.5925930142402649,0.04076740890741348,0.07407400012016296
5876,0.574446439743042,0.5833330154418945,5.842279642820358e-05,0.0
5877,0.31656309962272644,0.20000000298023224,0.0038451487198472023,0.10000000149011612
5878,0.5343367457389832,0.5657370090484619,0.040863197296857834,0.015936000272631645
5879,0.604642391204834,0.4634149968624115,0.03627355396747589,0.060975998640060425
5880,0.5434089303016663,0.39682498574256897,0.03913535177707672,0.04761900007724762
5881,0.5337272882461548,0.5625,0.042550161480903625,0.0
5882,0.5514929890632629,0.6923080086708069,0.03146931156516075,0.0
5883,0.5898895263671875,0.7142860293388367,0.03166911005973816,0.03571400046348572
5884,0.5834134817123413,0.5901640057563782,0.03730481117963791,0.02459000051021576
5885,0.050403714179992676,0.14285700023174286,-1.334119588136673e-05,0.0
5886,0.020243704319000244,0.5,1.518242061138153e-05,0.0
5887,0.2920796275138855,0.31818199157714844,0.05690184235572815,0.045455001294612885
5888,0.4237358570098877,0.6666669845581055,3.4496188163757324e-06,0.0
5889,0.19425982236862183,0.5,3.912486135959625e-06,0.0
5890,0.38918399810791016,0.4285709857940674,0.05017998069524765,0.07142899930477142
5891,0.5787826776504517,0.3235290050506592,0.03161653131246567,0.11764699965715408
5892,0.5433014631271362,0.5750452280044556,0.04062904790043831,0.06148282065987587
5893,0.5316766500473022,0.6111109852790833,0.034277867525815964,0.05555599927902222
5894,0.5095778107643127,0.413332998752594,0.04164016246795654,0.06666699796915054
5895,0.2831297814846039,0.5,-1.2812204658985138e-05,0.0
5896,0.4886634349822998,0.5833330154418945,0.0004249522462487221,0.08333300054073334
5897,0.5524230003356934,0.4971590042114258,0.04074611887335777,0.011363999918103218
5898,0.3559182286262512,0.21428599953651428,0.025529980659484863,0.2857140004634857
5899,0.5529605150222778,0.6232879757881165,0.038612887263298035,0.006849000230431557
5900,0.4899139404296875,0.4913789927959442,0.04270981252193451,0.0
5901,0.5550290942192078,0.41666701436042786,-1.616310328245163e-05,0.08333300054073334
5902,0.4990498125553131,0.5203250050544739,0.04242244362831116,0.032519999891519547
5903,0.3868279457092285,0.21311500668525696,0.048156749457120895,0.06557399779558182
5904,0.538094699382782,0.4871790111064911,0.04044278711080551,0.03589700162410736
5905,0.4731692373752594,0.6666669845581055,2.2472813725471497e-06,0.0
5906,0.32726049423217773,0.5,3.304239362478256e-05,0.0
5907,0.5708211660385132,0.7583889961242676,0.04001428186893463,0.006711000110954046
5908,0.5914413928985596,0.5238100290298462,0.03137929365038872,0.04761900007724762
5909,0.38061222434043884,0.6000000238418579,7.209368050098419e-06,0.0
5910,0.5337380766868591,0.6363639831542969,0.04104413464665413,0.06060599908232689
5911,0.4121841788291931,0.4117650091648102,0.0327560231089592,0.058823999017477036
5912,0.60767662525177,0.5296519994735718,0.03710208460688591,0.04703500121831894
5913,0.6040211915969849,0.47916701436042786,0.03535965085029602,0.0
5914,0.5239133834838867,0.5789470076560974,0.035921961069107056,0.10526300221681595
5915,0.2864823341369629,0.19047600030899048,0.05264442414045334,0.04761900007724762
5916,0.5274243354797363,0.25,0.037377215921878815,0.08333300054073334
5917,0.5858814120292664,0.5408809781074524,0.038414984941482544,0.01886799931526184
5918,0.3548803925514221,0.23076920211315155,0.0004243208095431328,0.07692307978868484
5919,0.5238571763038635,0.2666670083999634,3.619026392698288e-05,0.0
5920,0.3298969268798828,0.14285700023174286,0.0009875083342194557,0.14285700023174286
5921,0.3574208617210388,0.10000000149011612,0.04969147965312004,0.10000000149011612
5922,0.4969976544380188,0.564706027507782,0.047092556953430176,0.02352900058031082
5923,0.4640132188796997,0.11111100018024445,0.04337231069803238,0.0
5924,0.32106444239616394,0.5217390060424805,0.04668156057596207,0.04347800090909004
5925,0.5792512893676758,0.5652170181274414,0.031132496893405914,0.04347800090909004
5926,0.5323300957679749,0.33333298563957214,4.6603381633758545e-06,0.0
5927,0.6076237559318542,0.7307689785957336,0.031132496893405914,0.03846200183033943
5928,0.4711252450942993,0.5714290142059326,-2.016313374042511e-06,0.0
5929,0.5617137551307678,0.675000011920929,0.03815916180610657,0.0625
5930,0.3892459273338318,0.33333298563957214,0.04691951721906662,0.08730199933052063
5931,0.5641928911209106,0.6774190068244934,0.036228664219379425,0.0
5932,0.4808434247970581,0.7826089859008789,0.04115588963031769,0.0
5933,0.5977300405502319,0.731706976890564,0.03480943292379379,0.0
5934,0.5632359385490417,0.3802820146083832,0.03781645745038986,0.07042299956083298
5935,0.5965080261230469,0.6000000238418579,0.03423750028014183,0.08571399748325348
5936,0.4086894392967224,0.20000000298023224,0.04509937763214111,0.11999999731779099
5937,0.5403943061828613,0.5833330154418945,4.97354194521904e-05,0.0
5938,0.45696884393692017,0.4444440007209778,0.04257144778966904,0.09090899676084518
5939,0.4011067748069763,0.5,0.028593920171260834,0.0
5940,0.5500877499580383,0.5333330035209656,0.03571069985628128,0.06666699796915054
5941,0.6254481673240662,0.75,3.1620264053344727e-05,0.0
5942,0.49487361311912537,0.5440000295639038,0.04320591688156128,0.0560000017285347
5943,0.5212708115577698,0.33649298548698425,0.041475191712379456,0.09004700183868408
5944,0.5716918706893921,0.4761900007724762,0.031132496893405914,0.09523800015449524
5945,0.35819631814956665,0.2857140004634857,0.019854038953781128,0.07142899930477142
5946,0.5061682462692261,0.5769230127334595,0.03641124814748764,0.0
5947,0.3989001214504242,0.4444440007209778,0.04329465329647064,0.0
5948,0.6237764954566956,0.39285698533058167,0.031132496893405914,0.03571400046348572
5949,0.3573324382305145,0.3076919913291931,4.2553991079330444e-05,0.07692299783229828
5950,0.5185304880142212,0.5789470076560974,0.0428842157125473,0.0
5951,0.4510638117790222,0.3684209883213043,0.04443895444273949,0.07894700020551682
5952,0.3574955463409424,0.6666669845581055,0.03428572788834572,0.0
5953,0.5130414366722107,0.44881901144981384,0.039932847023010254,0.023622000589966774
5954,0.5556347966194153,0.5967739820480347,0.036125294864177704,0.03225800022482872
5955,0.5137424468994141,0.48611098527908325,0.040788695216178894,0.02777799963951111
5956,0.5021319389343262,0.49494901299476624,0.04256080836057663,0.09090899676084518
5957,0.36501458287239075,0.16666699945926666,-1.5173107385635376e-05,0.0
5958,0.35552966594696045,0.29166701436042786,0.052443161606788635,0.125
5959,0.616653323173523,0.6919999718666077,0.03620418161153793,0.012000000104308128
5960,0.34276366233825684,0.21818199753761292,0.051653020083904266,0.07272700220346451
5961,0.5664125680923462,0.5952379703521729,0.038686417043209076,0.06349200010299683
5962,0.6239545941352844,0.7586209774017334,0.031132496893405914,0.03448300063610077
5963,0.6528323292732239,0.6739130020141602,0.031132496893405914,0.0
5964,0.6939464807510376,0.762499988079071,0.031132496893405914,0.0
5965,0.5024874806404114,0.5,4.628673195838928e-06,0.0
5966,0.3888530135154724,0.2857140004634857,0.030504345893859863,0.0
5967,0.29112064838409424,0.75,-1.3235025107860565e-05,0.0
5968,0.4438100755214691,0.36986300349235535,0.04391876608133316,0.027396999299526215
5969,0.49842017889022827,0.4326240122318268,0.043717652559280396,0.06383000314235687
5970,0.4086480736732483,0.2571429908275604,0.047484830021858215,0.05714299902319908
5971,0.3979472517967224,0.10000000149011612,0.0002781851217150688,0.0
5972,0.6454533338546753,0.8125,0.0008187815546989441,0.0
5973,0.47890448570251465,0.3880600035190582,0.04422260820865631,0.04477600008249283
5974,0.5566514134407043,0.6470590233802795,0.031496528536081314,0.058823999017477036
5975,0.33886557817459106,0.6000000238418579,0.0007621264085173607,0.0
5976,0.2824268937110901,0.0,-1.7902813851833344e-05,0.0
5977,0.5328295826911926,0.3846150040626526,0.0027898354455828667,0.0
5978,0.553173840045929,0.6000000238418579,0.00028060656040906906,0.0
5979,0.395518034696579,0.3111110031604767,0.048629194498062134,0.044443998485803604
5980,0.4118026793003082,0.5,3.7517398595809937e-05,0.0
5981,0.5318098664283752,0.684211015701294,0.042039282619953156,0.03508799895644188
5982,0.48316705226898193,0.25,4.7977082431316376e-05,0.0
5983,0.5673080682754517,0.5304520130157471,0.03915100917220116,0.04125700145959854
5984,0.5710163712501526,0.6481480002403259,0.03501887992024422,0.07407400012016296
5985,0.4877776503562927,0.5,0.0306849405169487,0.0625
5986,0.43003571033477783,0.33333298563957214,0.001517762430012226,0.11111100018024445
5987,0.5291416645050049,0.5940170288085938,0.040847234427928925,0.008546999655663967
5988,0.46294286847114563,0.2769230008125305,0.041741274297237396,0.01538500003516674
5989,0.367819607257843,0.4444440007209778,-3.491993993520737e-05,0.0
5990,0.3674447536468506,0.5333330035209656,0.048608195036649704,0.0
5991,0.36628374457359314,0.257425993680954,0.047306351363658905,0.08910900354385376
5992,0.22349506616592407,0.14285700023174286,9.422283619642258e-05,0.0
5993,0.4061037302017212,0.26470598578453064,0.04389641806483269,0.029411999508738518
5994,0.5674062967300415,0.6176469922065735,0.03360667824745178,0.029411999508738518
5995,0.48448383808135986,0.45070400834083557,0.039927028119564056,0.056338001042604446
5996,0.28935691714286804,0.4444440007209778,-1.4224089682102203e-05,0.0
5997,0.34232446551322937,0.5714290142059326,7.809232920408249e-05,0.0
5998,0.4765737056732178,0.6202530264854431,0.04085255414247513,0.02531599998474121
5999,0.6117234230041504,0.5106379985809326,0.031132496893405914,0.04255300015211105
6000,0.5733779072761536,0.570248007774353,0.0360276997089386,0.024793000891804695
6001,0.2777160108089447,0.5,0.05498562008142471,0.0625
6002,0.34657806158065796,0.33333298563957214,0.05195087194442749,0.06666699796915054
6003,0.4048333764076233,0.47058799862861633,0.04550929367542267,0.0
6004,0.5540973544120789,0.6499999761581421,0.038617707788944244,0.012500000186264515
6005,0.3257802724838257,0.7142860293388367,3.390852361917496e-05,0.0
6006,0.5264872908592224,0.5771809816360474,0.037681303918361664,0.02684600092470646
6007,0.4511067271232605,0.6875,0.04242244362831116,0.0
6008,0.3347961902618408,0.36363598704338074,0.012844719924032688,0.0
6009,0.5457859039306641,0.65625,0.036909010261297226,0.015625
6010,0.4397472143173218,0.6666669845581055,1.100543886423111e-05,0.0
6011,0.3138335049152374,0.0,-2.3241154849529266e-05,0.0
6012,0.4321635365486145,0.40384599566459656,0.04475777968764305,0.05128199979662895
6013,0.5735321044921875,0.4444440007209778,1.6956590116024017e-05,0.0
6014,0.5585634708404541,0.5899279713630676,0.03658568859100342,0.03597100079059601
6015,0.5874088406562805,0.48235300183296204,0.03673901408910751,0.058823999017477036
6016,0.3469092845916748,0.33333298563957214,1.043081283569336e-06,0.0
6017,0.43872302770614624,0.5806450247764587,0.0443478599190712,0.09677399694919586
6018,0.5310795903205872,0.5,0.00019880849868059158,0.08333300054073334
6019,0.013464514166116714,0.0,2.7026981115341187e-05,0.0
6020,0.2710016667842865,0.3125,0.04971836134791374,0.0625
6021,0.4921574592590332,0.4285709857940674,0.03740135207772255,0.04761900007724762
6022,0.2371719479560852,0.33333298563957214,-3.2168813049793243e-05,0.0
6023,0.4454445242881775,0.553846001625061,0.04385172575712204,0.046153999865055084
6024,0.5038114190101624,0.22857099771499634,0.0394093357026577,0.0
6025,0.2787919044494629,0.20689700543880463,0.050632327795028687,0.06896600127220154
6026,0.44670718908309937,0.4117650091648102,0.04066097363829613,0.23529399931430817
6027,0.5668330192565918,0.4444440007209778,0.03531302511692047,0.0
6028,0.5867794752120972,0.6666669845581055,0.031132496893405914,0.0
6029,0.48988986015319824,0.6969699859619141,0.04337231069803238,0.01515199989080429
6030,0.28462618589401245,1.0,3.4042634069919586e-05,0.0
6031,0.5239686369895935,0.5555559992790222,0.03459987789392471,0.11111100018024445
6032,0.2831042408943176,0.4285709857940674,0.0005238903686404228,0.2857140004634857
6033,0.5100659728050232,0.2941179871559143,0.04641114920377731,0.058823999017477036
6034,0.5557473301887512,0.6682029962539673,0.040863197296857834,0.013825000263750553
6035,0.462321400642395,0.40625,0.04081530123949051,0.0
6036,0.40886422991752625,0.2857140004634857,0.043617092072963715,0.0
6037,0.5802682042121887,0.6946830153465271,0.0383184477686882,0.017153000459074974
6038,0.49079322814941406,0.375,0.036494042724370956,0.0
6039,0.5906722545623779,0.7571430206298828,0.036262668669223785,0.0
6040,0.417172908782959,0.6829270124435425,0.045751363039016724,0.09756100177764893
6041,0.5181151628494263,0.5,0.03133954852819443,0.0625
6042,0.5699273347854614,0.5853660106658936,0.032007865607738495,0.0
6043,0.3938281536102295,0.41935500502586365,0.046984411776065826,0.03225800022482872
6044,0.5990980863571167,0.4761900007724762,0.031132496893405914,0.04761900007724762
6045,0.45989519357681274,0.5142859816551208,0.041379399597644806,0.0
6046,0.4462771713733673,0.4615379869937897,0.04389641806483269,0.0
6047,0.4583922028541565,0.38888901472091675,0.04557761922478676,0.2222220003604889
6048,0.5690025687217712,0.6292129755020142,0.03935698792338371,0.05618000030517578
6049,0.3602762818336487,0.38636401295661926,0.051926836371421814,0.09090899676084518
6050,0.5971218347549438,0.6222220063209534,0.031132496893405914,0.0
6051,0.20369622111320496,0.20000000298023224,2.198014408349991e-05,0.0
6052,0.48522013425827026,0.5,1.816079020500183e-07,0.0
6053,0.6016492247581482,0.6974790096282959,0.035296481102705,0.08403400331735611
6054,0.2383524775505066,0.17857100069522858,0.05679307132959366,0.07142899930477142
6055,0.5969934463500977,0.7826089859008789,0.034680455923080444,0.06521700322628021
6056,0.5538277626037598,0.5,-3.816001117229462e-05,0.16666699945926666
6057,0.6386246681213379,0.6006389856338501,0.031132496893405914,0.03514400124549866
6058,0.3431118428707123,0.35294100642204285,0.05713653564453125,0.058823999017477036
6059,0.4845197796821594,0.5561800003051758,0.04422260820865631,0.022471999749541283
6060,0.48058560490608215,0.5028899908065796,0.04497412592172623,0.03179199993610382
6061,0.6203303933143616,0.630137026309967,0.031132496893405914,0.08219199627637863
6062,0.19031256437301636,0.0,0.05791834741830826,0.07692299783229828
6063,0.3770003616809845,0.6666669845581055,0.045543454587459564,0.025640999898314476
6064,0.5520970225334167,0.5816329717636108,0.037328943610191345,0.07142899930477142
6065,0.48275572061538696,0.4285709857940674,0.040692903101444244,0.06122399866580963
6066,0.34770649671554565,0.5625,0.050187431275844574,0.0
6067,0.25478193163871765,0.25,0.05205903202295303,0.0
6068,0.6447403430938721,0.7804880142211914,0.03244414180517197,0.012195000424981117
6069,0.4592992067337036,0.47058799862861633,0.013510947115719318,0.058823999017477036
6070,0.30544760823249817,0.4285709857940674,0.04770530387759209,0.04761900007724762
6071,0.38801705837249756,0.3095239996910095,0.05064630135893822,0.09523800015449524
6072,0.4838052988052368,0.27272701263427734,0.023978110402822495,0.0
6073,0.270007461309433,0.75,-1.4378689229488373e-05,0.0
6074,0.5451646447181702,0.592179000377655,0.03922931104898453,0.027932999655604362
6075,0.5429075956344604,0.5882350206375122,0.03614569455385208,0.029411999508738518
6076,0.5152665972709656,0.53125,0.03844394534826279,0.125
6077,0.530125617980957,0.5,0.03647629916667938,0.03125
6078,0.3049739599227905,0.33333298563957214,1.5283003449440002e-06,0.0
6079,0.5496572256088257,0.6083329916000366,0.03700554743409157,0.04166699945926666
6080,0.3636963963508606,0.11111100018024445,6.818212568759918e-06,0.0
6081,0.415447860956192,0.33333298563957214,0.04565401375293732,0.04166699945926666
6082,0.5168164968490601,0.5555559992790222,0.037256546318531036,0.05555599927902222
6083,0.4557650089263916,0.4175820052623749,0.045270178467035294,0.04395600035786629
6084,0.45027846097946167,0.14285700023174286,1.5543773770332336e-06,0.0
6085,0.455350399017334,0.5333330035209656,0.0007094638422131538,0.0
6086,0.4067831039428711,0.4117650091648102,0.04396345466375351,0.0
6087,0.40320807695388794,0.2777779996395111,0.03450174629688263,0.11111100018024445
6088,0.37494000792503357,0.4090909957885742,0.04344996064901352,0.0
6089,0.3743544816970825,0.33333298563957214,1.7597340047359467e-05,0.0
6090,0.5057819485664368,0.53125,0.04287312179803848,0.08333300054073334
6091,0.2698848843574524,0.27272701263427734,4.0830112993717194e-05,0.0
6092,0.2516641318798065,0.33333298563957214,-4.841946065425873e-06,0.33333298563957214
6093,0.5227692723274231,0.6285709738731384,0.039345353841781616,0.08571399748325348
6094,0.6670446395874023,0.6607139706611633,0.031132496893405914,0.03571400046348572
6095,0.639387845993042,0.5590280294418335,0.033583227545022964,0.006943999789655209
6096,0.37622302770614624,0.36363598704338074,2.6115216314792633e-05,0.18181799352169037
6097,0.5875959992408752,0.5155280232429504,0.038632191717624664,0.031055999919772148
6098,0.5282295942306519,0.6739130020141602,0.03960128873586655,0.10869599878787994
6099,0.555954098701477,0.4626869857311249,0.03583880141377449,0.0
6100,0.3205133080482483,0.20000000298023224,-1.550372689962387e-05,0.0
6101,0.5509040355682373,0.4285709857940674,0.03849221393465996,0.0
6102,0.3384462893009186,0.39130398631095886,0.04799926280975342,0.04347800090909004
6103,0.5759336352348328,0.483720988035202,0.0383184477686882,0.01395300030708313
6104,0.3418411612510681,0.4545449912548065,0.020184718072414398,0.0
6105,0.4778776168823242,0.4444440007209778,0.03674815222620964,0.07407400012016296
6106,0.4294013977050781,0.5555559992790222,0.039187587797641754,0.0
6107,0.4535295069217682,0.632652997970581,0.044632524251937866,0.02040800079703331
6108,0.4203748106956482,0.5,7.413607090711594e-05,0.0
6109,0.5069088339805603,0.5471699833869934,0.041203781962394714,0.06603799760341644
6110,0.5765742063522339,0.5099778175354004,0.03862736374139786,0.04323725029826164
6111,0.19527369737625122,0.0,7.123686373233795e-06,0.0
6112,0.5548230409622192,0.5333330035209656,0.037256546318531036,0.08333300054073334
6113,0.4043727219104767,0.4285709857940674,6.75329938530922e-05,0.0
6114,0.5546759366989136,0.6774190068244934,0.03666677325963974,0.03225800022482872
6115,0.5144183039665222,0.800000011920929,1.8486753106117249e-06,0.0
6116,0.2711644768714905,0.2222220003604889,0.05524975061416626,0.16666699945926666
6117,0.585304856300354,0.7083330154418945,0.03775370866060257,0.018938999623060226
6118,0.405854195356369,0.6000000238418579,0.04768430441617966,0.013333000242710114
6119,0.5382766127586365,0.6645569801330566,0.04190092533826828,0.012657999992370605
6120,0.5282298922538757,0.5175439715385437,0.042379871010780334,0.03508799895644188
6121,0.49493932723999023,0.27272701263427734,-2.191402018070221e-06,0.0
6122,0.5080215930938721,0.434783011674881,0.03867103531956673,0.02173900045454502
6123,0.48599186539649963,0.7222219705581665,0.04318372905254364,0.08333300054073334
6124,0.5293871760368347,0.48537999391555786,0.04209250211715698,0.00877199973911047
6125,0.4733628034591675,0.3653849959373474,0.04377351701259613,0.05769199877977371
6126,0.3732531666755676,0.5,0.04859769716858864,0.09090899676084518
6127,0.4439617991447449,0.33333298563957214,8.90437513589859e-06,0.0
6128,0.5333553552627563,0.47882699966430664,0.040426820516586304,0.04234499856829643
6129,0.5690359473228455,0.6923080086708069,0.037145525217056274,0.021978000178933144
6130,0.5714234113693237,0.65625,0.03884302079677582,0.00520800007507205
6131,0.47144466638565063,0.4460430145263672,0.04367295652627945,0.11510799825191498
6132,0.31972724199295044,0.26470598578453064,0.047285355627536774,0.058823999017477036
6133,0.5719010233879089,0.3917529881000519,0.0367344468832016,0.05154599994421005
6134,0.49921661615371704,0.6000000238418579,4.796311259269714e-07,0.0
6135,0.27246198058128357,0.33333298563957214,0.023365791887044907,0.08333300054073334
6136,0.5278227925300598,0.6625000238418579,0.03907793015241623,0.02500000037252903
6137,0.42947784066200256,0.2857140004634857,1.018773764371872e-05,0.0
6138,0.5766976475715637,0.3666670024394989,0.035730715841054916,0.06666699796915054
6139,0.42183810472488403,0.4285709857940674,0.051716484129428864,0.03571400046348572
6140,0.5339140892028809,0.581080973148346,0.03895264491438866,0.05405399948358536
6141,0.48376238346099854,0.20000000298023224,1.23586505651474e-06,0.0
6142,0.4756455421447754,0.4225350022315979,0.04404166713356972,0.01408500038087368
6143,0.3565171957015991,0.33333298563957214,0.0006806645542383194,0.0
6144,0.4789024591445923,0.25,0.04303951933979988,0.10000000149011612
6145,0.5513955950737,0.4838710129261017,0.04113460332155228,0.05530000105500221
6146,0.586931049823761,0.535519003868103,0.03753650188446045,0.03278699889779091
6147,0.5193557739257812,0.5757579803466797,0.04170402139425278,0.006060999818146229
6148,0.21624067425727844,0.0,9.498558938503265e-06,0.0
6149,0.3997672200202942,0.7333329916000366,0.04448449984192848,0.0
6150,0.5787633657455444,0.375,0.034554362297058105,0.0
6151,0.3212355673313141,0.33333298563957214,4.863366484642029e-06,0.0
6152,0.5518088340759277,0.6070529818534851,0.03917711228132248,0.02015100046992302
6153,0.37707987427711487,0.33333298563957214,1.9744038581848145e-06,0.0
6154,0.5386123657226562,0.33333298563957214,0.038738615810871124,0.07142899930477142
6155,0.3375248908996582,0.41935500502586365,0.04789428412914276,0.03225800022482872
6156,0.534781813621521,0.6474360227584839,0.042528875172138214,0.08333300054073334
6157,0.4999033808708191,0.5263159871101379,0.04085787385702133,0.05263200029730797
6158,0.5159943699836731,0.5368419885635376,0.04307279735803604,0.05964900180697441
6159,0.49831196665763855,0.75,9.397044777870178e-07,0.0
6160,0.5139756798744202,0.41095900535583496,0.04148051142692566,0.06849300116300583
6161,0.3853881359100342,0.5,0.05008319020271301,0.0
6162,0.6337599158287048,0.6060609817504883,0.031132496893405914,0.0
6163,0.5966346263885498,0.5338252782821655,0.03648517280817032,0.056580569595098495
6164,0.488054484128952,0.4021739959716797,0.04164548218250275,0.10869599878787994
6165,0.597091555595398,0.5138459801673889,0.035957206040620804,0.03692299872636795
6166,0.5312139987945557,0.5394740104675293,0.03823639079928398,0.013158000074326992
6167,0.5786734819412231,0.5315319895744324,0.03894220292568207,0.05405399948358536
6168,0.5348173975944519,0.48571398854255676,0.03579610213637352,0.08571399748325348
6169,0.3549140393733978,0.4615379869937897,0.022295217961072922,0.0
6170,0.5678905844688416,0.6153849959373474,0.03708760440349579,0.07692299783229828
6171,0.5811653733253479,0.5976099967956543,0.036524008959531784,0.023903999477624893
6172,0.5242014527320862,0.3521130084991455,0.042039282619953156,0.0422540009021759
6173,0.49371057748794556,0.41379299759864807,0.04391876608133316,0.03448300063610077
6174,0.3471677303314209,0.29629600048065186,0.04593523591756821,0.03703700006008148
6175,0.3456437587738037,0.5,-9.943731129169464e-06,0.0
6176,0.4780418276786804,0.5833330154418945,0.0010334523394703865,0.0
6177,0.46492135524749756,0.33333298563957214,0.04495135322213173,0.09090899676084518
6178,0.5425255298614502,0.48235300183296204,0.03970599174499512,0.07058800011873245
6179,0.5937087535858154,0.6172839999198914,0.03531152009963989,0.049382999539375305
6180,0.5030016899108887,0.48695701360702515,0.042667239904403687,0.05217399820685387
6181,0.4826642572879791,0.40625,0.04141664877533913,0.015625
6182,0.5263545513153076,0.5,0.036427512764930725,0.0
6183,0.3739098906517029,0.4230769872665405,0.045190468430519104,0.07692299783229828
6184,0.2206045389175415,0.20000000298023224,1.0493211448192596e-05,0.20000000298023224
6185,0.5075499415397644,1.0,3.5669654607772827e-07,0.0
6186,0.5511163473129272,0.6086956858634949,0.040655653923749924,0.05978260934352875
6187,0.5621531009674072,0.4375,0.03326510637998581,0.0
6188,0.5223050117492676,0.5721930265426636,0.04259273782372475,0.021390000358223915
6189,0.33187222480773926,0.4285709857940674,1.4829449355602264e-05,0.0
6190,0.31570297479629517,0.41666701436042786,0.02435988187789917,0.0
6191,0.29883480072021484,0.2608700096607208,0.0540686696767807,0.17391300201416016
6192,0.4468289017677307,0.2222220003604889,0.04451865702867508,0.2222220003604889
6193,0.2617059648036957,0.33333298563957214,0.05220325291156769,0.0
6194,0.5457160472869873,0.6371679902076721,0.039711810648441315,0.0
6195,0.14697375893592834,0.0,2.3582950234413147e-05,0.0
6196,0.5398097634315491,0.6839830279350281,0.04168805480003357,0.017316000536084175
6197,0.5631788372993469,0.676895022392273,0.03952567279338837,0.016245000064373016
6198,0.1995854675769806,0.058823999017477036,0.05202297866344452,0.058823999017477036
6199,0.5523506999015808,0.5367230176925659,0.04094834253191948,0.08474600315093994
6200,0.5208795666694641,0.4907410144805908,0.04248630255460739,0.05246900022029877
6201,0.33299335837364197,0.5,0.05321206897497177,0.04347800090909004
6202,0.6138120889663696,0.7045450210571289,0.03499876707792282,0.045455001294612885
6203,0.4762597680091858,0.6315789818763733,0.03999101370573044,0.0
6204,0.6149560213088989,0.6738350987434387,0.03601820766925812,0.014336920343339443
6205,0.3948603868484497,0.4000000059604645,0.045349884778261185,0.0
6206,0.5756754875183105,0.6470590233802795,0.03979324549436569,0.035294000059366226
6207,0.4570993483066559,0.5154640078544617,0.045452363789081573,0.07216499745845795
6208,0.23319119215011597,0.25,1.818966120481491e-05,0.125
6209,0.5410842299461365,0.44329899549484253,0.04160822927951813,0.06185600161552429
6210,0.4834325909614563,0.5,0.04385172575712204,0.04285699874162674
6211,0.5935522317886353,0.5585110187530518,0.03693314641714096,0.02659600041806698
6212,0.018868397921323776,0.0,7.331371307373047e-06,0.0
6213,0.46934646368026733,0.5409839749336243,0.045190468430519104,0.04918000102043152
6214,0.5364150404930115,0.3931620121002197,0.03983395919203758,0.008546999655663967
6215,0.24844279885292053,0.375,3.0739232897758484e-05,0.0
6216,0.6005368828773499,0.3043479919433594,0.03489699959754944,0.0
6217,0.5785834789276123,0.5440530180931091,0.038477733731269836,0.008810999803245068
6218,0.4082544147968292,0.3125,0.04600013419985771,0.04166699945926666
6219,0.37059712409973145,0.25,0.0005930876359343529,0.0
6220,0.39775562286376953,0.09523800015449524,0.050604380667209625,0.19047600030899048
6221,0.5864530801773071,0.434783011674881,0.03821225464344025,0.10869599878787994
6222,0.5584593415260315,0.6666669845581055,0.034159641712903976,0.0
6223,0.38241446018218994,1.0,1.7778947949409485e-06,0.0
6224,0.37400615215301514,0.11428599804639816,0.045532070100307465,0.14285700023174286
6225,0.5849892497062683,0.6666669845581055,2.8060749173164368e-05,0.33333298563957214
6226,0.5571221113204956,0.4240509867668152,0.03830879554152489,0.06329099833965302
6227,0.5731821656227112,0.5199999809265137,0.03421010076999664,0.20000000298023224
6228,0.6236368417739868,0.6940299868583679,0.03456346318125725,0.029851000756025314
6229,0.5643966197967529,0.4761900007724762,0.0362313874065876,0.0
6230,0.581693708896637,0.6041669845581055,0.03610360622406006,0.04166699945926666
6231,0.5667096972465515,0.5692309737205505,0.03656260669231415,0.06153799965977669
6232,0.3954039216041565,0.30000001192092896,1.2294389307498932e-05,0.0
6233,0.5671587586402893,0.619047999382019,0.03396112099289894,0.0
6234,0.3652127981185913,0.5,-8.915551006793976e-06,0.0
6235,0.5376414656639099,0.6350359916687012,0.04149647429585457,0.08759099990129471
6236,0.3176738917827606,0.33333298563957214,-1.6046687960624695e-05,0.16666699945926666
6237,0.5556444525718689,0.5598189830780029,0.0382508710026741,0.06546299904584885
6238,0.44143298268318176,0.5094339847564697,0.0421244353055954,0.05660400167107582
6239,0.5958455204963684,0.5,0.031132496893405914,0.07999999821186066
6240,0.4126390814781189,0.6857140064239502,0.047621313482522964,0.07142899930477142
6241,0.6448086500167847,0.7191010117530823,0.03578142076730728,0.0157299991697073
6242,0.5704447031021118,0.3375000059604645,0.03923974931240082,0.02500000037252903
6243,0.6021121740341187,0.5212119817733765,0.03762338310480118,0.018182000145316124
6244,0.4816478490829468,0.38922199606895447,0.04470084607601166,0.005987999960780144
6245,0.4694993495941162,0.5925930142402649,0.04287312179803848,0.0
6246,0.5557184219360352,0.34920600056648254,0.03589891642332077,0.015873000025749207
6247,0.5503751635551453,0.5584419965744019,0.04049600288271904,0.044527001678943634
6248,0.49410712718963623,0.47368401288986206,0.04100688174366951,0.06140400096774101
6249,0.5205339193344116,0.5301204919815063,0.04207121580839157,0.06712564826011658
6250,0.585853636264801,0.58467698097229,0.03759925067424774,0.02419400028884411
6251,0.5580406188964844,0.40579700469970703,0.03939189016819,0.014492999762296677
6252,0.523865282535553,0.4444440007209778,0.03569735586643219,0.0
6253,0.5455950498580933,0.702127993106842,0.036658428609371185,0.04255300015211105
6254,0.5700811743736267,0.5734599828720093,0.03677099943161011,0.018957000225782394
6255,0.61750727891922,0.6060609817504883,0.0321740061044693,0.06060599908232689
6256,0.4092203974723816,0.3043479919433594,0.04511076584458351,0.04347800090909004
6257,0.5764773488044739,0.6146789789199829,0.03660877048969269,0.09174299985170364
6258,0.49992114305496216,0.1984730064868927,0.043684132397174835,0.06870199739933014
6259,0.6160680651664734,0.764706015586853,0.01184381265193224,0.058823999017477036
6260,0.25200384855270386,0.20000000298023224,0.05431430786848068,0.0
6261,0.43819665908813477,0.45833298563957214,0.043974630534648895,0.020833000540733337
6262,0.4177614748477936,0.33333298563957214,0.04729584977030754,0.0
6263,0.5023376941680908,0.5,0.009478489868342876,0.14285700023174286
6264,0.4429764151573181,0.4000000059604645,0.044188447296619415,0.11428599804639816
6265,0.42477911710739136,0.46875,0.04296187311410904,0.125
6266,0.506564736366272,0.553846001625061,0.04151243716478348,0.030768999829888344
6267,0.4704926311969757,0.17948700487613678,0.045247405767440796,0.05128199979662895
6268,0.34082090854644775,0.3846150040626526,0.04680053889751434,0.0
6269,0.45367783308029175,0.10000000149011612,9.223353117704391e-05,0.10000000149011612
6270,0.4661424160003662,0.5882350206375122,0.03830879554152489,0.0
6271,0.34093374013900757,0.3214290142059326,0.04578381031751633,0.03571400046348572
6272,0.4637967646121979,0.23076899349689484,0.015526779927313328,0.0
6273,0.5662972927093506,0.625,0.03206176683306694,0.0
6274,0.5142895579338074,0.51351398229599,0.0402352437376976,0.06756799668073654
6275,0.47911858558654785,0.3478260040283203,0.041624195873737335,0.08695700019598007
6276,0.2125851809978485,0.06666667014360428,0.058433882892131805,0.0
6277,0.5304209589958191,0.5666670203208923,0.03763303905725479,0.03333299979567528
6278,0.5606439113616943,0.8333330154418945,3.7709251046180725e-06,0.0
6279,0.25871542096138,0.20000000298023224,0.04866069182753563,0.15000000596046448
6280,0.2620300352573395,0.14814800024032593,0.05196288973093033,0.16666699945926666
6281,0.5669054985046387,0.6000000238418579,0.036570847034454346,0.046153999865055084
6282,0.5124313235282898,0.4972679913043976,0.0431060753762722,0.04918000102043152
6283,0.6086825132369995,0.4905659854412079,0.031759291887283325,0.0
6284,0.5035681128501892,0.800000011920929,-1.1694617569446564e-05,0.0
6285,0.48961466550827026,0.44827601313591003,0.04178384318947792,0.06896600127220154
6286,0.53940349817276,0.8399999737739563,0.034670986235141754,0.0
6287,0.42211097478866577,0.4000000059604645,3.615859895944595e-05,0.20000000298023224
6288,0.4428427219390869,0.11111100018024445,-2.1000392735004425e-05,0.0
6289,0.33069390058517456,0.3050850033760071,0.052427686750888824,0.06779699772596359
6290,0.5946826934814453,0.6511629819869995,0.03614569455385208,0.0
6291,0.5217270851135254,0.39583298563957214,0.04032570868730545,0.08333300054073334
6292,0.12795716524124146,0.08333300054073334,0.039345622062683105,0.16666699945926666
6293,0.3312094807624817,0.3548389971256256,0.050897806882858276,0.03225800022482872
6294,0.2665385603904724,0.20000000298023224,0.05493752658367157,0.0
6295,0.2539483606815338,0.08333300054073334,0.002637808211147785,0.08333300054073334
6296,0.5596575140953064,0.619047999382019,0.035745393484830856,0.0
6297,0.3131093382835388,0.25,-6.803032010793686e-05,0.0
6298,0.5042037963867188,0.5714290142059326,0.04067746549844742,0.0
6299,0.525515079498291,0.7142860293388367,0.017199087888002396,0.0
6300,0.47450947761535645,0.48750001192092896,0.04465530067682266,0.03750000149011612
6301,0.29858189821243286,0.23529399931430817,0.054574690759181976,0.058823999017477036
6302,0.5465409159660339,0.5,2.269633114337921e-06,0.0
6303,0.5885593891143799,0.53579181432724,0.03656096011400223,0.019522780552506447
6304,0.5919913053512573,0.20000000298023224,0.03670849651098251,0.1333329975605011
6305,0.5468012690544128,0.5263159871101379,0.036962106823921204,0.0
6306,0.2442951500415802,0.25,-5.282927304506302e-05,0.0
6307,0.5504304766654968,0.6000000238418579,0.03159772977232933,0.0
6308,0.5170229077339172,0.7019230127334595,0.04146454483270645,0.0
6309,0.5126237869262695,0.6911759972572327,0.04013945162296295,0.029411999508738518
6310,0.5611235499382019,0.6888890266418457,0.03585214167833328,0.011110999621450901
6311,0.20246928930282593,0.33333298563957214,0.05411780625581741,0.0
6312,0.403604656457901,0.3061220049858093,0.045452363789081573,0.06122399866580963
6313,0.418978750705719,0.2545450031757355,0.04660584777593613,0.07272700220346451
6314,0.2431582510471344,0.25,0.05202297866344452,0.0625
6315,0.4351699948310852,0.7727270126342773,0.04348324239253998,0.09090899676084518
6316,0.4658471345901489,0.6499999761581421,0.04493996500968933,0.03750000149011612
6317,0.44510066509246826,0.5227270126342773,0.04505383223295212,0.0227269995957613
6318,0.3564302623271942,0.43678200244903564,0.051974907517433167,0.06896600127220154
6319,0.4843061566352844,0.6417909860610962,0.04291749745607376,0.029851000756025314
6320,0.5883174538612366,0.6511629819869995,0.03610631823539734,0.0
6321,0.3652075231075287,0.2553189992904663,0.05055227875709534,0.09574499726295471
6322,0.49217572808265686,0.6041669845581055,0.03951985388994217,0.020833000540733337
6323,0.5487257242202759,0.6666669845581055,0.037912994623184204,0.01960800029337406
6324,0.2958230972290039,0.33333298563957214,0.054417483508586884,0.0
6325,0.6095322966575623,0.619047999382019,0.031132496893405914,0.0
6326,0.4727005362510681,0.6315789818763733,0.04960660636425018,0.05263200029730797
6327,0.5726954340934753,0.5906739830970764,0.038796037435531616,0.05440400168299675
6328,0.48655813932418823,0.6185569763183594,0.041320860385894775,0.0412370003759861
6329,0.45704737305641174,0.20000000298023224,8.117686957120895e-05,0.10000000149011612
6330,0.3576487600803375,0.23076899349689484,0.05115801841020584,0.07692299783229828
6331,0.5430014729499817,0.7058820128440857,0.03546945005655289,0.0
6332,0.2756902873516083,0.2222220003604889,0.05070219188928604,0.05555599927902222
6333,0.5545455813407898,0.36111098527908325,0.040144775062799454,0.0
6334,0.37404322624206543,0.375,-4.724692553281784e-05,0.0
6335,0.3585786521434784,0.4423080086708069,0.04893365874886513,0.019231000915169716
6336,0.19058263301849365,0.20000000298023224,-1.5760771930217743e-05,0.20000000298023224
6337,0.5717529058456421,0.16666670143604279,5.457550287246704e-07,0.0
6338,0.40093564987182617,0.38888901472091675,0.04585952311754227,0.05555599927902222
6339,0.5179721117019653,0.6923080086708069,0.03999101370573044,0.03846200183033943
6340,0.39591389894485474,0.6000000238418579,0.04195413738489151,0.06666699796915054
6341,0.4122200310230255,0.33333298563957214,0.04776829481124878,0.0
6342,0.3776007294654846,0.20000000298023224,5.1788054406642914e-05,0.10000000149011612
6343,0.5396690368652344,0.5882350206375122,0.03618241846561432,0.03921600058674812
6344,0.4133259952068329,0.48148098587989807,0.045599937438964844,0.07407400012016296
6345,0.6082388758659363,0.6470590233802795,0.03211439773440361,0.029411999508738518
6346,0.35902196168899536,0.5625,0.04886016249656677,0.0
6347,0.5604146718978882,0.7403849959373474,0.03901528939604759,0.06730800122022629
6348,0.5570923686027527,0.5503209829330444,0.039851412177085876,0.0321200005710125
6349,0.4531856179237366,0.4285709857940674,2.6091933250427246e-05,0.0
6350,0.6300380825996399,0.7261899709701538,0.03519634157419205,0.019047999754548073
6351,0.5498007535934448,0.46601900458335876,0.03728550300002098,0.07767000049352646
6352,0.5747634768486023,0.8125,0.037995051592588425,0.0625
6353,0.46922242641448975,0.4761900007724762,0.03979906067252159,0.0
6354,0.4399484395980835,0.38888901472091675,0.042624667286872864,0.05555599927902222
6355,0.5688970685005188,0.7202379703521729,0.0385887548327446,0.02976199984550476
6356,0.5173535943031311,0.5806450247764587,0.03865149989724159,0.06451600044965744
6357,0.35556691884994507,0.5555559992790222,-2.550613135099411e-05,0.0
6358,0.5359228253364563,0.5240640044212341,0.038463249802589417,0.021390000358223915
6359,0.5255576372146606,0.5400000214576721,0.04035763815045357,0.019999999552965164
6360,0.5648699998855591,0.5918369889259338,0.03357582539319992,0.04081600159406662
6361,0.5353488922119141,0.7560979723930359,0.03951403871178627,0.024390000849962234
6362,0.532146155834198,0.5524629950523376,0.04131021350622177,0.04068500176072121
6363,0.5709353089332581,0.47368401288986206,0.033479541540145874,0.05263200029730797
6364,0.5839381814002991,0.25,0.03312773257493973,0.0
6365,0.4160189628601074,0.4615379869937897,0.0470384880900383,0.03846200183033943
6366,0.5684833526611328,0.5,0.035844139754772186,0.0
6367,0.3589315414428711,0.36111098527908325,0.05148167163133621,0.02777799963951111
6368,0.32213661074638367,0.20000000298023224,0.05232447385787964,0.07999999821186066
6369,0.6072841882705688,0.6410260200500488,0.035664401948451996,0.08974400162696838
6370,0.46717146039009094,0.2592589855194092,0.04366178810596466,0.07407400012016296
6371,0.5064412355422974,0.38888901472091675,0.03803366422653198,0.0
6372,0.5094462037086487,0.6200000047683716,0.04302842915058136,0.019999999552965164
6373,0.3607447147369385,0.5,3.539957106113434e-06,0.0
6374,0.26592230796813965,0.5,-6.272178143262863e-05,0.0
6375,0.3199142813682556,0.33333298563957214,7.691793143749237e-06,0.0
6376,0.3199259340763092,0.5,7.641315460205078e-05,0.0
6377,0.35491031408309937,0.2857140004634857,4.003755748271942e-06,0.0
6378,0.565775990486145,0.43299001455307007,0.03745926916599274,0.05154599994421005
6379,0.4854205846786499,0.5669289827346802,0.04297295957803726,0.023622000589966774
6380,0.5487694144248962,0.6823530197143555,0.039717622101306915,0.031373001635074615
6381,0.49988722801208496,0.21428599953651428,0.03906748816370964,0.0
6382,0.548987090587616,0.43103399872779846,0.03667929023504257,0.01724099926650524
6383,0.5603856444358826,0.5882350206375122,0.03755097836256027,0.0
6384,0.6092460751533508,0.6484519839286804,0.036928318440914154,0.03460799902677536
6385,0.5552042126655579,0.6965169906616211,0.04013413190841675,0.04975099861621857
6386,0.1706327497959137,0.125,-6.149429827928543e-05,0.125
6387,0.5220043659210205,0.5393940210342407,0.04148051142692566,0.02424200065433979
6388,0.40452203154563904,0.33333298563957214,-7.1944668889045715e-06,0.0
6389,0.4949686527252197,0.578125,0.03989212587475777,0.015625
6390,0.5151153206825256,0.36363598704338074,3.8582831621170044e-05,0.0
6391,0.5505818128585815,0.5128210186958313,0.038014356046915054,0.025640999898314476
6392,0.2941392660140991,0.4285709857940674,0.0381585955619812,0.0
6393,0.4279882609844208,0.699999988079071,-2.8366222977638245e-05,0.20000000298023224
6394,0.5844348073005676,0.7714290022850037,0.034529075026512146,0.0
6395,0.5506410002708435,0.6153849959373474,0.03791782259941101,0.046153999865055084
6396,0.3445984423160553,0.33333298563957214,0.04578381031751633,0.04761900007724762
6397,0.3947203755378723,0.3714289963245392,0.04322810098528862,0.028571000322699547
6398,0.4097881019115448,0.5185189843177795,0.046573396772146225,0.0
6399,0.4499342441558838,0.4545449912548065,0.0001934599131345749,0.0
6400,0.4543149769306183,0.35714301466941833,6.841961294412613e-05,0.07142899930477142
6401,0.5712692141532898,0.6170210242271423,0.03714069724082947,0.06383000314235687
6402,0.39303138852119446,0.36363598704338074,0.05008319020271301,0.045455001294612885
6403,0.5408358573913574,0.47058799862861633,0.039851412177085876,0.0522879995405674
6404,0.5569924116134644,0.5601580142974854,0.03955475613474846,0.06311599910259247
6405,0.5495162010192871,0.5714290142059326,3.7904828786849976e-07,0.0
6406,0.46691539883613586,0.6292129755020142,0.044905804097652435,0.0674159973859787
6407,0.5617690086364746,0.6456689834594727,0.03874905779957771,0.04724400117993355
6408,0.600328803062439,0.6275860071182251,0.036399420350790024,0.03448300063610077
6409,0.5635444521903992,0.6666669845581055,0.03884823992848396,0.02777799963951111
6410,0.2791908383369446,0.20000000298023224,-1.6024336218833923e-05,0.4000000059604645
6411,0.5269519686698914,0.5256410241127014,0.04219893366098404,0.006409999914467335
6412,0.4156191647052765,0.41666701436042786,0.04359474778175354,0.08333300054073334
6413,0.3974458575248718,0.0,2.960674464702606e-06,0.5
6414,0.4409864544868469,0.5675680041313171,0.04778929054737091,0.013513999991118908
6415,0.5431725978851318,0.6875,0.024729572236537933,0.0625
6416,0.5458195805549622,0.6176469922065735,0.03642011806368828,0.058823999017477036
6417,0.48516684770584106,0.5849059820175171,0.04121974855661392,0.11320800334215164
6418,0.44696158170700073,0.4000000059604645,-1.6177073121070862e-06,0.0
6419,0.6097676753997803,0.5714290142059326,0.03651030734181404,0.03571400046348572
6420,0.521290123462677,0.5666670203208923,0.03640533238649368,0.0
6421,0.532970130443573,0.38666701316833496,0.04162951558828354,0.026667000725865364
6422,0.5728777647018433,0.5978260040283203,0.03577341511845589,0.10869599878787994
6423,0.5573347210884094,0.5877190232276917,0.04049600288271904,0.10526300221681595
6424,0.5063199400901794,0.6857140064239502,0.04045875370502472,0.08571399748325348
6425,0.5307139754295349,0.7307689785957336,0.04083658754825592,0.0
6426,0.5555313229560852,0.5503360033035278,0.03898918628692627,0.05369099974632263
6427,0.5891413688659668,0.5277780294418335,0.03876993805170059,0.03125
6428,0.5582374334335327,0.846153974533081,0.03620010241866112,0.0
6429,0.3824772834777832,0.4444440007209778,-1.1622905731201172e-05,0.11111100018024445
6430,0.6076793670654297,0.6269840002059937,0.032622963190078735,0.03174600005149841
6431,0.6274802684783936,0.7375890016555786,0.03527993708848953,0.0
6432,0.3541235625743866,0.125,-1.4203600585460663e-05,0.0
6433,0.5195459127426147,0.5737699866294861,0.040182024240493774,0.0
6434,0.5288598537445068,0.5909090042114258,0.03585748374462128,0.0
6435,0.45151209831237793,0.5,1.3010576367378235e-06,0.0
6436,0.3505787253379822,0.35294100642204285,0.05230382829904556,0.0
6437,0.5588475465774536,0.6751589775085449,0.0387125164270401,0.03184700012207031
6438,0.5135725736618042,0.5811970233917236,0.04179980978369713,0.025640999898314476
6439,0.5018250346183777,0.4609380066394806,0.042060572654008865,0.078125
6440,0.5407034754753113,0.607142984867096,0.041283607482910156,0.011904999613761902
6441,0.556046187877655,0.619047999382019,0.03499876707792282,0.04761900007724762
6442,0.41220158338546753,0.4090909957885742,0.04988500475883484,0.0
6443,0.5082160234451294,0.6179779767990112,0.041453901678323746,0.11236000061035156
6444,0.5005789399147034,0.450980007648468,0.0391562283039093,0.07843100279569626
6445,0.3373474180698395,0.4925369918346405,0.05213715136051178,0.10447800159454346
6446,0.4749658405780792,0.4000000059604645,4.171393811702728e-06,0.0
6447,0.5407512784004211,0.7197800278663635,0.0413634330034256,0.03296700119972229
6448,0.3451337218284607,0.2857140004634857,-9.013619273900986e-05,0.0
6449,0.5080015063285828,0.3980579972267151,0.04322810098528862,0.08737900108098984
6450,0.3408285081386566,0.16666699945926666,0.04661666229367256,0.11111100018024445
6451,0.42421314120292664,0.20000000298023224,2.932734787464142e-06,0.20000000298023224
6452,0.24083173274993896,0.30000001192092896,0.00010040495544672012,0.0
6453,0.570919394493103,0.526881992816925,0.03753650188446045,0.010753000155091286
6454,0.39183753728866577,0.6315789818763733,0.04697360098361969,0.05263200029730797
6455,0.5439771413803101,0.5555559992790222,0.035917896777391434,0.11111100018024445
6456,0.4523487687110901,0.4285709857940674,0.02932869642972946,0.07142899930477142
6457,0.4066333770751953,0.2755100131034851,0.047189876437187195,0.10204099863767624
6458,0.5224730372428894,0.6338030099868774,0.04216700419783592,0.028169000521302223
6459,0.4298543930053711,0.5217390060424805,0.043617092072963715,0.0
6460,0.4889443516731262,0.6800000071525574,0.044177062809467316,0.03999999910593033
6461,0.4085894823074341,0.25,8.102227002382278e-05,0.125
6462,0.5255374908447266,0.534483015537262,0.03916667029261589,0.00862099975347519
6463,0.5789576768875122,0.6215469837188721,0.036942802369594574,0.013811999931931496
6464,0.5813884735107422,0.5757579803466797,0.037898510694503784,0.030302999541163445
6465,0.47663307189941406,0.5416669845581055,0.04667074233293533,0.04166699945926666
6466,0.008479036390781403,0.0,1.7309561371803284e-05,0.0
6467,0.4832577109336853,0.565788984298706,0.04370647668838501,0.026316000148653984
6468,0.3725033104419708,0.33333298563957214,0.043538883328437805,0.0
6469,0.4818984270095825,0.5384619832038879,0.04303951933979988,0.0
6470,0.5101766586303711,0.5714290142059326,2.8817914426326752e-05,0.0
6471,0.2661750614643097,0.41666701436042786,0.0005186665803194046,0.0
6472,0.4509979486465454,0.36111098527908325,0.04253952205181122,0.08333300054073334
6473,0.42614132165908813,0.3111110031604767,0.04634625464677811,0.15555599331855774
6474,0.32391637563705444,0.3846150040626526,0.046703193336725235,0.23076899349689484
6475,0.19834664463996887,0.0,-2.757646143436432e-06,0.20000000298023224
6476,0.5102876424789429,1.0,2.1181069314479828e-05,0.0
6477,0.5050833225250244,0.25,-5.512498319149017e-06,0.25
6478,0.43433141708374023,0.39285698533058167,0.044086359441280365,0.03571400046348572
6479,0.430461585521698,0.5833330154418945,4.9054622650146484e-05,0.0
6480,0.4619218707084656,0.5294119715690613,0.03520093113183975,0.0
6481,0.39885213971138,0.3703700006008148,0.04866069182753563,0.03703700006008148
6482,0.5288073420524597,0.5438600182533264,0.03892654553055763,0.01754399947822094
6483,0.5597839951515198,0.6232879757881165,0.0394093357026577,0.027396999299526215
6484,0.593124270439148,0.5723680257797241,0.0359504297375679,0.026316000148653984
6485,0.5717555284500122,0.5682119131088257,0.03917711228132248,0.014569539576768875
6486,0.5630967617034912,0.5314180254936218,0.03981069102883339,0.03411100059747696
6487,0.6211795210838318,0.5704470276832581,0.03491711616516113,0.0412370003759861
6488,0.5755318999290466,0.5,0.03572804480791092,0.0
6489,0.5188285112380981,0.47196298837661743,0.04232665151357651,0.037383001297712326
6490,0.4238143265247345,0.16666699945926666,3.538466989994049e-05,0.0
6491,0.5489994287490845,0.26923099160194397,0.03521076962351799,0.15384599566459656
6492,0.5349741578102112,0.375,0.040182024240493774,0.05357100069522858
6493,0.4040141701698303,0.5714290142059326,-1.3941898941993713e-05,0.0
6494,0.5853712558746338,0.6736840009689331,0.03526339307427406,0.06315799802541733
6495,0.3249920904636383,0.4651159942150116,0.05280439555644989,0.10465099662542343
6496,-0.00482013076543808,0.0,1.543574035167694e-05,0.0
6497,0.6120933890342712,0.6000000238418579,3.7532299757003784e-07,0.0
6498,0.46963417530059814,0.4642859995365143,0.03807710483670235,0.07142899930477142
6499,0.5101891160011292,0.4591839909553528,0.04389641806483269,0.04081600159406662
6500,0.5809707045555115,0.6521739959716797,0.03810606896877289,0.0
6501,0.4096653163433075,0.5,4.4852495193481445e-05,0.10000000149011612
6502,0.5969340205192566,0.4615379869937897,-3.4973956644535065e-05,0.0
6503,0.5282669067382812,0.5454549789428711,0.03722758591175079,0.045455001294612885
6504,0.19686231017112732,0.125,1.5803612768650055e-05,0.0
6505,0.47820132970809937,0.5416669845581055,0.03587616607546806,0.0
6506,0.46886739134788513,0.6486489772796631,0.04091109335422516,0.05405399948358536
6507,0.5162061452865601,0.514706015586853,0.03893176093697548,0.0441179983317852
6508,0.48054617643356323,0.4000000059604645,0.0006761914119124413,0.0
6509,0.5925898551940918,0.6000000238418579,-4.1336752474308014e-05,0.0
6510,0.5755388736724854,0.5720160007476807,0.037145525217056274,0.05967099964618683
6511,0.3680386543273926,0.6000000238418579,-3.551505506038666e-05,0.0
6512,0.43083488941192627,0.6363639831542969,2.0052306354045868e-05,0.0
6513,0.40890762209892273,0.4000000059604645,2.6496127247810364e-06,0.0
6514,0.48585569858551025,0.6666669845581055,2.896413207054138e-06,0.33333298563957214
6515,0.39512479305267334,0.5,-0.00016964878886938095,0.0
6516,0.4431200325489044,0.75,0.000261169858276844,0.0
6517,0.45249807834625244,0.4545449912548065,8.585583418607712e-05,0.09090899676084518
6518,0.6135666966438293,0.2222220003604889,0.034705303609371185,0.16666699945926666
6519,0.5578523278236389,0.5769230127334595,0.03149544447660446,0.0
6520,0.34764841198921204,0.4285709857940674,0.050960686057806015,0.07142899930477142
6521,0.5928701162338257,0.4000000059604645,4.7280453145504e-05,0.0
6522,0.5673883557319641,0.41791000962257385,0.03792264685034752,0.05970099940896034
6523,0.6317175626754761,0.6266670227050781,0.031132496893405914,0.06666699796915054
6524,0.5734642744064331,0.70769202709198,0.03972925990819931,0.025640999898314476
6525,0.4816682040691376,0.4615379869937897,0.0003071259707212448,0.0
6526,0.4543026387691498,0.5416669845581055,0.04272045940160751,0.0
6527,0.5985187888145447,0.6162790060043335,0.03805779665708542,0.023256000131368637
6528,0.40717166662216187,0.25,1.96089968085289e-05,0.0
6529,0.5157105922698975,0.4530389904975891,0.041682735085487366,0.0773480013012886
6530,0.5861914157867432,0.497435986995697,0.039083145558834076,0.030768999829888344
6531,0.4525662660598755,0.3703700006008148,0.0394151546061039,0.03703700006008148
6532,0.4533191919326782,0.5333330035209656,0.038130201399326324,0.1333329975605011
6533,0.4389849305152893,0.4375,0.033462781459093094,0.0625
6534,0.5081916451454163,0.59375,0.03655601292848587,0.03125
6535,0.29645174741744995,0.0,-5.252473056316376e-05,0.5
6536,0.5349355936050415,0.48571398854255676,0.036502912640571594,0.08571399748325348
6537,0.5265606045722961,0.3931030035018921,0.042209576815366745,0.06206899881362915
6538,0.500594437122345,0.5199999809265137,0.03588283434510231,0.0
6539,0.5926699638366699,0.5479450225830078,0.03497155010700226,0.054795000702142715
6540,0.3854021430015564,0.6666669845581055,3.1624920666217804e-05,0.0
6541,0.5695145726203918,0.2814069986343384,0.0384536013007164,0.0603020004928112
6542,0.30279678106307983,0.33333298563957214,0.0528198778629303,0.05555599927902222
6543,0.5797775983810425,0.5160710215568542,0.03830396756529808,0.0303569994866848
6544,0.5425231456756592,0.6056780219078064,0.04130489379167557,0.05047300085425377
6545,0.45867449045181274,0.25,4.8226676881313324e-05,0.0
6546,0.5157276391983032,0.43333300948143005,0.04062372446060181,0.0
6547,0.5661463737487793,0.5336319804191589,0.040043361485004425,0.01793700084090233
6548,0.46777281165122986,0.5272729992866516,0.04287312179803848,0.07272700220346451
6549,0.6338920593261719,0.7454550266265869,0.031132496893405914,0.045455001294612885
6550,0.6362947821617126,0.6875,0.023179419338703156,0.0
6551,0.5416344404220581,0.5576919913291931,0.04201800003647804,0.028845999389886856
6552,0.6047095656394958,0.6896550059318542,0.03305290639400482,0.0
6553,0.5057403445243835,0.23999999463558197,0.042305365204811096,0.07999999821186066
6554,0.5685752630233765,0.45833298563957214,0.03573605418205261,0.04166699945926666
6555,0.34072184562683105,0.4615379869937897,0.0007243938744068146,0.0
6556,0.6200577616691589,0.5562130212783813,0.031132496893405914,0.04142000153660774
6557,0.6122728586196899,0.6526719927787781,0.03519634157419205,0.01526699960231781
6558,0.466968297958374,0.4303799867630005,0.04373999685049057,0.012657999992370605
6559,0.5812796950340271,0.47368401288986206,0.03637132793664932,0.0
6560,0.5299735069274902,0.5238100290298462,0.04055454209446907,0.07619000226259232
6561,0.4934276044368744,0.4242419898509979,0.0463138073682785,0.0
6562,0.4889810085296631,0.48148098587989807,0.043717652559280396,0.018518999218940735
6563,0.48715072870254517,0.4090909957885742,0.0404215008020401,0.13636399805545807
6564,0.4942696690559387,0.5918369889259338,0.04182641953229904,0.02040800079703331
6565,0.5753533840179443,0.6666669845581055,6.970018148422241e-05,0.0
6566,0.5788792371749878,0.4657039940357208,0.03845842555165291,0.060168471187353134
6567,0.3084823787212372,0.0,-1.7952173948287964e-05,0.0
6568,0.48836973309516907,0.47692298889160156,0.040410853922367096,0.046153999865055084
6569,0.5227807760238647,0.375,1.859571784734726e-05,0.0
6570,0.4894891381263733,0.18181799352169037,-4.366319626569748e-05,0.18181799352169037
6571,0.4346597194671631,0.36363598704338074,6.661564111709595e-05,0.09090899676084518
6572,0.5013834238052368,0.6202530264854431,0.04377351701259613,0.06329099833965302
6573,0.28172558546066284,0.20000000298023224,2.0461156964302063e-06,0.0
6574,0.3251194953918457,0.6666669845581055,-1.4537014067173004e-05,0.11111100018024445
6575,0.6178892850875854,0.5962960124015808,0.034967999905347824,0.018518999218940735
6576,0.3009491562843323,0.25,0.00013940874487161636,0.0
6577,0.4840801954269409,0.20000000298023224,0.0424969419836998,0.03750000149011612
6578,0.5502274036407471,0.35714301466941833,0.0381157211959362,0.03571400046348572
6579,0.5126640796661377,0.5675680041313171,0.03929300233721733,0.05405399948358536
6580,0.4706890881061554,0.39393898844718933,0.04734834283590317,0.06818199902772903
6581,0.4887463450431824,0.5346530079841614,0.042763032019138336,0.049504999071359634
6582,0.5645633339881897,0.6756759881973267,0.03903094679117203,0.02702699974179268
6583,0.592054545879364,0.5188680291175842,0.03465324267745018,0.02830200083553791
6584,0.6111651659011841,0.5410450100898743,0.036538265645504,0.0074629997834563255
6585,0.5605350136756897,0.6818180084228516,0.03432256355881691,0.045455001294612885
6586,0.5999765992164612,0.6470590233802795,0.035338595509529114,0.058823999017477036
6587,0.3888155221939087,0.375,0.04456420987844467,0.10416699945926666
6588,0.35246017575263977,0.4285709857940674,5.896855145692825e-05,0.0
6589,0.3965456187725067,0.3478260040283203,0.04191156476736069,0.04347800090909004
6590,0.5745205879211426,0.625,8.754432201385498e-07,0.0
6591,0.4069579541683197,0.35087698698043823,0.04772629961371422,0.05263200029730797
6592,0.5087383389472961,0.4285709857940674,0.03780680149793625,0.03571400046348572
6593,0.4262349009513855,0.5517240166664124,0.04870268702507019,0.10344800353050232
6594,0.4719260334968567,0.4545449912548065,-3.346148878335953e-05,0.0
6595,0.33492887020111084,0.47368401288986206,0.05440274626016617,0.15789499878883362
6596,0.5058395266532898,0.6388890147209167,0.040072448551654816,0.11111100018024445
6597,0.42880183458328247,0.3793100118637085,0.046086665242910385,0.10344800353050232
6598,0.7008880376815796,1.0,9.136274456977844e-07,0.0
6599,0.4900752604007721,0.41666701436042786,0.04328356683254242,0.0625
6600,0.49279117584228516,0.6279069781303406,0.041469864547252655,0.0
6601,0.2812475860118866,0.33333298563957214,4.587974399328232e-05,0.33333298563957214
6602,0.5175121426582336,0.32876700162887573,0.042060572654008865,0.041095998138189316
6603,0.5226560831069946,0.572816014289856,0.03798539564013481,0.0
6604,0.5105447173118591,0.4285709857940674,0.03654459863901138,0.0
6605,0.4058935046195984,0.3225809931755066,0.0442909300327301,0.06451600044965744
6606,0.6602011919021606,0.4444440007209778,9.192153811454773e-07,0.0
6607,0.4841068387031555,0.5229889750480652,0.041719984263181686,0.01724099926650524
6608,0.3952776789665222,0.25,1.4892779290676117e-05,0.0
6609,0.581781268119812,0.3846150040626526,0.03566719591617584,0.07692299783229828
6610,0.49276766180992126,0.548022985458374,0.043538883328437805,0.0169489998370409
6611,0.4410899877548218,0.38135600090026855,0.04415429010987282,0.04237300157546997
6612,0.538711428642273,0.41666701436042786,0.03547847270965576,0.0
6613,0.34801965951919556,0.26829299330711365,0.04846121370792389,0.09756100177764893
6614,0.5260563492774963,0.5454549789428711,2.2977590560913086e-05,0.0
6615,0.29177623987197876,0.16666699945926666,5.5028125643730164e-05,0.08333300054073334
6616,0.35199108719825745,0.20000000298023224,-5.437992513179779e-06,0.20000000298023224
6617,0.49169617891311646,0.550387978553772,0.04159758985042572,0.05426400154829025
6618,0.38096874952316284,0.517857015132904,0.04697360098361969,0.07142899930477142
6619,0.5845266580581665,0.6666669845581055,-3.3484771847724915e-05,0.06666699796915054
6620,0.5638706088066101,0.42399999499320984,0.03591112047433853,0.07199999690055847
6621,0.5694953799247742,0.33128800988197327,0.039004847407341,0.024539999663829803
6622,0.3510926365852356,0.33333298563957214,0.0015550171956419945,0.0
6623,0.1991792619228363,0.4117650091648102,0.05873566120862961,0.0
6624,0.47912266850471497,0.557017982006073,0.04377351701259613,0.043859999626874924
6625,0.3112577497959137,0.16666699945926666,0.05500967800617218,0.04166699945926666
6626,0.3480544090270996,0.23529399931430817,0.04969147965312004,0.08823499828577042
6627,0.24932843446731567,0.307692289352417,0.051974907517433167,0.0
6628,0.43410539627075195,0.4848479926586151,0.04425676912069321,0.18181799352169037
6629,0.3750031590461731,0.5,6.955582648515701e-05,0.10000000149011612
6630,0.29669344425201416,0.375,0.053268834948539734,0.0
6631,0.5212119221687317,0.6304349899291992,0.04013413190841675,0.06521700322628021
6632,0.494964063167572,0.125,0.04287312179803848,0.0625
6633,0.4643274247646332,1.0,2.1224841475486755e-06,0.0
6634,0.2592363655567169,0.14285700023174286,0.0501948744058609,0.04761900007724762
6635,0.342176616191864,0.4117650091648102,0.04440479353070259,0.0
6636,0.49905771017074585,0.5928570032119751,0.039746709167957306,0.05714299902319908
6637,0.4418589770793915,0.6039599776268005,0.046854618936777115,0.05940600112080574
6638,0.4679808020591736,0.5,0.04344996064901352,0.08196700364351273
6639,0.5913196802139282,0.6536589860916138,0.03699106723070145,0.019511999562382698
6640,0.33543860912323,0.6666669845581055,-1.5739351511001587e-06,0.0
6641,0.26300978660583496,0.2857140004634857,0.054422393441200256,0.023809999227523804
6642,0.39642512798309326,0.47826099395751953,0.047463830560445786,0.028985999524593353
6643,0.406220018863678,0.375,0.041469864547252655,0.0625
6644,0.2891721725463867,0.5238100290298462,0.05271150916814804,0.04761900007724762
6645,0.5410612225532532,0.9090909957885742,1.4035031199455261e-06,0.0
6646,0.3903919458389282,0.699999988079071,0.019357331097126007,0.0
6647,0.4099724590778351,0.36363598704338074,0.046086665242910385,0.0
6648,0.5453085899353027,0.5208330154418945,0.03867103531956673,0.046875
6649,0.5315792560577393,0.4000000059604645,-3.4724362194538116e-05,0.4000000059604645
6650,0.5507429838180542,0.7657660245895386,0.03642159700393677,0.018017999827861786
6651,0.27657005190849304,0.34615400433540344,0.054240621626377106,0.0
6652,0.23177003860473633,0.33333298563957214,0.05634389817714691,0.0
6653,0.5464154481887817,0.75,0.03580944612622261,0.0
6654,0.5949703454971313,0.5194810032844543,0.031132496893405914,0.025973999872803688
6655,0.4421691298484802,0.5,0.04267788678407669,0.019999999552965164
6656,0.6314800977706909,0.4719099998474121,0.031132496893405914,0.0
6657,0.5456715822219849,0.5833330154418945,-4.561617970466614e-06,0.08333300054073334
6658,0.506815493106842,0.4920629858970642,0.04222021996974945,0.03571400046348572
6659,0.34162113070487976,0.3518519997596741,0.04855570197105408,0.0
6660,0.24776986241340637,0.0,5.09992241859436e-06,0.0
6661,0.4414047300815582,0.375,0.03913012892007828,0.04166699945926666
6662,0.5947019457817078,0.6024100184440613,0.03538522124290466,0.0
6663,0.5894981026649475,0.5273969769477844,0.03590705245733261,0.07534199953079224
6664,0.5798918008804321,0.6548669934272766,0.036462992429733276,0.008849999867379665
6665,0.5786947011947632,0.7413790225982666,0.03454020246863365,0.03448300063610077
6666,0.5277268290519714,0.35294100642204285,0.04197542369365692,0.036765001714229584
6667,0.5446969866752625,0.653846025466919,0.03628579527139664,0.0
6668,0.5658686757087708,0.5625,0.03758959472179413,0.0625
6669,0.4099571704864502,0.5833330154418945,0.04787328094244003,0.04166699945926666
6670,0.5087425112724304,0.0,1.3728626072406769e-05,0.0
6671,0.5353108048439026,0.593625009059906,0.04078337177634239,0.027888000011444092
6672,0.5781248211860657,0.33333298563957214,0.03283856809139252,0.08333300054073334
6673,0.48739093542099,0.3199999928474426,0.041113317012786865,0.07999999821186066
6674,0.6026848554611206,0.6666669845581055,0.031132496893405914,0.0
6675,0.5216689705848694,0.5,0.03943260386586189,0.0625
6676,0.66877281665802,0.842104971408844,0.031132496893405914,0.0
6677,0.5490736365318298,0.619047999382019,0.03683660924434662,0.0
6678,0.5976614952087402,0.6086959838867188,0.031610794365406036,0.0
6679,0.5598143339157104,0.6206899881362915,0.03667094558477402,0.03448300063610077
6680,0.5106462836265564,0.5945950150489807,0.038043320178985596,0.10810799896717072
6681,0.5707069039344788,0.5185189843177795,0.03782128170132637,0.10185199975967407
6682,0.5852140784263611,0.5986390113830566,0.03656260669231415,0.02721099928021431
6683,0.4632001519203186,0.23076899349689484,0.04259273782372475,0.0
6684,0.5486246347427368,0.6666669845581055,3.0877068638801575e-05,0.0
6685,0.639603853225708,0.6111109852790833,0.031132496893405914,0.0
6686,0.4808875322341919,0.23076899349689484,0.03711174055933952,0.11538500338792801
6687,0.44713515043258667,0.4000000059604645,0.0005574775859713554,0.0
6688,0.5345804691314697,0.5780780911445618,0.041113317012786865,0.034534528851509094
6689,0.42148053646087646,0.25,1.740269362926483e-05,0.0
6690,0.3138608932495117,0.25,-4.5066699385643005e-06,0.0
6691,0.6110959649085999,0.6666669845581055,0.0329894945025444,0.015873000025749207
6692,0.531867265701294,0.5625,0.03453413024544716,0.0
6693,0.34128350019454956,0.33333298563957214,0.00011836457997560501,0.08333300054073334
6694,0.5426924228668213,0.5483869910240173,0.041618868708610535,0.04032300040125847
6695,0.5513484477996826,0.10000000149011612,7.041729986667633e-06,0.20000000298023224
6696,0.3430739939212799,0.11764699965715408,0.05562853813171387,0.0
6697,0.49818623065948486,0.30000001192092896,0.03943260386586189,0.0
6698,0.4872453808784485,0.4838710129261017,0.04108138754963875,0.04838699847459793
6699,0.3309047222137451,0.1612900048494339,0.05029911920428276,0.06451600044965744
6700,0.6047832369804382,0.5769230127334595,0.03560030087828636,0.04326900094747543
6701,0.5700144171714783,0.5314289927482605,0.03862254321575165,0.10857100039720535
6702,0.5290471315383911,0.6833329796791077,0.03970017656683922,0.1166670024394989
6703,0.530570924282074,0.5145630240440369,0.04183705896139145,0.0582519993185997
6704,0.5166589021682739,0.6274510025978088,0.04259273782372475,0.058823999017477036
6705,0.5009053349494934,0.3499999940395355,0.040410853922367096,0.03333299979567528
6706,0.21897312998771667,0.10000000149011612,1.8193386495113373e-05,0.0
6707,0.43662986159324646,0.33333298563957214,-1.6757287085056305e-05,0.33333298563957214
6708,0.24499759078025818,0.2222220003604889,0.00019268598407506943,0.0
6709,0.3242051601409912,0.4444440007209778,0.00010565575212240219,0.0
6710,0.5541682243347168,0.4670490026473999,0.04057050496339798,0.02865299955010414
6711,0.42228949069976807,0.6296300292015076,0.044803325086832047,0.0
6712,0.4071747660636902,0.39534899592399597,0.04542958736419678,0.046512000262737274
6713,0.37268561124801636,0.4745759963989258,0.05213715136051178,0.1016950011253357
6714,0.3527827560901642,0.2222220003604889,8.611287921667099e-05,0.0
6715,0.2802904546260834,0.34615400433540344,0.05479321628808975,0.11538500338792801
6716,0.5150892734527588,0.4838710129261017,0.03696693480014801,0.03225800022482872
6717,0.6361666917800903,0.676692008972168,0.03610089421272278,0.02819499932229519
6718,0.4720490574836731,0.4268290102481842,0.04173062741756439,0.0365849994122982
6719,0.5609924793243408,0.4893620014190674,0.037295158952474594,0.05319099873304367
6720,0.4776609539985657,0.5432100296020508,0.04413151368498802,0.02469100058078766
6721,0.5737760066986084,0.7419350147247314,0.034647323191165924,0.0
6722,0.4569860100746155,0.5789470076560974,0.039996832609176636,0.05263200029730797
6723,0.6046355366706848,0.5113639831542969,0.03322521597146988,0.0227269995957613
6724,0.5210509300231934,0.3432494103908539,0.04322810098528862,0.059496570378541946
6725,0.39316773414611816,0.6666669845581055,3.0185095965862274e-05,0.0
6726,0.4949110746383667,0.5076919794082642,0.040692903101444244,0.030768999829888344
6727,0.1483135223388672,0.0,0.00010006595402956009,0.0
6728,0.46855974197387695,0.2857140004634857,0.04462113976478577,0.12698400020599365
6729,0.46178972721099854,0.4000000059604645,0.028210625052452087,0.0
6730,0.13181252777576447,0.0,7.183756679296494e-05,0.0
6731,0.5824856758117676,0.47368401288986206,0.031132496893405914,0.15789499878883362
6732,0.41034191846847534,0.3837209939956665,0.047820791602134705,0.08139500021934509
6733,0.5527973771095276,0.6881719827651978,0.040002647787332535,0.06451600044965744
6734,0.3107650578022003,0.4285709857940674,0.04959350451827049,0.07142899930477142
6735,0.46015769243240356,0.16571399569511414,0.04515631124377251,0.05714299902319908
6736,0.5421097874641418,0.5968589782714844,0.040448106825351715,0.010471000336110592
6737,0.3400822877883911,0.10526300221681595,0.05251024663448334,0.05263200029730797
6738,0.5352554321289062,0.0,-0.000105234794318676,0.33333298563957214
6739,0.5396949648857117,0.546875,0.03959546983242035,0.03125
6740,0.6410812139511108,0.7666670083999634,0.031132496893405914,0.03333299979567528
6741,0.43504440784454346,0.47368401288986206,0.04423399269580841,0.07894700020551682
6742,0.566876232624054,0.5711339712142944,0.039161451160907745,0.01649484969675541
6743,0.6349105834960938,0.4285709857940674,1.6588717699050903e-05,0.14285700023174286
6744,0.3313805162906647,0.4545449912548065,0.04992886260151863,0.12121199816465378
6745,0.28737813234329224,0.11111100018024445,5.065556615591049e-05,0.11111100018024445
6746,0.4878586530685425,0.7368419766426086,0.03732411935925484,0.0
6747,0.4371227025985718,0.5820900201797485,0.04800976812839508,0.05970099940896034
6748,0.36762332916259766,0.2857142984867096,2.3101456463336945e-05,0.0
6749,0.38530194759368896,0.39285698533058167,0.04373999685049057,0.07142899930477142
6750,0.496590793132782,0.7368419766426086,0.038497038185596466,0.0
6751,0.5184175968170166,0.5725809931755066,0.04227343574166298,0.06451600044965744
6752,0.5034390091896057,0.5454549789428711,0.03503663092851639,0.045455001294612885
6753,0.5872629880905151,0.6074380278587341,0.039316266775131226,0.028925999999046326
6754,0.5263652801513672,0.5333330035209656,0.03651030734181404,0.06666699796915054
6755,0.5577685236930847,0.4444440007209778,0.03153686970472336,0.05555599927902222
6756,0.3435552418231964,0.3448280096054077,0.04972713440656662,0.08620700240135193
6757,0.4496697187423706,0.38709700107574463,0.042188290506601334,0.06451600044965744
6758,0.5768725872039795,0.6625000238418579,0.03652559220790863,0.0
6759,0.479824036359787,0.33333298563957214,0.03764268755912781,0.04166699945926666
6760,0.5568260550498962,0.5384619832038879,0.0394093357026577,0.020979000255465508
6761,0.5239209532737732,0.4827589988708496,0.03761855512857437,0.10344800353050232
6762,0.5775581002235413,0.5839509963989258,0.03849221393465996,0.03950599953532219
6763,0.26274213194847107,0.35294100642204285,0.05028422921895981,0.058823999017477036
6764,0.6402162909507751,0.5185189843177795,0.031132496893405914,0.11111100018024445
6765,0.580246090888977,0.5542169809341431,0.037411004304885864,0.02409599907696247
6766,0.5088062286376953,0.3790319859981537,0.04290640354156494,0.008065000176429749
6767,0.44295960664749146,0.6829270124435425,0.04443895444273949,0.0
6768,0.646255612373352,0.5194810032844543,0.031132496893405914,0.0
6769,0.4203462600708008,0.375,5.171634256839752e-06,0.0
6770,0.5672360062599182,0.607142984867096,0.03590976446866989,0.10714299976825714
6771,0.4217248260974884,0.625,0.0022153109312057495,0.0
6772,0.4676058888435364,0.75,2.757646143436432e-06,0.25
6773,0.49899259209632874,0.4285709857940674,0.036691803485155106,0.04761900007724762
6774,0.40112730860710144,0.2857140004634857,0.0486396960914135,0.04761900007724762
6775,0.5696001052856445,0.3837209939956665,0.04067161679267883,0.058139998465776443
6776,0.5961820483207703,0.6576579809188843,0.038197778165340424,0.02702699974179268
6777,0.28710755705833435,0.20000000298023224,3.366731107234955e-06,0.20000000298023224
6778,0.5445685386657715,0.46000000834465027,0.041549693793058395,0.0733330026268959
6779,0.3226397931575775,0.125,0.04712499678134918,0.125
6780,0.5948379039764404,0.6708859801292419,0.03568801283836365,0.012657999992370605
6781,0.5100027322769165,0.6818180084228516,0.039161451160907745,0.0227269995957613
6782,0.39415329694747925,0.33333298563957214,0.04644360393285751,0.044443998485803604
6783,0.4347814917564392,0.5,0.045902788639068604,0.06666699796915054
6784,0.5834240317344666,0.5625,0.033919788897037506,0.0
6785,0.3170378804206848,0.3499999940395355,0.0541030690073967,0.0
6786,0.28200188279151917,0.2222220003604889,-1.0586343705654144e-05,0.0
6787,0.6071205139160156,0.31818199157714844,0.03595106303691864,0.09090899676084518
6788,0.48464205861091614,0.5,-2.290029078722e-05,0.0
6789,0.38814306259155273,0.16666699945926666,9.617768228054047e-06,0.0
6790,0.49084344506263733,0.6000000238418579,-5.328096449375153e-06,0.0
6791,0.37671491503715515,0.23076899349689484,1.825578510761261e-05,0.0
6792,0.5323531627655029,0.5661759972572327,0.039578020572662354,0.036765001714229584
6793,0.534108579158783,0.5142859816551208,0.03718896955251694,0.0
6794,0.33957257866859436,0.33333298563957214,-2.370215952396393e-06,0.0
6795,0.4935745596885681,0.6037740111351013,0.03967690467834473,0.01886799931526184
6796,0.4444516599178314,0.21428599953651428,0.04100688174366951,0.07142899930477142
6797,0.5663356781005859,0.48076900839805603,0.035877496004104614,0.09134600311517715
6798,0.2999943196773529,0.5,-1.1770054697990417e-05,0.0
6799,0.4913672208786011,0.3846150040626526,0.00018328335136175156,0.0
6800,0.5005088448524475,0.527131974697113,0.04302842915058136,0.06201599910855293
6801,0.45141837000846863,0.6666669845581055,-1.558195799589157e-05,0.0
6802,0.29218894243240356,1.0,-3.038812428712845e-05,0.0
6803,0.4939197897911072,0.20000000298023224,2.2370368242263794e-06,0.0
6804,0.4605315625667572,0.5384619832038879,7.283594459295273e-05,0.0
6805,0.2816104292869568,0.20000000298023224,3.102701157331467e-05,0.0
6806,0.3367285132408142,0.20833300054073334,0.051094554364681244,0.16666699945926666
6807,0.36812689900398254,0.33333298563957214,-1.2680888175964355e-05,0.0
6808,0.4320808947086334,0.4444440007209778,0.04404166713356972,0.044443998485803604
6809,0.657683253288269,0.5789470076560974,0.031132496893405914,0.05263200029730797
6810,0.5004586577415466,0.5416669845581055,0.039161451160907745,0.08333300054073334
6811,0.5415913462638855,0.32432401180267334,0.04036828130483627,0.02702699974179268
6812,0.4959791898727417,0.4000000059604645,0.0001217871904373169,0.10000000149011612
6813,0.5156509876251221,0.8125,0.03314381465315819,0.0625
6814,0.6341747045516968,0.2857140004634857,0.031132496893405914,0.0
6815,0.5142526626586914,0.5434780120849609,0.03677099943161011,0.06521700322628021
6816,0.2637612223625183,0.2666670083999634,0.04796777293086052,0.0
6817,0.5034161806106567,0.6954020261764526,0.04348324239253998,0.05747099965810776
6818,0.39799559116363525,0.4399999976158142,0.043829381465911865,0.11999999731779099
6819,0.46759116649627686,0.5,0.03708760440349579,0.0
6820,0.4319024085998535,0.642857015132904,0.028174813836812973,0.0
6821,0.48750442266464233,0.6276599764823914,0.04406401515007019,0.05319099873304367
6822,0.5469279885292053,0.25,0.01191029418259859,0.08333300054073334
6823,0.5076859593391418,0.42946699261665344,0.0429396852850914,0.08150500059127808
6824,0.3768470287322998,0.2058819979429245,0.04742183908820152,0.058823999017477036
6825,0.5026229023933411,0.5,0.03702002763748169,0.045455001294612885
6826,0.5973329544067383,0.5,0.03615385666489601,0.029411999508738518
6827,0.5675456523895264,0.619047999382019,0.03286900743842125,0.0
6828,0.4277479648590088,0.4074069857597351,0.044075191020965576,0.05555599927902222
6829,0.4564535617828369,0.6153849959373474,0.0014172764495015144,0.0
6830,0.3675723969936371,0.49473699927330017,0.050045959651470184,0.09473700076341629
6831,0.345238596200943,0.09090899676084518,0.0017711343243718147,0.0
6832,0.4895888566970825,0.6271190047264099,0.03943260386586189,0.0169489998370409
6833,0.4978165030479431,0.4285709857940674,0.039161451160907745,0.08571399748325348
6834,0.5187383890151978,0.6458330154418945,0.040863197296857834,0.04166699945926666
6835,0.5042621493339539,0.14285700023174286,1.9902363419532776e-06,0.2857140004634857
6836,0.4240820109844208,0.25,0.04300624132156372,0.10000000149011612
6837,0.47823232412338257,0.30000001192092896,0.039967745542526245,0.03333299979567528
6838,0.5706927180290222,0.6336209774017334,0.03893698379397392,0.06465499848127365
6839,0.4934406876564026,0.5818179845809937,0.041507117450237274,0.07272700220346451
6840,0.42879533767700195,0.5882350206375122,0.048177748918533325,0.058823999017477036
6841,0.46695029735565186,0.699999988079071,3.381259739398956e-05,0.10000000149011612
6842,0.2945729196071625,0.18181799352169037,0.05024699866771698,0.4090909957885742
6843,0.5129302740097046,0.3076919913291931,0.014312704093754292,0.23076899349689484
6844,0.5875523686408997,0.7857139706611633,0.03434130549430847,0.0
6845,0.3294293284416199,0.31460699439048767,0.050537385046482086,0.05618000030517578
6846,0.4648450016975403,0.47058799862861633,0.038395676761865616,0.058823999017477036
6847,0.28110411763191223,0.25,0.05541596561670303,0.02777799963951111
6848,0.2897982597351074,0.5,5.682650953531265e-05,0.0
6849,0.3542390763759613,0.2739729881286621,0.05082794278860092,0.041095998138189316
6850,0.5051085948944092,0.6666669845581055,0.00012264028191566467,0.08333300054073334
6851,0.023758620023727417,0.25,-2.420414239168167e-05,0.0
6852,0.584361732006073,0.4967319965362549,0.0375027135014534,0.01960800029337406
6853,0.2851647138595581,0.4186049997806549,0.051323018968105316,0.046512000262737274
6854,0.6197097897529602,0.7058820128440857,0.031132496893405914,0.0
6855,0.39520034193992615,0.4651159942150116,0.047442834824323654,0.046512000262737274
6856,0.4964907467365265,0.5087720155715942,0.04048004001379013,0.03508799895644188
6857,0.6213171482086182,0.6666669845581055,0.035702694207429886,0.04761900007724762
6858,0.4649355709552765,0.6111109852790833,0.03864184394478798,0.05555599927902222
6859,0.5321357250213623,0.33333298563957214,1.317821443080902e-06,0.0
6860,0.4021678566932678,0.550000011920929,0.04216700419783592,0.05000000074505806
6861,0.3555181622505188,0.2909089922904968,0.04935360699892044,0.03636400029063225
6862,0.2287847399711609,0.1875,0.059012286365032196,0.125
6863,0.30391618609428406,0.375,-5.244556814432144e-05,0.0
6864,0.3851209282875061,0.4285709857940674,1.0319054126739502e-05,0.0
6865,0.5068560838699341,0.5633800029754639,0.03980487585067749,0.01408500038087368
6866,0.461617112159729,0.31666699051856995,0.042699169367551804,0.06666699796915054
6867,0.44916605949401855,0.6666669845581055,3.541819751262665e-06,0.0
6868,0.5941236019134521,0.47999998927116394,0.031132496893405914,0.05999999865889549
6869,0.47686755657196045,0.4545454978942871,7.254164665937424e-05,0.0
6870,0.4620342552661896,0.4000000059604645,0.043617092072963715,0.06666699796915054
6871,0.4922195374965668,0.5789470076560974,0.03746409714221954,0.0
6872,0.5434151291847229,0.6955130100250244,0.041453901678323746,0.012821000069379807
6873,0.4690602421760559,0.21428599953651428,0.04243309050798416,0.14285700023174286
6874,0.5639220476150513,0.654088020324707,0.0390622653067112,0.012578999623656273
6875,0.5049945116043091,0.5948280096054077,0.04325028508901596,0.02586200088262558
6876,0.4449326694011688,0.4508199989795685,0.04625972360372543,0.0614750012755394
6877,0.4462656080722809,0.4242419898509979,0.03947332501411438,0.06060599908232689
6878,0.47068312764167786,0.3499999940395355,0.03721792995929718,0.05000000074505806
6879,0.57881760597229,0.6076160073280334,0.03855495899915695,0.06125799939036369
6880,0.49696874618530273,0.3219180107116699,0.043751172721385956,0.10273999720811844
6881,0.5286029577255249,0.48076900839805603,0.04191156476736069,0.035255998373031616
6882,0.3815505802631378,0.5714290142059326,3.889854997396469e-05,0.14285700023174286
6883,0.3635595440864563,0.5,0.0520169734954834,0.04166699945926666
6884,0.6357912421226501,0.6000000238418579,-5.473662167787552e-05,0.10000000149011612
6885,0.6584484577178955,0.6666669845581055,0.031132496893405914,0.0
6886,0.5516638159751892,0.7065219879150391,0.04070886969566345,0.04347800090909004
6887,0.3494165539741516,0.553846001625061,0.04804126173257828,0.09230799973011017
6888,0.5261642932891846,0.4615379869937897,0.036704324185848236,0.1025639995932579
6889,0.592962384223938,0.6000000238418579,0.03443297743797302,0.05000000074505806
6890,0.36610978841781616,0.33333298563957214,-3.0409544706344604e-05,0.0
6891,0.6006277799606323,0.5282610058784485,0.035082489252090454,0.05217399820685387
6892,0.5729053616523743,0.4727270007133484,0.039004847407341,0.0337660014629364
6893,0.5578594207763672,0.4070799946784973,0.038738615810871124,0.026549000293016434
6894,0.5495296716690063,0.6923080086708069,0.035746727138757706,0.03846200183033943
6895,0.5130733847618103,0.30000001192092896,0.05068821832537651,0.0
6896,0.6349067687988281,0.6944440007209778,0.032804328948259354,0.03968299925327301
6897,0.40576258301734924,0.14285700023174286,-4.586763679981232e-06,0.0
6898,0.44614729285240173,0.75,9.89716500043869e-06,0.0
6899,0.33872175216674805,0.3043479919433594,0.05386725068092346,0.0
6900,0.41942471265792847,0.30000001192092896,0.04883916676044464,0.10000000149011612
6901,0.348178893327713,0.3225809931755066,0.04585952311754227,0.0
6902,0.5824522972106934,0.6172839999198914,0.03463326022028923,0.06172800064086914
6903,0.5620400309562683,0.5290700197219849,0.040277812629938126,0.05232600122690201
6904,0.45940375328063965,0.5031449794769287,0.04415429010987282,0.03773599863052368
6905,0.37992578744888306,0.30000001192092896,4.25213947892189e-05,0.10000000149011612
6906,0.5734337568283081,0.5952379703521729,0.03495734930038452,0.07142899930477142
6907,0.40895867347717285,0.4285709857940674,0.04355005547404289,0.0
6908,0.6413642168045044,0.5,-6.418116390705109e-05,0.0
6909,0.5022103190422058,0.6363639831542969,0.040410853922367096,0.15151500701904297
6910,0.40520405769348145,0.25,0.0012392457574605942,0.08333300054073334
6911,0.33161401748657227,0.16666699945926666,4.176050424575806e-06,0.33333298563957214
6912,0.3197706937789917,0.4000000059604645,0.05213715136051178,0.03636400029063225
6913,0.5182462930679321,0.6530609726905823,0.03835706412792206,0.02040800079703331
6914,0.4501180052757263,0.534883975982666,0.048177748918533325,0.0
6915,0.6549764275550842,0.5161290168762207,0.031132496893405914,0.0
6916,0.5531671047210693,0.699999988079071,0.038545310497283936,0.022221999242901802
6917,0.40018972754478455,0.5714290142059326,0.006007642485201359,0.0
6918,0.49506765604019165,0.75,-5.645677447319031e-06,0.0
6919,0.5383869409561157,0.45833298563957214,0.03441375494003296,0.0
6920,0.5205108523368835,0.47560998797416687,0.03894742578268051,0.0365849994122982
6921,0.4458313286304474,0.7272726893424988,0.00011195521801710129,0.09090909361839294
6922,0.4639544188976288,0.4000000059604645,0.04160822927951813,0.054545000195503235
6923,0.5689488649368286,0.644860029220581,0.03636689484119415,0.009345999918878078
6924,0.5794731378555298,0.7777780294418335,1.9484199583530426e-05,0.11111100018024445
6925,0.5822545289993286,0.6470590233802795,0.031132496893405914,0.17647099494934082
6926,0.44475311040878296,0.425339013338089,0.04682216793298721,0.0542990006506443
6927,0.4158288240432739,0.38095200061798096,0.04648686572909355,0.0
6928,0.6585009098052979,0.75,0.031132496893405914,0.0
6929,0.23156031966209412,0.5,2.410728484392166e-05,0.0
6930,0.38127994537353516,0.4399999976158142,0.050291672348976135,0.03999999910593033
6931,0.5174427628517151,0.47715699672698975,0.042039282619953156,0.0050760000012815
6932,0.31282874941825867,0.3763439953327179,0.05085589364171028,0.06451600044965744
6933,0.6315957307815552,0.585798978805542,0.03501296788454056,0.04142000153660774
6934,0.2314189076423645,0.16666699945926666,0.01470095943659544,0.08333300054073334
6935,0.5596588253974915,0.6153849959373474,0.03929300233721733,0.059829000383615494
6936,0.2920408248901367,0.2857140004634857,0.04019913822412491,0.07142899930477142
6937,0.37894415855407715,0.4166666865348816,3.0473805963993073e-05,0.0
6938,0.3526310622692108,0.5,0.0008825408294796944,0.10000000149011612
6939,0.4482210874557495,0.5714290142059326,0.04214572161436081,0.08163300156593323
6940,0.38073664903640747,0.4666669964790344,0.01873382180929184,0.06666699796915054
6941,0.6124275922775269,0.6458330154418945,0.034656792879104614,0.020833000540733337
6942,0.45223087072372437,0.41935500502586365,0.04511076584458351,0.06451600044965744
6943,0.5659766793251038,0.6377949714660645,0.039490774273872375,0.03149599954485893
6944,0.47135841846466064,0.43589699268341064,0.04318372905254364,0.03846200183033943
6945,0.43480098247528076,0.17391300201416016,0.045697275549173355,0.026086999103426933
6946,0.3775157630443573,0.4000000059604645,-2.762582153081894e-05,0.0
6947,0.5788376331329346,0.5714290142059326,6.249174475669861e-07,0.0
6948,0.32692545652389526,0.3421050012111664,0.049280114471912384,0.026316000148653984
6949,0.443220853805542,0.6000000238418579,1.362524926662445e-06,0.0
6950,0.42972123622894287,0.5909090042114258,0.044450338929891586,0.0
6951,0.30669718980789185,0.375,1.5662983059883118e-05,0.125
6952,0.3320519030094147,0.0,-9.317882359027863e-06,0.0
6953,0.49229371547698975,0.6153849959373474,0.0008148634806275368,0.0
6954,0.4444127082824707,0.619047999382019,0.05098666995763779,0.0
6955,0.5261746048927307,0.5,5.636550486087799e-05,0.10000000149011612
6956,0.4098917543888092,0.0,4.275701940059662e-06,0.0
6957,0.4706367552280426,1.0,1.2917444109916687e-06,0.0
6958,0.4099824130535126,0.20000000298023224,4.1095539927482605e-05,0.0
6959,0.5528281331062317,0.4871790111064911,0.04185834527015686,0.05128199979662895
6960,0.2027401328086853,0.04761900007724762,0.05253089219331741,0.09523800015449524
6961,0.4932210445404053,0.4802260100841522,0.04369530826807022,0.0169489998370409
6962,0.5767025947570801,0.595982015132904,0.03701519966125488,0.04241099953651428
6963,0.277091920375824,0.3076919913291931,0.0011029476299881935,0.0
6964,0.3646624982357025,0.5625,0.03264983743429184,0.0
6965,0.5774534940719604,0.5511810183525085,0.03764268755912781,0.06299199908971786
6966,0.3872990906238556,0.14285700023174286,0.04747433215379715,0.0
6967,0.5521628856658936,0.6315789818763733,0.03342219069600105,0.026316000148653984
6968,0.39740270376205444,0.20000000298023224,0.03425757586956024,0.0
6969,0.5690886378288269,0.3170729875564575,0.035846807062625885,0.024390000849962234
6970,0.42770421504974365,0.33333298563957214,8.336268365383148e-06,0.33333298563957214
6971,0.37803733348846436,0.47368401288986206,0.04557761922478676,0.0
6972,0.4136284589767456,0.5588240027427673,0.044883035123348236,0.014705999754369259
6973,0.555290699005127,0.8333330154418945,9.806826710700989e-07,0.0
6974,0.27048224210739136,0.2105260044336319,0.05467294901609421,0.05263200029730797
6975,0.42629560828208923,0.48235300183296204,0.04661666229367256,0.04705899953842163
6976,0.5035669803619385,0.5625,0.040219277143478394,0.140625
6977,0.46284663677215576,0.4000000059604645,1.2673437595367432e-05,0.0
6978,0.5256678462028503,0.5384619832038879,0.03953730687499046,0.025640999898314476
6979,0.4051944613456726,0.22857099771499634,0.04964432492852211,0.028571000322699547
6980,0.5351240038871765,0.5666670203208923,0.039851412177085876,0.08333300054073334
6981,0.5396766066551208,0.47058799862861633,0.040182024240493774,0.007842999882996082
6982,0.35142838954925537,0.3375000059604645,0.0497359037399292,0.13750000298023224
6983,0.6118527054786682,0.5508019924163818,0.035874828696250916,0.04278099909424782
6984,0.50655597448349,0.4000000059604645,0.03963037580251694,0.07999999821186066
6985,0.37035003304481506,0.4545449912548065,5.766097456216812e-05,0.0
6986,0.4629465937614441,0.2857140004634857,0.04127296805381775,0.0
6987,0.5451560020446777,0.4018990099430084,0.04016073793172836,0.060127001255750656
6988,0.5212938785552979,0.5185189843177795,0.038994405418634415,0.049382999539375305
6989,0.5019263029098511,0.553846001625061,0.04157629981637001,0.046153999865055084
6990,0.4939950108528137,0.6666669845581055,1.0783784091472626e-05,0.0
6991,0.4648835062980652,0.27941200137138367,0.04476916790008545,0.07352899760007858
6992,0.3506157398223877,0.31818199157714844,0.047049302607774734,0.0
6993,0.4469587206840515,0.33333298563957214,0.022535674273967743,0.06666699796915054
6994,0.627670407295227,0.6499999761581421,0.03495734930038452,0.10000000149011612
6995,0.2277367115020752,0.2857140004634857,-1.300126314163208e-06,0.0
6996,0.373176634311676,0.0,-6.11552968621254e-05,1.0
6997,0.6000809669494629,0.4768519997596741,0.03812054917216301,0.03703700006008148
6998,0.431007981300354,0.5,0.00012164190411567688,0.0
6999,0.440080463886261,0.3880600035190582,0.04286203160881996,0.014925000257790089
7000,0.3396557867527008,0.800000011920929,-3.5194680094718933e-06,0.0
7001,0.3977581262588501,0.44999998807907104,0.04367295652627945,0.0
7002,0.5365254282951355,0.39130398631095886,0.03743996471166611,0.0
7003,0.11959190666675568,0.0,5.652196705341339e-06,0.0
7004,0.53382807970047,0.5714290142059326,0.039996832609176636,0.023809999227523804
7005,0.5899162292480469,0.6666669845581055,0.03448456525802612,0.07407400012016296
7006,0.2281968891620636,0.058823999017477036,0.05557166785001755,0.058823999017477036
7007,0.5398387312889099,0.625,3.4999102354049683e-06,0.0
7008,0.4978593587875366,0.35714301466941833,0.0015328330919146538,0.07142899930477142
7009,0.3503226041793823,0.33333298563957214,-8.241366595029831e-05,0.33333298563957214
7010,0.34880590438842773,0.23076899349689484,0.025011375546455383,0.0
7011,0.43935126066207886,0.22916699945926666,0.0458378903567791,0.04166699945926666
7012,0.4956181049346924,0.4630869925022125,0.04565401375293732,0.01342300046235323
7013,0.5560238361358643,0.5062500238418579,0.03929882124066353,0.03750000149011612
7014,0.329761266708374,0.2710280120372772,0.05196288973093033,0.13084100186824799
7015,0.341747522354126,0.4210529923439026,0.04680053889751434,0.10526300221681595
7016,0.46775513887405396,0.6315789818763733,0.03808193653821945,0.05263200029730797
7017,0.5116729140281677,0.800000011920929,-8.868984878063202e-06,0.0
7018,0.3824695944786072,0.4615379869937897,0.04667074233293533,0.0
7019,0.34410613775253296,0.4864859879016876,0.05026933550834656,0.10810799896717072
7020,0.34624266624450684,0.3333333134651184,4.109926521778107e-06,0.0
7021,0.37105756998062134,0.0,4.8094429075717926e-05,0.125
7022,0.6497730016708374,0.6285709738731384,0.031132496893405914,0.028571000322699547
7023,0.30251961946487427,0.20000000298023224,1.5636906027793884e-05,0.0
7024,0.24452409148216248,0.23999999463558197,0.05448625981807709,0.0
7025,0.43178433179855347,0.5970150232315063,0.047189876437187195,0.04477600008249283
7026,0.6126761436462402,0.5681819915771484,0.031132496893405914,0.06818199902772903
7027,0.10903096944093704,0.0,2.1667219698429108e-05,0.0
7028,0.5027118921279907,0.550684928894043,0.043751172721385956,0.0712328776717186
7029,0.3567997217178345,0.2941179871559143,0.0524999275803566,0.058823999017477036
7030,0.5950853824615479,0.6857140064239502,0.0345948189496994,0.028571000322699547
7031,0.5738297700881958,0.640625,0.03902050852775574,0.01736111007630825
7032,0.27907443046569824,0.10000000149011612,0.004308055154979229,0.10000000149011612
7033,0.39999839663505554,0.3225809931755066,0.04706011712551117,0.07258100062608719
7034,0.6071126461029053,0.7377049922943115,0.03396998345851898,0.0
7035,0.5880596041679382,0.5733330249786377,0.031635016202926636,0.06666699796915054
7036,0.5452859401702881,0.6764709949493408,0.03922409191727638,0.07352899760007858
7037,0.5054119229316711,0.5,-1.256261020898819e-05,0.0
7038,0.3937210440635681,0.4242419898509979,0.04423399269580841,0.12121199816465378
7039,0.5434406399726868,0.5826330184936523,0.03966527432203293,0.05042000114917755
7040,0.5235662460327148,0.642857015132904,0.03865149989724159,0.0
7041,0.28470125794410706,0.20000000298023224,6.788410246372223e-06,0.0
7042,0.5065925121307373,0.5555559992790222,0.03965364024043083,0.11111100018024445
7043,0.5488746762275696,0.3684209883213043,0.0347585529088974,0.07894700020551682
7044,0.38498273491859436,0.2857140004634857,-2.8809532523155212e-05,0.0
7045,0.6198318600654602,0.6721310019493103,0.031132496893405914,0.04918000102043152
7046,0.4853571355342865,0.5568180084228516,0.04557761922478676,0.03409099951386452
7047,0.6122875809669495,0.7575759887695312,0.03234458714723587,0.030302999541163445
7048,0.4358334541320801,0.5,1.0207295417785645e-05,0.0
7049,0.5734542608261108,0.6055194735527039,0.038646675646305084,0.034090910106897354
7050,0.5242915153503418,0.2105260044336319,0.037495385855436325,0.10526300221681595
7051,0.23795783519744873,0.2857140004634857,1.528952270746231e-05,0.0
7052,0.6233240365982056,0.5747129917144775,0.03607242926955223,0.028736000880599022
7053,0.5637099742889404,0.5805369019508362,0.03950822353363037,0.03523489832878113
7054,0.37787294387817383,0.16666699945926666,0.05153243988752365,0.0
7055,0.6057590246200562,0.8333330154418945,-2.1158717572689056e-05,0.0
7056,0.23208662867546082,0.5555559992790222,2.450123429298401e-05,0.0
7057,0.534451425075531,0.5952379703521729,0.037661999464035034,0.023809999227523804
7058,0.45298177003860474,0.4444440007209778,0.04625972360372543,0.11111100018024445
7059,0.5456770658493042,0.625,0.03874383866786957,0.02500000037252903
7060,0.5325658917427063,0.5789470076560974,0.04201800003647804,0.0058479998260736465
7061,0.018349111080169678,0.0,-3.311317414045334e-05,0.0
7062,0.48057520389556885,0.4059410095214844,0.04424538463354111,0.02970300056040287
7063,0.43562251329421997,0.3796299993991852,0.04584870859980583,0.05555599927902222
7064,0.5054633021354675,0.4704050123691559,0.04404166713356972,0.021806849166750908
7065,0.2967158854007721,0.20000000298023224,0.00010604783892631531,0.0
7066,0.41245847940444946,0.23404300212860107,0.04532710835337639,0.04255300015211105
7067,0.40968936681747437,0.4615379869937897,2.994108945131302e-05,0.0
7068,0.4830448031425476,0.35714301466941833,0.042454369366168976,0.08928599953651428
7069,0.42938071489334106,0.5,9.667128324508667e-07,0.5
7070,0.5047417879104614,0.47058799862861633,0.031012095510959625,0.0
7071,0.44514673948287964,1.0,2.8405338525772095e-05,0.0
7072,0.512313187122345,0.25581398606300354,0.04140068590641022,0.06976699829101562
7073,0.49033015966415405,0.5569620132446289,0.04289530962705612,0.037974998354911804
7074,0.5490720272064209,0.4666669964790344,0.03674358129501343,0.06666699796915054
7075,0.019279323518276215,0.25,1.5892088413238525e-05,0.0
7076,0.5222191214561462,0.44680899381637573,0.03805779665708542,0.02127699926495552
7077,0.527219295501709,0.39726001024246216,0.0393977016210556,0.027396999299526215
7078,0.4628182649612427,0.6075950264930725,0.04565401375293732,0.0
7079,0.5030414462089539,0.6315789818763733,0.03657909482717514,0.10526300221681595
7080,0.2696409225463867,0.25,4.5054592192173004e-05,0.0
7081,0.2172074019908905,0.0,4.898756742477417e-07,0.0
7082,0.5755711197853088,0.5057470202445984,0.039863042533397675,0.022988999262452126
7083,0.5546720027923584,0.6441519856452942,0.040336351841688156,0.03624400123953819
7084,0.5953247547149658,0.5789470076560974,0.026783928275108337,0.0
7085,0.4090474843978882,0.6666669845581055,1.114141196012497e-05,0.0
7086,0.5179955959320068,0.6153849959373474,0.04500828683376312,0.0
7087,0.4320456385612488,0.6530609726905823,0.04557761922478676,0.06122399866580963
7088,0.611629843711853,0.6165803074836731,0.0375702865421772,0.018134720623493195
7089,0.41749948263168335,0.3170729875564575,0.0473378449678421,0.1463409960269928
7090,0.1801806539297104,0.25,0.05273214727640152,0.125
7091,0.5802716016769409,0.6093549728393555,0.038448773324489594,0.027813000604510307
7092,0.510265588760376,0.6000000238418579,-5.431473255157471e-06,0.0
7093,0.5083192586898804,0.6666669845581055,2.4733133614063263e-05,0.0
7094,0.3463428318500519,0.27272701263427734,0.04747433215379715,0.09090899676084518
7095,0.5372277498245239,0.20000000298023224,0.0375027135014534,0.07999999821186066
7096,0.5878992080688477,0.5606060028076172,0.03524083271622658,0.045455001294612885
7097,0.38129866123199463,0.25,0.04699522629380226,0.02777799963951111
7098,0.40857863426208496,0.800000011920929,2.8293579816818237e-06,0.0
7099,0.6232903003692627,0.75,0.03142422437667847,0.0
7100,0.4577619433403015,0.5384619832038879,0.0015744064003229141,0.07692299783229828
7101,0.5834780335426331,0.5628139972686768,0.03864184394478798,0.048576001077890396
7102,0.5775712728500366,0.8333330154418945,2.83215194940567e-06,0.0
7103,0.5027488470077515,0.5833330154418945,0.0375702865421772,0.0
7104,0.529288113117218,0.5555559992790222,0.03923974931240082,0.015873000025749207
7105,0.5221985578536987,0.42211058735847473,0.04309498518705368,0.10050249844789505
7106,0.5828657150268555,0.6753249764442444,0.036194659769535065,0.012986999936401844
7107,0.5212405323982239,0.5172410011291504,0.03638019785284996,0.1379310041666031
7108,0.4074935019016266,0.2608700096607208,0.047070927917957306,0.08695700019598007
7109,0.42825931310653687,0.2622950077056885,0.04725385457277298,0.04918000102043152
7110,0.29330161213874817,0.3548389971256256,0.0523812398314476,0.11290299892425537
7111,0.4216856062412262,0.41666701436042786,0.04720069468021393,0.125
7112,0.5237640738487244,0.4905659854412079,0.04096430912613869,0.06603799760341644
7113,0.28641459345817566,0.27272701263427734,0.021602846682071686,0.0
7114,0.5523276925086975,0.48051899671554565,0.03895264491438866,0.07792200148105621
7115,0.45444899797439575,1.0,4.304572939872742e-06,0.0
7116,0.3031800091266632,0.21428599953651428,0.035504795610904694,0.0
7117,0.40596282482147217,0.3666670024394989,0.04846121370792389,0.03333299979567528
7118,0.389481782913208,0.1851850003004074,0.047841787338256836,0.11111100018024445
7119,0.44849175214767456,0.5874999761581421,0.045827075839042664,0.05000000074505806
7120,0.47355377674102783,0.5925930142402649,0.04270981252193451,0.03703700006008148
7121,0.3556065559387207,0.4090909957885742,0.047369346022605896,0.0
7122,0.44365599751472473,0.16666699945926666,4.584901034832001e-06,0.0
7123,0.23604097962379456,0.0,1.0506249964237213e-05,0.0
7124,0.439508855342865,0.632652997970581,0.04568646475672722,0.06122399866580963
7125,0.1384815275669098,0.10000000149011612,0.00010956544429063797,0.0
7126,0.48587632179260254,0.5333330035209656,0.0397757925093174,0.06666699796915054
7127,0.38495832681655884,0.35294100642204285,0.05047037452459335,0.11764699965715408
7128,0.5796589851379395,0.5,7.784925401210785e-06,0.0
7129,0.4088326096534729,0.5,8.367560803890228e-05,0.0
7130,0.4714517593383789,0.5,0.02045411616563797,0.0
7131,0.3460325002670288,0.41666701436042786,0.020799025893211365,0.0
7132,0.4573611915111542,0.3428570032119751,0.04546374827623367,0.028571000322699547
7133,0.3329758644104004,0.4000000059604645,8.47475603222847e-05,0.0
7134,0.5816943645477295,0.515438973903656,0.038313619792461395,0.09976200014352798
7135,0.6233437061309814,0.6956520080566406,0.031132496893405914,0.0
7136,0.5622807741165161,0.5760170817375183,0.03952567279338837,0.044967878609895706
7137,0.4723173975944519,0.5370370149612427,0.039932847023010254,0.018518999218940735
7138,0.5392331480979919,0.4699999988079071,0.038617707788944244,0.03999999910593033
7139,0.5366887450218201,0.6643360257148743,0.04187963902950287,0.020979000255465508
7140,0.4930797815322876,0.5116279721260071,0.043974630534648895,0.06201599910855293
7141,0.561683714389801,0.4444440007209778,0.0370972603559494,0.018518999218940735
7142,0.480438768863678,0.27272701263427734,0.04107074439525604,0.18181799352169037
7143,0.4326775074005127,0.4337350130081177,0.05058206245303154,0.03614500164985657
7144,0.6174726486206055,0.45652198791503906,0.03559127822518349,0.06521700322628021
7145,0.5119329690933228,0.5714290142059326,0.04016605764627457,0.08571399748325348
7146,0.5184730887413025,0.44117599725723267,0.03703451156616211,0.0
7147,0.5274429321289062,0.5398229956626892,0.04404166713356972,0.06194699928164482
7148,0.5472978949546814,0.6847829818725586,0.04074079915881157,0.010870000347495079
7149,0.663180947303772,0.75,0.01350002083927393,0.0
7150,0.4598233699798584,0.30000001192092896,-2.2540800273418427e-05,0.20000000298023224
7151,0.48636019229888916,0.3823530077934265,0.039566390216350555,0.029411999508738518
7152,0.39178359508514404,0.36363598704338074,0.04415429010987282,0.09090899676084518
7153,0.3900436758995056,0.16666699945926666,0.04421122372150421,0.05555599927902222
7154,0.3564694821834564,0.35714301466941833,0.04771580174565315,0.0
7155,0.6236155033111572,0.6629679799079895,0.036402374505996704,0.04299600049853325
7156,0.3280555009841919,0.75,-1.3629905879497528e-05,0.25
7157,0.35053175687789917,0.20000000298023224,0.03581062704324722,0.06666699796915054
7158,0.4812086820602417,0.4285709857940674,0.040331028401851654,0.11428599804639816
7159,0.6132685542106628,0.6000000238418579,0.031132496893405914,0.0
7160,0.4034983515739441,0.5,-9.685754776000977e-08,0.0
7161,0.4590466618537903,0.4285709857940674,0.05404902249574661,0.04761900007724762
7162,0.5787026882171631,0.4307689964771271,0.03924497216939926,0.07692299783229828
7163,0.3729240298271179,0.16666699945926666,0.04585952311754227,0.11111100018024445
7164,0.5636246204376221,0.6499999761581421,0.036658428609371185,0.03333299979567528
7165,0.4904046356678009,0.47368401288986206,0.04047472029924393,0.15789499878883362
7166,0.6311675906181335,0.6395599842071533,0.036498479545116425,0.03956000134348869
7167,0.5449073910713196,0.45714300870895386,0.03654618188738823,0.05714299902319908
7168,0.47027578949928284,0.30303001403808594,0.04181577265262604,0.09090899676084518
7169,0.4396930932998657,0.35714301466941833,0.04339449480175972,0.10714299976825714
7170,0.49857521057128906,0.5225229859352112,0.04233729839324951,0.009008999913930893
7171,0.4056489169597626,0.375,3.128591924905777e-05,0.0
7172,0.515340268611908,0.512952983379364,0.04330574721097946,0.015544000081717968
7173,0.5864683389663696,0.5755810141563416,0.040128812193870544,0.06976699829101562
7174,0.6030208468437195,0.625,0.03482481837272644,0.10416699945926666
7175,0.36671745777130127,0.7200000286102295,0.04941660165786743,0.0
7176,0.31262195110321045,0.2380950003862381,0.05290243774652481,0.14285700023174286
7177,0.5281506180763245,0.509676992893219,0.041719984263181686,0.08387099951505661
7178,0.391337513923645,0.4838710129261017,0.049625467509031296,0.09677399694919586
7179,0.37702035903930664,0.10000000149011612,2.1355226635932922e-06,0.0
7180,0.4813799262046814,0.4399999976158142,0.03988049179315567,0.23999999463558197
7181,0.2964865565299988,0.7777780294418335,0.0001238146796822548,0.0
7182,0.36438485980033875,0.4000000059604645,3.028661012649536e-06,0.20000000298023224
7183,0.4348357319831848,0.2653059959411621,0.04396345466375351,0.14285700023174286
7184,0.5832775831222534,0.5661764740943909,0.03929300233721733,0.020220590755343437
7185,0.5025289058685303,0.6036040186882019,0.0433279350399971,0.06306300312280655
7186,0.4037212133407593,0.0,1.971609890460968e-06,0.0
7187,0.5494532585144043,0.6206899881362915,0.03841015696525574,0.06896600127220154
7188,0.3666064143180847,0.25,3.9937905967235565e-05,0.0
7189,0.6195996999740601,0.634145975112915,0.032133422791957855,0.07317099720239639
7190,0.6541661620140076,0.5333330035209656,0.031132496893405914,0.06666699796915054
7191,0.31777918338775635,0.4545449912548065,7.472001016139984e-06,0.18181799352169037
7192,0.5357486009597778,0.5066670179367065,0.03965364024043083,0.05333299934864044
7193,0.5189918279647827,0.5185189843177795,0.040639691054821014,0.018518999218940735
7194,0.47791552543640137,0.43548399209976196,0.04340558499097824,0.03225800022482872
7195,0.12664338946342468,0.0,-5.044601857662201e-05,0.0
7196,0.5099552273750305,0.4545449912548065,3.212876617908478e-05,0.09090899676084518
7197,0.5616199970245361,0.6153849959373474,0.033876314759254456,0.07692299783229828
7198,0.5375808477401733,0.5183820128440857,0.04067161679267883,0.05147099867463112
7199,0.5790166258811951,0.4168980121612549,0.03832327574491501,0.08587300032377243
7200,0.5196359157562256,0.5255810022354126,0.04123571515083313,0.046512000262737274
7201,0.4615352153778076,0.524590015411377,0.04103881120681763,0.01639300025999546
7202,0.2787112295627594,0.3846150040626526,0.032317087054252625,0.07692299783229828
7203,0.3858933448791504,0.2857140004634857,1.7862766981124878e-06,0.0
7204,0.4837457537651062,0.6417909860610962,0.043974630534648895,0.029851000756025314
7205,0.5017836093902588,0.40659299492836,0.041986070573329926,0.08791200071573257
7206,0.2172846794128418,0.17142899334430695,0.0532585084438324,0.05714299902319908
7207,0.3999905288219452,0.6666669845581055,-8.667819201946259e-06,0.0
7208,0.5335102081298828,0.3794330060482025,0.04200735688209534,0.04609899967908859
7209,0.5459200739860535,0.6000000238418579,3.380700945854187e-07,0.0
7210,0.5748584866523743,0.4716159999370575,0.03692349046468735,0.056768998503685
7211,0.5825076103210449,0.3513509929180145,0.03698624297976494,0.05405399948358536
7212,0.4326630234718323,0.5,3.6383047699928284e-05,0.0
7213,0.4810903072357178,0.4000000059604645,0.0011872155591845512,0.0
7214,0.502608060836792,0.44227638840675354,0.043161541223526,0.05528454855084419
7215,0.3952789902687073,0.36363598704338074,0.04619482904672623,0.0
7216,0.3888142704963684,0.33333298563957214,4.60352748632431e-06,0.0
7217,0.3889879584312439,0.38636401295661926,0.050904788076877594,0.14772699773311615
7218,0.38039255142211914,0.3846150040626526,0.04875517636537552,0.07692299783229828
7219,0.5907306671142578,0.800000011920929,0.031132496893405914,0.0
7220,0.5226256847381592,0.5849059820175171,0.04278438165783882,0.01886799931526184
7221,0.5003566741943359,0.4666669964790344,0.03698624297976494,0.0
7222,0.44126319885253906,0.30000001192092896,0.03998519852757454,0.0
7223,0.21396329998970032,0.14814800024032593,0.05580884963274002,0.14814800024032593
7224,0.5900331735610962,0.6430919766426086,0.03884823992848396,0.0230260007083416
7225,0.21851161122322083,0.2222220003604889,3.016553819179535e-06,0.0
7226,0.5182211399078369,0.6263740062713623,0.04026716947555542,0.0
7227,0.4892008900642395,0.6000000238418579,0.0005698082968592644,0.0
7228,0.22625282406806946,0.375,-4.2625702917575836e-05,0.0
7229,0.48777127265930176,0.14285700023174286,0.039093587547540665,0.09523800015449524
7230,0.4918115735054016,0.4099380075931549,0.04457559436559677,0.062111999839544296
7231,0.5788745880126953,0.5555559992790222,0.03250628709793091,0.0
7232,0.5780261754989624,0.6809049844741821,0.03852600231766701,0.09296499937772751
7233,0.47914063930511475,0.5294119715690613,0.03860323131084442,0.058823999017477036
7234,0.38205021619796753,0.4375,0.04821974039077759,0.0
7235,0.4468440115451813,0.6153849959373474,0.01651376113295555,0.0
7236,0.5457824468612671,0.6741570234298706,0.0394093357026577,0.011235999874770641
7237,0.3422052264213562,0.44827601313591003,0.05205903202295303,0.01724099926650524
7238,0.5039963722229004,0.5706520080566406,0.0434943325817585,0.016303999349474907
7239,0.2418079972267151,0.4000000059604645,7.403083145618439e-06,0.10000000149011612
7240,0.2800438404083252,0.30000001192092896,1.6313977539539337e-05,0.10000000149011612
7241,0.48706483840942383,0.660377025604248,0.04258209466934204,0.0
7242,0.4539836049079895,0.5660380125045776,0.042379871010780334,0.07547199726104736
7243,0.5574881434440613,0.6293100118637085,0.03731929510831833,0.06896600127220154
7244,0.3821938931941986,0.5454549789428711,0.04767380654811859,0.09090899676084518
7245,0.5199125409126282,0.5272729992866516,0.042624667286872864,0.07272700220346451
7246,0.47829070687294006,0.38095200061798096,0.03625722974538803,0.14285700023174286
7247,0.49932074546813965,0.4591189920902252,0.04413151368498802,0.0440250001847744
7248,0.3881542384624481,0.30000001192092896,0.044826097786426544,0.06666699796915054
7249,0.5105680823326111,0.7142860293388367,0.03452420234680176,0.0
7250,0.46397948265075684,0.75,1.0923482477664948e-05,0.125
7251,0.4507388174533844,0.4444440007209778,0.04459836706519127,0.11111100018024445
7252,0.5567534565925598,0.6176469922065735,0.039124906063079834,0.014705999754369259
7253,0.5591521263122559,0.5763890147209167,0.03724689036607742,0.02777799963951111
7254,0.36750897765159607,0.5666670203208923,0.04579462483525276,0.0
7255,0.5247559547424316,0.44999998807907104,0.044826097786426544,0.0
7256,0.21610331535339355,0.125,0.0001208186149597168,0.0
7257,0.5045270323753357,0.550000011920929,0.039647821336984634,0.02500000037252903
7258,0.2382914125919342,0.17647099494934082,0.04975344240665436,0.058823999017477036
7259,0.29257482290267944,0.3235290050506592,0.05196288973093033,0.0
7260,0.5232728123664856,0.5779569745063782,0.04067161679267883,0.06989199668169022
7261,0.4184134900569916,0.44736799597740173,0.04200735688209534,0.026316000148653984
7262,0.3835316300392151,0.43181800842285156,0.04844021797180176,0.0
7263,0.4272802472114563,0.5,0.041618868708610535,0.10000000149011612
7264,0.605466365814209,0.7605630159378052,0.03549201041460037,0.01408500038087368
7265,0.5072541832923889,0.5080649852752686,0.04279547184705734,0.04032300040125847
7266,0.5851910710334778,0.5555559992790222,0.03598431870341301,0.03703700006008148
7267,0.4755922555923462,0.5,-1.8708407878875732e-05,0.08333300054073334
7268,0.4133301377296448,0.125,-3.050081431865692e-06,0.0
7269,0.5048359036445618,0.20000000298023224,0.04396345466375351,0.07142899930477142
7270,0.4466800093650818,0.699999988079071,2.140738070011139e-05,0.0
7271,0.5079323649406433,0.6166669726371765,0.04317263513803482,0.05833299830555916
7272,0.47281327843666077,0.6000000238418579,0.0002688895910978317,0.0
7273,0.5242011547088623,0.4729729890823364,0.03943260386586189,0.04054100066423416
7274,0.43799901008605957,0.5199999809265137,0.0451790876686573,0.03999999910593033
7275,0.46254587173461914,0.2325579971075058,0.04471223056316376,0.09302300214767456
7276,0.575414776802063,0.6122450232505798,0.03598973900079727,0.0
7277,0.6304197311401367,0.7250000238418579,0.03504018113017082,0.02500000037252903
7278,0.4760666489601135,0.29166701436042786,0.03889000043272972,0.08333300054073334
7279,0.4557366371154785,0.4027779996395111,0.04567564278841019,0.02777799963951111
7280,0.5932213068008423,0.5257009267807007,0.03662525862455368,0.053738318383693695
7281,0.39966243505477905,0.38095200061798096,0.05059695616364479,0.04761900007724762
7282,0.4577484130859375,0.5555559992790222,0.04313935339450836,0.05555599927902222
7283,0.49498268961906433,0.5130890011787415,0.043784692883491516,0.010471000336110592
7284,0.383990079164505,0.4090909957885742,0.04547513648867607,0.045455001294612885
7285,0.3716273605823517,0.33333298563957214,0.0014535989612340927,0.06666699796915054
7286,0.5768659114837646,0.5299538969993591,0.03863701969385147,0.079877108335495
7287,0.5876258015632629,0.5,0.03627627342939377,0.013158000074326992
7288,0.5636999607086182,0.549107015132904,0.04063436761498451,0.0022319999989122152
7289,0.3778776228427887,0.41999998688697815,0.04923812299966812,0.019999999552965164
7290,0.5862105488777161,0.5642200112342834,0.03772474825382233,0.055045999586582184
7291,0.3951951861381531,0.4399999976158142,0.0466923750936985,0.11999999731779099
7292,0.5752449631690979,0.6124399900436401,0.03981069102883339,0.05263200029730797
7293,0.5133507251739502,0.6000000238418579,0.037594422698020935,0.0
7294,0.5110423564910889,0.47887301445007324,0.04330574721097946,0.056338001042604446
7295,0.5361454486846924,0.3728809952735901,0.0406184047460556,0.0169489998370409
7296,0.6138128638267517,0.6818180084228516,0.0361049622297287,0.03636400029063225
7297,0.4749138653278351,0.17431199550628662,0.04680053889751434,0.14678899943828583
7298,0.4788368344306946,0.7142860293388367,1.0496005415916443e-06,0.0
7299,0.5379939675331116,0.5555559992790222,0.03922409191727638,0.05185199901461601
7300,0.5971289873123169,0.6315789818763733,0.03349190205335617,0.03508799895644188
7301,0.542904794216156,0.7142860293388367,9.285286068916321e-07,0.0
7302,0.5501412749290466,0.45714300870895386,0.03593958914279938,0.05714299902319908
7303,0.47238779067993164,0.3675209879875183,0.04486025869846344,0.07692299783229828
7304,0.5712476372718811,0.5714290142059326,7.348135113716125e-07,0.0
7305,0.5276374816894531,0.2666670083999634,0.012533050961792469,0.0
7306,0.591615617275238,0.6810809969902039,0.0372324138879776,0.02702699974179268
7307,0.5389633178710938,0.6274510025978088,0.041336823254823685,0.029411999508738518
7308,0.47080886363983154,0.5128210186958313,0.0443137027323246,0.025640999898314476
7309,0.2537008821964264,0.125,0.0518307164311409,0.02500000037252903
7310,0.30418840050697327,0.30000001192092896,2.0432285964488983e-05,0.0
7311,0.5625545978546143,0.6247419714927673,0.039426788687705994,0.04742300137877464
7312,0.39311647415161133,0.36734700202941895,0.04653012752532959,0.06122399866580963
7313,0.5134563446044922,0.375,0.04011284559965134,0.03125
7314,0.553036630153656,0.5400840044021606,0.03847290575504303,0.04641399905085564
7315,0.6141655445098877,0.4285709857940674,0.03132336959242821,0.0
7316,0.5231003165245056,0.5521240234375,0.04242244362831116,0.05405399948358536
7317,0.6124733090400696,0.5333330035209656,0.0003715604543685913,0.06666699796915054
7318,0.6153948903083801,0.625,-1.1337921023368835e-05,0.0
7319,0.5351423025131226,0.36170199513435364,0.03907793015241623,0.0
7320,0.36735013127326965,0.5,7.841922342777252e-05,0.0
7321,0.5998865962028503,0.5510200262069702,0.0343816764652729,0.06122399866580963
7322,0.5614354610443115,0.6666669845581055,0.04038424789905548,0.04761900007724762
7323,0.33085548877716064,0.5,8.333474397659302e-06,0.0
7324,0.48577332496643066,0.51351398229599,0.04329465329647064,0.02702699974179268
7325,0.46872609853744507,0.5111110210418701,0.04241180047392845,0.044443998485803604
7326,0.5902285575866699,0.5909090042114258,0.031132496893405914,0.0
7327,0.33097976446151733,0.2941179871559143,0.048650190234184265,0.058823999017477036
7328,0.45827531814575195,0.75,0.0035894978791475296,0.0
7329,0.3643776774406433,0.37209299206733704,0.048786673694849014,0.046512000262737274
7330,0.6086678504943848,0.5849059820175171,0.03131205588579178,0.03773599863052368
7331,0.533302903175354,0.2777779996395111,0.03598838299512863,0.0
7332,0.3665007948875427,0.5,0.00022730138152837753,0.125
7333,0.5493590235710144,0.6101189851760864,0.040565185248851776,0.07142899930477142
7334,0.480296790599823,0.2941179871559143,0.03733859956264496,0.11764699965715408
7335,0.3948029577732086,0.5263159871101379,0.05141821503639221,0.10526300221681595
7336,0.4681209325790405,0.4920629858970642,0.04300624132156372,0.023809999227523804
7337,0.5760602355003357,0.5,0.03499166667461395,0.05952399969100952
7338,0.49223124980926514,0.33333298563957214,0.040072448551654816,0.07692299783229828
7339,0.3227260112762451,0.21428599953651428,0.016040343791246414,0.07142899930477142
7340,0.5444123148918152,0.47311800718307495,0.03983977809548378,0.03225800022482872
7341,0.47807109355926514,0.31578901410102844,0.039642006158828735,0.0
7342,0.5523198246955872,0.5,0.03746892511844635,0.02173900045454502
7343,0.47176241874694824,0.6363639831542969,0.026104997843503952,0.0
7344,0.39020174741744995,0.4375,0.04578381031751633,0.0625
7345,0.4381518065929413,0.5161290168762207,0.042230866849422455,0.0
7346,0.4874374270439148,0.6130650043487549,0.04423399269580841,0.04020100086927414
7347,0.5595723390579224,0.5880600214004517,0.04040021076798439,0.06268700212240219
7348,0.49026572704315186,0.6521739959716797,0.03969435766339302,0.04347800090909004
7349,0.5261080861091614,0.5940589904785156,0.039093587547540665,0.049504999071359634
7350,0.47934257984161377,0.5588240027427673,0.03815916180610657,0.029411999508738518
7351,0.4625175893306732,0.30303001403808594,0.042454369366168976,0.06060599908232689
7352,0.42586204409599304,0.3307090103626251,0.04467806965112686,0.05511799827218056
7353,0.339515745639801,0.45652198791503906,0.05012041702866554,0.06521700322628021
7354,0.47715479135513306,0.580357015132904,0.04326137900352478,0.0625
7355,0.5015855431556702,0.5882350206375122,0.03767165541648865,0.0
7356,0.5632394552230835,0.542288601398468,0.03917711228132248,0.027363179251551628
7357,0.229597270488739,0.30303001403808594,0.056029416620731354,0.0
7358,0.3306683897972107,0.17391300201416016,0.04769480228424072,0.02173900045454502
7359,0.41831153631210327,0.30000001192092896,0.0001015104353427887,0.30000001192092896
7360,0.3557087182998657,0.33333298563957214,1.09085813164711e-05,0.0
7361,0.4742576479911804,0.35714301466941833,0.009404650889337063,0.0
7362,0.5203923583030701,0.5769230127334595,0.038717735558748245,0.019231000915169716
7363,0.6546443700790405,0.625,0.031132496893405914,0.015625
7364,0.5622011423110962,0.5714290142059326,0.03674358129501343,0.02040800079703331
7365,0.41168203949928284,0.36363598704338074,1.1806376278400421e-05,0.0
7366,0.3372061848640442,0.31578901410102844,0.05231931060552597,0.10526300221681595
7367,0.6165111064910889,0.5909090042114258,0.03125,0.0227269995957613
7368,0.49956583976745605,0.36046499013900757,0.043538883328437805,0.046512000262737274
7369,0.5234638452529907,0.4175260066986084,0.04215636104345322,0.0412370003759861
7370,0.4237464368343353,0.38888901472091675,0.045520681887865067,0.02777799963951111
7371,0.5036252737045288,0.6666669845581055,5.313195288181305e-06,0.0
7372,0.5005645751953125,0.4960629940032959,0.041986070573329926,0.05511799827218056
7373,0.5303536653518677,0.5,0.03722758591175079,0.04166699945926666
7374,0.6013157367706299,0.6698110103607178,0.03308460861444473,0.00943399965763092
7375,0.26340538263320923,0.14285700023174286,2.4194829165935516e-05,0.0
7376,0.4905533194541931,0.22727300226688385,0.04646523669362068,0.06818199902772903
7377,0.5432862639427185,0.5471699833869934,0.039746709167957306,0.03773599863052368
7378,0.5890893936157227,0.3042168915271759,0.03809158876538277,0.08734939992427826
7379,0.4665047526359558,0.6153849959373474,0.04538404196500778,0.06593400239944458
7380,0.40610837936401367,0.33333298563957214,0.045270178467035294,0.04761900007724762
7381,0.5389112234115601,0.5748029947280884,0.040863197296857834,0.05511799827218056
7382,0.5351383686065674,0.48148098587989807,0.0429951474070549,0.0
7383,0.5058910250663757,0.5945950150489807,0.04326137900352478,0.013513999991118908
7384,0.5844786167144775,0.657039999961853,0.037661999464035034,0.043320998549461365
7385,0.5695412158966064,0.6260499954223633,0.037879206240177155,0.021007999777793884
7386,0.4914456903934479,0.45049500465393066,0.04442756623029709,0.05940600112080574
7387,0.4849662780761719,0.5913980007171631,0.044086359441280365,0.021505000069737434
7388,0.30106404423713684,0.31034499406814575,0.05240188539028168,0.10344800353050232
7389,0.627016007900238,0.7777780294418335,0.031132496893405914,0.11111100018024445
7390,0.5080487728118896,0.38636401295661926,0.03935698792338371,0.09090899676084518
7391,0.5960551500320435,0.6686390042304993,0.03632253780961037,0.035503000020980835
7392,0.5962941646575928,0.640625,0.032489802688360214,0.0625
7393,0.5433639287948608,0.5945950150489807,0.04096962511539459,0.05405399948358536
7394,0.3138604164123535,0.4285709857940674,4.022102802991867e-05,0.14285700023174286
7395,0.2651875615119934,0.23333300650119781,0.05438309162855148,0.06666699796915054
7396,0.36975470185279846,0.20000000298023224,1.4239922165870667e-06,0.0
7397,0.5981847047805786,0.642857015132904,0.031781166791915894,0.03571400046348572
7398,0.34109973907470703,0.4054050147533417,0.052041009068489075,0.05405399948358536
7399,0.3997008204460144,0.0,-5.38211315870285e-06,0.14285700023174286
7400,0.5360016226768494,0.5602089762687683,0.036976590752601624,0.047120001167058945
7401,0.5569266080856323,0.4666669964790344,0.03607784956693649,0.1333329975605011
7402,0.4335884153842926,0.4615379869937897,0.04859769716858864,0.03846200183033943
7403,0.4546753764152527,0.434783011674881,0.040676940232515335,0.04347800090909004
7404,0.40601813793182373,0.2758620083332062,0.045956868678331375,0.1379310041666031
7405,0.4780612587928772,0.6666669845581055,-8.574407547712326e-05,0.0
7406,0.5161340236663818,0.699999988079071,1.4893710613250732e-05,0.0
7407,0.26346394419670105,0.5,-2.891290932893753e-05,0.0
7408,0.4147464334964752,0.36363598704338074,0.043862901628017426,0.045455001294612885
7409,0.5494781136512756,0.33333298563957214,3.21120023727417e-06,0.0
7410,0.5083538889884949,0.47916701436042786,0.04265659675002098,0.09375
7411,0.38193631172180176,0.389831006526947,0.04989377781748772,0.0338979996740818
7412,0.5063402652740479,0.3278689980506897,0.04453004524111748,0.04918000102043152
7413,0.29944533109664917,0.3076919913291931,0.03895210474729538,0.07692299783229828
7414,0.47990143299102783,0.35714301466941833,0.040847234427928925,0.2857140004634857
7415,0.6258699893951416,0.5438600182533264,0.03189118579030037,0.040936000645160675
7416,0.5901844501495361,0.5,0.03618241846561432,0.15384599566459656
7417,0.37645629048347473,0.3333333134651184,-7.02589750289917e-06,0.3333333134651184
7418,0.3305530548095703,0.20689700543880463,0.051075518131256104,0.0
7419,0.4284898042678833,0.18181799352169037,0.04935360699892044,0.12121199816465378
7420,0.3513181805610657,0.33333298563957214,-6.020534783601761e-05,0.0
7421,0.5184382200241089,0.47058799862861633,0.03930463641881943,0.058823999017477036
7422,0.46760672330856323,0.33333298563957214,2.4549663066864014e-06,0.0
7423,0.514887273311615,0.6074770092964172,0.03887956216931343,0.009345999918878078
7424,0.539487361907959,0.5,0.03576540946960449,0.0625
7425,0.27433860301971436,0.11764699965715408,0.04697278141975403,0.0
7426,0.5277572870254517,0.41379299759864807,0.0377730168402195,0.06896600127220154
7427,0.6061853170394897,0.6499999761581421,0.034247588366270065,0.029999999329447746
7428,0.6060054302215576,0.5661759972572327,0.034176941961050034,0.029411999508738518
7429,0.6372674703598022,0.5,5.569308996200562e-07,0.0
7430,0.1779528260231018,0.16666699945926666,7.939524948596954e-06,0.16666699945926666
7431,0.5342566967010498,0.47325098514556885,0.04202863946557045,0.047325100749731064
7432,0.5798994898796082,0.5,0.03532957285642624,0.03125
7433,0.40056461095809937,0.21875,0.04773680120706558,0.046875
7434,0.6395425796508789,0.5625,0.031132496893405914,0.0
7435,0.5356264710426331,0.5502009987831116,0.04165080189704895,0.03614500164985657
7436,0.3365943431854248,0.3499999940395355,0.04896515607833862,0.125
7437,0.28757062554359436,0.35714301466941833,0.05627835541963577,0.0
7438,0.2141607105731964,0.1568630039691925,0.05413254350423813,0.07843100279569626
7439,0.5426467657089233,0.5,0.000584334135055542,0.0
7440,0.1863427758216858,0.0,0.00011274125427007675,0.11111100018024445
7441,0.3706586956977844,0.15000000596046448,0.047862786799669266,0.02500000037252903
7442,0.5873429775238037,0.6281899809837341,0.03800470381975174,0.04860299825668335
7443,0.37750232219696045,0.434783011674881,0.053181104362010956,0.08695700019598007
7444,0.5363155007362366,0.6666669845581055,-1.4594756066799164e-05,0.11111100018024445
7445,0.6223715543746948,0.794871985912323,0.031132496893405914,0.0
7446,0.35407280921936035,0.39130398631095886,0.05253089219331741,0.04347800090909004
7447,0.3196287155151367,0.5833330154418945,0.019710738211870193,0.08333300054073334
7448,0.25869083404541016,0.33333298563957214,0.00036760419607162476,0.08333300054073334
7449,0.4025348722934723,0.75,-1.7328187823295593e-05,0.0
7450,0.32232773303985596,0.25,0.04905964061617851,0.08333300054073334
7451,0.48145967721939087,0.4375,0.04088980332016945,0.0625
7452,0.5277317762374878,0.3684209883213043,0.04187963902950287,0.026316000148653984
7453,0.4942130446434021,0.41999998688697815,0.04248630255460739,0.05999999865889549
7454,0.4490119218826294,0.75,0.00031600426882505417,0.0
7455,0.44315147399902344,0.49180299043655396,0.04571891576051712,0.01639300025999546
7456,0.46929916739463806,0.2666670083999634,0.04010734707117081,0.0
7457,0.3969181180000305,0.4749999940395355,0.052773430943489075,0.05000000074505806
7458,0.6447120308876038,0.6153849959373474,0.031132496893405914,0.05128199979662895
7459,0.3550623655319214,0.38095200061798096,0.04706011712551117,0.11904799938201904
7460,0.4751431345939636,1.0,-4.686042666435242e-05,0.0
7461,0.5828613042831421,0.5633190274238586,0.03588283434510231,0.0218339990824461
7462,0.3844957947731018,0.29629600048065186,0.046627476811409,0.07407400012016296
7463,0.610962986946106,0.6103900074958801,0.03623954951763153,0.03463200107216835
7464,0.5052516460418701,0.16666699945926666,5.690380930900574e-07,0.33333298563957214
7465,0.48108774423599243,0.25,2.6710331439971924e-06,0.0
7466,0.4869973063468933,0.41703999042510986,0.04529295116662979,0.040359001606702805
7467,0.4332982897758484,0.44999998807907104,0.04101220518350601,0.05000000074505806
7468,0.4666288495063782,0.2894740104675293,0.042624667286872864,0.0
7469,0.3543902337551117,0.6666669845581055,5.138572305440903e-05,0.0
7470,0.2904140055179596,0.5714285969734192,0.05070219188928604,0.14285710453987122
7471,0.5418537259101868,0.5764709711074829,0.04030974209308624,0.01176500041037798
7472,0.24353408813476562,0.25,0.0008886344730854034,0.08333300054073334
7473,0.45145338773727417,0.415583997964859,0.0433279350399971,0.09090899676084518
7474,0.46554479002952576,0.46808499097824097,0.04241180047392845,0.0851060003042221
7475,0.5746685266494751,0.14285700023174286,0.012552567757666111,0.0
7476,0.2954719364643097,0.434783011674881,0.05191321671009064,0.04347800090909004
7477,0.4982527792453766,0.53125,0.03799022361636162,0.0625
7478,0.3041398823261261,0.14285700023174286,5.440507084131241e-05,0.0
7479,0.561950147151947,0.6123350262641907,0.03978743031620979,0.04405299946665764
7480,0.3939673602581024,0.49090901017189026,0.049154132604599,0.018182000145316124
7481,0.42531540989875793,0.47727298736572266,0.04802026227116585,0.045455001294612885
7482,0.3921738862991333,0.21428599953651428,0.024493306875228882,0.0
7483,0.5359289646148682,0.5,-4.403200000524521e-05,0.0
7484,0.43928641080856323,0.4444440007209778,5.2860938012599945e-05,0.11111100018024445
7485,0.44293832778930664,0.41891899704933167,0.04496273770928383,0.02702699974179268
7486,0.4937703311443329,0.2903229892253876,0.03947913646697998,0.03225800022482872
7487,0.5063173174858093,0.5,7.680058479309082e-05,0.10000000149011612
7488,0.32819506525993347,0.33333298563957214,2.452172338962555e-06,0.0
7489,0.4351113736629486,0.8333330154418945,0.03869163617491722,0.0
7490,0.5450550317764282,0.4634149968624115,0.041299574077129364,0.10569100081920624
7491,0.6346340179443359,0.846153974533081,0.031132496893405914,0.03846200183033943
7492,0.3917645514011383,0.40384599566459656,0.052161186933517456,0.019231000915169716
7493,0.33337220549583435,0.5454549789428711,5.115382373332977e-05,0.0
7494,0.620952844619751,0.434783011674881,0.031132496893405914,0.08695700019598007
7495,0.6468204259872437,0.5448279976844788,0.03348449617624283,0.11724100261926651
7496,0.4718276262283325,0.5853660106658936,0.04373999685049057,0.024390000849962234
7497,0.5763988494873047,0.5909090042114258,0.031132496893405914,0.0
7498,0.38979899883270264,0.18181799352169037,0.018482007086277008,0.0
7499,0.4848657250404358,0.51351398229599,0.041336823254823685,0.02702699974179268
7500,0.6108865737915039,0.5833330154418945,0.03499521315097809,0.06666699796915054
7501,0.6731025576591492,0.5822780132293701,0.034944333136081696,0.03375500068068504
7502,0.5922520756721497,0.645389974117279,0.0370972603559494,0.007091999985277653
7503,0.5840097665786743,0.5679609775543213,0.0397816076874733,0.033980999141931534
7504,0.5114936828613281,0.4666669964790344,0.040809981524944305,0.03333299979567528
7505,0.5507867336273193,0.49355199933052063,0.0402299165725708,0.043375998735427856
7506,0.35491806268692017,0.2941179871559143,0.0433756560087204,0.0
7507,0.6185894012451172,0.6116499900817871,0.03455941751599312,0.0
7508,0.48953777551651,0.3666670024394989,0.04093237966299057,0.06666699796915054
7509,0.6076456308364868,0.7142860293388367,-2.7109868824481964e-05,0.0
7510,0.6254475116729736,0.5833330154418945,0.031132496893405914,0.02777799963951111
7511,0.5999618768692017,0.6491230130195618,0.03549952805042267,0.01754399947822094
7512,0.4878687858581543,0.534483015537262,0.044075191020965576,0.03448300063610077
7513,0.6454410552978516,0.7285709977149963,0.031132496893405914,0.028571000322699547
7514,0.5546808242797852,0.5394740104675293,0.03932208567857742,0.021929999813437462
7515,0.27425941824913025,0.18181799352169037,0.0001849764958024025,0.0
7516,0.5799521803855896,0.5537189841270447,0.03788886219263077,0.10743799805641174
7517,0.6482785940170288,0.6060609817504883,0.031132496893405914,0.0
7518,0.48834168910980225,0.4558820128440857,0.0428842157125473,0.10294099897146225
7519,0.47671347856521606,0.41666701436042786,0.0002802852541208267,0.0
7520,0.5817587375640869,0.5918880105018616,0.03841015696525574,0.031686000525951385
7521,0.5991926789283752,0.554593026638031,0.03780680149793625,0.03292899951338768
7522,0.371024489402771,0.45714300870895386,0.04925911873579025,0.05714299902319908
7523,0.44204550981521606,0.5263159871101379,0.04570809751749039,0.03508799895644188
7524,0.6259934902191162,0.75,0.031132496893405914,0.0
7525,0.5605989098548889,0.5960590243339539,0.03932790085673332,0.03940900042653084
7526,0.5110283493995667,0.36363598704338074,0.03610360622406006,0.045455001294612885
7527,0.4389771819114685,0.30000001192092896,4.075933247804642e-05,0.10000000149011612
7528,0.6822912693023682,0.6000000238418579,8.685514330863953e-06,0.0
7529,0.4828808307647705,0.4545449912548065,1.8221326172351837e-05,0.09090899676084518
7530,0.37941303849220276,0.25,0.00013275351375341415,0.16666699945926666
7531,0.3770979046821594,0.16666699945926666,-1.9418075680732727e-05,0.0
7532,0.6749488115310669,1.0,-3.401655703783035e-05,0.0
7533,0.362041711807251,0.4000000059604645,-1.5805475413799286e-05,0.0
7534,0.38232654333114624,0.38709700107574463,0.04875517636537552,0.0
7535,0.3988170027732849,0.3125,0.04229472577571869,0.0625
7536,0.3536090850830078,0.20634900033473969,0.05186455696821213,0.04761900007724762
7537,0.37831825017929077,0.3846150040626526,0.00012607593089342117,0.0
7538,0.2688387930393219,0.23684200644493103,0.05231931060552597,0.10526300221681595
7539,0.33294638991355896,0.16666699945926666,0.05179264396429062,0.0
7540,0.4616166949272156,0.4444440007209778,0.04548652097582817,0.11111100018024445
7541,0.5288349390029907,0.44999998807907104,0.04057582840323448,0.0
7542,0.6607128381729126,0.7368419766426086,0.031132496893405914,0.026316000148653984
7543,0.3120628595352173,0.16666699945926666,4.510674625635147e-05,0.0
7544,0.17947012186050415,0.08333300054073334,0.001441371627151966,0.16666699945926666
7545,0.5506522059440613,0.4846149981021881,0.03685591742396355,0.023076999932527542
7546,0.3519858121871948,0.2857140004634857,0.048786673694849014,0.19047600030899048
7547,0.5761734843254089,0.5356199741363525,0.039572205394506454,0.05540899932384491
7548,0.5718309879302979,0.3986929953098297,0.03685108944773674,0.006535999942570925
7549,0.5703766345977783,0.4489800035953522,0.036826957017183304,0.06122399866580963
7550,0.47200050950050354,0.5113639831542969,0.04355005547404289,0.045455001294612885
7551,0.5924805402755737,0.65625,0.034689925611019135,0.0
7552,0.3137378990650177,0.3846150040626526,0.000950557179749012,0.07692299783229828
7553,0.46907275915145874,0.4000000059604645,-2.166908234357834e-05,0.0
7554,0.5487027764320374,0.7142860293388367,0.05181802064180374,0.04761900007724762
7555,0.46073853969573975,0.33333298563957214,-3.117043524980545e-05,0.0
7556,0.36799031496047974,0.06666699796915054,0.04710337147116661,0.1333329975605011
7557,0.26105567812919617,0.14285700023174286,0.0541030690073967,0.0
7558,0.5586797595024109,0.44680899381637573,0.03531904146075249,0.04255300015211105
7559,0.36897197365760803,0.22727300226688385,0.04290640354156494,0.045455001294612885
7560,0.3740164041519165,0.4000000059604645,0.0001656152307987213,0.10000000149011612
7561,0.48750168085098267,0.4929580092430115,0.041453901678323746,0.0
7562,0.6205757856369019,0.5555559992790222,0.031132496893405914,0.015873000025749207
7563,0.38412702083587646,0.4545454978942871,0.001036020927131176,0.0
7564,0.5709498524665833,0.5140190124511719,0.03564202040433884,0.028037000447511673
7565,0.5014739632606506,0.4444440007209778,0.038612887263298035,0.0
7566,0.2023598551750183,0.4375,0.022547513246536255,0.0625
7567,0.5623701214790344,0.4455449879169464,0.03970017656683922,0.049504999071359634
7568,0.323733925819397,0.2325579971075058,0.04925911873579025,0.1162789985537529
7569,0.44753384590148926,0.5555559992790222,5.1524490118026733e-05,0.0
7570,0.5287414789199829,0.6308720111846924,0.03972344473004341,0.0604030005633831
7571,0.5660176873207092,0.6000000238418579,0.031132496893405914,0.0
7572,0.4400028586387634,0.2857142984867096,3.53250652551651e-06,0.0
7573,0.3028571903705597,0.14285700023174286,0.04495697468519211,0.0
7574,0.4627573490142822,0.1875,0.043161541223526,0.0625
7575,0.4481140375137329,0.6666669845581055,0.0004517091438174248,0.0
7576,0.4209122359752655,0.5333330035209656,0.04244372993707657,0.06666699796915054
7577,0.4311596751213074,0.5357139706611633,0.0425075925886631,0.0
7578,0.5737471580505371,0.59375,0.03202688694000244,0.010417000390589237
7579,0.5053859353065491,0.3981480896472931,0.04225214943289757,0.055555559694767
7580,0.5353800654411316,0.7058820128440857,0.03615929186344147,0.0
7581,0.3570815622806549,0.5,4.569441080093384e-05,0.16666699945926666
7582,0.49473991990089417,0.6000000238418579,2.4158507585525513e-06,0.0
7583,0.46079277992248535,0.5227270126342773,0.04133150354027748,0.0227269995957613
7584,0.25735777616500854,0.375,2.3422762751579285e-05,0.0
7585,0.5062391757965088,0.527472972869873,0.0430506132543087,0.021978000178933144
7586,0.619657576084137,0.4000000059604645,2.207234501838684e-07,0.0
7587,0.556842565536499,0.47368401288986206,0.040788695216178894,0.09022600203752518
7588,0.6598943471908569,0.6944440007209778,0.031132496893405914,0.02777799963951111
7589,0.6513674259185791,0.6183210015296936,0.031132496893405914,0.03816799819469452
7590,0.549843966960907,0.29166701436042786,0.035658806562423706,0.08333300054073334
7591,0.19411838054656982,0.5,1.859385520219803e-05,0.0
7592,0.3271463215351105,0.6000000238418579,0.031799349933862686,0.0
7593,0.5956209301948547,0.5520830154418945,0.03666677325963974,0.020833000540733337
7594,0.4839605689048767,0.42207789421081543,0.04367295652627945,0.03246752917766571
7595,0.44804632663726807,0.35294100642204285,0.0443592444062233,0.058823999017477036
7596,0.42071789503097534,0.5,0.04967261850833893,0.0
7597,0.3277985155582428,0.0,3.712903708219528e-05,0.0
7598,0.4446561336517334,0.33962300419807434,0.04661666229367256,0.0
7599,0.2471996545791626,0.4000000059604645,0.0325772650539875,0.0
7600,0.31234225630760193,0.23529399931430817,0.05021721124649048,0.058823999017477036
7601,0.38661569356918335,0.6666669845581055,-1.0102987289428711e-05,0.0
7602,0.30678245425224304,0.125,0.00011833291500806808,0.125
7603,0.37179484963417053,0.3714289963245392,0.04828273504972458,0.019047999754548073
7604,0.30657967925071716,1.0,4.258938133716583e-06,0.0
7605,0.5209042429924011,0.33333298563957214,0.0379757434129715,0.09523800015449524
7606,0.4209762513637543,0.5517240166664124,0.042209576815366745,0.10344800353050232
7607,0.5696674585342407,0.6312850117683411,0.039746709167957306,0.027932999655604362
7608,0.2902703583240509,0.23636400699615479,0.05064630135893822,0.054545000195503235
7609,0.43595659732818604,0.0,1.6139820218086243e-06,0.0
7610,0.5464324355125427,0.2857140004634857,-3.1060539186000824e-05,0.14285700023174286
7611,0.6109396815299988,0.5199999809265137,0.031132496893405914,0.0
7612,0.33123844861984253,0.5,2.6999041438102722e-06,0.0
7613,0.48151901364326477,0.4210529923439026,0.03907793015241623,0.10526300221681595
7614,0.6203863620758057,0.6388890147209167,0.03445826470851898,0.013888999819755554
7615,0.6289314031600952,0.5836300253868103,0.03181445598602295,0.014235000126063824
7616,0.4504516124725342,0.25,0.04512215405702591,0.0
7617,0.5889630317687988,0.6156160235404968,0.03531603515148163,0.03303299844264984
7618,0.5650641918182373,0.20000000298023224,0.03645708039402962,0.1333329975605011
7619,0.34133756160736084,0.32824400067329407,0.05014275759458542,0.061069000512361526
7620,0.4871075451374054,0.33333298563957214,-2.40374356508255e-06,0.0
7621,0.5670217275619507,0.5,9.633321315050125e-05,0.10000000149011612
7622,0.3681626617908478,0.4545449912548065,-5.300156772136688e-06,0.0
7623,0.4493553638458252,0.0,2.1783635020256042e-05,0.25
7624,0.5424323678016663,0.5454549789428711,0.03554315119981766,0.045455001294612885
7625,0.426007479429245,0.5447760224342346,0.046703193336725235,0.08955200016498566
7626,0.5210618376731873,0.4285709857940674,0.040101535618305206,0.0
7627,0.3109724223613739,0.5,9.360723197460175e-06,0.16666699945926666
7628,0.5300433039665222,0.4838710129261017,0.039250195026397705,0.08602199703454971
7629,0.3852394223213196,0.33333298563957214,9.79667529463768e-05,0.0
7630,0.5887016654014587,0.6056339740753174,0.03676185756921768,0.01408500038087368
7631,0.5885798931121826,0.5882350206375122,0.034994032233953476,0.10588199645280838
7632,0.4526531994342804,0.35714301466941833,0.0005758414044976234,0.0
7633,0.5890570878982544,0.5390949845314026,0.036615364253520966,0.02469100058078766
7634,0.32081517577171326,0.5,-2.1037645637989044e-05,0.0
7635,0.5184741616249084,0.47058799862861633,0.03429228812456131,0.0
7636,0.31460440158843994,0.07692307978868484,-1.2774951756000519e-05,0.07692307978868484
7637,0.5108015537261963,0.44094499945640564,0.04296187311410904,0.07874000072479248
7638,0.4106840491294861,0.5333333015441895,0.01630987972021103,0.0
7639,0.48932844400405884,0.36363598704338074,0.03816881775856018,0.0
7640,0.5672118067741394,0.5769230127334595,0.03674815222620964,0.07692299783229828
7641,0.4080073833465576,0.5263159871101379,0.05158321559429169,0.026316000148653984
7642,0.538925051689148,0.32558101415634155,0.03892132267355919,0.046512000262737274
7643,0.6394823789596558,0.625,0.031132496893405914,0.0
7644,0.47441259026527405,0.5185189843177795,0.0383184477686882,0.07407400012016296
7645,0.6373152732849121,0.5963299870491028,0.032940030097961426,0.07339400053024292
7646,0.602805495262146,0.5688070058822632,0.034592799842357635,0.055045999586582184
7647,0.5412712693214417,0.10144899785518646,0.03919277340173721,0.028985999524593353
7648,0.3240264058113098,0.25,0.04959717392921448,0.0625
7649,0.6204299330711365,0.6200000047683716,0.035927385091781616,0.009999999776482582
7650,0.6204245090484619,0.5476189851760864,0.031132496893405914,0.011904999613761902
7651,0.5374070405960083,0.5,0.037328943610191345,0.125
7652,0.29540279507637024,0.25,0.05425535887479782,0.0625
7653,0.5629765391349792,0.6713290214538574,0.03862736374139786,0.03496500104665756
7654,0.4025039076805115,0.20000000298023224,8.436106145381927e-05,0.0
7655,0.4122454524040222,0.5714290142059326,6.26957044005394e-05,0.0
7656,0.5177913904190063,0.5566040277481079,0.040772728621959686,0.00471699982881546
7657,0.2505755126476288,0.15254199504852295,0.05232963711023331,0.06779699772596359
7658,0.5423567295074463,0.6324319839477539,0.04127296805381775,0.021622000262141228
7659,0.46479737758636475,0.39285698533058167,0.04002010077238083,0.03571400046348572
7660,0.5629591941833496,0.6805559992790222,0.03806745260953903,0.0
7661,0.3893023729324341,0.351063996553421,0.04954059422016144,0.10638300329446793
7662,0.5791925191879272,0.6512349843978882,0.03677556663751602,0.03086400032043457
7663,0.2717001438140869,0.0,4.148110747337341e-06,0.0
7664,0.5402516722679138,0.46875,0.036841437220573425,0.0
7665,0.43332982063293457,0.3518519997596741,0.04743234068155289,0.018518999218940735
7666,0.5706059336662292,0.6227539777755737,0.03621642664074898,0.04790399968624115
7667,0.6056178212165833,0.6136360168457031,0.03208586201071739,0.06818199902772903
7668,0.41472676396369934,0.5510200262069702,0.04713581129908562,0.030611999332904816
7669,0.2836393415927887,0.23529399931430817,0.05062533915042877,0.0
7670,0.4885276257991791,0.65625,0.04036296159029007,0.03125
7671,0.5027181506156921,0.4953700006008148,0.04331684112548828,0.03703700006008148
7672,0.4747527837753296,0.4666669964790344,0.0443364754319191,0.06666699796915054
7673,0.47680485248565674,0.16666699945926666,3.891903907060623e-05,0.0
7674,0.5633483529090881,0.5714290142059326,0.03559879958629608,0.023809999227523804
7675,0.5451870560646057,0.5656110048294067,0.039036162197589874,0.009050000458955765
7676,0.5361010432243347,0.4074069857597351,0.03589756414294243,0.2222220003604889
7677,0.31277450919151306,0.3703700006008148,0.053724780678749084,0.1851850003004074
7678,0.4686460494995117,0.6896550059318542,0.040676940232515335,0.0
7679,0.4754682779312134,0.5555559992790222,0.042667239904403687,0.03703700006008148
7680,0.5319699048995972,0.6875,0.03546945005655289,0.0625
7681,0.3109968304634094,0.33333298563957214,1.1671334505081177e-05,0.0
7682,0.5022181868553162,0.7586209774017334,0.04256080836057663,0.0
7683,0.4420173466205597,0.5299999713897705,0.04617319628596306,0.05000000074505806
7684,0.4301108419895172,0.30000001192092896,0.04807276278734207,0.10000000149011612
7685,0.3302149772644043,0.0,2.816971391439438e-05,0.0
7686,0.5193192958831787,0.684211015701294,0.041432615369558334,0.03508799895644188
7687,0.5314728617668152,0.7857139706611633,0.04548652097582817,0.0
7688,0.5175619125366211,0.610293984413147,0.04265659675002098,0.036765001714229584
7689,0.5587891340255737,0.5,0.04017670452594757,0.019511999562382698
7690,0.2758045494556427,0.30000001192092896,9.37003642320633e-06,0.10000000149011612
7691,0.503780722618103,0.6172839999198914,0.04298405349254608,0.03703700006008148
7692,0.4199216961860657,0.2857140004634857,0.04787328094244003,0.10204099863767624
7693,0.5937231183052063,0.4653469920158386,0.036962106823921204,0.019802000373601913
7694,0.4067755937576294,0.42465800046920776,0.04557761922478676,0.041095998138189316
7695,0.4630137085914612,0.3846150040626526,0.007933069951832294,0.07692299783229828
7696,0.602887749671936,0.6436780095100403,0.035636432468891144,0.05364000052213669
7697,0.5535485744476318,0.4642859995365143,0.037980567663908005,0.03571400046348572
7698,0.605828046798706,0.5270270109176636,0.03517264127731323,0.04054100066423416
7699,0.46534162759780884,0.5333330035209656,0.04234794154763222,0.06666699796915054
7700,0.411664754152298,0.45517200231552124,0.04753732308745384,0.02068999968469143
7701,0.41373398900032043,0.14285700023174286,2.5955960154533386e-06,0.0
7702,0.6000150442123413,0.6644520163536072,0.03527993708848953,0.029899999499320984
7703,0.5143023729324341,0.4444440007209778,0.03643638268113136,0.11111100018024445
7704,0.5994462966918945,0.7272729873657227,0.023928403854370117,0.0
7705,0.16274237632751465,0.16666699945926666,0.011313986964523792,0.08333300054073334
7706,0.5810678601264954,0.550000011920929,0.0325012169778347,0.10000000149011612
7707,0.4782847762107849,0.4982700049877167,0.04439341276884079,0.034602001309394836
7708,0.5406215786933899,0.6470590233802795,0.03542282059788704,0.0
7709,0.46609067916870117,0.47368401288986206,0.043538883328437805,0.01754399947822094
7710,0.6066949367523193,0.7192980051040649,0.03418270871043205,0.05263200029730797
7711,0.6269868016242981,0.8837209939956665,0.031132496893405914,0.0
7712,0.5377898812294006,0.5164840221405029,0.03988049179315567,0.060440000146627426
7713,0.3984859883785248,0.38095200061798096,0.044199831783771515,0.09523800015449524
7714,0.5870097875595093,0.5240083932876587,0.036538265645504,0.04801670089364052
7715,0.3338116705417633,0.5833330154418945,0.05310886353254318,0.08333300054073334
7716,0.5150523781776428,0.4000000059604645,7.781200110912323e-06,0.4000000059604645
7717,0.5667788982391357,0.6976739764213562,0.03708277642726898,0.046512000262737274
7718,0.40992897748947144,0.4000000059604645,0.04457559436559677,0.0
7719,0.24882254004478455,0.09090899676084518,0.0002461997792124748,0.0
7720,0.5990508794784546,0.7377049922943115,0.033774711191654205,0.06557399779558182
7721,0.41342732310295105,0.5535709857940674,0.045729730278253555,0.10714299976825714
7722,0.5550812482833862,0.6533330082893372,0.039114467799663544,0.03999999910593033
7723,0.5967386960983276,0.49180299043655396,0.037343427538871765,0.01639300025999546
7724,0.49536192417144775,0.6666669845581055,2.6384368538856506e-06,0.0
7725,0.31524133682250977,0.25,0.04999758303165436,0.0
7726,0.31377920508384705,0.4285709857940674,0.049206629395484924,0.04761900007724762
7727,0.4289408326148987,0.27272701263427734,-2.2384338080883026e-05,0.09090899676084518
7728,0.3932386338710785,0.4390240013599396,0.044552821666002274,0.12195099890232086
7729,0.5828496217727661,0.6216220259666443,0.03476802259683609,0.04054100066423416
7730,0.6036412715911865,0.5654209852218628,0.03795643523335457,0.07943899929523468
7731,0.4006401598453522,0.375,0.046930328011512756,0.04166699945926666
7732,0.5851199626922607,0.6744189858436584,0.03758959472179413,0.017441999167203903
7733,0.4284031391143799,0.3125,0.04659502953290939,0.05000000074505806
7734,0.46768587827682495,0.44827601313591003,0.0407993383705616,0.03448300063610077
7735,0.3263297975063324,0.23529399931430817,0.049770988523960114,0.029411999508738518
7736,0.5331753492355347,0.6000000238418579,0.03959546983242035,0.018182000145316124
7737,0.4613853096961975,0.32911399006843567,0.04585952311754227,0.05063299834728241
7738,0.37784576416015625,0.20000000298023224,1.2684613466262817e-05,0.0
7739,0.38374418020248413,0.36363598704338074,0.04674645513296127,0.0
7740,0.566921055316925,0.39037400484085083,0.03858392685651779,0.04278099909424782
7741,0.515701174736023,0.30000001192092896,5.2819959819316864e-05,0.10000000149011612
7742,0.6378133296966553,0.71875,0.031132496893405914,0.046875
7743,0.513994038105011,0.40136098861694336,0.041986070573329926,0.09523800015449524
7744,0.4594404697418213,0.5,0.04139003902673721,0.0
7745,0.4656512141227722,0.6166669726371765,0.044803325086832047,0.016666999086737633
7746,0.45861563086509705,0.5737699866294861,0.044917188584804535,0.01639300025999546
7747,0.42365068197250366,0.2666670083999634,0.04070354998111725,0.06666699796915054
7748,0.5238945484161377,0.7200000286102295,0.042230866849422455,0.03999999910593033
7749,0.6662502884864807,0.5384619832038879,0.031132496893405914,0.03846200183033943
7750,0.4831637144088745,0.47169798612594604,0.04347214847803116,0.01886799931526184
7751,0.38965702056884766,0.46808499097824097,0.04609747976064682,0.06383000314235687
7752,0.4063751697540283,0.6666669845581055,1.0868534445762634e-06,0.0
7753,0.3343489170074463,0.4000000059604645,0.05064630135893822,0.0
7754,0.4390316605567932,0.5555559992790222,5.724374204874039e-05,0.11111100018024445
7755,0.42637068033218384,0.3793100118637085,0.04644360393285751,0.04597700014710426
7756,0.6021488904953003,0.65625,0.032643258571624756,0.078125
7757,0.42411941289901733,0.5,0.041868992149829865,0.0
7758,0.5076277256011963,0.6875,0.040299102663993835,0.0
7759,0.2765384018421173,0.4285709857940674,-7.020402699708939e-05,0.0
7760,0.5742781162261963,0.550000011920929,0.031132496893405914,0.0
7761,0.46553999185562134,0.5675680041313171,0.042624667286872864,0.0
7762,0.47227805852890015,0.4666669964790344,0.01644221320748329,0.06666699796915054
7763,0.5237018465995789,0.5909090042114258,0.04125168174505234,0.06060599908232689
7764,0.4458834230899811,0.6888890266418457,0.0424969419836998,0.06666699796915054
7765,0.3775024116039276,0.5106379985809326,0.04875517636537552,0.06383000314235687
7766,0.4358556866645813,0.7142860293388367,1.9229017198085785e-05,0.0
7767,0.5586588382720947,0.7142860293388367,0.03537168353796005,0.04761900007724762
7768,0.5202839970588684,0.800000011920929,0.03567279502749443,0.0
7769,0.5675190091133118,0.4202899932861328,0.03720827400684357,0.028985999524593353
7770,0.5846430063247681,0.5754560828208923,0.03808675706386566,0.026534000411629677
7771,0.5515674948692322,0.5304350256919861,0.041150566190481186,0.08695700019598007
7772,0.3751623034477234,0.5909090042114258,0.043829381465911865,0.0
7773,0.4669075310230255,0.17499999701976776,0.04406401515007019,0.07500000298023224
7774,0.5778734683990479,0.2857140004634857,0.0003275638446211815,0.0
7775,0.5708292126655579,0.6666669845581055,0.03459886834025383,0.03703700006008148
7776,0.5925990343093872,0.5777779817581177,0.036151133477687836,0.03333299979567528
7777,0.5438640713691711,0.6000000238418579,9.806826710700989e-07,0.10000000149011612
7778,0.5143627524375916,0.6290320158004761,0.041735950857400894,0.03225800022482872
7779,0.5396275520324707,0.5384619832038879,0.0001221010461449623,0.15384599566459656
7780,0.5577195882797241,0.44318199157714844,0.04070354998111725,0.03977299854159355
7781,0.3084917366504669,0.4000000059604645,5.132518708705902e-06,0.20000000298023224
7782,0.6396906971931458,0.6363636255264282,5.2500516176223755e-05,0.0
7783,0.27899467945098877,0.625,7.376354187726974e-05,0.0
7784,0.5789722204208374,0.4227850139141083,0.03904660791158676,0.017721999436616898
7785,0.36765146255493164,0.434783011674881,0.04618401825428009,0.04347800090909004
7786,0.4929410219192505,0.5454549789428711,1.3582408428192139e-05,0.0
7787,0.5617964267730713,0.46000000834465027,0.039351169019937515,0.06461499631404877
7788,0.5370966196060181,0.54032301902771,0.04062904790043831,0.02419400028884411
7789,0.5934556126594543,0.48750001192092896,0.035610832273960114,0.06875000149011612
7790,0.5889805555343628,0.49000000953674316,0.038696855306625366,0.03500000014901161
7791,0.4250813126564026,0.33333298563957214,0.04315045103430748,0.0
7792,0.44693729281425476,0.375,-2.6290304958820343e-05,0.0
7793,0.29355576634407043,0.4285709857940674,0.036436863243579865,0.0
7794,0.5092552304267883,0.48369601368904114,0.04331684112548828,0.06521700322628021
7795,0.6354663372039795,0.6869810223579407,0.03626947104930878,0.08864299952983856
7796,0.6230684518814087,0.6273459792137146,0.03567279502749443,0.048257000744342804
7797,0.5496829748153687,0.4669809937477112,0.04131553694605827,0.03301899880170822
7798,0.48522961139678955,0.41739100217819214,0.0443478599190712,0.07826100289821625
7799,0.6127601265907288,0.46875,0.03373878076672554,0.15625
7800,0.5846646428108215,0.4186049997806549,0.03614433482289314,0.06976699829101562
7801,0.34918642044067383,0.5,-1.5789642930030823e-05,0.16666699945926666
7802,0.3883522152900696,0.26470598578453064,0.05261862277984619,0.08823499828577042
7803,0.5394372940063477,0.4713110029697418,0.04232665151357651,0.04098400101065636
7804,0.40546905994415283,0.3023259937763214,0.04873418062925339,0.0
7805,0.5662996172904968,0.6052629947662354,0.03563922643661499,0.026316000148653984
7806,0.41478729248046875,0.39130398631095886,0.0443592444062233,0.04347800090909004
7807,0.44122809171676636,0.36000001430511475,0.038837797939777374,0.11999999731779099
7808,0.3775758147239685,0.18181799352169037,0.0011177202686667442,0.0
7809,0.4711037278175354,0.5671640038490295,0.04459836706519127,0.014925000257790089
7810,0.3929210901260376,0.33333298563957214,0.04635707288980484,0.0
7811,0.5559223294258118,0.5625,0.03981650993227959,0.04374999925494194
7812,0.5190558433532715,0.5137609839439392,0.04173062741756439,0.11926600337028503
7813,0.534004807472229,0.6363639831542969,0.036185137927532196,0.030302999541163445
7814,0.400420606136322,0.4285709857940674,0.0443592444062233,0.03571400046348572
7815,0.5849601626396179,0.7364339828491211,0.03823156654834747,0.01679600030183792
7816,0.38762331008911133,0.5555559992790222,1.5721656382083893e-05,0.0
7817,0.5258122682571411,0.4854370057582855,0.04134746640920639,0.03883500024676323
7818,0.41759443283081055,0.375,0.04658421501517296,0.0625
7819,0.46967148780822754,0.4625000059604645,0.0443478599190712,0.11249999701976776
7820,0.2231244146823883,0.27272701263427734,0.0001363717019557953,0.0
7821,0.008833304047584534,0.33333298563957214,1.592840999364853e-05,0.0
7822,0.46525415778160095,0.4666669964790344,0.01746033877134323,0.0
7823,0.5651587843894958,0.6666669845581055,0.03990957885980606,0.04483399912714958
7824,0.48728156089782715,0.48148098587989807,0.03763303905725479,0.03703700006008148
7825,0.6067255735397339,0.5833330154418945,-2.325046807527542e-05,0.0
7826,0.5168436765670776,0.41666701436042786,0.04246501624584198,0.07575800269842148
7827,0.2785300016403198,0.25,0.05280955880880356,0.05000000074505806
7828,0.39682120084762573,0.337662011384964,0.04723285883665085,0.03896100074052811
7829,0.46506673097610474,0.75,1.4686957001686096e-06,0.25
7830,0.5254518985748291,0.48611098527908325,0.03951985388994217,0.02777799963951111
7831,0.5294889807701111,0.857142984867096,2.370215952396393e-06,0.14285700023174286
7832,0.47452405095100403,0.6666669845581055,0.011076490394771099,0.0
7833,0.1640961766242981,0.33333298563957214,0.00012164004147052765,0.16666699945926666
7834,0.28895360231399536,0.343284010887146,0.05279923230409622,0.05970099940896034
7835,0.2810467779636383,0.2894740104675293,0.05425044894218445,0.07894700020551682
7836,0.4304651916027069,0.3793100118637085,0.04350542277097702,0.0
7837,0.4511477053165436,0.5192310214042664,0.04340558499097824,0.05769199877977371
7838,0.29368555545806885,0.2857140004634857,0.051725178956985474,0.0
7839,0.236294686794281,0.5,-1.8086284399032593e-06,0.25
7840,0.5071712136268616,0.699999988079071,4.280358552932739e-06,0.10000000149011612
7841,0.49190306663513184,0.75,7.133930921554565e-07,0.0
7842,-0.0014061108231544495,0.0,2.9833056032657623e-05,0.0
7843,0.5238704085350037,0.5197370052337646,0.042667239904403687,0.05921100080013275
7844,0.3075055181980133,0.20000000298023224,6.813090294599533e-05,0.0
7845,0.5900580883026123,0.6210830211639404,0.03698141872882843,0.054131001234054565
7846,0.42387938499450684,0.4375,0.04842972010374069,0.0625
7847,0.5167674422264099,0.3846150040626526,0.03532957285642624,0.0
7848,0.48094141483306885,0.1599999964237213,0.04640033841133118,0.0
7849,0.5384118556976318,0.5957450270652771,0.03706829994916916,0.0
7850,0.5425239205360413,0.5307689905166626,0.041810452938079834,0.1038459986448288
7851,0.5800536870956421,0.3962259888648987,0.03757511451840401,0.03459100052714348
7852,0.5171265602111816,0.4000000059604645,8.201319724321365e-05,0.0
7853,0.46360254287719727,0.510204017162323,0.0452132448554039,0.02040800079703331
7854,0.4384462237358093,0.25,0.04474639147520065,0.08928599953651428
7855,0.49444150924682617,0.846153974533081,0.036592282354831696,0.0
7856,0.5391490459442139,0.6200000047683716,0.03788403421640396,0.03999999910593033
7857,0.3762683868408203,0.625,6.049405783414841e-05,0.0
7858,0.4077880382537842,0.6666669845581055,1.7695128917694092e-06,0.0
7859,0.36996588110923767,0.41666701436042786,7.26897269487381e-06,0.0
7860,0.3270363509654999,0.30000001192092896,0.00021529942750930786,0.10000000149011612
7861,0.44529569149017334,0.20000000298023224,0.045076608657836914,0.08571399748325348
7862,0.39461880922317505,0.5,-2.7094967663288116e-05,0.0
7863,0.35304057598114014,0.65625,0.048692189157009125,0.03125
7864,0.5006544589996338,0.31034499406814575,0.039114467799663544,0.03448300063610077
7865,0.4695624113082886,0.7142860293388367,0.00017780903726816177,0.07142899930477142
7866,0.4245785176753998,0.30208298563957214,0.04848221316933632,0.05208300054073334
7867,0.5807645320892334,0.486268013715744,0.038414984941482544,0.06946700066328049
7868,0.6047410368919373,0.6196470260620117,0.036270830780267715,0.02770799957215786
7869,0.2584293484687805,0.20000000298023224,1.1876225471496582e-05,0.20000000298023224
7870,0.46768730878829956,0.30000001192092896,-2.5152228772640228e-05,0.0
7871,0.5118551850318909,0.6000000238418579,0.04320591688156128,0.03448300063610077
7872,0.45228874683380127,0.5,0.013367543928325176,0.08333300054073334
7873,0.6045106649398804,0.5862069725990295,0.031132496893405914,0.03448300063610077
7874,0.3408333659172058,0.3488369882106781,0.04859769716858864,0.09302300214767456
7875,0.541598916053772,0.4109010100364685,0.04066629707813263,0.03354300186038017
7876,0.5142594575881958,0.43396198749542236,0.039822325110435486,0.06603799760341644
7877,0.642258882522583,0.6344649791717529,0.03452704846858978,0.0365540012717247
7878,0.37064093351364136,0.20000000298023224,-3.7060119211673737e-05,0.10000000149011612
7879,0.3093840181827545,0.4000000059604645,2.249237149953842e-05,0.0
7880,0.6274557113647461,0.5762709975242615,0.031132496893405914,0.08474600315093994
7881,0.4718301594257355,0.36619699001312256,0.04176788032054901,0.08450700342655182
7882,0.520254373550415,0.4453119933605194,0.044086359441280365,0.0703120008111
7883,0.31201866269111633,0.28125,0.048450715839862823,0.03125
7884,0.5618668794631958,0.5588240027427673,0.03938025236129761,0.0
7885,0.4624061584472656,0.4897960126399994,0.04209250211715698,0.04081600159406662
7886,0.5831597447395325,0.5,0.03555367514491081,0.0441179983317852
7887,0.34818264842033386,0.5,-1.214630901813507e-05,0.0
7888,0.17661568522453308,0.0,-1.8254853785037994e-05,0.0
7889,0.5288900136947632,0.27272701263427734,0.03758959472179413,0.07272700220346451
7890,0.011046446859836578,0.5,-3.473181277513504e-05,0.0
7891,0.5345732569694519,0.4854586124420166,0.04113992676138878,0.031319908797740936
7892,0.5420223474502563,0.5,0.0415550135076046,0.023256000131368637
7893,0.48297083377838135,0.36363598704338074,2.032797783613205e-05,0.0
7894,0.4414311349391937,0.2941179871559143,0.041166532784700394,0.0
7895,0.565757691860199,0.3802820146083832,0.03708760440349579,0.0
7896,0.3937501311302185,0.17948700487613678,0.048807669430971146,0.0
7897,0.40412867069244385,0.2857140004634857,0.03854767978191376,0.0
7898,0.6028333902359009,0.558139979839325,0.03653667867183685,0.09302300214767456
7899,0.4422057271003723,0.33962300419807434,0.04307279735803604,0.0943399965763092
7900,0.30352336168289185,0.4000000059604645,0.00026262272149324417,0.0
7901,0.38194864988327026,0.3043479919433594,0.04723285883665085,0.0
7902,0.49146419763565063,0.5060240030288696,0.04251823201775551,0.03614500164985657
7903,0.34860989451408386,0.38461539149284363,0.031211815774440765,0.07692307978868484
7904,0.32651573419570923,0.125,0.051278598606586456,0.125
7905,0.3345324993133545,0.35294100642204285,0.03907882049679756,0.0
7906,0.5777881741523743,0.6141980290412903,0.03767165541648865,0.0925929993391037
7907,0.49433255195617676,0.2941179871559143,0.03753167390823364,0.058823999017477036
7908,0.20272842049598694,0.0,-1.2614764273166656e-05,0.33333298563957214
7909,0.45673954486846924,0.5555559992790222,0.04421122372150421,0.03174600005149841
7910,0.5242818593978882,0.6875,0.03657909482717514,0.0
7911,0.3937489986419678,0.6666669845581055,6.011221557855606e-05,0.0
7912,0.4907953441143036,0.581080973148346,0.04272045940160751,0.10810799896717072
7913,0.5229073762893677,0.5045869946479797,0.0385887548327446,0.0
7914,0.3282853960990906,0.36000001430511475,0.04682216793298721,0.0
7915,0.1742401123046875,0.21428599953651428,0.027569793164730072,0.0
7916,0.6014128923416138,0.43243199586868286,0.03642011806368828,0.1351349949836731
7917,0.3579292893409729,0.33333298563957214,0.0002517150714993477,0.0
7918,0.5449851751327515,0.6106560230255127,0.041448578238487244,0.004098000004887581
7919,0.32722437381744385,0.33333298563957214,0.05537063628435135,0.0
7920,0.38317662477493286,0.0,2.9840506613254547e-05,0.0
7921,0.47332823276519775,0.3417719900608063,0.04609747976064682,0.037974998354911804
7922,0.6010012626647949,0.6136360168457031,0.0352679044008255,0.045455001294612885
7923,0.464924156665802,0.15151500701904297,0.0389578640460968,0.030302999541163445
7924,0.5129082798957825,0.4444440007209778,4.6836212277412415e-06,0.0
7925,0.5690167546272278,0.6216220259666443,0.039036162197589874,0.03716199845075607
7926,0.25831884145736694,0.11764699965715408,0.058358438313007355,0.17647099494934082
7927,0.13381391763687134,0.0,-2.551823854446411e-06,0.16666699945926666
7928,0.4443480372428894,0.71875,0.04318372905254364,0.0
7929,0.5849427580833435,0.5263159871101379,0.036202821880578995,0.026316000148653984
7930,0.5733416676521301,0.6052629947662354,0.040937699377536774,0.07894700020551682
7931,0.37814992666244507,0.41666701436042786,0.04916463419795036,0.04166699945926666
7932,0.4812559485435486,0.684211015701294,0.04303951933979988,0.026316000148653984
7933,0.5038287043571472,1.0,4.219822585582733e-06,0.0
7934,0.5008352994918823,0.3513509929180145,0.040639691054821014,0.02702699974179268
7935,0.44313186407089233,0.39285698533058167,0.04399697855114937,0.17857100069522858
7936,0.4489626884460449,0.47058799862861633,0.04335012286901474,0.07843100279569626
7937,0.6076010465621948,0.6722689867019653,0.034844934940338135,0.0
7938,0.5670727491378784,0.6885250210762024,0.03803849220275879,0.04918000102043152
7939,0.5142570734024048,0.6000000238418579,-9.331852197647095e-06,0.0
7940,0.48176881670951843,0.375,-8.375383913516998e-06,0.25
7941,0.26940786838531494,0.25,0.05348040908575058,0.08333300054073334
7942,0.5692000389099121,0.6355140209197998,0.038014356046915054,0.037383001297712326
7943,0.5357517600059509,0.6258500218391418,0.041150566190481186,0.017007000744342804
7944,0.520261824131012,0.33333298563957214,-3.0008144676685333e-05,0.33333298563957214
7945,0.2599422335624695,0.4000000059604645,6.899051368236542e-05,0.0
7946,0.3697432577610016,0.594202995300293,0.052505090832710266,0.0724639967083931
7947,0.5437436103820801,0.307692289352417,0.04082594811916351,0.024475520476698875
7948,0.4889220595359802,0.550000011920929,0.04150179773569107,0.07500000298023224
7949,0.4969448745250702,0.6363639831542969,-1.73347070813179e-05,0.0
7950,0.5629061460494995,0.5465120077133179,0.036210983991622925,0.005814000032842159
7951,0.4846012592315674,0.625,-1.2945383787155151e-07,0.125
7952,0.5368599891662598,0.375,0.035457417368888855,0.0
7953,0.4293404817581177,0.642857015132904,0.04943759739398956,0.023809999227523804
7954,0.47813600301742554,0.0,2.3494474589824677e-05,0.0
7955,0.38902485370635986,0.4615379869937897,0.0011012675240635872,0.07692299783229828
7956,0.4920200705528259,0.5263159871101379,0.04059711471199989,0.05263200029730797
7957,0.5051887631416321,0.5,0.0434943325817585,0.11538500338792801
7958,0.38012048602104187,0.42528700828552246,0.04959717392921448,0.022988999262452126
7959,0.5334146618843079,0.5741940140724182,0.04131021350622177,0.08387099951505661
7960,0.4765987992286682,0.2941179871559143,0.03607378154993057,0.11764699965715408
7961,0.5842244029045105,0.5630249977111816,0.037309639155864716,0.058823999017477036
7962,0.6504007577896118,0.7567570209503174,0.031132496893405914,0.0
7963,0.48676374554634094,0.25,3.933068364858627e-05,0.125
7964,0.5380793809890747,0.5609760284423828,0.04066629707813263,0.04878000169992447
7965,0.5124282836914062,0.36363598704338074,1.909211277961731e-07,0.0
7966,0.6139256358146667,0.36363598704338074,-3.469642251729965e-05,0.0
7967,0.5709514021873474,0.5411760210990906,0.03630891442298889,0.058823999017477036
7968,0.4680125415325165,0.38888901472091675,0.039461687207221985,0.0
7969,0.011648103594779968,0.0,4.458241164684296e-06,0.0
7970,0.37249070405960083,0.10000000149011612,4.763808101415634e-05,0.0
7971,0.3174360990524292,0.36000001430511475,0.04921712726354599,0.07999999821186066
7972,0.5842459201812744,0.5542169809341431,0.0352679044008255,0.04819300025701523
7973,0.6009920835494995,0.5428569912910461,0.03434130549430847,0.019047999754548073
7974,0.46867185831069946,0.375,-1.4328397810459137e-05,0.0
7975,0.5374907851219177,0.47727298736572266,0.04128892719745636,0.030302999541163445
7976,0.5825151205062866,0.7567570209503174,0.03281573951244354,0.02702699974179268
7977,0.5175486207008362,0.6153849959373474,0.046166084706783295,0.0
7978,0.5259556770324707,0.6182429790496826,0.04247565567493439,0.03716199845075607
7979,0.6200944781303406,0.6981130242347717,0.03460696339607239,0.03773599863052368
7980,0.5587475895881653,0.18181799352169037,-2.3088417947292328e-05,0.0
7981,0.3153870105743408,0.0,8.529983460903168e-06,0.0
7982,0.4449072480201721,0.5238100290298462,0.043538883328437805,0.03809500113129616
7983,0.5837529897689819,0.5207549929618835,0.03765234351158142,0.06792499870061874
7984,0.4763786792755127,0.5,1.2312084436416626e-06,0.0
7985,0.2570706307888031,0.11111100018024445,2.9122456908226013e-06,0.11111100018024445
7986,0.27429401874542236,0.4000000059604645,9.59327444434166e-05,0.0
7987,0.2798101007938385,0.18181799352169037,-3.536418080329895e-05,0.27272701263427734
7988,0.590941846370697,0.6026589870452881,0.03681247681379318,0.036928001791238785
7989,0.6217197775840759,0.5,1.3979151844978333e-06,0.0
7990,0.4716336727142334,0.51351398229599,0.04509937763214111,0.10810799896717072
7991,0.35749393701553345,0.5,0.04988500475883484,0.02500000037252903
7992,0.41539305448532104,0.4444440007209778,0.04442756623029709,0.0
7993,0.5705274939537048,0.7142860293388367,0.035877496004104614,0.04081600159406662
7994,0.5785268545150757,0.6470590233802795,0.03603718429803848,0.014705999754369259
7995,0.30054140090942383,0.25,-8.612032979726791e-05,0.0
7996,0.540416955947876,0.6206899881362915,0.03670014813542366,0.0
7997,0.4130042493343353,0.19444400072097778,0.04538404196500778,0.06944400072097778
7998,0.588799238204956,0.6153849959373474,0.00018989015370607376,0.07692299783229828
7999,0.6109763383865356,0.5918369889259338,0.03127405792474747,0.04081600159406662
8000,0.38886672258377075,0.5384619832038879,0.05582437664270401,0.0
8001,0.20305135846138,0.2222220003604889,0.05291792005300522,0.05555599927902222
8002,0.47670847177505493,0.542635977268219,0.04366178810596466,0.046512000262737274
8003,0.474417120218277,0.5172410011291504,0.037493057548999786,0.10344800353050232
8004,0.40645384788513184,0.5263159871101379,0.047306351363658905,0.07894700020551682
8005,0.49763309955596924,0.5656570196151733,0.043639443814754486,0.07070700079202652
8006,0.4027705490589142,0.30000001192092896,0.04421122372150421,0.06666699796915054
8007,0.5000895261764526,0.75,-2.3283064365386963e-08,0.25
8008,0.5956417322158813,0.5333330035209656,0.009531754069030285,0.06666699796915054
8009,0.36523985862731934,0.5,0.04777879640460014,0.14285700023174286
8010,0.44092631340026855,0.4000000059604645,0.00018655788153409958,0.10000000149011612
8011,0.6041032671928406,0.59375,0.0353325791656971,0.0
8012,0.49316880106925964,0.4613179862499237,0.044199831783771515,0.08882500231266022
8013,0.48801666498184204,0.3802820146083832,0.04352770745754242,0.056338001042604446
8014,0.2228662371635437,0.3076919913291931,0.04438270628452301,0.0
8015,0.18900349736213684,0.25,0.055963046848773956,0.0
8016,0.48758465051651,0.3076919913291931,0.000379134900867939,0.07692299783229828
8017,0.47935858368873596,0.5476189851760864,0.04054921865463257,0.07142899930477142
8018,0.6174666881561279,0.5588240027427673,0.031132496893405914,0.0
8019,0.1830282062292099,0.16666699945926666,-1.03730708360672e-05,0.0
8020,0.3206377625465393,0.375,0.04708174616098404,0.0625
8021,0.5731037855148315,0.6021509766578674,0.03812054917216301,0.08602199703454971
8022,0.4092447757720947,0.5,-2.006813883781433e-05,0.0
8023,0.24774819612503052,0.0,3.2028183341026306e-06,0.25
8024,0.5139745473861694,0.3908050060272217,0.041374076157808304,0.05172400176525116
8025,0.5595454573631287,0.4920629858970642,0.03704898804426193,0.06349200010299683
8026,0.6171219348907471,0.5833330154418945,0.031132496893405914,0.0
8027,0.4471687078475952,0.528302013874054,0.04680053889751434,0.05660400167107582
8028,0.5358604192733765,0.6611300110816956,0.03950822353363037,0.03986699879169464
8029,0.4736493229866028,0.5,0.04998936131596565,0.045455001294612885
8030,0.3029792606830597,0.6000000238418579,1.0450370609760284e-05,0.0
8031,0.5891672968864441,0.3895348906517029,0.03823639079928398,0.04360464960336685
8032,0.5037350058555603,0.6666669845581055,2.6728957891464233e-07,0.0
8033,0.5790113210678101,0.6000000238418579,0.036095473915338516,0.026667000725865364
8034,0.515363335609436,0.4285709857940674,0.00020064879208803177,0.07142899930477142
8035,0.5912201404571533,0.5863190293312073,0.03669597953557968,0.029316000640392303
8036,0.39605748653411865,0.31818199157714844,0.044450338929891586,0.045455001294612885
8037,0.5485786199569702,0.4917129874229431,0.041299574077129364,0.0386740006506443
8038,0.5370703935623169,0.31578901410102844,0.03835223615169525,0.01754399947822094
8039,0.5700570940971375,0.5364810228347778,0.03892132267355919,0.053647998720407486
8040,0.41050636768341064,0.6499999761581421,0.04295077547430992,0.10000000149011612
8041,0.6050502061843872,0.4666669964790344,0.031132496893405914,0.03333299979567528
8042,0.3835284113883972,0.16666699945926666,1.7688609659671783e-05,0.0
8043,0.5355085730552673,0.6315789818763733,0.03841981291770935,0.026316000148653984
8044,0.6208598613739014,0.5990989804267883,0.03611038625240326,0.09459500014781952
8045,0.565995991230011,0.6388890147209167,0.03927629068493843,0.08333300054073334
8046,0.5789368748664856,0.375,-5.457550287246704e-07,0.0
8047,0.5223677754402161,0.3513509929180145,0.04191156476736069,0.09459500014781952
8048,0.45274102687835693,0.5,0.04233729839324951,0.10000000149011612
8049,0.5306957960128784,0.47263678908348083,0.04134214669466019,0.007462686859071255
8050,0.43387073278427124,0.5,0.045751363039016724,0.02777799963951111
8051,0.5286856293678284,0.4848479926586151,0.03828948736190796,0.010100999847054482
8052,0.4538116157054901,0.0,1.2508593499660492e-05,0.0
8053,0.4405711889266968,0.6470590233802795,0.04369530826807022,0.058823999017477036
8054,0.41248619556427,0.0,-5.6764110922813416e-06,0.0
8055,0.5476582646369934,0.5576919913291931,0.03874905779957771,0.03846200183033943
8056,0.5118970274925232,0.684211015701294,0.04317263513803482,0.05263200029730797
8057,0.34120973944664,0.29166701436042786,0.04792577773332596,0.04166699945926666
8058,0.3960849642753601,0.4285709857940674,-1.585390418767929e-05,0.14285700023174286
8059,0.30699294805526733,0.3846150040626526,0.017911657691001892,0.0
8060,0.4616101384162903,0.22916699945926666,0.04505383223295212,0.10416699945926666
8061,0.4679011106491089,0.508197009563446,0.044985510408878326,0.0
8062,0.35112011432647705,0.4000000059604645,-5.2209943532943726e-06,0.0
8063,0.37880027294158936,0.14814800024032593,0.04598931968212128,0.07407400012016296
8064,0.4546836316585541,0.5,6.3711777329444885e-06,0.0
8065,0.4208192527294159,0.4067800045013428,0.04659502953290939,0.05084700137376785
8066,0.5212985873222351,0.5627909898757935,0.04097495600581169,0.051162999123334885
8067,0.4406422972679138,0.5277780294418335,0.044279541820287704,0.11111100018024445
8068,0.47513294219970703,0.4625000059604645,0.04339449480175972,0.05000000074505806
8069,0.4718378782272339,0.36000001430511475,0.04311716929078102,0.07999999821186066
8070,0.531624972820282,0.38285699486732483,0.03858392685651779,0.07428599894046783
8071,0.6391260027885437,0.5918369889259338,0.031132496893405914,0.051020000129938126
8072,0.48948991298675537,0.4891299903392792,0.043717652559280396,0.010870000347495079
8073,0.5699144601821899,0.6861310005187988,0.03660877048969269,0.014599000103771687
8074,0.3796815872192383,0.3896099925041199,0.047442834824323654,0.06493499875068665
8075,0.4321240782737732,0.48591500520706177,0.04696277901530266,0.056338001042604446
8076,0.5947263836860657,0.587302029132843,0.03548147901892662,0.04761900007724762
8077,0.5231343507766724,0.6179779767990112,0.040714193135499954,0.044943999499082565
8078,0.5025164484977722,0.42086300253868103,0.04346105456352234,0.03597100079059601
8079,0.49974071979522705,0.4266670048236847,0.0432724691927433,0.013333000242710114
8080,0.3611961007118225,0.2800000011920929,0.04834572598338127,0.07999999821186066
8081,0.5850052833557129,0.5714290142059326,0.00029153842478990555,0.0
8082,0.35573291778564453,0.23076899349689484,0.012508745305240154,0.23076899349689484
8083,0.571667492389679,0.6873559951782227,0.039025723934173584,0.059769999235868454
8084,0.39348047971725464,0.6000000238418579,0.045751363039016724,0.05714299902319908
8085,0.5148164629936218,0.5094339847564697,0.04088447988033295,0.03773599863052368
8086,0.41492801904678345,0.2857140004634857,0.016762956976890564,0.07142899930477142
8087,0.34408828616142273,0.2857140004634857,0.00038568396121263504,0.14285700023174286
8088,0.5857082009315491,0.5686269998550415,0.036046676337718964,0.01960800029337406
8089,0.5644147396087646,0.6111109852790833,0.03820743411779404,0.11111100018024445
8090,0.4774312376976013,0.41666701436042786,4.907883703708649e-05,0.16666699945926666
8091,0.2680787146091461,0.33333298563957214,5.372706800699234e-05,0.16666699945926666
8092,0.25505658984184265,0.20000000298023224,-1.2568198144435883e-05,0.0
8093,0.4966883659362793,0.48322099447250366,0.042528875172138214,0.04026800021529198
8094,0.5274494886398315,0.3630949854850769,0.04286203160881996,0.03571400046348572
8095,0.5140818953514099,0.35294100642204285,0.03823639079928398,0.137254998087883
8096,0.5063753724098206,0.5555559992790222,0.03905182331800461,0.06666699796915054
8097,0.3589688539505005,0.281480997800827,0.05051504820585251,0.07407400012016296
8098,0.42066919803619385,0.39583298563957214,0.04609747976064682,0.010417000390589237
8099,0.5011385679244995,0.38888901472091675,0.04048004001379013,0.022221999242901802
8100,0.5935534238815308,0.5799999833106995,0.03537469357252121,0.019999999552965164
8101,0.47174954414367676,0.5,0.043717652559280396,0.08695700019598007
8102,0.5254275798797607,0.33333298563957214,8.648261427879333e-06,0.0
8103,0.33367693424224854,1.0,2.193264663219452e-06,0.0
8104,0.44692617654800415,0.33333298563957214,-6.814394146203995e-05,0.0
8105,0.4512024223804474,0.30000001192092896,0.0007505835965275764,0.0
8106,0.5737080574035645,0.5292479991912842,0.03916667029261589,0.022283999249339104
8107,0.3447840213775635,0.20000000298023224,0.04731684923171997,0.0
8108,0.47274529933929443,0.5833330154418945,-4.001893103122711e-06,0.16666699945926666
8109,0.43584170937538147,0.25,0.04273109883069992,0.0
8110,0.019142549484968185,0.0,-3.771297633647919e-05,0.0
8111,0.40067756175994873,0.6818180084228516,0.051335714757442474,0.045455001294612885
8112,0.5383824110031128,0.699999988079071,1.0545365512371063e-05,0.10000000149011612
8113,0.4673442840576172,0.4285709857940674,0.04123571515083313,0.0
8114,0.31756749749183655,0.6363639831542969,0.0007384950295090675,0.0
8115,0.509689211845398,0.33333298563957214,-1.6527250409126282e-05,0.0
8116,0.5420612692832947,0.5595239996910095,0.04170402139425278,0.0
8117,0.37600088119506836,0.3421050012111664,0.047006044536828995,0.07894700020551682
8118,0.32073676586151123,0.33333298563957214,0.052597977221012115,0.05000000074505806
8119,0.34249523282051086,0.6666669845581055,-2.4177134037017822e-06,0.0
8120,0.5378215909004211,0.625,1.830700784921646e-05,0.0
8121,0.446425199508667,0.7058820128440857,0.042550161480903625,0.0
8122,0.6036667227745056,0.5675680041313171,0.031132496893405914,0.0
8123,0.4364924132823944,0.3370789885520935,0.04620563983917236,0.022471999749541283
8124,0.5956946015357971,0.5333330035209656,0.03634028136730194,0.10000000149011612
8125,0.25112074613571167,0.25,2.159085124731064e-05,0.0
8126,0.5591953992843628,0.44180500507354736,0.03961873799562454,0.06413300335407257
8127,0.3064825236797333,0.25,1.9564293324947357e-05,0.0
8128,0.52489173412323,0.5833330154418945,0.0392032116651535,0.05952399969100952
8129,0.48473942279815674,0.1650490015745163,0.043751172721385956,0.03883500024676323
8130,0.38564950227737427,0.4000000059604645,0.04581625759601593,0.15000000596046448
8131,0.5776848793029785,0.6274510025978088,0.03670014813542366,0.01960800029337406
8132,0.597149670124054,0.4230769872665405,0.031132496893405914,0.03846200183033943
8133,0.5993101000785828,0.4623660147190094,0.03708760440349579,0.08064500242471695
8134,0.5200598835945129,0.5833330154418945,0.03918755054473877,0.08333300054073334
8135,0.507343590259552,0.574999988079071,0.04214572161436081,0.05000000074505806
8136,0.2523142993450165,0.25,3.942195326089859e-05,0.0
8137,0.24605411291122437,0.47058799862861633,0.04370873048901558,0.0
8138,0.4121064245700836,0.36734700202941895,0.04699522629380226,0.02040800079703331
8139,0.5804567337036133,0.6296300292015076,0.035564206540584564,0.044443998485803604
8140,0.4502881169319153,0.8333330154418945,0.03813985735177994,0.0
8141,0.5138660669326782,0.5744680166244507,0.038414984941482544,0.06383000314235687
8142,0.5549161434173584,0.5891469717025757,0.03872818127274513,0.046512000262737274
8143,0.3050348460674286,0.14814800024032593,0.053577400743961334,0.03703700006008148
8144,0.3464868664741516,0.4000000059604645,-1.7860904335975647e-05,0.0
8145,0.4263816475868225,0.4090909957885742,0.04331684112548828,0.045455001294612885
8146,0.4954989552497864,0.5616440176963806,0.04195413738489151,0.08219199627637863
8147,0.55534827709198,0.4285714030265808,7.972121238708496e-07,0.0
8148,0.4799022674560547,0.5116279721260071,0.04069822281599045,0.023256000131368637
8149,0.36545905470848083,0.33333298563957214,0.05266506224870682,0.0
8150,0.3296024799346924,0.33333298563957214,0.00506680179387331,0.0
8151,0.5895152688026428,0.6052629947662354,0.03372879698872566,0.013158000074326992
8152,0.5235520601272583,0.43396198749542236,0.03834258019924164,0.0943399965763092
8153,0.554140031337738,0.6666669845581055,0.034447137266397476,0.0
8154,0.497223436832428,0.4390240013599396,0.04313935339450836,0.04064999893307686
8155,0.5829918384552002,0.37179499864578247,0.03671684116125107,0.06410299986600876
8156,0.26138076186180115,0.203125,0.05257733166217804,0.078125
8157,0.4999988377094269,0.6666669845581055,-0.00012311246246099472,0.0
8158,0.6039877533912659,0.6153849959373474,0.0058940714225173,0.07692299783229828
8159,0.4488113224506378,0.5,0.04265659675002098,0.05000000074505806
8160,0.5213273167610168,0.6153849959373474,0.026660874485969543,0.0
8161,0.4044766426086426,0.47368401288986206,0.049206629395484924,0.05263200029730797
8162,0.31486761569976807,0.33333298563957214,0.0563226118683815,0.2380950003862381
8163,0.42087915539741516,0.3982299864292145,0.04619482904672623,0.07079599797725677
8164,0.37116941809654236,0.25,0.051043786108493805,0.10000000149011612
8165,0.015756867825984955,0.25,9.018927812576294e-06,0.0
8166,0.4861312508583069,0.6000000238418579,4.8696063458919525e-05,0.0
8167,0.5077205300331116,0.4685310125350952,0.04149647429585457,0.041958000510931015
8168,0.3776809573173523,0.5555559992790222,-2.4096108973026276e-05,0.2222220003604889
8169,0.5200005173683167,0.5132529735565186,0.04244372993707657,0.03132529929280281
8170,0.4814811050891876,0.7083330154418945,0.04272045940160751,0.04166699945926666
8171,0.5810192227363586,0.6706479787826538,0.0382508710026741,0.04266199842095375
8172,0.5782226920127869,0.70769202709198,0.03903094679117203,0.023076999932527542
8173,0.5141136646270752,0.5555559992790222,0.03817364573478699,0.03703700006008148
8174,0.5336852669715881,0.6126130223274231,0.03916667029261589,0.009008999913930893
8175,0.6181156635284424,0.800000011920929,2.39349901676178e-07,0.0
8176,0.3361337184906006,0.6000000238418579,3.777351230382919e-05,0.0
8177,0.3334898054599762,0.2857140004634857,0.04564320296049118,0.0
8178,0.30927222967147827,0.5,3.017578274011612e-05,0.0
8179,0.41138899326324463,0.33333298563957214,-2.5739893317222595e-05,0.08333300054073334
8180,0.3478606343269348,0.49180299043655396,0.05237092077732086,0.06557399779558182
8181,0.45129290223121643,0.5833330154418945,-2.7851201593875885e-05,0.0
8182,0.3929566442966461,0.4000000059604645,0.04451865702867508,0.05714299902319908
8183,0.5369017720222473,0.6540539860725403,0.0419328510761261,0.01621600054204464
8184,0.4917032718658447,0.5555559992790222,0.042645953595638275,0.044443998485803604
8185,0.532612681388855,0.4615379869937897,0.040101535618305206,0.022792000323534012
8186,0.4086172580718994,0.6000000238418579,-1.2191012501716614e-06,0.0
8187,0.5453988313674927,0.5625,0.036538265645504,0.0
8188,0.535443902015686,0.5286620259284973,0.042039282619953156,0.0700640007853508
8189,0.5470218658447266,0.5641030073165894,0.03620826080441475,0.05128199979662895
8190,0.6220355033874512,0.7058820128440857,0.031132496893405914,0.01176500041037798
8191,0.5956735014915466,0.5869569778442383,0.031825870275497437,0.02173900045454502
8192,0.5553687214851379,0.6432290077209473,0.040315065532922745,0.04947900027036667
8193,0.5514909625053406,0.3763439953327179,0.039426788687705994,0.08602199703454971
8194,0.33010464906692505,0.375,0.052768267691135406,0.08333300054073334
8195,0.5030800700187683,0.45222899317741394,0.04340558499097824,0.028661999851465225
8196,0.6010282635688782,0.7222219705581665,0.03638168051838875,0.014814999885857105
8197,0.42849454283714294,0.4864859879016876,0.04450727254152298,0.08108100295066833
8198,0.44575315713882446,0.16216200590133667,0.04424538463354111,0.08108100295066833
8199,0.48378509283065796,0.6000000238418579,0.045270178467035294,0.016666999086737633
8200,0.6255831122398376,0.33333298563957214,0.031132496893405914,0.18181799352169037
8201,0.32216790318489075,0.27272701263427734,0.04937460273504257,0.06060599908232689
8202,0.5523383021354675,0.7068970203399658,0.03744961693882942,0.03448300063610077
8203,0.4354236423969269,0.4533329904079437,0.047049302607774734,0.05333299934864044
8204,0.588419497013092,0.44615399837493896,0.03454728052020073,0.01538500003516674
8205,0.5964232683181763,0.5457519888877869,0.03667094558477402,0.06535899639129639
8206,0.6823315024375916,0.5806450247764587,0.031132496893405914,0.0
8207,0.5706484913825989,0.46690499782562256,0.038963086903095245,0.010733000002801418
8208,0.5069687366485596,0.4545449912548065,3.856886178255081e-05,0.09090899676084518
8209,0.2539125382900238,0.3076919913291931,0.02698594331741333,0.07692299783229828
8210,0.539458692073822,0.4962120056152344,0.041092030704021454,0.026514999568462372
8211,0.36899909377098083,0.5238100290298462,0.04658421501517296,0.07142899930477142
8212,0.576101541519165,0.6388890147209167,0.0363021194934845,0.05555599927902222
8213,0.39601409435272217,0.41666701436042786,0.0005994047969579697,0.08333300054073334
8214,0.40882161259651184,0.6470590233802795,0.0452360138297081,0.0
8215,0.501345157623291,0.5384619832038879,0.00010429508984088898,0.07692299783229828
8216,0.5948077440261841,0.5474449992179871,0.03591518849134445,0.029196999967098236
8217,0.5666620135307312,0.5990570187568665,0.04013413190841675,0.08490599691867828
8218,0.5630676746368408,0.3962259888648987,0.036721013486385345,0.0
8219,0.5373976826667786,0.6666669845581055,7.039867341518402e-06,0.0
8220,0.536688506603241,0.4000000059604645,0.03599923104047775,0.05000000074505806
8221,0.36485928297042847,0.4444440007209778,0.00015057437121868134,0.11111100018024445
8222,0.19428135454654694,0.0,7.74255022406578e-05,0.0
8223,0.34585464000701904,0.375,6.390921771526337e-05,0.0
8224,0.42838114500045776,0.2545450031757355,0.04422260820865631,0.018182000145316124
8225,0.3855127990245819,0.4615379869937897,0.00010832585394382477,0.07692299783229828
8226,0.5137588381767273,0.44827601313591003,0.04082062467932701,0.04597700014710426
8227,0.5844177007675171,0.531915009021759,0.03382262960076332,0.0
8228,0.48806700110435486,0.5384619832038879,0.03925541043281555,0.07692299783229828
8229,0.45011115074157715,0.5357139706611633,0.045361269265413284,0.0
8230,0.5517196655273438,0.645160973072052,0.03981069102883339,0.07526899874210358
8231,0.5647804141044617,0.5296609997749329,0.0387125164270401,0.014831000007689
8232,0.41316917538642883,0.625,-2.2275373339653015e-05,0.0
8233,0.5302091836929321,0.375,2.4782493710517883e-06,0.0
8234,0.44332021474838257,0.3381290137767792,0.04620563983917236,0.014387999661266804
8235,0.4083792567253113,0.23529399931430817,0.04028845578432083,0.058823999017477036
8236,0.1564285159111023,0.0,5.8523379266262054e-05,0.0
8237,0.5883265137672424,0.4722220003604889,0.035424329340457916,0.05555599927902222
8238,0.4826808571815491,0.6875,0.03880126029253006,0.0625
8239,0.5181471109390259,0.44318199157714844,0.04308389127254486,0.011363999918103218
8240,0.34740105271339417,0.20000000298023224,3.4989789128303528e-06,0.0
8241,0.5150506496429443,0.6666669845581055,4.814937710762024e-07,0.0
8242,0.3728218972682953,0.44999998807907104,0.05155783146619797,0.10000000149011612
8243,0.523248016834259,0.5970150232315063,0.039083145558834076,0.014925000257790089
8244,0.575003981590271,0.731033980846405,0.03863701969385147,0.02930999919772148
8245,0.28041595220565796,0.4285709857940674,4.471279680728912e-06,0.14285700023174286
8246,0.5487846732139587,0.5220993757247925,0.04091109335422516,0.016574589535593987
8247,0.5319768786430359,0.6363639831542969,1.2153759598731995e-06,0.09090899676084518
8248,0.5237061977386475,0.6176469922065735,0.04043746739625931,0.029411999508738518
8249,0.426638126373291,0.7037039995193481,0.05262378603219986,0.03703700006008148
8250,0.6063398718833923,0.6062800288200378,0.03615385666489601,0.031401000916957855
8251,0.6390789747238159,0.6363639831542969,0.03235092759132385,0.02754800021648407
8252,0.49355462193489075,0.5483869910240173,0.043728820979595184,0.07526899874210358
8253,0.31302452087402344,0.5714290142059326,0.0532069057226181,0.0
8254,0.44985872507095337,0.3846150040626526,0.0004266081377863884,0.15384599566459656
8255,0.31236234307289124,0.25806498527526855,0.05463363975286484,0.03225800022482872
8256,0.5682181119918823,0.5384619832038879,0.03474080562591553,0.15384599566459656
8257,0.5847454071044922,0.5876780152320862,0.03726619854569435,0.03317499905824661
8258,0.5769909620285034,0.4838710129261017,0.0362667515873909,0.03225800022482872
8259,0.5927264094352722,0.7727270126342773,0.03475737199187279,0.0
8260,0.5502818822860718,0.5365849733352661,0.039310455322265625,0.04878000169992447
8261,0.20720872282981873,0.0,0.00017236452549695969,0.0
8262,0.5750705003738403,0.6022729873657227,0.03959546983242035,0.028409000486135483
8263,0.34901636838912964,0.75,1.8961727619171143e-06,0.0
8264,0.30092042684555054,0.0,3.128126263618469e-05,0.0
8265,0.48839443922042847,0.5731710195541382,0.04450727254152298,0.060975998640060425
8266,0.43452829122543335,0.33333298563957214,0.048986151814460754,0.05555599927902222
8267,0.5361814498901367,0.40298500657081604,0.04088447988033295,0.08955200016498566
8268,0.5680735111236572,0.2857140004634857,3.7029385566711426e-06,0.0
8269,0.4149753153324127,1.0,4.806928336620331e-05,0.0
8270,0.45182543992996216,0.27272701263427734,0.04097495600581169,0.03636400029063225
8271,0.47110944986343384,0.2750000059604645,0.04216700419783592,0.02500000037252903
8272,0.5948240756988525,0.6969699859619141,0.031829677522182465,0.0
8273,0.5438657402992249,0.5,0.03588283434510231,0.06666699796915054
8274,0.5587329268455505,0.800000011920929,3.296881914138794e-07,0.0
8275,0.27087637782096863,0.20000000298023224,2.1020881831645966e-05,0.0
8276,0.2561957538127899,0.33333298563957214,1.8545426428318024e-05,0.0
8277,0.3920356035232544,0.4117650091648102,0.04399697855114937,0.0
8278,0.5483929514884949,0.24242399632930756,0.03718896955251694,0.0
8279,0.531304657459259,0.45945900678634644,0.04114524647593498,0.08108100295066833
8280,0.6027340888977051,0.41666701436042786,0.0009666811674833298,0.0
8281,0.582957923412323,0.8181819915771484,0.03553863614797592,0.0
8282,0.5092464089393616,0.4925369918346405,0.04251823201775551,0.07462699711322784
8283,0.33021116256713867,0.0,-2.0160339772701263e-05,0.33333298563957214
8284,0.5447190403938293,0.4444440007209778,5.627982318401337e-05,0.0
8285,0.5820965766906738,0.6133332848548889,0.03855495899915695,0.021333329379558563
8286,0.5767613053321838,0.5334873199462891,0.03843911737203598,0.03464202955365181
8287,0.5321447253227234,0.4615379869937897,0.00031969230622053146,0.15384599566459656
8288,0.20272240042686462,0.07692299783229828,0.03885820135474205,0.15384599566459656
8289,0.39884865283966064,0.30000001192092896,5.178619176149368e-05,0.0
8290,0.5352298617362976,0.47058799862861633,0.03837636858224869,0.05042000114917755
8291,0.5521350502967834,0.515999972820282,0.040331028401851654,0.035999998450279236
8292,0.6186834573745728,0.7118639945983887,0.031132496893405914,0.0338979996740818
8293,0.32911044359207153,0.32499998807907104,0.05021721124649048,0.05000000074505806
8294,0.3872952461242676,0.6470590233802795,0.04794677346944809,0.0
8295,0.38208886981010437,0.434783011674881,0.04457559436559677,0.0
8296,0.4947189688682556,0.4761900007724762,0.040123485028743744,0.023809999227523804
8297,0.4542514979839325,0.5333330035209656,0.05287664383649826,0.0
8298,0.47230982780456543,0.09090899676084518,0.0010319948196411133,0.09090899676084518
8299,0.3496108651161194,0.20000000298023224,0.049550026655197144,0.028571000322699547
8300,0.5829978585243225,0.660377025604248,0.035818785429000854,0.02830200083553791
8301,0.6039214134216309,0.6000000238418579,0.031132496893405914,0.07999999821186066
8302,0.6078330278396606,0.375,1.7735175788402557e-05,0.125
8303,0.6110985279083252,0.5666670203208923,0.031132496893405914,0.10000000149011612
8304,0.5164365172386169,0.6403939723968506,0.0424969419836998,0.03448300063610077
8305,0.3026163876056671,0.33333298563957214,0.053196586668491364,0.0
8306,0.5422841310501099,0.5588240027427673,0.03759925067424774,0.0
8307,0.3815402388572693,0.38636401295661926,0.04694114625453949,0.0
8308,0.2560462951660156,0.4000000059604645,0.0009736428037285805,0.10000000149011612
8309,0.44033947587013245,0.4117650091648102,0.04607584699988365,0.03921600058674812
8310,0.6503646373748779,0.7415729761123657,0.031331174075603485,0.011235999874770641
8311,0.5372377038002014,0.434783011674881,0.03803849220275879,0.04347800090909004
8312,0.45416125655174255,0.36363598704338074,-2.737622708082199e-05,0.0
8313,0.644339382648468,0.31578901410102844,0.031132496893405914,0.07894700020551682
8314,0.5541825890541077,0.5559009909629822,0.04010734707117081,0.08074499666690826
8315,0.549176812171936,0.6256160140037537,0.04069822281599045,0.03940900042653084
8316,0.4861091673374176,0.5,0.04046407341957092,0.09722200036048889
8317,0.42198383808135986,0.4242419898509979,0.04777879640460014,0.06060599908232689
8318,0.5777842998504639,0.3937009871006012,0.03764751926064491,0.03149599954485893
8319,0.37099289894104004,0.0,3.700237721204758e-05,0.0
8320,0.42530131340026855,0.17857100069522858,0.04467806965112686,0.0
8321,0.38970017433166504,0.5333330035209656,0.04673563688993454,0.06666699796915054
8322,0.5184515118598938,0.6016950011253357,0.04234794154763222,0.05084700137376785
8323,0.34112951159477234,0.0,5.5499374866485596e-05,0.0
8324,0.6006711721420288,0.6619719862937927,0.03408322483301163,0.0422540009021759
8325,0.49027782678604126,0.5600000023841858,0.03738204389810562,0.03999999910593033
8326,0.6371504068374634,0.75,0.012177185155451298,0.0
8327,0.33382177352905273,0.2777779996395111,0.046162381768226624,0.0
8328,0.24432453513145447,0.27272701263427734,0.05158955603837967,0.0
8329,0.3242814540863037,0.2222220003604889,-4.5386143028736115e-05,0.0
8330,0.5140789151191711,0.4864859879016876,0.04412013292312622,0.0
8331,0.5375243425369263,0.5280900001525879,0.03998519852757454,0.03932600095868111
8332,0.31062453985214233,0.2800000011920929,0.053906552493572235,0.03999999910593033
8333,0.4054272770881653,0.5555559992790222,3.5657547414302826e-05,0.0
8334,0.5182380080223083,0.735293984413147,0.03974089026451111,0.0
8335,0.5331474542617798,0.4375,0.03431103006005287,0.1875
8336,0.3872297406196594,0.35294100642204285,0.052928246557712555,0.058823999017477036
8337,0.3750859498977661,0.5483869910240173,0.050744108855724335,0.0
8338,0.3497706651687622,0.3962259888648987,0.04820924252271652,0.07547199726104736
8339,0.5268420577049255,0.6086959838867188,0.04307279735803604,0.06086999922990799
8340,0.37958237528800964,0.33333298563957214,-7.035303860902786e-05,0.08333300054073334
8341,0.38286757469177246,0.44117599725723267,0.048419222235679626,0.014705999754369259
8342,0.2966518700122833,0.27272701263427734,7.502827793359756e-05,0.0
8343,0.2747049033641815,0.14285700023174286,-5.467701703310013e-05,0.0
8344,0.5321289896965027,0.6296300292015076,0.04034699499607086,0.07407400012016296
8345,0.40995365381240845,0.5409839749336243,0.048902157694101334,0.03278699889779091
8346,0.42197418212890625,0.2619050145149231,0.044052839279174805,0.14285700023174286
8347,0.5490727424621582,0.47517699003219604,0.03756546229124069,0.0851060003042221
8348,0.5375707149505615,0.41935500502586365,0.03776336461305618,0.12903200089931488
8349,0.5659665465354919,0.6737160086631775,0.040084078907966614,0.04833799973130226
8350,0.2919904589653015,0.30000001192092896,-6.290245801210403e-05,0.10000000149011612
8351,0.5650884509086609,0.5894500017166138,0.039607107639312744,0.06421999633312225
8352,0.3126516342163086,0.3846150040626526,0.0535268560051918,0.0
8353,0.607824444770813,0.5365849733352661,0.031132496893405914,0.07317099720239639
8354,0.4803978204727173,0.6379309892654419,0.04297295957803726,0.05172400176525116
8355,0.4534631073474884,0.4444440007209778,0.04443895444273949,0.015873000025749207
8356,0.5047733187675476,0.5243899822235107,0.03844394534826279,0.04878000169992447
8357,0.3585820198059082,0.20000000298023224,0.046238094568252563,0.07999999821186066
8358,0.4725978374481201,0.39160799980163574,0.04406401515007019,0.03496500104665756
8359,0.577428936958313,0.6046969890594482,0.038617707788944244,0.054795000702142715
8360,0.3979887068271637,0.18248200416564941,0.04763181135058403,0.03649599850177765
8361,0.5451337099075317,0.6499999761581421,0.03810124099254608,0.0
8362,0.42445802688598633,0.46875,0.047285355627536774,0.010417000390589237
8363,0.45664623379707336,0.6730769872665405,0.0443137027323246,0.03846200183033943
8364,0.29226982593536377,0.26153799891471863,0.05240188539028168,0.030768999829888344
8365,0.6069097518920898,0.6037740111351013,0.031132496893405914,0.11320800334215164
8366,0.3446987271308899,0.2195120006799698,0.04725385457277298,0.12195099890232086
8367,0.4095197021961212,0.0,3.953464329242706e-06,0.0
8368,0.24874788522720337,0.0,-5.3602270781993866e-05,0.0
8369,0.5182474255561829,0.5714290142059326,0.01991812139749527,0.0
8370,0.21967580914497375,0.25,-2.983585000038147e-05,0.0
8371,0.537266194820404,0.7142860293388367,0.03580344468355179,0.07142899930477142
8372,0.5207823514938354,0.6875,0.02507588639855385,0.0625
8373,0.5103678703308105,0.75,0.03986886143684387,0.0625
8374,0.497977077960968,0.4285709857940674,0.040336351841688156,0.09523800015449524
8375,0.2944420874118805,0.15789499878883362,0.04806226119399071,0.05263200029730797
8376,0.47887706756591797,0.6170210242271423,0.042645953595638275,0.0
8377,0.44855862855911255,0.5,-1.69314444065094e-05,0.0
8378,0.3661523759365082,0.3125,0.04557761922478676,0.0625
8379,0.34707388281822205,0.75,-1.5082769095897675e-05,0.0
8380,0.4657999277114868,0.6052629947662354,0.04462113976478577,0.05263200029730797
8381,0.5456115007400513,0.660377025604248,0.04002010077238083,0.050314001739025116
8382,0.3033835291862488,0.274509996175766,0.05333591252565384,0.09803900122642517
8383,0.356996089220047,0.125,4.9143098294734955e-05,0.0
8384,0.4879329800605774,0.5309730172157288,0.044075191020965576,0.04424799978733063
8385,0.5881551504135132,0.3076919913291931,-6.586313247680664e-06,0.15384599566459656
8386,0.4285266697406769,0.5357139706611633,0.045440979301929474,0.10714299976825714
8387,0.5032386183738708,0.5629140138626099,0.0417519137263298,0.04635800048708916
8388,0.454959511756897,0.6956520080566406,0.04659502953290939,0.0
8389,0.5386965274810791,0.6713290214538574,0.03786472603678703,0.06293699890375137
8390,0.28998279571533203,0.17241400480270386,0.05269602686166763,0.06896600127220154
8391,0.43574219942092896,0.5925930142402649,0.04459836706519127,0.0
8392,0.4439758360385895,0.2857140004634857,0.04449588805437088,0.09523800015449524
8393,0.30742931365966797,0.3846150040626526,0.05395077168941498,0.15384599566459656
8394,0.5478978157043457,0.6886789798736572,0.03933371976017952,0.03773599863052368
8395,0.008894510567188263,0.0,2.1066516637802124e-05,0.0
8396,0.6015757322311401,0.53125,0.037493057548999786,0.024305999279022217
8397,0.4080461859703064,0.7241380214691162,0.04699522629380226,0.06896600127220154
8398,0.2682148814201355,0.3076919913291931,0.008214463479816914,0.0
8399,0.2954917252063751,0.36111098527908325,0.053572483360767365,0.02777799963951111
8400,0.44162654876708984,0.44117599725723267,0.0443478599190712,0.0220589991658926
8401,0.4699859023094177,0.5,0.0421244353055954,0.03571400046348572
8402,0.4130796790122986,0.30000001192092896,0.05237608402967453,0.10000000149011612
8403,0.48047977685928345,0.4528299868106842,0.04421122372150421,0.02830200083553791
8404,0.43189749121665955,0.5416669845581055,0.04911213368177414,0.0
8405,0.4882333278656006,0.4444440007209778,0.04350542277097702,0.0
8406,0.2694399654865265,0.375,-1.8903054296970367e-05,0.0
8407,0.4933924674987793,0.39525699615478516,0.043650612235069275,0.023715000599622726
8408,0.3236421048641205,0.33333298563957214,-2.381298691034317e-05,0.33333298563957214
8409,0.405770480632782,0.5199999809265137,0.04246501624584198,0.07999999821186066
8410,0.4691019058227539,0.6046509742736816,0.044461727142333984,0.1162789985537529
8411,0.39140763878822327,0.2857140004634857,0.04060529172420502,0.07142899930477142
8412,0.4903835654258728,0.5372170209884644,0.04344996064901352,0.04530699923634529
8413,0.40058618783950806,0.31578901410102844,0.04470084607601166,0.0
8414,0.29188817739486694,0.4444440007209778,-4.381965845823288e-05,0.0
8415,0.5382028222084045,0.2619050145149231,0.03753650188446045,0.023809999227523804
8416,0.5680280327796936,0.45833298563957214,0.03901006653904915,0.04166699945926666
8417,0.4889012575149536,0.28125,0.04145922511816025,0.03125
8418,0.24391961097717285,0.33333298563957214,1.6005709767341614e-05,0.0
8419,0.579927384853363,0.7163119912147522,0.03837154805660248,0.014183999970555305
8420,0.25603798031806946,0.16666670143604279,9.77683812379837e-05,0.0
8421,0.5402311682701111,0.5054349899291992,0.041868992149829865,0.02173900045454502
8422,0.5783946514129639,0.609375,0.036675117909908295,0.023437999188899994
8423,0.6543436050415039,0.671875,0.031132496893405914,0.09375
8424,0.3689947724342346,0.2857140004634857,0.04803076386451721,0.08571399748325348
8425,0.6213807463645935,0.5600000023841858,0.031132496893405914,0.0
8426,0.3685219883918762,0.15555599331855774,0.04625972360372543,0.06666699796915054
8427,0.5428111553192139,0.6666669845581055,0.0434388667345047,0.09090899676084518
8428,0.33111751079559326,0.24074099957942963,0.04919612780213356,0.07407400012016296
8429,0.5345432758331299,0.3695650100708008,0.04003173112869263,0.04347800090909004
8430,0.4646497368812561,0.20930199325084686,0.045167699456214905,0.09302300214767456
8431,0.3221660852432251,0.16666699945926666,0.00010251905769109726,0.16666699945926666
8432,0.4105449616909027,0.25,0.049406103789806366,0.10000000149011612
8433,0.3326478600502014,0.38095200061798096,0.05273214727640152,0.09523800015449524
8434,0.32232147455215454,0.36363598704338074,8.123740553855896e-05,0.0
8435,0.5561587810516357,0.33333298563957214,0.03570135682821274,0.0
8436,0.41190391778945923,0.11111100018024445,0.04359474778175354,0.05555599927902222
8437,0.36011362075805664,0.20000000298023224,0.0001655062660574913,0.0
8438,0.3480628728866577,0.4285709857940674,1.757405698299408e-06,0.14285700023174286
8439,0.5732964873313904,0.5371900200843811,0.03827500715851784,0.03305799886584282
8440,0.5750737190246582,0.5,0.03958383947610855,0.026882000267505646
8441,0.5466567277908325,0.4022989869117737,0.039182331413030624,0.08045999705791473
8442,0.5731039643287659,0.5192310214042664,0.0371648333966732,0.03846200183033943
8443,0.6332187056541443,0.6598640084266663,0.034477487206459045,0.02040800079703331
8444,0.5288342237472534,0.5263159871101379,0.0335305780172348,0.0
8445,0.43777522444725037,0.41666701436042786,2.5256536900997162e-05,0.08333300054073334
8446,0.5680188536643982,0.3225809931755066,0.04135278984904289,0.01612900011241436
8447,0.5730901956558228,0.5027562975883484,0.03874383866786957,0.041896361857652664
8448,0.48423081636428833,0.4117650091648102,0.04139003902673721,0.13235299289226532
8449,0.5895490646362305,0.5327100157737732,0.03503663092851639,0.028037000447511673
8450,0.548801600933075,0.5121949911117554,0.03907793015241623,0.024390000849962234
8451,0.27299344539642334,0.5,1.9310973584651947e-05,0.0
8452,0.3930724263191223,1.0,-3.2003968954086304e-05,0.0
8453,0.43384063243865967,0.3684209883213043,0.04859769716858864,0.2105260044336319
8454,0.5718268156051636,0.6388890147209167,0.031213391572237015,0.08333300054073334
8455,0.5068755149841309,0.5384619832038879,0.04038424789905548,0.05128199979662895
8456,0.1788402795791626,0.05000000074505806,0.05289728194475174,0.0
8457,0.26645591855049133,0.18181799352169037,3.603007644414902e-05,0.0
8458,0.36469385027885437,0.4000000059604645,-1.1782161891460419e-05,0.0
8459,0.4158746600151062,0.38888901472091675,0.0501948744058609,0.03703700006008148
8460,0.5358244180679321,0.47368401288986206,0.04050132632255554,0.046052999794483185
8461,0.30063503980636597,0.16666699945926666,3.691762685775757e-06,0.0
8462,0.24404650926589966,0.4545449912548065,8.079037070274353e-05,0.09090899676084518
8463,0.43419378995895386,0.38888901472091675,0.04319482296705246,0.0
8464,0.3740646243095398,0.25,-3.96091490983963e-06,0.25
8465,0.5863053202629089,0.6477270126342773,0.0362137071788311,0.07954499870538712
8466,0.38078612089157104,0.294871985912323,0.05020976811647415,0.025640999898314476
8467,0.46721911430358887,0.2592589855194092,0.04317263513803482,0.0925929993391037
8468,0.5373958349227905,0.5360000133514404,0.04166676849126816,0.024000000208616257
8469,0.6369284391403198,0.6445310115814209,0.03488043695688248,0.015625
8470,0.5345731973648071,0.2527469992637634,0.040240563452243805,0.04395600035786629
8471,0.5182375907897949,0.5377359986305237,0.04248630255460739,0.10377400368452072
8472,0.3755420446395874,0.5,2.3832544684410095e-06,0.0
8473,0.3001077175140381,0.0,3.984197974205017e-06,0.0
8474,0.40520530939102173,0.12244900315999985,0.043941110372543335,0.02040800079703331
8475,0.5403349995613098,0.4403670132160187,0.04062904790043831,0.08256880939006805
8476,0.5760173797607422,0.5362319946289062,0.037179313600063324,0.050725001841783524
8477,0.48381662368774414,0.44537800550460815,0.044177062809467316,0.10924399644136429
8478,0.6550676226615906,0.642857015132904,0.031132496893405914,0.008929000236093998
8479,0.491482675075531,0.5357139706611633,0.04076740890741348,0.07142899930477142
8480,0.6330856084823608,0.5217390060424805,0.031132496893405914,0.1304350048303604
8481,0.3712211847305298,0.6666669845581055,1.3198703527450562e-05,0.0
8482,0.5099738836288452,0.6206899881362915,0.03979906067252159,0.0
8483,0.3106542229652405,0.11594200134277344,0.053304947912693024,0.04347800090909004
8484,0.4064430594444275,0.2857140004634857,-2.982746809720993e-05,0.0
8485,0.3581808805465698,0.29166701436042786,0.044826097786426544,0.04166699945926666
8486,0.3982277512550354,0.2222220003604889,-4.253070801496506e-05,0.0
8487,0.4199390709400177,0.20000000298023224,0.05055972561240196,0.0
8488,0.48162490129470825,0.5263159871101379,0.045247405767440796,0.05263200029730797
8489,0.41460245847702026,0.5555559992790222,0.00016247667372226715,0.0
8490,0.4268660545349121,0.75,2.6617199182510376e-06,0.0
8491,0.4812834858894348,0.4651159942150116,0.044268153607845306,0.023256000131368637
8492,0.6256615519523621,0.5077720284461975,0.03590162843465805,0.015544000081717968
8493,0.4882846474647522,0.5227270126342773,0.03958965837955475,0.09090899676084518
8494,0.5630497336387634,0.589743971824646,0.03603582829236984,0.0
8495,0.3460332453250885,0.5,-9.189359843730927e-06,0.0
8496,0.5733399391174316,0.5752608180046082,0.03883258253335953,0.0283159501850605
8497,0.49959391355514526,0.5140560269355774,0.04373999685049057,0.0562250018119812
8498,0.4295022189617157,0.0,9.359791874885559e-07,0.0
8499,0.28764232993125916,0.0,2.3703090846538544e-05,0.0
8500,0.601197361946106,0.764706015586853,0.0001615593209862709,0.0
8501,0.6186002492904663,0.47058799862861633,0.03183918446302414,0.058823999017477036
8502,0.2756839096546173,0.5,-1.1750496923923492e-05,0.0
8503,0.39858901500701904,0.20000000298023224,3.4329481422901154e-05,0.0
8504,0.3255394697189331,0.25,7.859896868467331e-05,0.0
8505,0.3573378920555115,0.4642859995365143,0.05007573962211609,0.03571400046348572
8506,0.46454888582229614,0.42592599987983704,0.0415603369474411,0.0
8507,0.3095163106918335,0.3235290050506592,0.053881995379924774,0.058823999017477036
8508,0.5071710348129272,0.4695119857788086,0.04335012286901474,0.030487999320030212
8509,0.504959762096405,0.4629630148410797,0.04191156476736069,0.05555599927902222
8510,0.5084763169288635,0.2857140004634857,3.666244447231293e-05,0.2857140004634857
8511,0.5523852705955505,0.5206609964370728,0.037961263209581375,0.01652899943292141
8512,0.6260858774185181,0.6789469718933105,0.034425895661115646,0.04210500046610832
8513,0.49660342931747437,0.28823500871658325,0.04142729192972183,0.10588199645280838
8514,0.490984708070755,0.642857015132904,0.010918118990957737,0.07142899930477142
8515,0.4399285316467285,0.4444440007209778,2.665165811777115e-05,0.0
8516,0.5867564678192139,0.6109089851379395,0.036752719432115555,0.0072730001993477345
8517,0.4137583374977112,0.26315799355506897,0.04054921865463257,0.0
8518,0.5906673669815063,0.5185189843177795,0.03688004985451698,0.0
8519,0.5887059569358826,0.5757579803466797,0.03602363169193268,0.0
8520,0.43656376004219055,0.46666669845581055,0.040554288774728775,0.0
8521,0.19521600008010864,1.0,5.8962032198905945e-06,0.0
8522,0.5365328192710876,0.3499999940395355,0.03586548939347267,0.15000000596046448
8523,0.5509126782417297,0.5970150232315063,0.03718414157629013,0.029851000756025314
8524,0.40080100297927856,0.14285700023174286,-2.3388303816318512e-05,0.0
8525,0.4939150810241699,0.3356640040874481,0.04487164691090584,0.0
8526,0.31456512212753296,0.35714301466941833,0.03987351059913635,0.0
8527,0.4641364514827728,0.5454549789428711,6.022769957780838e-05,0.0
8528,0.6232295036315918,0.59375,0.03321648761630058,0.02500000037252903
8529,0.43595191836357117,0.4117650091648102,0.04561234638094902,0.0
8530,0.6166706085205078,0.35714301466941833,-5.075708031654358e-07,0.07142899930477142
8531,0.5614445209503174,0.29166701436042786,0.0381157211959362,0.04166699945926666
8532,0.2977476716041565,0.25,3.0193477869033813e-05,0.125
8533,0.523678183555603,0.75,3.5976991057395935e-06,0.0
8534,0.5228886604309082,0.6857140064239502,0.03961292281746864,0.028571000322699547
8535,0.5013875961303711,0.29885101318359375,0.0433834046125412,0.10344800353050232
8536,0.5206681489944458,0.5828220248222351,0.04241180047392845,0.006134999915957451
8537,0.43536531925201416,0.3823530077934265,0.04387407377362251,0.029411999508738518
8538,0.35645708441734314,0.3076919913291931,0.0462813563644886,0.03846200183033943
8539,0.5622000694274902,0.6982250213623047,0.04047472029924393,0.029586000367999077
8540,0.2951967716217041,0.14285700023174286,0.050834931433200836,0.2380950003862381
8541,0.5191396474838257,0.5382590293884277,0.04172530770301819,0.010553999803960323
8542,0.24170878529548645,0.30303001403808594,0.05201096087694168,0.030302999541163445
8543,0.44754156470298767,0.3130429983139038,0.044370636343955994,0.05217399820685387
8544,0.5060663223266602,0.54237300157547,0.04112395644187927,0.0338979996740818
8545,0.5616522431373596,0.6536700129508972,0.03980487585067749,0.03669700026512146
8546,0.5816984176635742,0.5769230127334595,0.03598703071475029,0.019231000915169716
8547,0.5468237996101379,0.5853660106658936,0.03961873799562454,0.08536600321531296
8548,0.4349542260169983,0.4074069857597351,0.040373604744672775,0.03703700006008148
8549,0.25235292315483093,0.35714301466941833,0.024189479649066925,0.07142899930477142
8550,0.24917903542518616,0.5714290142059326,0.029893647879362106,0.0
8551,0.26018330454826355,0.20000000298023224,-2.0199455320835114e-05,0.0
8552,0.3248773515224457,0.26315799355506897,0.05238640308380127,0.0
8553,0.41744476556777954,0.5,4.1901133954524994e-05,0.0
8554,0.34500810503959656,0.5,0.049364108592271805,0.0
8555,0.47343677282333374,0.33333298563957214,0.0443250872194767,0.013888999819755554
8556,0.2789645195007324,0.47826099395751953,0.054122716188430786,0.04347800090909004
8557,0.4303383529186249,0.4444440007209778,-3.321189433336258e-05,0.0
8558,0.5683850049972534,0.3826090097427368,0.03835223615169525,0.06086999922990799
8559,0.540996253490448,0.5315989851951599,0.03961873799562454,0.02602200023829937
8560,0.5498353838920593,0.6206899881362915,0.03535814583301544,0.0
8561,0.4620249569416046,0.4099999964237213,0.04529295116662979,0.019999999552965164
8562,0.34376829862594604,0.3902440071105957,0.04800976812839508,0.024390000849962234
8563,0.49593448638916016,0.5652170181274414,0.03860323131084442,0.0
8564,0.4037281572818756,0.23333300650119781,0.04441618174314499,0.0
8565,0.374415785074234,0.3448280096054077,0.04423399269580841,0.03448300063610077
8566,0.46852272748947144,0.41379299759864807,0.052345119416713715,0.06896600127220154
8567,0.6001627445220947,0.47999998927116394,0.031132496893405914,0.03999999910593033
8568,0.3202991187572479,0.27272701263427734,0.05110090225934982,0.10909099876880646
8569,0.4831111431121826,0.5384619832038879,0.040602438151836395,0.019231000915169716
8570,0.5239812731742859,0.6266670227050781,0.04329465329647064,0.05333299934864044
8571,0.3683944642543793,0.2857140004634857,-2.614874392747879e-05,0.0
8572,0.4954614043235779,0.0,3.800448030233383e-05,0.0
8573,0.5878443717956543,0.5,0.03715518116950989,0.09756100177764893
8574,0.23946014046669006,0.30000001192092896,-3.551039844751358e-05,0.10000000149011612
8575,0.4830928444862366,0.553846001625061,0.04406401515007019,0.0
8576,0.6508457064628601,0.6363639831542969,0.031132496893405914,0.030302999541163445
8577,0.5325605273246765,0.625,0.03807710483670235,0.0
8578,0.3296465277671814,0.20000000298023224,0.04777879640460014,0.0
8579,0.5083757042884827,0.5769230127334595,0.03693314641714096,0.0
8580,0.5035799741744995,0.5,0.05006829649209976,0.08333300054073334
8581,0.5709676146507263,0.5454549789428711,-1.826416701078415e-05,0.0
8582,0.4079267084598541,0.41052600741386414,0.04737984016537666,0.08421099931001663
8583,0.5224404335021973,0.6021509766578674,0.04190092533826828,0.03225800022482872
8584,0.4443383812904358,0.4819279909133911,0.046908698976039886,0.012047999538481236
8585,0.4913732409477234,0.35714301466941833,0.036202821880578995,0.0
8586,0.6563044190406799,0.75,-3.9233826100826263e-05,0.08333300054073334
8587,0.3574368357658386,0.20000000298023224,0.05003851279616356,0.1333329975605011
8588,0.502890408039093,0.36363598704338074,0.038612887263298035,0.045455001294612885
8589,0.39393413066864014,0.4444440007209778,2.1445564925670624e-05,0.11111100018024445
8590,0.2932663857936859,0.25,1.7984770238399506e-05,0.0
8591,0.4801695942878723,0.5,6.547197699546814e-07,0.0
8592,0.4263860881328583,0.4682539999485016,0.047243356704711914,0.03174600005149841
8593,0.4013959765434265,0.35714301466941833,0.05153878778219223,0.07142899930477142
8594,0.4124843180179596,0.4000000059604645,3.0035153031349182e-06,0.20000000298023224
8595,0.49315160512924194,0.45161300897598267,0.043941110372543335,0.09677399694919586
8596,0.562908411026001,0.6701030135154724,0.040373604744672775,0.030928000807762146
8597,0.46324267983436584,0.25,0.04307279735803604,0.0227269995957613
8598,0.548567533493042,0.5555559992790222,0.03454728052020073,0.07407400012016296
8599,0.48582616448402405,0.7272729873657227,0.04246501624584198,0.0
8600,0.43092697858810425,0.6923080086708069,0.0004705134779214859,0.0
8601,0.5730888247489929,0.5504590272903442,0.03834258019924164,0.03669700026512146
8602,0.6157659292221069,0.5871559977531433,0.03502243012189865,0.10091699659824371
8603,0.4881429076194763,0.6201549768447876,0.04425676912069321,0.038759998977184296
8604,0.4055195748806,0.48076900839805603,0.04598931968212128,0.03846200183033943
8605,0.49458593130111694,0.41578900814056396,0.04340558499097824,0.05263200029730797
8606,0.5824474096298218,0.5632579922676086,0.03820743411779404,0.015598000027239323
8607,0.2525995373725891,0.0,1.960061490535736e-05,0.0
8608,0.2921518385410309,0.3684209883213043,0.05617878586053848,0.0
8609,0.5460131764411926,0.656715989112854,0.03638610988855362,0.0
8610,0.2643304467201233,0.0,-1.8747523427009583e-06,0.0
8611,0.33586448431015015,0.41666701436042786,0.03550707921385765,0.08333300054073334
8612,0.44172245264053345,0.5,0.019494298845529556,0.0625
8613,0.5230333209037781,0.4000000059604645,0.03565600886940956,0.08571399748325348
8614,0.5148212313652039,0.589743971824646,0.03862736374139786,0.0
8615,0.4234203100204468,0.44117599725723267,0.04514492303133011,0.058823999017477036
8616,0.4942982792854309,0.3597559928894043,0.0430506132543087,0.08536600321531296
8617,0.4509023427963257,0.39393898844718933,0.042305365204811096,0.0
8618,0.5017704367637634,0.34146299958229065,0.04140068590641022,0.07317099720239639
8619,0.41675445437431335,0.6666669845581055,8.711591362953186e-06,0.0
8620,0.5014887452125549,0.5111110210418701,0.03738686814904213,0.044443998485803604
8621,0.5397739410400391,0.30000001192092896,0.04346105456352234,0.0
8622,0.5527721047401428,0.5,0.03436870127916336,0.0
8623,0.5460680723190308,0.6862750053405762,0.03727102279663086,0.03921600058674812
8624,0.4998518228530884,1.0,8.121132850646973e-07,0.0
8625,0.4504845440387726,0.2786889970302582,0.04439341276884079,0.08196700364351273
8626,0.5422333478927612,0.5625,0.0368029847741127,0.09375
8627,0.2487020492553711,0.2105260044336319,0.05122147500514984,0.05263200029730797
8628,0.5244201421737671,0.619047999382019,0.03812054917216301,0.011904999613761902
8629,0.5012856721878052,0.4375,0.03808675706386566,0.125
8630,0.6072786450386047,0.6445009708404541,0.03471595421433449,0.017903000116348267
8631,0.506104588508606,0.6800000071525574,0.040863197296857834,0.0
8632,0.5507357716560364,0.6851059794425964,0.03917711228132248,0.02978700026869774
8633,0.5110893845558167,0.4428569972515106,0.04191156476736069,0.04285699874162674
8634,0.5662717223167419,0.5666670203208923,0.04192220792174339,0.0
8635,0.36664146184921265,0.33333298563957214,0.04688706994056702,0.0
8636,0.39151570200920105,0.2222221940755844,7.738824933767319e-05,0.1111110970377922
8637,0.4826769232749939,0.5625,0.04457559436559677,0.029411999508738518
8638,0.27364224195480347,0.25,0.04808325320482254,0.0
8639,0.566744863986969,0.6875,0.031132496893405914,0.0
8640,0.6576646566390991,0.4444440007209778,8.814968168735504e-06,0.11111100018024445
8641,0.6638606786727905,0.6857140064239502,0.031132496893405914,0.0321430005133152
8642,0.4494709372520447,0.4285714030265808,-9.608455002307892e-06,0.2857142984867096
8643,0.45895907282829285,0.43181800842285156,0.048650190234184265,0.045455001294612885
8644,0.41701313853263855,0.354544997215271,0.046086665242910385,0.12727299332618713
8645,0.5844968557357788,0.5563910007476807,0.03740135207772255,0.0
8646,0.6159650683403015,0.7142860293388367,-7.587950676679611e-05,0.0
8647,0.45255720615386963,0.33333298563957214,-2.1023675799369812e-05,0.08333300054073334
8648,0.4616807699203491,0.6060609817504883,0.04412013292312622,0.0
8649,0.5302742719650269,0.47481998801231384,0.04286203160881996,0.028776999562978745
8650,0.49402177333831787,0.44329899549484253,0.04222021996974945,0.0412370003759861
8651,0.5110357403755188,0.48571398854255676,0.04183705896139145,0.11428599804639816
8652,0.5729285478591919,0.4953700006008148,0.03951403871178627,0.08796299993991852
8653,0.30530112981796265,0.5,4.4980086386203766e-05,0.0
8654,0.4703439474105835,0.38888901472091675,0.037898510694503784,0.11111100018024445
8655,0.1149289533495903,0.0,8.585862815380096e-06,0.3333333134651184
8656,0.6371906399726868,0.7054259777069092,0.031132496893405914,0.007751999888569117
8657,0.5068926811218262,0.4803149998188019,0.04442756623029709,0.03937000036239624
8658,0.3139819800853729,0.4444440007209778,4.419591277837753e-05,0.0
8659,0.6064156889915466,0.4666669964790344,-3.9626844227313995e-05,0.0
8660,0.30041825771331787,0.17647099494934082,0.04746004194021225,0.058823999017477036
8661,0.47736474871635437,1.0,3.3686868846416473e-05,0.0
8662,0.37465929985046387,0.21428599953651428,0.02173507586121559,0.14285700023174286
8663,0.38895440101623535,0.16666699945926666,-2.2965483367443085e-05,0.08333300054073334
8664,0.3431102931499481,0.33333298563957214,-8.093193173408508e-06,0.0
8665,0.4990648925304413,0.4385960102081299,0.041565652936697006,0.05263200029730797
8666,0.44042012095451355,0.4285709857940674,0.046908698976039886,0.07142899930477142
8667,0.5686764121055603,0.436242014169693,0.03657909482717514,0.04026800021529198
8668,0.340736448764801,0.46875,0.052783749997615814,0.0
8669,0.4864334464073181,0.47058799862861633,0.038884781301021576,0.058823999017477036
8670,0.5494792461395264,0.564706027507782,0.0384536013007164,0.018823999911546707
8671,0.570692241191864,0.6666669845581055,0.031132496893405914,0.0
8672,0.5072436928749084,0.6923080086708069,7.37430527806282e-05,0.07692299783229828
8673,0.6038172245025635,0.6216220259666443,0.03597211837768555,0.02702699974179268
8674,0.43263012170791626,0.4117650091648102,0.03892671316862106,0.11764699965715408
8675,0.486680805683136,0.5166670083999634,0.04398580268025398,0.02500000037252903
8676,0.29422610998153687,0.14285700023174286,2.440810203552246e-05,0.0
8677,0.389082133769989,0.38095200061798096,0.052161186933517456,0.0
8678,0.4054531455039978,0.30000001192092896,0.04538404196500778,0.15000000596046448
8679,0.4078153371810913,0.30000001192092896,0.042667239904403687,0.02500000037252903
8680,0.6463533639907837,0.6875,0.01095124427229166,0.0
8681,0.3190798759460449,0.3333333134651184,2.0162202417850494e-05,0.0
8682,0.45068201422691345,0.41666701436042786,0.0005811750888824463,0.25
8683,0.4998358488082886,0.5,5.83939254283905e-07,0.16666699945926666
8684,0.48926740884780884,0.6315789818763733,0.041794486343860626,0.01754399947822094
8685,0.5332371592521667,0.5694440007209778,0.03794195502996445,0.013888999819755554
8686,0.5629530549049377,0.48888900876045227,0.036000583320856094,0.044443998485803604
8687,0.5102216601371765,0.33333298563957214,4.439055919647217e-05,0.08333300054073334
8688,0.5280486941337585,0.375,0.03619057685136795,0.03125
8689,0.3069002330303192,0.15384599566459656,0.05229351669549942,0.11538500338792801
8690,0.5695197582244873,0.6118879914283752,0.03725171834230423,0.02797199971973896
8691,0.35370001196861267,0.5483869910240173,0.053449444472789764,0.0
8692,0.5096418857574463,0.4210529923439026,0.038163989782333374,0.05263200029730797
8693,0.33249640464782715,0.32653099298477173,0.050328899174928665,0.12244900315999985
8694,0.5686399340629578,0.5384619832038879,0.031795434653759,0.05128199979662895
8695,0.4315599799156189,0.4545449912548065,-4.303734749555588e-05,0.0
8696,0.44157370924949646,0.625,4.652049392461777e-05,0.0
8697,0.5418291687965393,0.6666669845581055,0.03545140475034714,0.05555599927902222
8698,0.5641768574714661,0.6623380184173584,0.03574005514383316,0.06493499875068665
8699,0.5402939319610596,0.5,0.03766682744026184,0.09090899676084518
8700,0.4893817901611328,0.42500001192092896,0.04440479353070259,0.10000000149011612
8701,0.475441575050354,0.5714290142059326,0.04019799083471298,0.0
8702,0.5189585089683533,0.5,0.00012942589819431305,0.0
8703,0.31531909108161926,0.20000000298023224,0.052768267691135406,0.10000000149011612
8704,0.2731497585773468,0.5,-2.5238841772079468e-06,0.0
8705,0.5340655446052551,0.6666669845581055,8.213799446821213e-05,0.0
8706,0.2274012565612793,0.25,1.564156264066696e-05,0.0
8707,0.4182247221469879,0.3658539950847626,0.04710337147116661,0.04878000169992447
8708,0.1651693433523178,0.1875,0.040780164301395416,0.0625
8709,0.3025725483894348,0.18181799352169037,0.05474511533975601,0.13636399805545807
8710,0.3970801532268524,0.18181799352169037,0.0383879616856575,0.0
8711,0.5805468559265137,0.4210529923439026,0.031132496893405914,0.10526300221681595
8712,0.6501635909080505,0.47058799862861633,0.031132496893405914,0.0
8713,0.49252283573150635,0.48571398854255676,0.04401932284235954,0.04285699874162674
8714,0.5157294869422913,0.5,0.0007544010877609253,0.0
8715,0.272348552942276,0.5714290142059326,-5.273148417472839e-06,0.0
8716,0.4846535921096802,0.5588240027427673,0.04239051416516304,0.0441179983317852
8717,0.5627030730247498,0.505128026008606,0.03665425628423691,0.017949000000953674
8718,0.4239262044429779,0.8333330154418945,2.705492079257965e-06,0.0
8719,0.2677547335624695,0.16666699945926666,0.05064630135893822,0.125
8720,0.5564294457435608,0.5517240166664124,0.0354183092713356,0.06896600127220154
8721,0.5810826420783997,0.6666669845581055,0.03618785738945007,0.03333299979567528
8722,0.4097810983657837,0.36111098527908325,0.04504244774580002,0.02777799963951111
8723,0.5868188738822937,0.512499988079071,0.037980567663908005,0.05000000074505806
8724,0.5141351222991943,0.4631580114364624,0.039171889424324036,0.031578999012708664
8725,0.26988857984542847,0.25,0.053093381226062775,0.05000000074505806
8726,0.5800986289978027,0.656715989112854,0.03470885381102562,0.029851000756025314
8727,0.6029760837554932,0.625,0.031132496893405914,0.0625
8728,0.5718307495117188,0.5816550254821777,0.03885868191719055,0.02684600092470646
8729,0.5060449838638306,0.4117650091648102,0.03712139278650284,0.0
8730,0.44305622577667236,0.4117650091648102,0.04794677346944809,0.029411999508738518
8731,0.5826091766357422,0.5714290142059326,0.03518103063106537,0.10714299976825714
8732,0.5773032903671265,0.6279069781303406,0.0379081666469574,0.06511600315570831
8733,0.43250298500061035,0.4117650091648102,0.04739034175872803,0.058823999017477036
8734,0.4367016553878784,0.30000001192092896,0.0006900206208229065,0.0
8735,0.5582475662231445,0.5,0.03691383823752403,0.013513999991118908
8736,0.3887443542480469,0.0,9.80868935585022e-06,0.0
8737,0.5683950185775757,0.6764709949493408,0.034812986850738525,0.0
8738,0.28991183638572693,0.375,3.484264016151428e-05,0.25
8739,0.2942730188369751,0.2857140004634857,-2.8048641979694366e-05,0.0
8740,0.4067637324333191,0.6000000238418579,0.00011854898184537888,0.0
8741,0.5631678700447083,0.574999988079071,0.03515377268195152,0.02500000037252903
8742,0.3883039653301239,0.6666669845581055,5.059875547885895e-06,0.0
8743,0.5271852016448975,0.5986390113830566,0.0417519137263298,0.07483000308275223
8744,0.48015227913856506,0.6060609817504883,0.04021395742893219,0.030302999541163445
8745,0.5516990423202515,0.6060609817504883,0.03546794503927231,0.0
8746,0.35964131355285645,0.27272701263427734,6.407778710126877e-05,0.0
8747,0.5171704888343811,0.15789499878883362,0.03624226525425911,0.10526300221681595
8748,0.497530996799469,0.5416669845581055,0.03697176277637482,0.04166699945926666
8749,0.594680666923523,0.6163269877433777,0.035060297697782516,0.01632699929177761
8750,0.546344518661499,0.4827589988708496,0.04068225994706154,0.05862100049853325
8751,0.3301585912704468,0.10000000149011612,0.0001290915533900261,0.0
8752,0.5016082525253296,0.5243899822235107,0.03970599174499512,0.0365849994122982
8753,0.4563451409339905,0.48571398854255676,0.04131021350622177,0.05714299902319908
8754,0.5717408061027527,0.4642859995365143,0.03378469496965408,0.0
8755,0.3644804060459137,0.33333298563957214,-9.640119969844818e-06,0.11111100018024445
8756,0.5424106121063232,0.6666669845581055,0.03744961693882942,0.05555599927902222
8757,0.5943373441696167,0.4925369918346405,0.033218979835510254,0.07462699711322784
8758,0.5861318111419678,0.6363639831542969,0.031132496893405914,0.0
8759,0.39236927032470703,0.6000000238418579,-1.7540529370307922e-05,0.20000000298023224
8760,0.49107885360717773,0.3448280096054077,0.04331684112548828,0.10344800353050232
8761,0.5217598676681519,0.43181800842285156,0.04055454209446907,0.09090899676084518
8762,0.5012138485908508,0.5505620241165161,0.039490774273872375,0.022471999749541283
8763,0.5002280473709106,0.4285709857940674,0.04317263513803482,0.09523800015449524
8764,0.4854438900947571,0.607142984867096,0.0443478599190712,0.07142899930477142
8765,0.6303806304931641,0.41935500502586365,0.031132496893405914,0.11290299892425537
8766,0.5205429792404175,0.5862069725990295,0.038294315338134766,0.03448300063610077
8767,0.569873034954071,0.6304349899291992,0.03612937033176422,0.02173900045454502
8768,0.44773393869400024,0.2941179871559143,0.0381157211959362,0.058823999017477036
8769,0.4773319363594055,0.4255320131778717,0.04088980332016945,0.02127699926495552
8770,0.6273614168167114,0.5416669845581055,0.031132496893405914,0.08333300054073334
8771,0.3033986985683441,0.2941179871559143,0.04989377781748772,0.058823999017477036
8772,0.6600092649459839,0.6143500208854675,0.031132496893405914,0.044842999428510666
8773,0.5792522430419922,0.5806450247764587,0.03778749704360962,0.03225800022482872
8774,0.248460054397583,0.20000000298023224,9.869318455457687e-05,0.0
8775,0.7015492916107178,0.6595739722251892,0.031132496893405914,0.0851060003042221
8776,0.38619422912597656,0.3448280096054077,0.04313935339450836,0.03448300063610077
8777,0.5071444511413574,0.6545450091362,0.041246358305215836,0.03636400029063225
8778,0.5743377804756165,0.5128210186958313,0.03485085070133209,0.12820500135421753
8779,0.6008009910583496,0.5,0.030336905270814896,0.07142899930477142
8780,0.5589529871940613,0.6352580189704895,0.03936279937624931,0.06383000314235687
8781,0.38314205408096313,0.3684209883213043,0.05144994705915451,0.15789499878883362
8782,0.2801743149757385,0.17307700216770172,0.052427686750888824,0.07692299783229828
8783,0.3805360496044159,0.5869569778442383,0.048786673694849014,0.02173900045454502
8784,0.3150199055671692,0.0,-4.9258582293987274e-05,0.0
8785,0.5950671434402466,0.0,4.591420292854309e-07,0.0
8786,0.5368521809577942,0.6902649998664856,0.039851412177085876,0.04424799978733063
8787,0.2333219349384308,0.0,-1.564621925354004e-06,0.0
8788,0.47774943709373474,0.5841580033302307,0.04438202083110809,0.0
8789,0.5454432368278503,0.5,0.03586815670132637,0.0625
8790,0.5309465527534485,0.5454549789428711,0.03799987584352493,0.018182000145316124
8791,0.41155344247817993,0.5,-1.1813826858997345e-05,0.0
8792,0.5273764133453369,0.45833298563957214,0.041986070573329926,0.07500000298023224
8793,0.5158872604370117,0.625,0.04140068590641022,0.020833000540733337
8794,0.5075629949569702,0.4732140004634857,0.044086359441280365,0.03571400046348572
8795,0.6374001502990723,0.5833330154418945,0.031132496893405914,0.02777799963951111
8796,0.520508885383606,0.6000000238418579,-2.750009298324585e-05,0.0
8797,0.4367949068546295,0.30000001192092896,3.264471888542175e-05,0.0
8798,0.1771605759859085,0.25,-9.170733392238617e-06,0.0
8799,0.5620146989822388,0.6271190047264099,0.035717371851205826,0.0338979996740818
8800,0.3671397864818573,0.25,0.009683436714112759,0.0
8801,0.43261104822158813,0.5625,0.04424538463354111,0.1875
8802,0.37325358390808105,0.2826089859008789,0.04678972065448761,0.0
8803,0.47415149211883545,0.4285709857940674,0.00034845247864723206,0.0
8804,0.4771667718887329,0.5263159871101379,0.04466668516397476,0.08771900087594986
8805,0.55385422706604,0.75,2.3900531232357025e-05,0.0
8806,0.585630476474762,0.4666669964790344,0.014343616552650928,0.0
8807,0.40800198912620544,0.4666669964790344,0.040469393134117126,0.06666699796915054
8808,0.5700360536575317,0.5652170181274414,0.03356718271970749,0.0
8809,0.4618210792541504,0.5199999809265137,0.0475793182849884,0.03999999910593033
8810,0.5829170942306519,0.610168993473053,0.037526845932006836,0.01129900012165308
8811,0.6016331315040588,0.6439390182495117,0.035160064697265625,0.07575800269842148
8812,0.5030571818351746,0.5588240027427673,0.03960128873586655,0.08823499828577042
8813,0.5478835701942444,0.33962300419807434,0.03805297240614891,0.15094299614429474
8814,0.5964946150779724,0.434783011674881,0.031132496893405914,0.04347800090909004
8815,0.3801402449607849,0.0,-1.2920238077640533e-05,0.0
8816,0.4503183662891388,0.36363598704338074,0.04187963902950287,0.09090899676084518
8817,0.4701629877090454,0.26168200373649597,0.044905804097652435,0.056074999272823334
8818,0.34635651111602783,0.26829299330711365,0.04747433215379715,0.07317099720239639
8819,0.40209275484085083,0.27272701263427734,0.0009243888780474663,0.09090899676084518
8820,0.19360072910785675,0.25,6.08665868639946e-05,0.125
8821,0.4020627737045288,0.23076899349689484,0.03116728737950325,0.23076899349689484
8822,0.6034210920333862,0.7142860293388367,0.031132496893405914,0.0
8823,0.3107262849807739,0.1910109966993332,0.05359705537557602,0.10112400352954865
8824,0.2866275906562805,0.33333298563957214,1.0789372026920319e-05,0.0
8825,0.4763330817222595,0.6666669845581055,0.03780197724699974,0.0
8826,0.5339698195457458,0.2619050145149231,0.03773922845721245,0.07142899930477142
8827,0.3129938542842865,0.23333300650119781,0.05035868659615517,0.0
8828,0.5852857828140259,0.7030720114707947,0.03691383823752403,0.030717000365257263
8829,0.33420950174331665,0.33333298563957214,2.7070753276348114e-05,0.0
8830,0.3695480525493622,0.4000000059604645,0.00013732630759477615,0.0
8831,0.628508985042572,0.6037740111351013,0.031132496893405914,0.0943399965763092
8832,0.570024311542511,0.5833330154418945,0.034541212022304535,0.04166699945926666
8833,0.27194225788116455,0.2666670083999634,0.05264957994222641,0.0
8834,0.4260541796684265,0.4210529923439026,0.04625972360372543,0.07017499953508377
8835,0.5649136900901794,0.6845430135726929,0.039250195026397705,0.041009001433849335
8836,0.3413582146167755,0.3225809931755066,0.048870667815208435,0.0
8837,0.4899202585220337,0.564935028553009,0.04258209466934204,0.045455001294612885
8838,0.5615524053573608,0.7142860293388367,0.034912385046482086,0.01785700023174286
8839,0.46617668867111206,0.4244900047779083,0.045167699456214905,0.07346899807453156
8840,0.48198673129081726,0.6442310214042664,0.04406401515007019,0.028845999389886856
8841,0.29613903164863586,0.27272701263427734,-5.621928721666336e-05,0.0
8842,0.5546039938926697,0.44871801137924194,0.04016073793172836,0.08974400162696838
8843,0.529253363609314,0.4117650091648102,0.03706829994916916,0.058823999017477036
8844,0.5042083859443665,0.59375,0.04243309050798416,0.05000000074505806
8845,0.17222437262535095,0.0,5.091540515422821e-06,0.0
8846,0.212825208902359,0.2857140004634857,2.7925707399845123e-05,0.0
8847,0.3452504277229309,0.33333298563957214,6.4568594098091125e-06,0.0
8848,0.4597073495388031,0.4285709857940674,2.182088792324066e-06,0.2857140004634857
8849,0.5671404600143433,0.800000011920929,0.03590298444032669,0.06666699796915054
8850,0.3258172273635864,0.0,1.986231654882431e-05,0.0
8851,0.46748220920562744,0.800000011920929,-1.7713755369186401e-06,0.0
8852,0.5884910225868225,0.7346940040588379,0.03521798551082611,0.02040800079703331
8853,0.36553966999053955,0.33333298563957214,0.04740083962678909,0.04166699945926666
8854,0.42092716693878174,0.49418601393699646,0.04775780066847801,0.05232600122690201
8855,0.4524794816970825,0.5,0.040565185248851776,0.07142899930477142
8856,0.2796875834465027,0.25,2.2290274500846863e-05,0.0
8857,0.34044167399406433,0.2857140004634857,8.032005280256271e-05,0.14285700023174286
8858,0.3356914818286896,0.5,0.05213715136051178,0.05555599927902222
8859,0.24992811679840088,0.5,0.0011438960209488869,0.10000000149011612
8860,0.40830397605895996,0.6111109852790833,0.0433834046125412,0.0
8861,0.5912371277809143,0.7142860293388367,-2.78400257229805e-05,0.0
8862,0.5292668342590332,0.7368419766426086,0.035487495362758636,0.0
8863,0.31269773840904236,0.4375,0.04600013419985771,0.0
8864,0.3613525927066803,0.5111110210418701,0.05029911920428276,0.0
8865,0.3459729552268982,0.1923079937696457,0.050897806882858276,0.03846200183033943
8866,0.3568628430366516,0.4285709857940674,6.477348506450653e-06,0.14285700023174286
8867,0.6104587316513062,0.6964290142059326,0.03323892503976822,0.03571400046348572
8868,0.29861027002334595,0.4074069857597351,0.05227803438901901,0.0
8869,0.5823211669921875,0.6004729866981506,0.036262668669223785,0.02600499987602234
8870,0.632636308670044,0.49618300795555115,0.031132496893405914,0.03816799819469452
8871,0.3931369483470917,0.38461539149284363,0.03273012489080429,0.07692307978868484
8872,0.547493577003479,0.5227270126342773,0.035520587116479874,0.045455001294612885
8873,0.4543018639087677,0.45901599526405334,0.042209576815366745,0.03278699889779091
8874,0.2653716504573822,0.24242399632930756,0.05502410978078842,0.15151500701904297
8875,0.49059468507766724,0.2987009882926941,0.04320591688156128,0.012986999936401844
8876,0.5120346546173096,0.3846150040626526,0.0008267061784863472,0.0
8877,0.389495313167572,0.23076920211315155,0.011652343906462193,0.07692307978868484
8878,0.3346669375896454,0.2666670083999634,0.05006084963679314,0.022221999242901802
8879,0.5856161117553711,0.5837438106536865,0.03808675706386566,0.017241379246115685
8880,0.38556626439094543,0.5833330154418945,0.04630298912525177,0.04166699945926666
8881,0.41998082399368286,0.2777779996395111,0.045827075839042664,0.013888999819755554
8882,0.5448468327522278,0.699999988079071,0.04330574721097946,0.0
8883,0.4549829661846161,0.2222220003604889,1.6761012375354767e-05,0.0
8884,0.6203312277793884,0.7857139706611633,0.031132496893405914,0.0
8885,0.4912400245666504,0.38888901472091675,0.03850669413805008,0.11111100018024445
8886,0.41407179832458496,1.0,-1.3313256204128265e-05,0.0
8887,0.5451964735984802,0.5170069932937622,0.040240563452243805,0.03401400148868561
8888,0.4818717837333679,0.41666701436042786,0.0007630167528986931,0.0
8889,0.5885069966316223,0.6646339893341064,0.03835706412792206,0.030487999320030212
8890,0.5429790019989014,0.4615379869937897,0.00707284826785326,0.07692299783229828
8891,0.4630697965621948,0.38888901472091675,0.0382508710026741,0.0
8892,0.3741427958011627,0.6000000238418579,0.050005801022052765,0.05714299902319908
8893,0.4985392093658447,0.5797100067138672,0.039502404630184174,0.05797100067138672
8894,0.21405193209648132,0.15384599566459656,0.00019068457186222076,0.0
8895,0.49392449855804443,0.4285709857940674,0.00014646071940660477,0.07142899930477142
8896,0.4031745493412018,0.3478260040283203,0.046703193336725235,0.02173900045454502
8897,0.14702391624450684,0.16666699945926666,0.0073575349524617195,0.08333300054073334
8898,0.603477954864502,0.7015504240989685,0.03840533271431923,0.03488371893763542
8899,0.49383363127708435,0.4716159999370575,0.04346105456352234,0.06550200283527374
8900,0.5599122643470764,0.44999998807907104,0.03815433382987976,0.07500000298023224
8901,0.6374356746673584,0.5975610017776489,0.034481532871723175,0.07317099720239639
8902,0.2544177770614624,0.31578901410102844,0.052608296275138855,0.0
8903,0.506454586982727,0.5384619832038879,0.0011507533490657806,0.0
8904,0.37466365098953247,0.33333298563957214,0.040692903101444244,0.04761900007724762
8905,0.550752580165863,0.5326629877090454,0.03818812221288681,0.0301510002464056
8906,0.6425521373748779,0.6220930218696594,0.032971736043691635,0.04069799929857254
8907,0.32440733909606934,0.14285700023174286,-1.1929310858249664e-05,0.0
8908,0.547393798828125,0.684211015701294,0.04398580268025398,0.2105260044336319
8909,0.5243722796440125,0.3582090139389038,0.040788695216178894,0.10447800159454346
8910,0.595868706703186,0.6666669845581055,5.424395203590393e-05,0.11111100018024445
8911,0.3521197736263275,0.23913000524044037,0.049653761088848114,0.1521739959716797
8912,0.5128868222236633,0.5384619832038879,0.0383860245347023,0.0
8913,0.015683531761169434,0.0,5.5031850934028625e-06,0.0
8914,0.3712666630744934,0.5227270126342773,0.051920823752880096,0.045455001294612885
8915,0.6019135117530823,0.5433070063591003,0.03543636202812195,0.03149599954485893
8916,0.483990341424942,0.5306119918823242,0.04449588805437088,0.04081600159406662
8917,0.6003551483154297,0.6800000071525574,0.03728067874908447,0.0
8918,0.2890416085720062,0.375,-1.3216398656368256e-05,0.0
8919,0.321394145488739,0.3965519964694977,0.05241220444440842,0.05172400176525116
8920,0.38923537731170654,0.1379310041666031,0.04290640354156494,0.03448300063610077
8921,0.6185151934623718,0.6549590229988098,0.03593958914279938,0.03925599902868271
8922,0.29718759655952454,0.33333298563957214,0.05258249491453171,0.09523800015449524
8923,0.19559618830680847,0.25,-1.822039484977722e-05,0.0
8924,0.5707719326019287,0.6162465214729309,0.04011284559965134,0.014005599543452263
8925,0.4103093147277832,0.30000001192092896,-3.126915544271469e-05,0.0
8926,0.581748366355896,0.5898270010948181,0.03839085251092911,0.011904999613761902
8927,0.4646085798740387,0.4000000059604645,0.044177062809467316,0.1333329975605011
8928,0.5473516583442688,0.75,-2.7745962142944336e-05,0.125
8929,0.5241609215736389,0.5042740106582642,0.037362731993198395,0.03418799862265587
8930,0.41816723346710205,0.375,6.119720637798309e-06,0.0
8931,0.19837504625320435,0.20000000298023224,-4.1620805859565735e-06,0.0
8932,0.3516301214694977,0.6315789818763733,0.05075109377503395,0.15789499878883362
8933,0.553854763507843,0.3846150040626526,0.0354468896985054,0.1025639995932579
8934,0.21282246708869934,0.0,-8.021295070648193e-05,0.0
8935,0.2910175621509552,0.6666669845581055,1.2050382792949677e-05,0.0
8936,0.4774031937122345,0.20000000298023224,0.04300624132156372,0.10000000149011612
8937,0.6553336381912231,0.7272729873657227,-1.951213926076889e-05,0.0
8938,0.4753324091434479,0.38636401295661926,0.04497412592172623,0.045455001294612885
8939,0.5133090615272522,0.43181800842285156,0.038994405418634415,0.11363600194454193
8940,0.40958812832832336,0.4000000059604645,0.043974630534648895,0.06666699796915054
8941,0.48787039518356323,0.5912410020828247,0.0433279350399971,0.06934300065040588
8942,0.3588498532772064,0.4285709857940674,2.023763954639435e-06,0.0
8943,0.005091540515422821,0.0,2.1638348698616028e-05,0.0
8944,0.32558757066726685,0.20000000298023224,-2.392008900642395e-05,0.4000000059604645
8945,0.39766237139701843,0.625,0.04531572386622429,0.0
8946,0.4420146346092224,0.43243199586868286,0.040809981524944305,0.08108100295066833
8947,0.606824517250061,0.5611810088157654,0.03582679107785225,0.04641399905085564
8948,0.5393834710121155,0.7534250020980835,0.0376378670334816,0.013698999769985676
8949,0.3340740203857422,0.30000001192092896,0.052536047995090485,0.1333329975605011
8950,0.5040971040725708,0.6000000238418579,0.038905661553144455,0.0
8951,0.48894286155700684,0.47033900022506714,0.041986070573329926,0.0169489998370409
8952,0.27535516023635864,0.0,4.612840712070465e-05,0.0
8953,0.6111181974411011,0.4675320088863373,0.03483428806066513,0.03896100074052811
8954,0.5782630443572998,0.6330649852752686,0.03698141872882843,0.02822599932551384
8955,0.020764552056789398,0.5,3.8071535527706146e-05,0.0
8956,0.4667682647705078,0.6532260179519653,0.04610829800367355,0.02419400028884411
8957,0.4695686399936676,0.5555559992790222,0.043684132397174835,0.03703700006008148
8958,0.37568485736846924,0.5,2.521369606256485e-05,0.0
8959,0.21120327711105347,0.17647099494934082,0.05213715136051178,0.0
8960,0.5841324329376221,0.75,0.032619163393974304,0.0
8961,0.01906454563140869,0.33333298563957214,-3.7292949855327606e-05,0.0
8962,0.48292094469070435,0.6111109852790833,0.044894419610500336,0.05555599927902222
8963,0.5599790811538696,0.6106870174407959,0.03988049179315567,0.045802000910043716
8964,0.47156959772109985,0.44736799597740173,0.042209576815366745,0.05263200029730797
8965,0.5392110347747803,0.5038359761238098,0.04119846224784851,0.06138100102543831
8966,0.5053861737251282,0.359375,0.041602909564971924,0.046875
8967,0.27984029054641724,0.15151500701904297,0.05014275759458542,0.10606099665164948
8968,0.5101450085639954,0.51351398229599,0.03733859956264496,0.02702699974179268
8969,0.522290825843811,0.2432429939508438,0.03795643523335457,0.1351349949836731
8970,0.495084285736084,0.4601770043373108,0.04377351701259613,0.06194699928164482
8971,0.5160166621208191,0.6551719903945923,0.036570847034454346,0.03448300063610077
8972,0.4973737597465515,0.5,1.3485550880432129e-06,0.0
8973,0.3293444514274597,0.5,-1.1671334505081177e-05,0.0
8974,0.47944116592407227,0.4090909957885742,0.04055986553430557,0.0
8975,0.5934954881668091,0.46875,0.0341048501431942,0.03125
8976,0.48345673084259033,0.4313730001449585,0.043974630534648895,0.11764699965715408
8977,0.5780860185623169,0.43644100427627563,0.03705381602048874,0.0169489998370409
8978,0.40239694714546204,0.4117650091648102,0.04281765967607498,0.17647099494934082
8979,0.5697281956672668,0.5164840221405029,0.0379757434129715,0.03296700119972229
8980,0.2944667637348175,0.0,3.2437965273857117e-06,0.0
8981,0.39923250675201416,0.3428570032119751,0.048450715839862823,0.05714299902319908
8982,0.47365114092826843,0.3125,0.019105054438114166,0.0625
8983,0.49306392669677734,0.47826099395751953,0.03720827400684357,0.04347800090909004
8984,0.5280908942222595,0.875,-8.288770914077759e-07,0.0
8985,0.4717090129852295,0.22727300226688385,0.04423399269580841,0.125
8986,0.6186034679412842,0.38095200061798096,0.036238186061382294,0.03571400046348572
8987,0.5746461749076843,0.389831006526947,0.0415603369474411,0.1016950011253357
8988,0.47244513034820557,0.26041701436042786,0.044279541820287704,0.05208300054073334
8989,0.44471457600593567,0.5833330154418945,0.04538404196500778,0.04166699945926666
8990,0.22931012511253357,0.2222220003604889,4.195794463157654e-05,0.0
8991,0.34168559312820435,0.45833298563957214,0.05434379726648331,0.0
8992,0.378093421459198,0.11111100018024445,5.054008215665817e-05,0.0
8993,0.4132571518421173,0.45614001154899597,0.04396345466375351,0.05263200029730797
8994,0.5993227958679199,0.6568626761436462,0.037411004304885864,0.03781513124704361
8995,0.5637529492378235,0.6237109899520874,0.039647821336984634,0.020618999376893044
8996,0.5768047571182251,0.4896549880504608,0.038477733731269836,0.1310340017080307
8997,0.22265779972076416,0.25,2.9175542294979095e-05,0.0
8998,0.4515208601951599,0.4666669964790344,0.05223675072193146,0.044443998485803604
8999,0.25701117515563965,0.17391300201416016,0.055510811507701874,0.1304350048303604
9000,0.5417100787162781,0.70967698097229,0.037198618054389954,0.03225800022482872
9001,0.3484990894794464,0.5,6.379559636116028e-07,0.0
9002,0.23817047476768494,0.375,3.274250775575638e-05,0.0
9003,0.5232526063919067,0.7175139784812927,0.04246501624584198,0.01129900012165308
9004,0.35707157850265503,0.5789470076560974,0.04874468222260475,0.0
9005,0.49467235803604126,0.4285709857940674,0.03726137429475784,0.0
9006,0.5282761454582214,0.5580773949623108,0.04176788032054901,0.02002670057117939
9007,0.36089617013931274,0.6000000238418579,0.0006442181766033173,0.10000000149011612
9008,0.3539136052131653,0.16666699945926666,1.0621733963489532e-05,0.0
9009,0.18673333525657654,0.20000000298023224,-3.666616976261139e-06,0.0
9010,0.16204038262367249,0.0,0.00013561733067035675,0.18181799352169037
9011,0.584082305431366,0.5945950150489807,0.03594093769788742,0.045044999569654465
9012,0.4418524503707886,0.41379299759864807,0.04190092533826828,0.0
9013,0.501159131526947,0.5600000023841858,0.04077804833650589,0.05999999865889549
9014,0.5031528472900391,0.6222220063209534,0.03995029628276825,0.0
9015,0.29553845524787903,0.33333298563957214,-1.7609447240829468e-05,0.16666699945926666
9016,0.4923132658004761,0.5,-4.0230341255664825e-05,0.0
9017,0.48537343740463257,0.5544549822807312,0.04439341276884079,0.09900999814271927
9018,0.37602272629737854,0.5483869910240173,0.04743234068155289,0.0
9019,0.5095348358154297,0.5194169878959656,0.04351653531193733,0.024272000417113304
9020,0.29667729139328003,0.16666699945926666,3.277324140071869e-06,0.0
9021,0.39959174394607544,0.47826099395751953,0.04448449984192848,0.0
9022,0.535462498664856,0.7142860293388367,0.03607378154993057,0.0
9023,0.5430236458778381,0.6003090143203735,0.04121974855661392,0.04166699945926666
9024,0.4179815351963043,0.33333298563957214,1.5158206224441528e-05,0.0
9025,0.5773429274559021,0.4000000059604645,1.9954517483711243e-05,0.10000000149011612
9026,0.4806724786758423,0.25,9.383074939250946e-06,0.0
9027,0.4698476195335388,0.38709700107574463,0.03867610543966293,0.12903200089931488
9028,0.5811786651611328,0.5770310163497925,0.03870730102062225,0.04761900007724762
9029,0.39667367935180664,0.4000000059604645,2.1879561245441437e-05,0.10000000149011612
9030,0.28493642807006836,0.4210529923439026,0.05432414263486862,0.0
9031,0.5675890445709229,0.7659569978713989,0.034810617566108704,0.0
9032,0.5082598328590393,0.5192310214042664,0.04246501624584198,0.05769199877977371
9033,0.3703990876674652,0.0,2.9942020773887634e-06,0.0
9034,0.3458254337310791,0.33333298563957214,0.05202899128198624,0.0
9035,0.49661391973495483,0.53125,0.037995051592588425,0.03125
9036,0.3777088522911072,0.714285671710968,3.957841545343399e-05,0.14285710453987122
9037,0.3429943323135376,0.17647099494934082,0.048177748918533325,0.0
9038,0.588173508644104,0.6508539915084839,0.0366375669836998,0.020873000845313072
9039,0.4687860608100891,0.4920629858970642,0.04607584699988365,0.0
9040,0.4615198075771332,0.328125,0.04204992949962616,0.078125
9041,0.48319390416145325,0.651515007019043,0.04384055361151695,0.045455001294612885
9042,0.4287554621696472,0.6000000238418579,1.100730150938034e-05,0.0
9043,0.5108873844146729,0.558139979839325,0.04182641953229904,0.023256000131368637
9044,0.5376713275909424,0.4850749969482422,0.04027249291539192,0.05223900079727173
9045,0.549706757068634,0.5526319742202759,0.0363314114511013,0.05263200029730797
9046,0.34979546070098877,0.25,4.3326057493686676e-05,0.125
9047,0.5744466781616211,0.4864859879016876,0.03773922845721245,0.04422599822282791
9048,0.47444045543670654,0.13636399805545807,0.04291749745607376,0.045455001294612885
9049,0.5208334922790527,0.5982909798622131,0.042113788425922394,0.02991499938070774
9050,0.4541163742542267,0.7333329916000366,0.029617466032505035,0.0
9051,0.3459494113922119,0.25,-1.0091811418533325e-05,0.0
9052,0.5188302993774414,0.5061730146408081,0.039572205394506454,0.012346000410616398
9053,-0.001453392207622528,0.25,1.3112090528011322e-05,0.0
9054,0.31977683305740356,0.39130398631095886,0.051678404211997986,0.17391300201416016
9055,0.4062860608100891,0.4230769872665405,0.04441618174314499,0.0
9056,0.5757245421409607,0.5392490029335022,0.03718414157629013,0.06825900077819824
9057,0.5175078511238098,0.5922330021858215,0.04069822281599045,0.03883500024676323
9058,0.5285322070121765,0.5714290142059326,0.006403115577995777,0.0
9059,0.5708795785903931,0.47368401288986206,0.036497000604867935,0.01754399947822094
9060,0.399577260017395,0.6764709949493408,0.047006044536828995,0.0
9061,0.4718843996524811,0.6000000238418579,0.0004990221932530403,0.10000000149011612
9062,0.47696375846862793,0.5714290142059326,0.03870207816362381,0.0
9063,0.4282950162887573,0.5,0.04578381031751633,0.04166699945926666
9064,0.49939286708831787,0.18181799352169037,0.001041984185576439,0.0
9065,0.3117469847202301,0.26315799355506897,0.04848221316933632,0.0
9066,0.40372854471206665,0.2820509970188141,0.04881817102432251,0.1025639995932579
9067,0.5717757940292358,0.6909090280532837,0.035111840814352036,0.018182000145316124
9068,0.37958723306655884,0.699999988079071,0.0014800475910305977,0.0
9069,0.3114256262779236,0.5,0.03624528646469116,0.10000000149011612
9070,0.5155584812164307,0.5769230127334595,0.03918755054473877,0.0
9071,0.5789033770561218,0.49450498819351196,0.039752524346113205,0.04395600035786629
9072,0.4128299355506897,0.16666699945926666,-8.079223334789276e-06,0.16666699945926666
9073,0.43762218952178955,0.5,-2.787727862596512e-05,0.16666699945926666
9074,0.4762243628501892,0.5,0.04634625464677811,0.0
9075,0.495003342628479,0.36184200644493103,0.042039282619953156,0.05263200029730797
9076,0.23515334725379944,0.20000000298023224,4.161149263381958e-06,0.0
9077,0.2722887694835663,0.3055559992790222,0.051050134003162384,0.08333300054073334
9078,0.43635958433151245,0.45664700865745544,0.048135749995708466,0.04624300077557564
9079,0.4368167519569397,0.5161290168762207,0.04650849848985672,0.02419400028884411
9080,0.1295839548110962,0.2222220003604889,0.00014595594257116318,0.11111100018024445
9081,0.29727408289909363,0.0,0.0014337552711367607,0.14285700023174286
9082,0.298807829618454,0.34615400433540344,0.05290243774652481,0.03846200183033943
9083,0.29955071210861206,0.3513509929180145,0.05411780625581741,0.05405399948358536
9084,0.48893073201179504,0.6037740111351013,0.04267788678407669,0.00943399965763092
9085,0.4221579432487488,0.619047999382019,0.04688706994056702,0.03174600005149841
9086,0.4324488639831543,0.3818179965019226,0.04546374827623367,0.07272700220346451
9087,0.3947722017765045,0.2758620083332062,0.04702768102288246,0.013793000020086765
9088,0.518400251865387,0.653846025466919,0.04161355271935463,0.0
9089,0.4102192521095276,0.2264149934053421,0.045697275549173355,0.05660400167107582
9090,0.5731818675994873,0.45723679661750793,0.0388064831495285,0.0690789520740509
9091,0.39693036675453186,0.42222198843955994,0.045087989419698715,0.022221999242901802
9092,0.4102587401866913,0.4666669964790344,0.04778929054737091,0.06666699796915054
9093,0.5063006281852722,0.5769230127334595,0.03853565454483032,0.03846200183033943
9094,0.2814177870750427,0.0,-1.239590346813202e-06,0.0
9095,0.5124056339263916,0.33333298563957214,2.4028122425079346e-06,0.0
9096,0.2178247570991516,0.20000000298023224,4.521384835243225e-05,0.0
9097,0.5376182794570923,0.4305559992790222,0.04016605764627457,0.0
9098,0.46201202273368835,0.3515619933605194,0.045167699456214905,0.0859379991889
9099,0.5391542911529541,0.5673080086708069,0.04259273782372475,0.08653800189495087
9100,0.5209491848945618,0.4666669964790344,0.015644386410713196,0.0
9101,0.35362985730171204,0.2173909991979599,0.053724780678749084,0.014492999762296677
9102,0.5873062610626221,0.4545449912548065,0.03598973900079727,0.012121000327169895
9103,0.5351026654243469,0.4251970052719116,0.041432615369558334,0.05511799827218056
9104,0.560064971446991,0.5652170181274414,0.036725305020809174,0.0
9105,0.5785983800888062,0.44791701436042786,0.03662525862455368,0.03125
9106,0.505287230014801,0.5,0.03761855512857437,0.0
9107,0.5947872996330261,0.581250011920929,0.036721013486385345,0.03125
9108,0.34527844190597534,0.25,4.546716809272766e-06,0.0
9109,0.5022547245025635,0.6756759881973267,0.03909880667924881,0.02702699974179268
9110,0.643149733543396,0.7086089849472046,0.033292535692453384,0.006622999906539917
9111,0.40536975860595703,0.44117599725723267,0.046908698976039886,0.0
9112,0.221090167760849,0.23076899349689484,0.056372396647930145,0.03846200183033943
9113,0.4373266398906708,0.550000011920929,0.04234794154763222,0.05000000074505806
9114,0.5147355794906616,0.5263159871101379,0.03755097836256027,0.0
9115,0.6383777856826782,0.6144070029258728,0.0360209196805954,0.04661000147461891
9116,0.3203847110271454,0.0,-1.3300217688083649e-05,0.0
9117,0.4126289188861847,0.3095239996910095,0.04475777968764305,0.07142899930477142
9118,0.5940604209899902,0.5255470275878906,0.035877496004104614,0.06569299846887589
9119,0.6059491038322449,0.5504323244094849,0.03765717148780823,0.07204610854387283
9120,0.32833847403526306,0.6666669845581055,7.116235792636871e-06,0.0
9121,0.5505196452140808,0.6135460138320923,0.041113317012786865,0.015936000272631645
9122,0.5467634797096252,0.47727298736572266,0.03628579527139664,0.11363600194454193
9123,0.4849020838737488,0.5714290142059326,6.272457540035248e-06,0.0
9124,0.39225614070892334,0.4838710129261017,0.04929061606526375,0.12903200089931488
9125,0.4918578267097473,0.35714301466941833,0.03965945541858673,0.0
9126,0.417418509721756,0.23999999463558197,0.05066027119755745,0.0
9127,0.44141221046447754,0.28125,0.045543454587459564,0.0625
9128,0.41932037472724915,0.619047999382019,0.04315045103430748,0.0
9129,0.49804848432540894,0.632652997970581,0.04366178810596466,0.03401400148868561
9130,0.40326234698295593,0.5,8.692219853401184e-05,0.0
9131,0.5724654197692871,0.5326279997825623,0.03870730102062225,0.04232800006866455
9132,0.513363242149353,0.800000011920929,-1.044292002916336e-05,0.20000000298023224
9133,0.358936071395874,0.36363598704338074,0.05175456404685974,0.11363600194454193
9134,0.3632200360298157,0.41666701436042786,0.007324662990868092,0.0
9135,0.48027893900871277,0.4000000059604645,4.515796899795532e-05,0.0
9136,0.5387763381004333,0.5163930058479309,0.040373604744672775,0.053279001265764236
9137,0.5643616914749146,0.535315990447998,0.039531487971544266,0.029740000143647194
9138,0.3718549907207489,0.5,0.00823939684778452,0.0
9139,0.535982072353363,0.3931620121002197,0.0419328510761261,0.06837599724531174
9140,0.5910873413085938,0.6273289918899536,0.03599245101213455,0.031055999919772148
9141,0.5057318210601807,0.1875,0.03591518849134445,0.0
9142,0.3833838701248169,0.0,-5.344953387975693e-05,0.0
9143,0.5427548289299011,0.25,-4.484318196773529e-06,0.0
9144,0.5816870927810669,0.625,0.034497711807489395,0.0
9145,0.4613872766494751,0.6388890147209167,0.04476916790008545,0.04166699945926666
9146,0.5014716386795044,0.35416701436042786,0.03797091543674469,0.125
9147,0.3513913154602051,0.3448280096054077,0.0508628748357296,0.1149429976940155
9148,0.5721563696861267,0.4042550027370453,0.03451693430542946,0.14893600344657898
9149,0.5616863965988159,0.6875,0.039093587547540665,0.020833000540733337
9150,0.30066409707069397,0.47058799862861633,0.05313465744256973,0.029411999508738518
9151,0.3051454424858093,0.4444440007209778,-5.3783878684043884e-05,0.0
9152,0.43060511350631714,0.6000000238418579,0.04632462188601494,0.10000000149011612
9153,0.48194244503974915,0.4444443881511688,2.903863787651062e-05,0.0
9154,0.6376936435699463,0.5853660106658936,0.031132496893405914,0.04268300160765648
9155,0.25888365507125854,0.2857140004634857,0.011823748238384724,0.0
9156,0.6118552684783936,0.5901640057563782,0.03290452063083649,0.07377000153064728
9157,0.32785144448280334,0.33333298563957214,0.04609169811010361,0.0
9158,0.4593295454978943,0.4776119887828827,0.04222021996974945,0.029851000756025314
9159,0.5190333127975464,0.5555559992790222,-7.711350917816162e-07,0.0
9160,0.06545904278755188,0.5,5.29363751411438e-06,0.0
9161,0.30933353304862976,0.25,6.769131869077682e-05,0.0
9162,0.4629122018814087,0.25,1.8617138266563416e-06,0.0
9163,0.4655454456806183,0.38775500655174255,0.0432724691927433,0.06122399866580963
9164,0.44377997517585754,0.6000000238418579,-1.776963472366333e-05,0.0
9165,0.579093337059021,0.5813949704170227,0.03601007163524628,0.046512000262737274
9166,0.5909827947616577,0.35416701436042786,0.03870207816362381,0.02777799963951111
9167,0.37176910042762756,0.550000011920929,0.043684132397174835,0.05000000074505806
9168,0.5737025737762451,0.554839015007019,0.036176979541778564,0.012903000228106976
9169,0.4820939898490906,0.3859649896621704,0.04112395644187927,0.05263200029730797
9170,0.3212145268917084,0.5,1.2954697012901306e-06,0.0
9171,0.600338339805603,0.609375,0.0366186648607254,0.03125
9172,0.5852142572402954,0.5829150080680847,0.03882214054465294,0.05025099962949753
9173,0.5514476895332336,0.5517240166664124,0.0327751561999321,0.06896600127220154
9174,0.21675792336463928,0.10000000149011612,0.0001241462305188179,0.0
9175,0.5529852509498596,0.4658227860927582,0.03988049179315567,0.02025315910577774
9176,0.4268260896205902,0.7209299802780151,0.04723285883665085,0.0
9177,0.3158060312271118,0.25,-1.528766006231308e-05,0.0
9178,0.38574910163879395,0.2758620083332062,0.04680053889751434,0.03448300063610077
9179,0.5532848238945007,0.5595849752426147,0.04066629707813263,0.04663199931383133
9180,0.5205872058868408,0.7777780294418335,1.439172774553299e-05,0.0
9181,0.4127384126186371,0.17857100069522858,0.04350542277097702,0.14285700023174286
9182,0.4373183846473694,0.6206899881362915,0.05152609944343567,0.10344800353050232
9183,0.19814181327819824,0.4000000059604645,-1.787859946489334e-05,0.20000000298023224
9184,0.561293363571167,0.5092589855194092,0.03563503175973892,0.046296000480651855
9185,0.26256150007247925,0.3125,0.05519246309995651,0.0625
9186,0.4000592827796936,0.5555559992790222,5.420763045549393e-05,0.0
9187,0.44945526123046875,0.1851850003004074,0.04800976812839508,0.07407400012016296
9188,0.44748759269714355,0.699999988079071,8.069910109043121e-06,0.0
9189,0.5109094977378845,0.5729169845581055,0.04144325852394104,0.010417000390589237
9190,0.5549918413162231,0.6666669845581055,0.005100521259009838,0.0
9191,0.4215567111968994,0.5,4.4833868741989136e-06,0.0
9192,0.28069043159484863,0.2222220003604889,-1.4924444258213043e-05,0.11111100018024445
9193,0.5323296785354614,0.5072460174560547,0.0402245968580246,0.04347800090909004
9194,0.5962769985198975,0.34020599722862244,0.03574005514383316,0.0824740007519722
9195,0.4709016978740692,0.33333298563957214,0.0007659336552023888,0.06666699796915054
9196,0.6119187474250793,0.5642859935760498,0.03466270491480827,0.028571000322699547
9197,0.42077919840812683,0.5555559992790222,-1.6461126506328583e-05,0.0
9198,0.5810694098472595,0.5612540245056152,0.03721792995929718,0.054131001234054565
9199,0.6218515634536743,0.6240000128746033,0.036793842911720276,0.052000001072883606
9200,0.47299498319625854,0.517857015132904,0.04421122372150421,0.03571400046348572
9201,0.2789495885372162,0.30000001192092896,0.05174186825752258,0.10000000149011612
9202,0.5547026991844177,0.532895028591156,0.03896830603480339,0.0197369996458292
9203,0.558293879032135,0.375,0.03618922084569931,0.02500000037252903
9204,0.5309459567070007,0.6499999761581421,0.03691866621375084,0.07500000298023224
9205,0.502967357635498,0.30000001192092896,0.036426033824682236,0.0
9206,0.4253390431404114,0.4000000059604645,0.0168624147772789,0.0
9207,0.5521275401115417,0.5918369889259338,0.03717448562383652,0.04081600159406662
9208,0.6242058277130127,0.6111109852790833,0.03586682304739952,0.05000000074505806
9209,0.34353160858154297,0.17857100069522858,0.05059695616364479,0.10714299976825714
9210,0.36675071716308594,0.2857140004634857,7.671304047107697e-06,0.0
9211,0.6264248490333557,0.6969699859619141,0.032368049025535583,0.030302999541163445
9212,0.37082698941230774,0.38888901472091675,0.04596768692135811,0.05555599927902222
9213,0.5794733762741089,0.5759369134902954,0.03699589520692825,0.05325444042682648
9214,0.3880709409713745,0.4285709857940674,-3.692321479320526e-05,0.0
9215,0.4927365481853485,0.550000011920929,0.037275850772857666,0.05000000074505806
9216,0.5722917318344116,0.6199100017547607,0.03856944292783737,0.0542990006506443
9217,0.4372745752334595,0.5,0.041773200035095215,0.05555599927902222
9218,0.16856199502944946,0.27272701263427734,0.0584213063120842,0.0
9219,0.4771903157234192,0.25,0.043639443814754486,0.05555599927902222
9220,0.38915306329727173,0.6296300292015076,0.051069170236587524,0.11111100018024445
9221,0.5750608444213867,0.800000011920929,6.575137376785278e-07,0.0
9222,0.4186040759086609,0.33333298563957214,0.04346105456352234,0.08333300054073334
9223,0.2472859025001526,0.30000001192092896,0.05569174140691757,0.0
9224,0.48346754908561707,0.5,3.6135315895080566e-07,0.0
9225,0.4098801016807556,0.0,-2.609565854072571e-06,0.0
9226,0.33116474747657776,0.2222220003604889,1.1129304766654968e-06,0.0
9227,0.5267693996429443,0.4455449879169464,0.042667239904403687,0.03465300053358078
9228,0.5623518228530884,0.5714290142059326,6.211921572685242e-07,0.14285700023174286
9229,0.4929599165916443,0.45872798562049866,0.04391876608133316,0.06359899789094925
9230,0.37848687171936035,0.36363598704338074,4.460383206605911e-05,0.0
9231,0.5494846105575562,0.6666669845581055,0.03771992027759552,0.044443998485803604
9232,0.4933193027973175,0.0625,0.03684626519680023,0.0625
9233,0.6055751442909241,0.6845729947090149,0.03732411935925484,0.028925999999046326
9234,0.4953523874282837,0.6363639831542969,0.0419328510761261,0.06060599908232689
9235,0.0023281946778297424,0.0,7.224269211292267e-06,0.0
9236,0.28124290704727173,0.4000000059604645,9.575113654136658e-05,0.0
9237,0.511476457118988,0.6294119954109192,0.04273109883069992,0.0764710009098053
9238,0.3431093096733093,0.20754699409008026,0.05246897041797638,0.05660400167107582
9239,0.5152616500854492,0.8333330154418945,1.0384246706962585e-06,0.0
9240,0.6233103275299072,0.6000000238418579,0.031132496893405914,0.07999999821186066
9241,0.21566438674926758,0.33333298563957214,-5.881302058696747e-06,0.0
9242,0.4193284511566162,0.6279069781303406,0.04612993076443672,0.0
9243,0.5444157123565674,0.23076899349689484,0.027676217257976532,0.0
9244,0.5249033570289612,0.7142860293388367,0.04301733151078224,0.005291000008583069
9245,0.3380410671234131,0.3846150040626526,0.031194917857646942,0.07692299783229828
9246,0.41589999198913574,0.5609760284423828,0.04483748972415924,0.0
9247,0.5191775560379028,1.0,2.598389983177185e-07,0.0
9248,0.4813714921474457,0.4545449912548065,0.024828311055898666,0.09090899676084518
9249,0.3843291401863098,0.27272701263427734,0.001354019157588482,0.09090899676084518
9250,0.38870969414711,0.39393898844718933,0.04347214847803116,0.06060599908232689
9251,0.5103142261505127,0.619047999382019,0.04232665151357651,0.06666699796915054
9252,0.5008074641227722,0.4000000059604645,0.0007618004456162453,0.10000000149011612
9253,0.4846705198287964,0.684211015701294,0.04297295957803726,0.0
9254,0.48191308975219727,0.4399999976158142,0.043684132397174835,0.006666999775916338
9255,0.6519491672515869,0.6818180084228516,0.031132496893405914,0.0227269995957613
9256,0.4987376034259796,0.4545449912548065,0.0007434440776705742,0.09090899676084518
9257,0.43839117884635925,0.5416669845581055,0.040809981524944305,0.125
9258,0.5886032581329346,0.6658163070678711,0.037961263209581375,0.030612239614129066
9259,0.4793882966041565,0.4666669964790344,0.04051196947693825,0.06666699796915054
9260,0.354454904794693,0.6666669845581055,5.213078111410141e-05,0.0
9261,0.2747970223426819,0.3076919913291931,0.000628315843641758,0.07692299783229828
9262,0.4100443720817566,0.5,-1.8940307199954987e-05,0.33333298563957214
9263,0.5689539909362793,0.6818180084228516,0.034067362546920776,0.045455001294612885
9264,0.4109758138656616,0.634145975112915,0.045870341360569,0.0365849994122982
9265,0.3199930787086487,0.4000000059604645,1.3068318367004395e-05,0.0
9266,0.24686762690544128,0.20000000298023224,4.976987838745117e-05,0.0
9267,0.5162900686264038,0.375,-3.5502947866916656e-05,0.125
9268,0.40665316581726074,0.33333298563957214,0.041794486343860626,0.05555599927902222
9269,0.3733695447444916,0.4385960102081299,0.04919612780213356,0.12280700355768204
9270,0.33405327796936035,0.2833330035209656,0.05032145977020264,0.016666999086737633
9271,0.5287843942642212,0.5159239768981934,0.04125168174505234,0.060509998351335526
9272,0.33433884382247925,0.30000001192092896,0.04855570197105408,0.0
9273,0.6044213771820068,0.7450979948043823,0.035291969776153564,0.07843100279569626
9274,0.4844111204147339,0.5614039897918701,0.04108138754963875,0.0
9275,0.4665190279483795,0.5199999809265137,0.041986070573329926,0.0
9276,0.49082955718040466,0.41935500502586365,0.03884823992848396,0.0
9277,0.4962897300720215,0.31034499406814575,0.041475191712379456,0.2413789927959442
9278,0.4100891947746277,0.48672598600387573,0.05073712021112442,0.10619500279426575
9279,0.5690167546272278,0.7142860293388367,0.03610360622406006,0.0
9280,0.5041643977165222,0.4642859995365143,0.0411771759390831,0.10714299976825714
9281,0.564052402973175,0.7142860293388367,4.684552550315857e-07,0.0
9282,0.5493620038032532,0.642857015132904,0.00011062342673540115,0.0
9283,0.3877306580543518,0.25,2.8489157557487488e-06,0.0
9284,0.5686475038528442,0.375,2.0596198737621307e-05,0.125
9285,0.31329330801963806,0.5,-1.3211742043495178e-05,0.0
9286,0.4590509533882141,0.5625,0.03884823992848396,0.0
9287,0.38561978936195374,0.11764699965715408,0.04496273770928383,0.058823999017477036
9288,0.5258475542068481,0.607142984867096,0.037430308759212494,0.0
9289,0.5870909094810486,0.6388890147209167,0.037126220762729645,0.08333300054073334
9290,0.47683754563331604,0.41818198561668396,0.04329465329647064,0.07272700220346451
9291,0.4026957154273987,0.4666669964790344,0.041989073157310486,0.0
9292,0.5110927224159241,0.6666669845581055,0.03749788552522659,0.06666699796915054
9293,0.5860797166824341,0.625,0.02689233422279358,0.0625
9294,0.5551883578300476,0.39130398631095886,0.03788886219263077,0.028985999524593353
9295,0.5546079874038696,0.5259259939193726,0.039752524346113205,0.08148100227117538
9296,0.6249632835388184,0.7777780294418335,1.0862946510314941e-05,0.0
9297,0.5892741680145264,0.65584397315979,0.03593551740050316,0.07142899930477142
9298,0.4499461352825165,0.5,2.2027641534805298e-05,0.0
9299,0.5028253793716431,0.23880599439144135,0.0434388667345047,0.014925000257790089
9300,0.5539318919181824,0.5714290142059326,0.002080332487821579,0.0
9301,0.6561249494552612,0.5641030073165894,0.031132496893405914,0.025640999898314476
9302,0.5203866958618164,0.5338349938392639,0.04153372347354889,0.04511300101876259
9303,0.591415286064148,0.4900659918785095,0.035966694355010986,0.019867999479174614
9304,0.47817671298980713,0.47058799862861633,0.04260338097810745,0.0
9305,0.5698894262313843,0.6730769872665405,0.03515167534351349,0.019231000915169716
9306,0.4713948965072632,0.764706015586853,0.0442909300327301,0.014705999754369259
9307,0.586807131767273,0.5373380184173584,0.036675117909908295,0.03246799856424332
9308,0.24495941400527954,0.33333298563957214,6.113573908805847e-05,0.0
9309,0.589539110660553,0.5616440176963806,0.036592282354831696,0.06849300116300583
9310,0.3916225731372833,0.5400000214576721,0.052272871136665344,0.03999999910593033
9311,0.40742701292037964,0.6666669845581055,-2.3515895009040833e-06,0.0
9312,0.46932080388069153,0.1304350048303604,0.0489126592874527,0.0
9313,0.4917652904987335,0.5454549789428711,0.0010070344433188438,0.18181799352169037
9314,0.3658433258533478,0.4285709857940674,2.1412037312984467e-05,0.0
9315,0.573135256767273,0.5714290142059326,4.721060395240784e-05,0.0
9316,0.38978511095046997,0.5454549789428711,1.316610723733902e-05,0.09090899676084518
9317,0.3531283736228943,0.5,2.422928810119629e-05,0.0
9318,0.4337868094444275,0.33333298563957214,0.04360591992735863,0.125
9319,0.5302553772926331,0.5,2.3562461137771606e-07,0.0
9320,0.4772643446922302,0.27272701263427734,-5.1095150411129e-05,0.27272701263427734
9321,0.6113945245742798,0.6000000238418579,0.03300090506672859,0.014286000281572342
9322,0.5054325461387634,0.6504070162773132,0.04336121678352356,0.016259999945759773
9323,0.5059625506401062,0.44270798563957214,0.04341668263077736,0.09375
9324,0.48740410804748535,0.4678899943828583,0.044086359441280365,0.06421999633312225
9325,0.3997904062271118,0.3125,0.05267021805047989,0.0
9326,0.4860703945159912,0.5584419965744019,0.04301733151078224,0.07792200148105621
9327,0.4539968967437744,0.45614001154899597,0.0425075925886631,0.0
9328,0.4675544202327728,0.4761900007724762,0.03773922845721245,0.0
9329,0.5395983457565308,0.3584910035133362,0.040261849761009216,0.08490599691867828
9330,0.2449190318584442,0.0,0.0005066050216555595,0.07692299783229828
9331,0.5710320472717285,0.653285026550293,0.038916103541851044,0.04927000030875206
9332,0.6177064180374146,0.5555559992790222,0.031132496893405914,0.0
9333,0.49237489700317383,0.41999998688697815,0.04208185896277428,0.026667000725865364
9334,0.5863338708877563,0.5632179975509644,0.03483428806066513,0.05747099965810776
9335,0.5979016423225403,0.5502960085868835,0.035647619515657425,0.05325400084257126
9336,0.5907647609710693,0.5338000059127808,0.038294315338134766,0.041958000510931015
9337,0.010796528309583664,0.0,-4.638824611902237e-05,0.0
9338,0.30151036381721497,0.30000001192092896,0.05248444527387619,0.05000000074505806
9339,0.5938512086868286,0.5609760284423828,0.038579098880290985,0.024390000849962234
9340,0.5238915681838989,0.4615379869937897,0.03859357908368111,0.07692299783229828
9341,0.34995511174201965,0.18181799352169037,0.05085589364171028,0.18181799352169037
9342,0.48382145166397095,0.3478260040283203,0.04645441472530365,0.0
9343,0.6000529527664185,0.6075950264930725,0.034810617566108704,0.02531599998474121
9344,0.5311377048492432,0.6622809767723083,0.04236922413110733,0.030702000483870506
9345,0.30436673760414124,0.14285700023174286,0.05381812900304794,0.04081600159406662
9346,0.4017154276371002,0.4000000059604645,0.0013678781688213348,0.06666699796915054
9347,0.6070848703384399,0.5909090042114258,0.031132496893405914,0.0
9348,0.2703830301761627,0.5,1.2113712728023529e-05,0.0
9349,0.33813679218292236,0.5,-1.6675330698490143e-05,0.0
9350,0.6018298864364624,0.4090909957885742,0.031132496893405914,0.045455001294612885
9351,0.47849041223526,0.5,0.0006250431761145592,0.08333300054073334
9352,0.5162732005119324,0.4528299868106842,0.04173062741756439,0.03773599863052368
9353,0.4814297556877136,0.434783011674881,0.043650612235069275,0.08695700019598007
9354,0.48250699043273926,0.4285709857940674,2.366025000810623e-05,0.0
9355,0.5146971344947815,0.5588240027427673,0.03706347197294235,0.029411999508738518
9356,0.3594793975353241,0.375,0.050869859755039215,0.08333300054073334
9357,0.3882523775100708,0.0,-1.1892057955265045e-05,0.0
9358,0.5107600092887878,0.37383198738098145,0.04190092533826828,0.018691999837756157
9359,0.2976318299770355,0.4000000059604645,4.303641617298126e-06,0.0
9360,0.5762984752655029,0.5062659978866577,0.03947913646697998,0.04010000079870224
9361,0.4511195123195648,0.16666699945926666,0.04013945162296295,0.0
9362,0.5499637722969055,0.375,5.755573511123657e-07,0.0
9363,0.5121836066246033,0.5217390060424805,0.03981069102883339,0.04347800090909004
9364,0.5545413494110107,0.7066670060157776,0.041225068271160126,0.03999999910593033
9365,0.5757976174354553,0.6100478172302246,0.03885345906019211,0.02631578966975212
9366,0.5113644003868103,0.5483869910240173,0.03970017656683922,0.03225800022482872
9367,0.3393409252166748,0.4615379869937897,0.004909819923341274,0.07692299783229828
9368,0.43438440561294556,0.16666699945926666,0.0466599240899086,0.08333300054073334
9369,0.4195868968963623,0.4285709857940674,0.028369121253490448,0.0
9370,0.5568246841430664,0.6354169845581055,0.03914056718349457,0.020833000540733337
9371,0.26662972569465637,0.25,-9.52836126089096e-06,0.0
9372,0.561004638671875,0.7142860293388367,0.036752719432115555,0.04761900007724762
9373,0.6321653127670288,0.5438600182533264,0.031132496893405914,0.05263200029730797
9374,0.5581134557723999,0.5172410011291504,0.03552359715104103,0.03448300063610077
9375,0.4428730607032776,0.33333298563957214,0.04011816531419754,0.03333299979567528
9376,0.5480663776397705,0.5333330035209656,0.0005333777517080307,0.20000000298023224
9377,0.43891018629074097,0.3880600035190582,0.04755832254886627,0.07462699711322784
9378,0.5535216331481934,0.5404160022735596,0.039851412177085876,0.032333001494407654
9379,0.6046827435493469,0.619047999382019,0.035261884331703186,0.03809500113129616
9380,0.5504560470581055,0.30000001192092896,1.9451603293418884e-05,0.10000000149011612
9381,0.5109673142433167,0.5,-1.4230608940124512e-06,0.0
9382,0.41145554184913635,0.2608700096607208,0.046140749007463455,0.10869599878787994
9383,0.5179975628852844,0.5308640003204346,0.03765234351158142,0.02469100058078766
9384,0.4131738543510437,0.4242419898509979,0.04367295652627945,0.09090899676084518
9385,0.5785698294639587,0.6666669845581055,-1.0384246706962585e-06,0.0
9386,0.6047405004501343,0.5828220248222351,0.03617426007986069,0.04907999932765961
9387,0.5116376280784607,0.5,0.03693314641714096,0.0
9388,0.5035622119903564,0.29824599623680115,0.04216700419783592,0.14035099744796753
9389,0.5231846570968628,0.33333298563957214,0.026360318064689636,0.0
9390,0.578234851360321,0.6282050013542175,0.037242062389850616,0.05128199979662895
9391,0.49744415283203125,0.6000000238418579,0.036841437220573425,0.0
9392,0.3268217146396637,0.375,0.04916463419795036,0.04166699945926666
9393,0.5422561764717102,0.5789470076560974,0.04298405349254608,0.10526300221681595
9394,0.4559258818626404,0.714285671710968,0.0008241524919867516,0.0
9395,0.4941387176513672,0.25,1.41095370054245e-06,0.0
9396,0.39610329270362854,0.2222220003604889,0.04960660636425018,0.03703700006008148
9397,0.6197460889816284,0.7434210181236267,0.035930097103118896,0.046052999794483185
9398,0.4893977642059326,0.5625,0.043829381465911865,0.0625
9399,0.5019250512123108,0.29787200689315796,0.0425075925886631,0.0851060003042221
9400,0.469474196434021,0.6111109852790833,0.04219893366098404,0.0
9401,0.5551806092262268,0.39285698533058167,0.04121974855661392,0.125
9402,0.3437286615371704,0.3499999940395355,0.047862786799669266,0.05000000074505806
9403,0.6131288409233093,0.6666669845581055,-2.8506852686405182e-05,0.08333300054073334
9404,0.545380711555481,0.7037039995193481,0.03823639079928398,0.0
9405,0.3376561999320984,0.4285709857940674,7.786788046360016e-06,0.0
9406,0.565211296081543,0.48788899183273315,0.03980487585067749,0.06574399769306183
9407,0.4312838912010193,0.20000000298023224,2.098269760608673e-06,0.0
9408,0.23159462213516235,0.25,0.05298500508069992,0.11111100018024445
9409,0.3507732152938843,0.27272701263427734,0.05315530300140381,0.09090899676084518
9410,0.28098323941230774,0.14285700023174286,-4.6854838728904724e-05,0.0
9411,0.5962080955505371,0.7692310214042664,0.01942995935678482,0.0
9412,0.5505281090736389,0.5777779817581177,0.03820743411779404,0.038888998329639435
9413,0.026309963315725327,0.0,-2.0713545382022858e-05,0.0
9414,0.44553375244140625,0.6000000238418579,1.405365765094757e-06,0.0
9415,0.3426271080970764,0.25,-3.829970955848694e-05,0.25
9416,0.5432441830635071,0.4274190068244934,0.0397757925093174,0.04032300040125847
9417,0.45755940675735474,0.5185189843177795,0.043784692883491516,0.12962999939918518
9418,0.5253899693489075,0.7058820128440857,0.03597076237201691,0.0
9419,0.4945005178451538,0.7435899972915649,0.03749788552522659,0.025640999898314476
9420,0.40386438369750977,0.25,1.735333353281021e-05,0.0
9421,0.24804264307022095,0.3684209883213043,0.05363143980503082,0.05263200029730797
9422,0.36859479546546936,0.25,0.0480937585234642,0.0
9423,0.21028512716293335,0.14285700023174286,8.128862828016281e-05,0.0
9424,0.1980084478855133,0.375,9.251665323972702e-05,0.0
9425,0.3256833255290985,0.3823530077934265,0.049385104328393936,0.08823499828577042
9426,0.27140846848487854,0.25,1.1722557246685028e-05,0.25
9427,0.33843356370925903,1.0,6.886199116706848e-06,0.0
9428,0.4177401661872864,0.5517240166664124,0.04654094576835632,0.0
9429,0.4850659668445587,0.5130109786987305,0.04351653531193733,0.07063200324773788
9430,0.34310001134872437,0.375,-2.8298236429691315e-05,0.0
9431,0.1602206826210022,0.125,0.0002376371994614601,0.0
9432,0.540172278881073,0.6315789818763733,0.03691383823752403,0.07894700020551682
9433,0.5434462428092957,0.6200870275497437,0.040639691054821014,0.0436679981648922
9434,0.611189067363739,0.6106870174407959,0.034635283052921295,0.05343500152230263
9435,0.382323294878006,0.08333300054073334,0.001374092884361744,0.0
9436,0.5712378621101379,0.5245280265808105,0.038983963429927826,0.011320999823510647
9437,0.42911460995674133,0.14285700023174286,-2.2501684725284576e-05,0.0
9438,0.5521246790885925,0.6759780049324036,0.04044278711080551,0.00558699993416667
9439,0.018413014709949493,0.5,2.4813227355480194e-05,0.0
9440,0.4929945468902588,0.5497379899024963,0.04401932284235954,0.0575920008122921
9441,0.5425116419792175,0.6836730241775513,0.0397757925093174,0.07142899930477142
9442,0.43831101059913635,0.3537740111351013,0.04612993076443672,0.0235849991440773
9443,0.3880428969860077,0.33333298563957214,3.5865232348442078e-06,0.16666699945926666
9444,0.6409645676612854,0.8999999761581421,7.184967398643494e-05,0.0
9445,0.4998512268066406,0.5212770104408264,0.043161541223526,0.05319099873304367
9446,0.5286515951156616,0.5535709857940674,0.03904660791158676,0.01785700023174286
9447,0.5792810320854187,0.6646530032157898,0.03854048252105713,0.012085000053048134
9448,0.3803824186325073,0.2105260044336319,0.042060572654008865,0.15789499878883362
9449,0.4330400824546814,0.5714290142059326,7.233675569295883e-05,0.0
9450,0.47017619013786316,0.5689659714698792,0.04177851974964142,0.03448300063610077
9451,0.5233358144760132,0.5021460056304932,0.04272045940160751,0.060086000710725784
9452,0.3178824484348297,0.36363598704338074,8.94470140337944e-05,0.09090899676084518
9453,0.5219994187355042,0.38709700107574463,0.040261849761009216,0.03225800022482872
9454,0.546451985836029,0.6499999761581421,0.03775853291153908,0.15000000596046448
9455,0.29152610898017883,0.15909099578857422,0.05112628638744354,0.06818199902772903
9456,0.46228712797164917,0.6086959838867188,0.040240563452243805,0.0
9457,0.5145859122276306,0.589743971824646,0.04125700145959854,0.05128199979662895
9458,0.48189491033554077,0.3499999940395355,0.03883258253335953,0.05000000074505806
9459,0.4789664149284363,0.47058799862861633,0.03946750611066818,0.0
9460,0.3871293365955353,0.375,0.00018144119530916214,0.0
9461,0.4951907694339752,0.27272701263427734,0.0031529301777482033,0.0
9462,0.2152969241142273,0.16666699945926666,6.896443665027618e-05,0.0
9463,0.42037472128868103,0.6666669845581055,0.02655830979347229,0.0
9464,0.3836161494255066,0.32727301120758057,0.04819874465465546,0.07272700220346451
9465,0.5525804758071899,0.5799999833106995,0.036928318440914154,0.0
9466,0.4353032112121582,0.4054050147533417,0.04450727254152298,0.0
9467,0.5912272930145264,0.5833330154418945,9.007100015878677e-05,0.0
9468,0.5108733773231506,0.7205880284309387,0.04153372347354889,0.058823999017477036
9469,0.48818039894104004,0.20000000298023224,4.200264811515808e-07,0.0
9470,0.3582592010498047,0.39583298563957214,0.05151340365409851,0.11111100018024445
9471,0.4817330241203308,0.47368401288986206,0.03835223615169525,0.05263200029730797
9472,0.46629801392555237,0.5714290142059326,2.1299347281455994e-06,0.0
9473,0.38002073764801025,0.32857099175453186,0.048534709960222244,0.11428599804639816
9474,0.4737699031829834,0.5172410011291504,0.044894419610500336,0.022988999262452126
9475,0.37540513277053833,0.5666670203208923,0.04774729907512665,0.10000000149011612
9476,0.4556271433830261,0.5555559992790222,-2.598017454147339e-05,0.0
9477,0.5656619668006897,0.6280990242958069,0.037777841091156006,0.0523420013487339
9478,0.5338784456253052,0.619047999382019,0.04298405349254608,0.0
9479,0.464188814163208,0.3404259979724884,0.04303951933979988,0.04255300015211105
9480,0.48319095373153687,0.3111110031604767,0.0423160120844841,0.0
9481,0.5121564865112305,0.5111110210418701,0.038696855306625366,0.044443998485803604
9482,0.4656189978122711,0.4000000059604645,0.0429951474070549,0.11999999731779099
9483,0.25262436270713806,0.10000000149011612,0.031073056161403656,0.0
9484,0.23461773991584778,0.2222220003604889,0.012431456707417965,0.2222220003604889
9485,0.5963757634162903,0.6979169845581055,0.03621506318449974,0.023437999188899994
9486,0.40252137184143066,0.25,0.00019028875976800919,0.25
9487,0.2946479618549347,0.4166666865348816,0.022602327167987823,0.0
9488,0.5227385759353638,0.5833330154418945,0.03767165541648865,0.08333300054073334
9489,0.46135056018829346,0.2857140004634857,-8.647330105304718e-06,0.0
9490,0.3486631512641907,0.375,1.110415905714035e-05,0.0
9491,0.5361042618751526,0.660377025604248,0.039927028119564056,0.01886799931526184
9492,0.3428485691547394,0.5,3.791414201259613e-06,0.16666699945926666
9493,0.3637988567352295,0.2857140004634857,0.049625467509031296,0.09523800015449524
9494,0.5546103119850159,0.5467129945755005,0.03698624297976494,0.020760999992489815
9495,0.6012022495269775,0.5723680257797241,0.03832327574491501,0.05263200029730797
9496,0.5697559714317322,0.6666669845581055,0.03455537557601929,0.0
9497,0.6025455594062805,0.6545450091362,0.034996397793293,0.018182000145316124
9498,0.34857144951820374,0.2173909991979599,0.049770988523960114,0.1521739959716797
9499,0.5455393195152283,0.5483869910240173,0.03740617632865906,0.06048399955034256
9500,0.5499677658081055,0.5384619832038879,0.03954312205314636,0.01538500003516674
9501,0.3149745762348175,0.25,0.03692161664366722,0.16666699945926666
9502,0.6047057509422302,0.4615379869937897,0.03459987789392471,0.03846200183033943
9503,0.46088096499443054,0.5357139706611633,0.04537265747785568,0.03571400046348572
9504,0.3910384178161621,0.5,0.00023682601749897003,0.08333300054073334
9505,0.46099919080734253,0.4375,0.028441257774829865,0.0625
9506,0.5883573293685913,0.64615398645401,0.035833463072776794,0.041025999933481216
9507,0.4957420825958252,0.6363639831542969,0.000157184898853302,0.0
9508,0.5239335298538208,0.5479450225830078,0.038299135863780975,0.054795000702142715
9509,0.39245525002479553,0.2941179871559143,0.05575701594352722,0.0
9510,0.5285121202468872,0.5555559992790222,0.03780680149793625,0.022221999242901802
9511,0.5881261825561523,0.47058799862861633,0.031132496893405914,0.058823999017477036
9512,0.5152524709701538,0.4144740104675293,0.04204992949962616,0.05263200029730797
9513,0.5163979530334473,0.6097559928894043,0.042177651077508926,0.024390000849962234
9514,0.498887300491333,0.5407410264015198,0.043583571910858154,0.05925900116562843
9515,0.32964491844177246,0.4000000059604645,5.241483449935913e-06,0.0
9516,0.6166108846664429,0.7894740104675293,0.031132496893405914,0.05263200029730797
9517,0.32810842990875244,0.4444443881511688,4.429928958415985e-05,0.1111110970377922
9518,0.42016857862472534,0.34615400433540344,0.04866069182753563,0.03846200183033943
9519,0.595532238483429,0.6443910002708435,0.03622186556458473,0.04534599930047989
9520,0.5169684290885925,0.5,0.0387594997882843,0.0
9521,0.2528250217437744,0.375,0.04894415661692619,0.08333300054073334
9522,0.5210712552070618,0.3548389971256256,0.04110799357295036,0.04838699847459793
9523,0.37172019481658936,0.33628299832344055,0.05035868659615517,0.06194699928164482
9524,0.39912542700767517,0.5,2.8517097234725952e-06,0.0
9525,0.39604300260543823,0.699999988079071,0.0013065347447991371,0.0
9526,0.31228959560394287,0.4000000059604645,1.2821517884731293e-05,0.0
9527,0.35031092166900635,0.550000011920929,0.05124686658382416,0.02500000037252903
9528,0.3757995367050171,0.4776119887828827,0.05035868659615517,0.014925000257790089
9529,0.42075538635253906,0.2325579971075058,0.04691951721906662,0.058139998465776443
9530,0.5022059082984924,0.6363639831542969,-2.3898668587207794e-05,0.0
9531,0.4621078372001648,0.6458330154418945,0.04467806965112686,0.020833000540733337
9532,0.36590731143951416,0.20833300054073334,0.051278598606586456,0.013888999819755554
9533,0.4284403622150421,0.49090901017189026,0.047306351363658905,0.1636359989643097
9534,0.5181793570518494,0.4444440007209778,0.0397641584277153,0.11111100018024445
9535,0.46375614404678345,0.6888890266418457,0.04453004524111748,0.044443998485803604
9536,0.45275622606277466,0.23529399931430817,0.03923974931240082,0.058823999017477036
9537,0.44411468505859375,0.4285709857940674,0.022042304277420044,0.0
9538,0.4595932960510254,0.49333301186561584,0.04504244774580002,0.06666699796915054
9539,0.4314846992492676,0.3472220003604889,0.04308389127254486,0.0
9540,0.4193153381347656,0.4545449912548065,0.049101635813713074,0.07792200148105621
9541,0.411856472492218,0.5,0.04103349149227142,0.05555599927902222
9542,0.5991464853286743,0.4647890031337738,0.03518521785736084,0.07042299956083298
9543,0.5780103802680969,1.0,7.133930921554565e-07,0.0
9544,0.5350305438041687,0.49152499437332153,0.040996238589286804,0.07344599813222885
9545,0.48583364486694336,0.33333298563957214,0.04392993822693825,0.018017999827861786
9546,0.3845258355140686,0.3700000047683716,0.04734834283590317,0.05000000074505806
9547,0.36005717515945435,0.5230770111083984,0.04796777293086052,0.046153999865055084
9548,0.5112560987472534,0.699999988079071,0.040543895214796066,0.0
9549,0.3618125021457672,0.2222220003604889,2.5920569896697998e-05,0.11111100018024445
9550,0.5252107381820679,0.4642859995365143,0.03711656853556633,0.07142899930477142
9551,0.3280247151851654,0.5,0.05289728194475174,0.0
9552,0.5143855810165405,0.33333298563957214,0.04556623101234436,0.0
9553,0.4677162170410156,0.33333298563957214,0.03821225464344025,0.05555599927902222
9554,0.5976617336273193,0.6829270124435425,0.031132496893405914,0.04878000169992447
9555,0.37600940465927124,0.25,0.0019967667758464813,0.08333300054073334
9556,0.3240146338939667,0.3478260040283203,0.05010552704334259,0.08695700019598007
9557,0.4321783781051636,0.46875,0.0452132448554039,0.0
9558,0.03196345269680023,0.25,1.7964281141757965e-05,0.0
9559,0.6080531477928162,0.5400000214576721,0.031132496893405914,0.07999999821186066
9560,0.3179338276386261,0.27272701263427734,0.00016318168491125107,0.09090899676084518
9561,0.5249882340431213,0.6683419942855835,0.041475191712379456,0.05527599900960922
9562,0.588013231754303,0.7368419766426086,0.03537920489907265,0.0
9563,0.5711629390716553,0.5333330035209656,0.034217312932014465,0.0
9564,0.498086154460907,0.5,1.191161572933197e-06,0.0
9565,0.516636073589325,0.33333298563957214,1.2470409274101257e-06,0.0
9566,0.32138723134994507,0.5,1.536589115858078e-05,0.0
9567,0.5838874578475952,0.6545450091362,0.031132496893405914,0.018182000145316124
9568,0.45678237080574036,0.27272701263427734,4.847627133131027e-05,0.0
9569,0.6024168133735657,0.5173410177230835,0.03619194030761719,0.023120999336242676
9570,0.5329991579055786,0.2941179871559143,0.037377215921878815,0.08823499828577042
9571,0.33395859599113464,0.33333298563957214,0.0005097305402159691,0.33333298563957214
9572,0.2737326920032501,0.25,4.982110112905502e-05,0.0
9573,0.638248085975647,0.6666669845581055,0.031132496893405914,0.03703700006008148
9574,0.5926377773284912,0.36363598704338074,0.03167962282896042,0.0
9575,0.5620082020759583,0.5625,0.03542733192443848,0.0
9576,0.6246051788330078,0.5116279721260071,0.031132496893405914,0.046512000262737274
9577,0.5441796183586121,0.574999988079071,0.03981650993227959,0.0
9578,0.44770100712776184,0.5555559992790222,0.04342777281999588,0.03703700006008148
9579,0.6047155857086182,0.6513760089874268,0.03562943637371063,0.045871999114751816
9580,0.5001144409179688,0.5217390060424805,0.03807710483670235,0.0
9581,0.4034753441810608,0.6666669845581055,-1.5186145901679993e-05,0.0
9582,0.15454337000846863,0.125,-6.795115768909454e-05,0.0
9583,0.5922247171401978,0.6000000238418579,-3.896094858646393e-05,0.0
9584,0.45635199546813965,0.5714290142059326,0.003008865751326084,0.0
9585,0.40888673067092896,0.4956519901752472,0.051062822341918945,0.04347800090909004
9586,0.4913550019264221,0.33333298563957214,6.943941116333008e-06,0.0
9587,0.47881650924682617,0.41666701436042786,0.037898510694503784,0.125
9588,0.5138162970542908,0.6034479737281799,0.04278438165783882,0.06896600127220154
9589,0.5214648842811584,0.7272729873657227,4.78038564324379e-05,0.0
9590,0.26447057723999023,0.2777779996395111,0.05480284243822098,0.05555599927902222
9591,0.4021450877189636,0.7142860293388367,-9.041279554367065e-06,0.0
9592,0.498928964138031,0.6000000238418579,0.015949569642543793,0.0
9593,0.455240935087204,0.47058799862861633,0.04503105953335762,0.03921600058674812
9594,0.4611576199531555,0.7209299802780151,0.04465530067682266,0.023256000131368637
9595,0.4998796880245209,0.7142860293388367,-4.083849489688873e-06,0.0
9596,0.561259388923645,0.5467479825019836,0.039490774273872375,0.03658536821603775
9597,0.48523449897766113,0.0,1.7210841178894043e-05,0.0
9598,0.650467574596405,0.7301589846611023,0.031132496893405914,0.04761900007724762
9599,0.3812894821166992,0.800000011920929,-6.798654794692993e-07,0.0
9600,0.3683183193206787,0.4615379869937897,0.0009681964293122292,0.0
9601,0.3694072961807251,0.0,-5.274079740047455e-06,0.0
9602,0.40327680110931396,0.375,0.040714193135499954,0.04166699945926666
9603,0.4896150231361389,0.5588240027427673,0.037995051592588425,0.029411999508738518
9604,0.37253350019454956,0.37623798847198486,0.05208306759595871,0.05940600112080574
9605,0.3067449927330017,0.14285700023174286,0.021715916693210602,0.07142899930477142
9606,0.5067035555839539,0.3846150040626526,0.03828465938568115,0.0
9607,0.43098416924476624,0.3499999940395355,0.04355005547404289,0.05000000074505806
9608,0.5588236451148987,0.7272729873657227,2.4461187422275543e-05,0.0
9609,0.47990405559539795,0.5106379985809326,0.041262321174144745,0.0851060003042221
9610,0.5208829045295715,0.44736799597740173,0.03958965837955475,0.07894700020551682
9611,0.512238085269928,0.24757279455661774,0.04320591688156128,0.02427184022963047
9612,0.4187050461769104,0.25,-2.0613893866539e-05,0.0
9613,0.33078664541244507,0.20000000298023224,-9.748153388500214e-06,0.0
9614,0.5110117197036743,0.5906040072441101,0.0406184047460556,0.04698000103235245
9615,0.6524765491485596,0.6399999856948853,0.031132496893405914,0.0
9616,0.5706858038902283,0.6814159750938416,0.039386071264743805,0.008849999867379665
9617,0.40706682205200195,0.40476199984550476,0.045697275549173355,0.04761900007724762
9618,0.34677720069885254,0.3076919913291931,0.04950058460235596,0.03846200183033943
9619,0.40384089946746826,0.375,0.015286733396351337,0.0
9620,0.42480337619781494,0.2857140004634857,0.047484830021858215,0.09090899676084518
9621,0.6125856637954712,0.6601939797401428,0.031470268964767456,0.04854400083422661
9622,0.5337733626365662,0.5,0.03689935803413391,0.05000000074505806
9623,0.32887783646583557,0.20000000298023224,1.496821641921997e-05,0.0
9624,0.25943732261657715,0.2222220003604889,6.7184679210186e-05,0.0
9625,0.3526969850063324,0.47826099395751953,0.04641114920377731,0.08695700019598007
9626,0.5640669465065002,0.6304349899291992,0.035082489252090454,0.0
9627,0.5641649961471558,0.546875,0.04053325578570366,0.015625
9628,0.33691173791885376,0.30000001192092896,2.8003938496112823e-05,0.20000000298023224
9629,0.417691707611084,0.36363598704338074,0.018378950655460358,0.0
9630,0.47375398874282837,0.5,0.04103349149227142,0.05000000074505806
9631,0.5342766046524048,0.5779820084571838,0.03575873747467995,0.0
9632,0.44499051570892334,0.2941179871559143,0.04131553694605827,0.11764699965715408
9633,0.4903564155101776,0.5024880170822144,0.04412013292312622,0.07462699711322784
9634,0.5429039001464844,0.5460119843482971,0.039927028119564056,0.030674999579787254
9635,0.21642982959747314,0.2222220003604889,0.056206442415714264,0.0
9636,0.5135300159454346,0.5517240166664124,0.04280656576156616,0.05172400176525116
9637,0.5551919341087341,0.6170210242271423,0.03713104501366615,0.04255300015211105
9638,0.46046435832977295,0.33333298563957214,1.7201527953147888e-06,0.0
9639,0.5813131332397461,0.6000000238418579,3.1329691410064697e-06,0.0
9640,0.550061047077179,0.25641000270843506,0.03574405983090401,0.07692299783229828
9641,0.4495536684989929,0.625,0.040410853922367096,0.0
9642,0.6184189319610596,0.6521739959716797,0.031132496893405914,0.04347800090909004
9643,0.5049907565116882,0.30000001192092896,-4.23165038228035e-05,0.0
9644,0.5143369436264038,0.44999998807907104,0.04152308404445648,0.05000000074505806
9645,0.3863021731376648,0.5641030073165894,0.048114754259586334,0.05128199979662895
9646,0.45741862058639526,0.5384619832038879,0.00016728322952985764,0.0
9647,0.528721034526825,0.6666669845581055,0.03759925067424774,0.03333299979567528
9648,0.2770765423774719,0.0,2.955179661512375e-05,0.0
9649,0.4750475287437439,0.6153849959373474,0.037391696125268936,0.07692299783229828
9650,0.5324863791465759,0.8888890147209167,-5.66430389881134e-05,0.11111100018024445
9651,0.4436059296131134,0.6315789818763733,0.04479194059967995,0.0
9652,0.5718542337417603,0.33333298563957214,7.800757884979248e-06,0.33333298563957214
9653,0.43616968393325806,0.4000000059604645,0.03998764604330063,0.0
9654,0.49474290013313293,0.5,0.04297295957803726,0.030611999332904816
9655,0.5654069185256958,0.49694499373435974,0.039213649928569794,0.020367000252008438
9656,0.40160107612609863,0.41304299235343933,0.05009808391332626,0.04347800090909004
9657,0.5910529494285583,0.5576919913291931,0.038260526955127716,0.06410299986600876
9658,0.4532012939453125,0.5,2.9420480132102966e-06,0.0
9659,0.6100237965583801,0.607142984867096,0.03130695968866348,0.09523800015449524
9660,0.4872039556503296,0.27272701263427734,0.040299102663993835,0.03636400029063225
9661,0.471957802772522,0.4383560121059418,0.043583571910858154,0.027396999299526215
9662,0.6260325908660889,0.33333298563957214,2.401880919933319e-06,0.0
9663,0.28347325325012207,0.4000000059604645,2.2165477275848389e-07,0.0
9664,0.36581647396087646,1.0,-4.831422120332718e-05,0.0
9665,0.4800286889076233,0.32432401180267334,0.040373604744672775,0.08108100295066833
9666,0.4442261755466461,0.20000000298023224,0.0002520391717553139,0.0
9667,0.5364668369293213,0.35294100642204285,0.03998519852757454,0.0
9668,0.4117332696914673,0.6666669845581055,0.0016428716480731964,0.0
9669,0.5206373929977417,0.5769230127334595,0.036826957017183304,0.0
9670,0.5372730493545532,0.3584910035133362,0.039316266775131226,0.05660400167107582
9671,0.6273231506347656,0.8823530077934265,0.031132496893405914,0.0
9672,0.6115301847457886,0.7062940001487732,0.036090053617954254,0.046620000153779984
9673,0.5170143246650696,0.5398229956626892,0.04275238886475563,0.026549000293016434
9674,0.5001200437545776,0.625,-5.749054253101349e-06,0.0
9675,0.2770654857158661,0.1851850003004074,0.05219724774360657,0.03703700006008148
9676,0.3262281119823456,0.2222220003604889,0.04678972065448761,0.11111100018024445
9677,0.4990428686141968,0.5384619832038879,0.040219277143478394,0.0
9678,0.2902930974960327,0.33333298563957214,0.056712932884693146,0.0
9679,0.6216065883636475,0.6600990295410156,0.031527310609817505,0.014778000302612782
9680,0.255011647939682,0.33333298563957214,2.9177404940128326e-05,0.0
9681,0.5279808640480042,0.23529399931430817,0.039036162197589874,0.058823999017477036
9682,0.4943026304244995,0.4285709857940674,0.019428767263889313,0.0
9683,0.6536833047866821,0.5199999809265137,0.031132496893405914,0.07999999821186066
9684,0.5425131320953369,0.5555559992790222,0.04191156476736069,0.0
9685,0.3245275914669037,0.6666669845581055,4.280358552932739e-06,0.33333298563957214
9686,0.29074281454086304,0.33333298563957214,0.03127380460500717,0.0
9687,0.45275434851646423,0.0,2.660788595676422e-06,0.25
9688,0.012050271034240723,0.0,-3.077555447816849e-05,0.0
9689,0.4559256434440613,0.5,0.04654094576835632,0.05000000074505806
9690,0.5826805233955383,0.52223801612854,0.038246043026447296,0.008608000352978706
9691,0.5424814224243164,0.7079650163650513,0.04115588963031769,0.05309699848294258
9692,0.5198779106140137,0.49590200185775757,0.04208185896277428,0.008197000250220299
9693,0.3811538517475128,0.5555559992790222,-6.74193724989891e-05,0.0
9694,0.3915272057056427,0.33333298563957214,0.05112628638744354,0.07407400012016296
9695,0.19514837861061096,0.3846150040626526,0.017947129905223846,0.0
9696,0.5049487948417664,0.21428599953651428,0.01918971911072731,0.0
9697,0.4864802956581116,0.4848479926586151,0.04139003902673721,0.045455001294612885
9698,0.46921366453170776,0.6086959838867188,0.04501967132091522,0.008696000091731548
9699,0.45853039622306824,0.2727273106575012,0.0002318304032087326,0.0
9700,0.3157900273799896,0.3846150040626526,0.004039681516587734,0.0
9701,0.4468429982662201,0.33333298563957214,0.04215636104345322,0.0
9702,0.579164981842041,0.5775660276412964,0.03848256170749664,0.027445999905467033
9703,0.5801461935043335,0.5652170181274414,0.03760407492518425,0.05860099941492081
9704,0.29794245958328247,0.0,-4.063360393047333e-06,0.0
9705,0.49082422256469727,0.53125,0.03882214054465294,0.15625
9706,0.5192209482192993,0.6551719903945923,0.038598403334617615,0.0
9707,0.4185522198677063,0.5714290142059326,-3.14200296998024e-05,0.0
9708,0.37714484333992004,0.4749999940395355,0.04758981615304947,0.05000000074505806
9709,0.4124513864517212,0.5625,0.0414067879319191,0.0
9710,0.6268458962440491,0.5,0.031132496893405914,0.0
9711,0.6473938226699829,0.75,0.031132496893405914,0.05000000074505806
9712,0.3605063855648041,0.3499999940395355,0.04322810098528862,0.10000000149011612
9713,0.502174437046051,0.45833298563957214,0.03655601292848587,0.0
9714,0.47713762521743774,0.4905659854412079,0.04470084607601166,0.01886799931526184
9715,0.4789130687713623,0.6315789818763733,0.04292859137058258,0.0
9716,0.47782671451568604,0.29629600048065186,0.04037892445921898,0.05555599927902222
9717,0.300645112991333,0.18181799352169037,0.00025496911257505417,0.0
9718,0.5454815030097961,0.8181819915771484,5.531962960958481e-05,0.0
9719,0.17169293761253357,1.0,1.7637386918067932e-05,0.0
9720,0.4421604573726654,0.16666699945926666,3.986060619354248e-06,0.0
9721,0.2598412036895752,0.35294100642204285,0.049550026655197144,0.0
9722,0.4574039876461029,0.550000011920929,0.03924497216939926,0.0
9723,0.4353182315826416,0.6521739959716797,0.03893698379397392,0.0
9724,0.5002580881118774,0.5154060125350952,0.04396345466375351,0.04761900007724762
9725,0.5443630218505859,0.6311479806900024,0.04159226641058922,0.04098400101065636
9726,0.47650402784347534,0.4230769872665405,0.04145922511816025,0.019231000915169716
9727,0.590907096862793,0.434783011674881,0.031132496893405914,0.08695700019598007
9728,0.5236076712608337,0.5384619832038879,0.03782128170132637,0.0
9729,0.23318475484848022,0.16666699945926666,-2.1914951503276825e-05,0.0
9730,0.4984791874885559,0.4749999940395355,0.0413634330034256,0.05000000074505806
9731,0.3890705704689026,0.25,-1.6130506992340088e-06,0.0
9732,0.5670531988143921,0.48514899611473083,0.03641568124294281,0.014851000159978867
9733,0.3933333158493042,0.6078429818153381,0.04989377781748772,0.03921600058674812
9734,0.300272136926651,0.33333298563957214,0.0002438453957438469,0.2222220003604889
9735,0.49327853322029114,0.5047619938850403,0.04380703717470169,0.0
9736,0.43476104736328125,0.49000000953674316,0.04627053812146187,0.07000000029802322
9737,0.4245128631591797,0.11764699965715408,0.04443895444273949,0.058823999017477036
9738,0.5706517100334167,0.5464363098144531,0.037676479667425156,0.03455723822116852
9739,0.3580581843852997,0.4000000059604645,-1.2777745723724365e-05,0.0
9740,0.29113951325416565,0.4285709857940674,-2.8421171009540558e-05,0.0
9741,0.45574748516082764,0.6666669845581055,8.123647421598434e-05,0.08333300054073334
9742,0.39212411642074585,0.2758620083332062,0.04828273504972458,0.1379310041666031
9743,0.5041440725326538,0.4761900007724762,0.036397941410541534,0.04761900007724762
9744,0.4567362070083618,0.32558101415634155,0.04442756623029709,0.007751999888569117
9745,0.33408239483833313,0.5,5.642324686050415e-05,0.125
9746,0.24605697393417358,0.33333298563957214,-1.7158687114715576e-05,0.0
9747,0.47457215189933777,0.25,0.042624667286872864,0.06578899919986725
9748,0.5734496116638184,0.5568180084228516,0.03562943637371063,0.045455001294612885
9749,0.39375072717666626,0.16666699945926666,8.500181138515472e-06,0.0
9750,0.5470166206359863,0.6455699801445007,0.04091641306877136,0.07594899833202362
9751,0.5773671865463257,0.5769230127334595,0.032193027436733246,0.0
9752,0.5153180360794067,0.33333298563957214,0.039171889424324036,0.0
9753,0.408050000667572,0.1875,0.047463830560445786,0.125
9754,0.41837871074676514,0.1923079937696457,0.04612993076443672,0.07692299783229828
9755,0.47123944759368896,0.7234039902687073,0.04404166713356972,0.02127699926495552
9756,0.3215855658054352,0.39130398631095886,0.05238640308380127,0.0
9757,0.3430994749069214,0.16666699945926666,0.052886962890625,0.11111100018024445
9758,0.49115538597106934,0.4285709857940674,0.0006341049447655678,0.0
9759,0.546654224395752,0.6034479737281799,0.0388639010488987,0.03448300063610077
9760,0.5646856427192688,0.5555559992790222,0.03136845678091049,0.07407400012016296
9761,0.4576125741004944,0.625,-7.30808824300766e-06,0.0
9762,0.39812204241752625,0.36363598704338074,0.04339449480175972,0.09090899676084518
9763,0.4682343006134033,0.4000000059604645,1.5861354768276215e-05,0.0
9764,0.49554455280303955,0.505495011806488,0.04306170344352722,0.04395600035786629
9765,0.5534377098083496,0.7567570209503174,0.03505556657910347,0.02702699974179268
9766,0.46057629585266113,0.47999998927116394,0.04734834283590317,0.05999999865889549
9767,0.5593385696411133,0.8181819915771484,3.366079181432724e-05,0.0
9768,0.5357610583305359,0.4625000059604645,0.03972925990819931,0.04374999925494194
9769,0.5294075012207031,0.26470598578453064,0.037179313600063324,0.058823999017477036
9770,0.2696828842163086,0.38636401295661926,0.05329463630914688,0.06818199902772903
9771,0.5955850481987,0.49418601393699646,0.03778266906738281,0.06976699829101562
9772,0.49760401248931885,0.45833298563957214,0.038686417043209076,0.08333300054073334
9773,0.564280092716217,0.5111110210418701,0.034811802208423615,0.044443998485803604
9774,0.5778207182884216,0.4444440007209778,7.379800081253052e-06,0.0
9775,0.5523186922073364,0.4247789978981018,0.038463249802589417,0.008849999867379665
9776,0.49107733368873596,0.3793100118637085,0.03914056718349457,0.06896600127220154
9777,0.47696563601493835,0.09090899676084518,2.7203932404518127e-06,0.09090899676084518
9778,0.5701153874397278,0.6336629986763,0.03733377158641815,0.03300299867987633
9779,0.5359606146812439,0.6363639831542969,0.03741582855582237,0.0
9780,0.2303932011127472,0.0,5.263183265924454e-05,0.0
9781,0.6221266984939575,0.5882350206375122,0.031132496893405914,0.0
9782,0.540952742099762,0.5,0.035562701523303986,0.045455001294612885
9783,0.4930521249771118,0.4210529923439026,0.03503189980983734,0.10526300221681595
9784,0.5533382892608643,0.5,-4.064571112394333e-05,0.0
9785,0.33761852979660034,0.4000000059604645,0.05461398512125015,0.06666699796915054
9786,0.32008790969848633,0.27272701263427734,0.04923812299966812,0.030302999541163445
9787,0.42243891954421997,0.5833330154418945,0.0005118893459439278,0.08333300054073334
9788,0.5615351796150208,0.33333298563957214,0.03538823127746582,0.04761900007724762
9789,0.23271462321281433,0.3499999940395355,0.05195087194442749,0.05000000074505806
9790,0.44779229164123535,0.44999998807907104,0.04421122372150421,0.03333299979567528
9791,0.6602174043655396,0.5833330154418945,-7.611606270074844e-05,0.0
9792,0.500674843788147,0.54237300157547,0.04106542095541954,0.08050800114870071
9793,0.5025185346603394,0.6000000238418579,0.00014633312821388245,0.0
9794,0.579229474067688,0.5975610017776489,0.03718414157629013,0.012195000424981117
9795,0.5406333208084106,0.4530389904975891,0.04083126783370972,0.0
9796,0.3394874930381775,0.5,2.407468855381012e-06,0.0
9797,0.46973174810409546,0.3076919913291931,0.015364655293524265,0.07692299783229828
9798,0.638778567314148,0.6666669845581055,0.032133422791957855,0.023809999227523804
9799,0.43419384956359863,0.4285709857940674,-1.8076971173286438e-06,0.0
9800,0.6116757988929749,0.6153849959373474,0.034329771995544434,0.059829000383615494
9801,0.582512378692627,0.4838710129261017,0.03658238798379898,0.09677399694919586
9802,0.522404134273529,0.4285709857940674,0.016037926077842712,0.0
9803,0.47059696912765503,0.3384619951248169,0.04309498518705368,0.06153799965977669
9804,0.020921900868415833,0.5,-1.8759630620479584e-05,0.0
9805,0.31992316246032715,0.5185189843177795,0.05061136558651924,0.03703700006008148
9806,0.6100835800170898,0.610168993473053,0.03424614667892456,0.0169489998370409
9807,0.4949861168861389,0.75,1.5115365386009216e-06,0.0
9808,0.4893004298210144,0.0,6.250105798244476e-06,0.0
9809,0.4248046278953552,0.14285700023174286,2.3974105715751648e-05,0.0
9810,0.33374232053756714,0.33333298563957214,0.0442909300327301,0.0
9811,0.5785443782806396,0.5333330035209656,-1.7977319657802582e-05,0.0
9812,0.4981037974357605,0.38297900557518005,0.04263531416654587,0.0
9813,0.5366397500038147,0.5,0.03767165541648865,0.03409099951386452
9814,0.5126301050186157,0.5949370265007019,0.04089512676000595,0.02531599998474121
9815,0.37446802854537964,0.4444440007209778,0.011216712184250355,0.0
9816,0.38433969020843506,0.30000001192092896,-5.59631735086441e-06,0.0
9817,0.3904210329055786,0.25,0.04668156057596207,0.08333300054073334
9818,0.36500853300094604,0.3095239996910095,0.05222643166780472,0.0
9819,0.4704240560531616,0.33333298563957214,5.129259079694748e-05,0.08333300054073334
9820,0.5755119919776917,0.5614039897918701,0.03381464630365372,0.08771900087594986
9821,0.49922946095466614,0.6399999856948853,0.03599245101213455,0.0
9822,0.371168851852417,0.31578901410102844,0.045167699456214905,0.05263200029730797
9823,0.4981691837310791,0.44736799597740173,0.03907793015241623,0.026316000148653984
9824,0.5038748383522034,0.6000000238418579,1.172628253698349e-05,0.0
9825,0.5080488920211792,0.5,0.03681247681379318,0.16666699945926666
9826,0.3805004954338074,0.45714300870895386,0.052345119416713715,0.08571399748325348
9827,0.5019729733467102,1.0,-4.6947039663791656e-05,0.0
9828,0.28668537735939026,0.5,7.664784789085388e-07,0.125
9829,0.5467086434364319,0.4186049997806549,0.03475737199187279,0.06976699829101562
9830,0.3693447411060333,0.16666699945926666,0.0009581455960869789,0.0
9831,0.5564208030700684,0.4761900007724762,0.03878037631511688,0.09523800015449524
9832,0.48824870586395264,0.4000000059604645,6.885547190904617e-05,0.10000000149011612
9833,0.5086300373077393,0.5531910061836243,0.04247565567493439,0.0851060003042221
9834,0.4440987706184387,0.3804349899291992,0.04546374827623367,0.08695700019598007
9835,0.601262092590332,0.4545449912548065,0.03137324005365372,0.045455001294612885
9836,0.5692169070243835,0.6264370083808899,0.03596940636634827,0.022988999262452126
9837,0.5490708351135254,0.642857015132904,0.03738204389810562,0.028571000322699547
9838,0.5587792992591858,0.6321840286254883,0.037242062389850616,0.011494000442326069
9839,0.4337364435195923,0.4237290024757385,0.04894415661692619,0.0169489998370409
9840,0.4343110918998718,0.5769230127334595,0.04460975527763367,0.019231000915169716
9841,0.5528998374938965,0.625,0.0059126438573002815,0.0
9842,0.4686383008956909,0.5,-8.15466046333313e-06,0.0
9843,0.35936683416366577,0.0,2.5131739675998688e-05,0.0
9844,0.22249090671539307,0.4000000059604645,-9.610317647457123e-05,0.10000000149011612
9845,0.48304951190948486,0.5603449940681458,0.04165612533688545,0.06896600127220154
9846,0.2723731994628906,0.11111100018024445,0.0004312042146921158,0.0
9847,0.5870811343193054,0.4666669964790344,0.018794424831867218,0.1333329975605011
9848,0.39592593908309937,0.2808989882469177,0.047862786799669266,0.10112400352954865
9849,0.4395122528076172,0.4117650091648102,0.04342777281999588,0.058823999017477036
9850,0.14855003356933594,0.35714301466941833,0.060115136206150055,0.0
9851,0.44146108627319336,0.4285709857940674,5.13959676027298e-05,0.0
9852,0.4914579689502716,0.5333330035209656,0.03882214054465294,0.06666699796915054
9853,0.258502721786499,0.25,0.0008203731849789619,0.0
9854,0.5153158903121948,0.4102559983730316,0.03830879554152489,0.05128199979662895
9855,0.4403509497642517,0.5384619832038879,0.001087733544409275,0.07692299783229828
9856,0.5835647583007812,0.625,0.034192800521850586,0.0625
9857,0.28380703926086426,0.20000000298023224,-1.061800867319107e-05,0.20000000298023224
9858,0.4992242157459259,0.4472050070762634,0.04311716929078102,0.08074499666690826
9859,0.5838991403579712,0.640625,0.035718705505132675,0.046875
9860,0.46673083305358887,0.3703700006008148,0.040182024240493774,0.03703700006008148
9861,0.3233029842376709,0.4000000059604645,3.75993549823761e-05,0.0
9862,0.525482177734375,0.4545449912548065,0.041986070573329926,0.05555599927902222
9863,0.36960962414741516,0.4399999976158142,0.04903864115476608,0.03999999910593033
9864,0.5354397296905518,0.5119619965553284,0.03885868191719055,0.0382779985666275
9865,0.5846375226974487,0.5,0.033669620752334595,0.0
9866,0.2998667359352112,0.2941179871559143,0.0451790876686573,0.058823999017477036
9867,0.47854387760162354,0.75,7.551629096269608e-05,0.0
9868,0.4227343201637268,0.4848479926586151,0.04475777968764305,0.12121199816465378
9869,0.5824456810951233,0.6574440002441406,0.03840050473809242,0.028985509648919106
9870,0.28586438298225403,0.25,6.260070949792862e-05,0.0
9871,0.23411470651626587,0.25,0.05475954711437225,0.07142899930477142
9872,0.3122849762439728,0.2777779996395111,0.04650849848985672,0.05555599927902222
9873,0.6571905612945557,0.7027029991149902,0.031132496893405914,0.02702699974179268
9874,0.5282139778137207,0.7272729873657227,0.00010383781045675278,0.09090899676084518
9875,0.42060863971710205,0.1702129989862442,0.045599937438964844,0.06383000314235687
9876,0.5376284122467041,0.800000011920929,1.5624798834323883e-05,0.0
9877,0.4109867811203003,0.375,-3.3379532396793365e-05,0.0
9878,0.6063918471336365,0.702127993106842,0.03551005572080612,0.04255300015211105
9879,0.5702677369117737,0.7777780294418335,1.5484169125556946e-05,0.11111100018024445
9880,0.5481923222541809,0.5267860293388367,0.03914579004049301,0.05357100069522858
9881,0.4848495423793793,0.3050850033760071,0.04157097637653351,0.05084700137376785
9882,0.4092789888381958,0.43589699268341064,0.047663308680057526,0.1025639995932579
9883,0.5565235614776611,0.7073169946670532,0.03837636858224869,0.008129999972879887
9884,0.5363953709602356,0.45161300897598267,0.041719984263181686,0.07603699713945389
9885,0.2849401831626892,0.4000000059604645,2.7019530534744263e-05,0.20000000298023224
9886,0.5067456364631653,0.6363639831542969,0.0007170969620347023,0.18181799352169037
9887,0.517566442489624,0.53125,0.03863701969385147,0.03125
9888,0.5127111077308655,0.06666667014360428,0.031526900827884674,0.06666667014360428
